comment,label
"আগের জীবনে অনেক পূণ্য করেছিলাম বলে এই জীবনে আদিপুরুষ দেখতে যেতে হয়নি,যতবারই যাওয়ার প্ল্যান করেছি ততবারই কেটে গেছে,খুব খুশী আমি",Negative
এটার সেকেন্ড পার্ট চাই দিদি। আজ শুধু রাবণের রোস্ট দেখে মন ভরছে না যে,Negative
রাবণের ব্যাটা কিন্তু যথেষ্ঠ   করে,Negative
বিভীষণ আবার আমার লাল কালো শাড়িটা ঝেঁপে দিয়েছে ছিলো দি,Negative
সত্যি দিদি হাসতে হাসতে পেট ব্যথা হয়ে গেলো আর কবিতা গুলো সেই ছিলো,Positive
"আমার তো  দেখার শখ মিটিয়ে দিলে তুমি ভাই..... সেরা তুমি, সেরা তোমার কাজ, সেরা তোমার কবিতা.... কি করে যে আমাকে    থেকে হাসতে হাসতে পেটে ব্যথা ধরিয়ে দিলে ভাই ....",Positive
অনেক দিন পরে মন খুলে হাসলাম আজ কবিতা গুলোর কোন তুলনা হবে না,Positive
রাবণ এর আসলে দশটা মাথা ছিল না। দশটা মাথা মানে সে এতটাই বুদ্ধিমান ছিল যে তার বুধিমত্তাকে দশটা মাথার সঙ্গে তুলনা করা হয়েছে। বাল্মীকি রামায়ণ এ এটাই বলা হয়েছে।,Negative
"রাবণের দশটা  মাথা  ইঁট এর মত করে সাজানো হয়েছে তার পরে মাথার  গুলো       এইভাবে আমাদের হাসানোর জন্য,চালিয়ে যাও এইভাবেই",Negative
ভাবছিলাম তুমি কবে  করবে  তোমার  এর জন্যই বসে থাকি। তোমার কবিতা রাবণের মুখের সাথে একদম মিলে গেছে,Negative
দাত কেলানো বাদুড় ভাড়া করেছে,Negative
"আদিপুরুষ নিয়ে সব থেকে বেস্ট রোস্ট দিদি।।  রাবণ এর গান -- ""মন তোকে দিলাম"" এপিক",Negative
কবিতা গুলো শুনে সত্যিই হেসে হেসে খিল ধরে গেল পেটে  আর রাবণের মাথা গুলি সাজানোর যা আইডিয়া দিয়েছো না দিদিভাই  কোন  তে ওরা রাবণের মাথা গুলি এই ভাবেই সাজাবে,Positive
যারা হলে গিয়ে     দেখে  নিজেদের বরবাদ করে এসেছে।,Negative
রাবণ নিজেকে দেখে অজ্ঞান হয়ে গেছে,Negative
সত্যি কথা বলতে এতদিন ধরে এই সিনেমার রোষ্ট ভিডিও তোমার থেকেই দেখতে চাইছিলাম  আসলে হিন্দি কমিউনিটি থেকে অনেকেই 'আদিপুরূষ' এর রোস্টিং করেছে তবে আমরা বাঙালি তো তাই একটু বাংলায় খিস্তি করে রোস্টিং টা শুনতে বড্ড ইচ্ছে ছিল,Positive
"রাবণের দশটা মাথা কখনোই ছিল না।  আসলে সে একসাথে দশদিক সামলাতে পারতো তাই বলা হয় রাবণের দশটা মাথা, কিন্তু রাবণের মাথা একটা",Negative
লঙ্কেশ্বর কম নাগেশ্বর বেশি কথাটা বেষ্ট ছিলো,Negative
রাবনের পার্সোনাল যানবাহন নেই শুনে আমি প্রায় 15 মিনিট হেসেছি,Negative
"অনেকদিন অপেক্ষা করতে হল দিদি, কবিতাগুলো সেই ছিল..  2 চাই",Positive
রাবণ আবার কবে থেকে টি-শার্ট পরতে শুরু করলো তাও আবার কালো রংয়ের রাবণ যদি দেখতো এককাপ জলেসত্যিই ডুবে মরতো,Negative
রাবণের তো সোনার লঙ্কা ছিল এতো পুরো কয়লা খনি লাগছে,Negative
রাবণের মাথা শ্রেণি সমবায় থেকে সমান্তরাল সমবায় করে দিয়েছে,Negative
কবিতা গুলো বেশ ভালো ছিল হাসতে হাসতে পেট ব্যাথা করছে,Positive
হাসতে হাসতে পেট ব্যাথা,Positive
দাঁত কেলানো বাদুর,Negative
"আমাদের বাড়ির বটি টার ধার কমে গেছে,  রাবনকে দিয়ে ধার দাওয়াতাম সেরা লাইন",Negative
রাবণ নিজেকে দেখেই ভয় পেয়ে যাবে,Negative
তোমার কবিতাগুলো সত্যিই অসাধারণ আজকের ভিডিওটা দারুন হয়েছে হাসতে হাসতে পেটে খিল ধরে গেলো একটু তাড়াতাড়ি ভিডিও দেওয়ার চেষ্টা করবে তোমার ভিডিওর অপেক্ষায় থাকি,Positive
দিদি আপনার ভিডিও এর অপেক্ষায় ছিলাম ... দারুন লাগলো আর প্রচুর হাসলাম,Positive
তোমার ভিডিওর অপেক্ষায় ছিলাম,Positive
দিদি হাসতে হাসতে পেট ব্যাথা হয়ে গেল,Positive
এটার অপেক্ষা করছিলাম.... তুমি সেরা,Positive
চরিত্রের বর্ণনাগুলো এত সুন্দর করে তুলে ধরার জন্য সত্যিই খুব ভালো লেগেছে তোমার ভিডিও,Positive
সবাই রোস্ট করছে... আমি ভাবছিলাম তুমি কবে করবে। এবার মজা জমবে। দাঁড়াও মন দিয়ে দেখি ভিডিওটা,Positive
দিদি সত্যি গো তোমার কোনো তুলনা হয় না,Positive
আমি অপেক্ষা করছিলাম আর চাইছিলাম তুমি যাতে এই   এ ভিডিও দাও। হাসতে হাসতে আমি শেষ। দারুন হয়েছে রিশা দি তুমি এতো  ।  .,Positive
হাসতে হাসতে পেট ব্যথা হয়ে গেল সত্যি খুব মজার ভিডিও,Positive
"এটারই তো অপেক্ষা করছিলাম, খুব হেসেছি",Positive
"কত টাকা মাইনে জানতে পারলে ভালোই হতো আমাদের ঘরের বটিটার ধার আবার কমে গেছে, রাবণকে দিয়ে সান দেওয়াতাম",Negative
"আপনার কবিতা গুলো সেই,  হাসতে হাসতে পেট ব্যাথা হয়ে গেলো।",Positive
ফাটিয়ে দিয়েছো দিদি হাসতে হাসতে তো   শেষ,Positive
আমরা জানতাম লঙ্কার রাবণ এখানে রাবণের লঙ্কা,Negative
হায়রে হায় আজ যদি রাবণ বেচেঁ থাকত তাহলে   করতই,Negative
হাসতে হাসতে পেট শেষ  আপু তোমার কবিতা গুলো শুনে হাসি থামাতে পারিনা,Positive
রাবন কে দেখে হাসতে হাসতে পেটে্ ব্যাথা হয়ে গেল ...    ️,Positive
হাসতে হাসতে পেটে ব্যথা ধরে গেলো দিদি,Positive
ধিক্কার জানায় ডিরেক্টর কে।,Negative
"দিদি জানিনা রিপ্লাই ব্যাক পাবো কিনা , কিন্তু কোনো ইউটিউবার কে কমেন্টে এত রিপ্লাই দিতে দেখিনি ।️  রোস্ট টা দারুন লাগলো ️ আর তোমার শাড়িটা পাঠিয়ে দিতে বলো",Positive
দোতলা রাবন,Negative
এতো মজারে খা,Negative
এতো ভালো কবিতা!,Positive
দিদি সাথি সিরিয়াল এর একটা ভিডিও চাই,Negative
সত্যি বললে আপনার   তা করে দেখতে হয়,Negative
দাত কেলানো  বাদুড়,Negative
সিরাই সীরাই রক্ত  দিদির ভক্ত,Positive
তোমার কবিতা গুলো সেরা হয় দিদি,Positive
যাক বাবা আমি এখনো ভাগ্যিস দেখিনি,Negative
রাবন কম রাক্ষস বেশি লাগছে,Negative
এত দিনে বুঝতে পারছি  র থেকেও বাজে কিছু হয় তাও এত এত এত বড় স্কেলে। পারে মাইরি।,Negative
দিদি রাবন কিন্তু দুশ্চরিত্র নয়,Negative
আমি তোমার খুব বর ভক্ত  কিন্তু তুমিতো আমার কথার রিপ্লাই দাওনা দিদি,Positive
এ রকম বেকার বই কখনো দেখিনি দিদি,Negative
গরিব রাবণ,Negative
পার্ট টু চাইইইইই...কে কে একমত ?,Negative
ছন্দ ভালো হয় না বলার দরকার নেই,Negative
"মুভিটি ব্যান করে দেয়া উচিত, সনাতন ধর্মের বড় অপমান,",Negative
নিজের ধর্মকে নিয়ে কিছু  বানালে গায়ে লাগে যখন মুসলমানকে ছোট করে  ছবি বানানো হয় তখন মুসলমানদের কেমন লাগে,Negative
আমার কালো ধোন,Negative
কবিতা গুলো ভালো ছিল না,Negative
দিদি তোমার ছড়া দারুন,Positive
কবিতা জোস,Positive
কিন্তুু  বিভীষণের বা দেখতে খুব,Negative
আদি পুরুষ দেখে আমার রাবণের প্রতি দয়া হচ্ছে,Negative
রুচিবোধ আছে এমন  এর সংখ্যা কম!,Negative
ইসলাম ধর্ম নিয়ে এমন মুভি বানালে দেখতে কি হতো তোমাদের রামায়ন এর ইজ্জত  সোডা দিয়ে ধুয়ে দিলো,Negative
দোতলা রাবণ,Negative
ট্রেজার ইন,Negative
আপনি কি তাহলে সত্যিকারে রাম রাবণ সীতাকে তারা দেখেছেন মনে হচ্ছে নাকি আপনাকে ভক্তির সঙ্গে কল্পনা মিলিয়ে কথা বলছেন,Negative
"সস্তা ডাবল মিনিং ভিডিও,",Negative
বিয়ে করবো তোকে চলে আয় বাংলাদেশ।।,Negative
এতো বুদ্ধি রাখো কোথায়,Positive
এটি রামায়ণ নয়। রামায়ণের মতো একটা মুভি।  এই মুভি কে রামায়ণের সঙ্গে তুলনা করে পাপ তোমারা করছো  ওরা পাপ করছে না,Negative
লাউ তোমার রি কম ছিল এসো ডোপি,Negative
"আমার তো হেবি লাগলো ভিডিওটা কিন্তু তুমি প্পার্ট,2 বানাও না হলে সালারা শুধরাবে না",Positive
ঢিরেক্টর গাঁড় পাকা,Negative
তুমি কাউ কে ছারো নি না টাকার লোবে আর কি কি কোরবে তুমি লোকে জা করে কোরুক তাতে তোমার কি তোমার ওতো জলে কেনো তুমি নিজেই ভিডিও বানাতে তো পারো না আর লোকে ভিডিও বানাছে তাতে তোমার জোলছে,Negative
"তোমার শাড়ি ঝেপে দিয়েছে,? তারাতারি কেস করো,আমি দেখে নিবো বিষয় টা",Negative
ধর্ম কে.. যথেষ্ট অপমান করলে ছি দিদি ছি,Negative
রোস্ট করার আগে এত ছন্দ শোনাবেন না ভালো লাগেনা  @,Negative
বালের,Negative
"ওসব ফালতু গল্প বাদ দাও নিজের পোদে হাত দাও, আদি পুরুষ কিছুক্ষণ আগে দেখলাম খুব সুন্দর হয়েছে মুভি এক কথায় বলা গেলে মাস্টারপিস বানিয়েছে",Negative
তোমার খেয়ে দেয়ে কাজ নেই খালি ফালতো ভিডিও নিজে কোনো ভিডিও বানাতে পারেনা  খালি সবাকে কঠাকো করে,Negative
তুই অন্য কিছু টোল কর ধর্মী কিছু নিয়ে টোল করিস না,Negative
ফালতু কবিতা ।,Negative
"ভালো লেগেছে , আমার এই ভিডিও টা নয় অদিপুরুষ সিনেমা টা ।  হতেই পারে একটু আলাদা , রামায়ণ না মনে হলেও   লেগেছে । একটু আলাদা , সবসময় একই বানাতে হলে , নতুন করে বানানোর কি প্রয়োজন । আর হ্যা রাবনের দশটা মুণ্ড এবং দশটা হাতও ছিলো । না জেনে অযথা প্যাক প্যাক করে এসে ভিডিও বানাবেন না , এক ফোটাও হাসি পেলো না ।",Negative
"কত টাকা মাইনে জানতে পারলে ভালোই হতো আমাদের ঘরের বটিটার ধার আবার কমে গেছে, রাবণকে দিয়ে সান দেওয়াতাম",Negative
"আপনার কবিতা গুলো সেই,  হাসতে হাসতে পেট ব্যাথা হয়ে গেলো।",Positive
ফাটিয়ে দিয়েছো দিদি হাসতে হাসতে তো   শেষ,Positive
আমরা জানতাম লঙ্কার রাবণ এখানে রাবণের লঙ্কা,Negative
হায়রে হায় আজ যদি রাবণ বেচেঁ থাকত তাহলে   করতই,Negative
হাসতে হাসতে পেট শেষ  আপু তোমার কবিতা গুলো শুনে হাসি থামাতে পারিনা,Positive
রাবন কে দেখে হাসতে হাসতে পেটে্ ব্যাথা হয়ে গেল ...    ️,Positive
হাসতে হাসতে পেটে ব্যথা ধরে গেলো দিদি,Positive
ধিক্কার জানায় ডিরেক্টর কে।,Negative
"দিদি জানিনা রিপ্লাই ব্যাক পাবো কিনা , কিন্তু কোনো ইউটিউবার কে কমেন্টে এত রিপ্লাই দিতে দেখিনি ।️  রোস্ট টা দারুন লাগলো ️ আর তোমার শাড়িটা পাঠিয়ে দিতে বলো",Positive
আমি আশায় ছিলাম যে দিদি তোমার রিভিউয় কখন আসবে ফাইনালি চলে এলো খুব মজা লাগলো,Positive
কলির আদি পুরুষ,Negative
দিদি ভিডিওটা খুব ভালো কবিতাগুলো তো খুবই ভালো,Positive
মন খারাপ ছিল   এটা দেখার পর  হাসি থামাতে পারছি না,Positive
দিদি তুমি সেই লেভেলের কমিডিয়ান।আর কবিতা গোলো  অসাধারণ,Positive
সত্যি দিদি হাসতে হাসতে পেটে ব্যথা হয়ে গেল।,Positive
দিদি তুমি এতো সুন্দর করে ভাবো কি করে?  তুমি সত্যি অসাধারণ,Positive
দারুন ছিল  কিন্তু আগের রামায়ণ ওনেক ভালো এই  ভুলে ভরা,Positive
এ গিয়ে চিন্তায় পড়ে গিয়ে ছিলাম আমি,Positive
"আমি যাবো ভেবেছিলাম, কিন্তু রিভিউ গুলো দেখে আর সাহস হয়নি। রামায়ণ, মহাভারতের জন্য আমাদের 90 এর দশকের রামানন্দ সাগরজির রামায়ণ, মহাভারতই সেরা। মনের মধ্যে সেটাই গভীর ভাবে বসে আছে। কেউ পারবে না, সেখান থেকে তুলতে।",Negative
এই  টার অপেক্ষা তেই তো ছিলাম     বিভিষনের বউ আর রাবনের  টার তো কথাই হবে না,Negative
"ত্রিপুরা থেকে দেখি, খুব ভাল লাগে আপনার ভিডিও হিন্দি রোস্টারদের ভিডিও থেকে আপনার কবিতাগুলি আপনার ভিডিওকে একটা অন্ন মাত্রায় নিয়ে যায়।",Positive
বেশ মজার ছিল,Positive
ঠিক জায়গায় সুরক্ষিত আমার কালো ধন ...,Positive
"হা হা হা! ""বিভীষণের বউ এতোটা খোলা মনের""",Negative
রাবণের মাথার ডিজাইন দেখে হাসতে হাসতে পেট ব্যথা হয়ে গেল,Negative
আমার মনে হচ্ছে রাবণের মাথা গুলো দু থাকে না সাজিয়ে একবারে কলসির মত থাক থাক করে সাজালি হত,Negative
"আদিপুরুষ সিনেমা টা রিলিজ হলো কি করে??ডাইরেক্ট  তৈরি করার সময় একটু ভেবে করা উচিত ছিল, তাহলে আদিপুরুষ এত টা সমালোচনা  প্রাপ্য হতো না",Negative
দিদি তোমার কবিতা গুলা সেই হয় আমি তো ভিডিও কম কবিতা তাই বার বার করে শুনি,Positive
সুর্পোনোখার  কাছ থেকে একটা   আমারও তো,Negative
দিদি  হাসতে হাসতে পেট ধরে  গেল কবিতাগুলোর তুলনা হয় না,Positive
আমার মনে হয় ইচ্ছাকৃত ভাবেই এই মুভিতে এইসব ভুল করা হয়েছে।,Negative
দিদি আপনার কবিতা যদি বইতে থাকতো তাহলে সবাই সারাদিন কদিতার বই নিয়েই পরে থাকতো।,Positive
1:26 বিশাল বড় লংকা,Positive
"ঠিক বলেছো দিদি পুরাণ কথায় যে রামায়ণ পড়েছি সেই রামায়ণের অপমান করেছে ডায়রেক্টর আদিপুরুষ মুভির টা করে,, ওনার কোনো সাধারণ অভিজ্ঞতা নেই।",Negative
",  ফাটিয়ে",Positive
ভিডিও টা আসলেই মজার ছিল,Positive
আজ অনেক দিন পর তোমার ভিডিও দেখে মনটা আমার অনেক অনেক ভালো হয়ে গেলো আর এখন কবিতা গুলো আরও দারুন লাগছে দিদি,Positive
হাহা রিয়্যাক্ট দেয়ার ব্যবস্থা থাকলে ভালো হতো,Negative
সেই দিলি  হাসতে হাসতে অবস্থা খারাপ,Positive
আর ভিডিও গুলো আরো বড় করো তোমার ভিডিও দেখতে খুব ভালো লাগে,Positive
বিভীষণ তোমার শাড়ি ঝেঁপে দিল আর তুমি টের ও পেলে না  দারুন হয়েছে ভিডিও টা,Positive
তোমার রস্টিং এর সাথে করো তুলনা হবে না,Positive
রাবণের সোনার লঙ্কা ছিল কয়লার লঙ্কা কবে থেকে হলো,Positive
আপনার ভিডিও রাতারাতি ভিউ প হয়ে যায়। যা অন্যান্য চ্যানেল সাথে সাথে এমন ভিউ পায় না। শুভ কামনা।,Positive
"আদিপুরুষ সিনেমাটা দেখতে দেখতে কিছু হলিউড সিনেমার কথা মনে পড়ে গেল, যেমন -  ,  ,  , ,  4, ,  ইত্যাদি। অথচ যে বিষয় নিয়ে সিনেমাটা তৈরী সেটার কথা মনে এলো না। আমার মনে কিছু জিনিস -ই ভালো, তার -এর প্রয়োজন নেই।",Negative
"স্বর্ণলঙ্কা'-র কথা শুনেছিলাম, কিন্তু এ তো দেখছি 'কেল্টিলঙ্কা'  ।।।",Negative
"হরোগৌড়ি পাইস হোটেল ,,, রঙাবৌ,,,তুতে ,,,সন্ধ্যাতারা ,,,,ফুলকি,,, নিম ফুলের মধু,,, এগুলো নিয়ে খুব তাড়াতাড়ি আসো প্লিজ   রইল",Negative
দিদি এমন ভিডিও আরো চাই,Positive
রাম রাবণের ডেরেসর  মধ্যে কোন সমতা নেই। সোনার লংকা থেকে ভুতের লঙ্কা বানাইছে। এটা দেখার সময় মনে হচ্ছিল মাঝে মাঝে কার্টুন দেখতেছি।,Positive
"এটা তো শুধু রাবণের নিয়ে বললে দিদি,বাকি মুভির জন্য পার্ট 2 চাই ️️",Positive
"দেখেছি, ছেলে বোউমা নাতি দেখাতে নিয়ে গেলো আদিপুরুষ।  গেলাম  ঠিকই, মনে হচ্ছে কি পাপ ই না করলাম এই বয়েসে।সেই ছোটো বেলা থেকে রামায়ণে পড়েছি ।কিন্তু এতো নিম্নস্তরের দেখতে হবে ভাবতে  পারিনি।।",Negative
দিদি হেসে হেসে জান খারাপ হয়ে গেলো গো,Positive
তোমার  এর জন্য  করেছিলাম   দারুণ,Positive
দারুন ছিল ভিডিওটা হাসতে হাসতে পেটে খিল ধরলে । আদিপুরুষ আসলে বাংলা সিরিয়াল ও‌ মহালয় ছোঁয়াচে সিনেমা। এটাকে রামায়ণ ভাবার কোনো কারণ নেই কারণ এটা হল বাহুবলি 3।,Positive
"দিদি হাসতে হাসতে আমি আজ শেষ।দিদি দারুন হয়েছে।আমি বাংলাদেশ থেকে,তোমার ভিডিও গুলো দেখি।আমার খুব ভালো লাগে।",Positive
দারুন দারুন। হাসতে হাসতে পেটে ব্যাথা হয়ে গেল।,Positive
শুরু থেকে শেষ পর্যন্ত পুরোটাই সেরা,Positive
"দারুণ ভিডিও , ভীষণ ভালো লাখল",Positive
বিভীষণ লাল কালো শাড়ি টাও ঝেঁপে দিয়েছে!!... এটা দারুন ছিল,Negative
দিদি আমি হাসতে হাসতে খাট থেকে পরে গেছি আমার কাছে দেখা বেস্ট রোস্টার তুমি না কাউকে গালি দাও কবিতা দিয়ে উচিত কথা বলে দাও,Positive
তা হলে আমার কথাটা রেখেছো দিদি।আমি হলাম তোমার পরিবারের একজন নিয়োমিত একজন শ্রোতা।অসাধারণ।,Positive
ধর্মকে এতো নিচে নামিয়েছে মুভি টা ব্যান্ড করা হোক,Negative
লাল কালো শাড়ীর ব্যাপারটা দারুন ছিলো,Negative
"হিন্দী একটু কম বুঝি তাই হিন্দী রোস্টারদের ভিডিও দেখে মজা পাচ্ছিলাম না কিন্তু অবশেষে তোমার ভিডিওটা আসলো , জিও দিদি ।",Negative
দিদি আমি বাংলাদেশ থেকে বলছি। আমাদের দেশে আপনার অনেক ফ্যান আছে। আপনার ভিডিও গুলো আমি আর আমার সব বন্ধুরাই দেখি।আর পরের ভিডিওর জন্য অপেক্ষা করি। আপনি যদি আমাদের দেশের টিকটকার আর সিনেমার নায়কদের নিয়ে কিছু ভিডিও বানান তাহলে অনেক খুশি হব।এরা এমন সব সিনেমা আর টিকটক ভিডিও বানায় যেগুলো সুস্থ মস্তিস্ক থাকলে কেউ বানাতো না। এদের জন্য এখানের ইয়াং ছেলেমেয়েরা বিপথে যাচ্ছে । তাই আমার অনুরোধ আপনার কাছে যে আপনি আমাদের দেশের মিডিয়া সেলিব্রিটিদের নিয়ে ভিডিও বানাবেন দয়া করে।,Positive
দিদি তুমি মেডির খবর নিয়েছো ম্যাডির বিয়ে হতে চলেছে ওর জন্য একটা রোস্টিং ভিডিও বানাও,Negative
তোমারে সেলাম  এরকম শুধু তুমিই পারো।। কোনো নেগেটিভ কথা নাবলেও এতো সুন্দর করে হাসাতে পারো।।,Positive
আমাদের দ্বিতীয় ক্যারিমিনাটি।,Negative
কবিতা শুনে আমি বেহুশ কি ছিল ওগুলো,Positive
ঠিক বললে দিদি এ মোভি দেখে আমার হাসতে হাসতে অবস্থায় খারাপ.,Positive
তুমি পারো বটে সোনা। অস্থির লেভেলের ছিলো সবটা। ভিডিও আরো লম্বা বানাও। এটুকু দেখে আমার মন ভরে না।,Positive
অসাধারণ রিভিউ জাস্ট ফাটাফাটি কোনো কথা হবে না,Negative
আমি  টা এখনো পর্যন্ত দেখিনি  আর দেখতে ইচ্ছা করছে না,Negative
বিশাল বড় লঙ্কা,Negative
ট্রেইলার দেখেই বুঝতে পেরেছিলাম কি হবে। তাই আর মুভি দেখে সময় নষ্ট করিনি। বিগ বাজেটের কার্টুন!,Negative
আদিপুরুষ দেখে রামায়ণ ভুলে গিয়েছি,Negative
"আমার মনে হয় ওটা রাবণের লঙ্কা না, অ্যানাকোন্ডার লেজ হবে হয়তো",Negative
ভাগ্যিস হলে গিয়ে দেখিনি। থ্যাংক গড,Negative
বোন তোমার ভিডিও অনেক দিন পরে দেখলাম খুব ভালো লাগলো,Positive
"সেরা দিদি, সেরা এটা। খুব হেসেছি",Positive
কমলা ও শ্রীমান পৃথ্বীরাজ সিরিয়ালের রোস্ট ভিডিও চাই,Positive
এই মুভির রাবণ কে দেখে স্বয়ং রাবণ ও আত্মহত্যা করবে দিদি,Negative
"দশটা হাতের কথা যেটা বললে, রাবণের ২০টা হাত আর দশটা মাথা ছিলো।   রামায়ণ",Negative
বিভীষণের বউ খোলা মনের আর বড় হৃদয়ের,Negative
দিদি খুব ভালো হয়েছে   যখন আমার মন খারাপ হয় তখন তোমার   দেখে খুব ভালো  লাগে,Positive
আমার তো মনে হয় মুভিটা এভাবে জঘন্য করে ইচ্ছা করেই বানিয়েছে।নেগেটিভ মার্কেটিং এর জন্য,Negative
সত্যি তারা তাদের নিজেদের রামায়ণ ই যানে না... আমি গর্বিত আমি মুসলিম..,Negative
"আমি খুব খুশি বাস্তব কথা বলেছ ,র ডিরেক্টরের মুখে ঝামা ঘষে দিয়েছ দি",Negative
দিদির ছড়াগুলো একদম সেই হেভি ট্যালেন্ট দিদির,Negative
এটা সেরা    এর উপর।,Positive
হাসতে হাসতে পুরো শেষ,Positive
রিভিউ দেখে আদিপুরুষ মুভি দেখার ইন্টারেস্ট চলে গেলো,Negative
বিশাল বড়ো লংকা আর কালো টাকার কথা বলছিসেই ছিল,Negative
বিশ্বাস করো রি দি এই রামায়ণের থেকে পরীক্ষার খাতায় আমি ভালো রামায়ণ লিখে দিয়া আসতে পারব 🫠,Negative
রাবণের দশটা হাত ছিল । পুরানেও অনেক চিত্রতে তার দশটি মাথার সাথে দশটি হাত দেখানো আছে ।,Negative
সেই মজা পেলাম দিদি,Positive
এটা কি দেখলাম ভাই  যাকে ভলে ঠান্ডা মাথায় পিছন মেরে দেওয়া,Negative
দিদি তোমার কবিতাগুলো সেরা..সেরা....আর বিভীষণ খুব অন্যায় করেছে তোমার লাল-কালো শাড়িটা ঝেঁপে দিযে,Positive
বিভীষণের বৌকে দেখে আমি হলাম চিত  পাড়ার ছেলে গুলো সব দেখেই হলো ফিট,Negative
তোমার   গুলো  খুব ভালো লাগে,Positive
ওরে শাড়ি মিলে গেছে সেই মজা পাইছি,Positive
দিদি হেসে হেসে জান খারাপ হয়ে গেলো গো,Positive
তোমার  এর জন্য  করেছিলাম   দারুণ,Positive
দারুন ছিল ভিডিওটা হাসতে হাসতে পেটে খিল ধরলে । আদিপুরুষ আসলে বাংলা সিরিয়াল ও‌ মহালয় ছোঁয়াচে সিনেমা। এটাকে রামায়ণ ভাবার কোনো কারণ নেই কারণ এটা হল বাহুবলি 3।,Positive
"দিদি হাসতে হাসতে আমি আজ শেষ।দিদি দারুন হয়েছে।আমি বাংলাদেশ থেকে,তোমার ভিডিও গুলো দেখি।আমার খুব ভালো লাগে।",Positive
দারুন দারুন। হাসতে হাসতে পেটে ব্যাথা হয়ে গেল।,Positive
শুরু থেকে শেষ পর্যন্ত পুরোটাই সেরা,Positive
"দারুণ ভিডিও , ভীষণ ভালো লাখল",Positive
বিভীষণ লাল কালো শাড়ি টাও ঝেঁপে দিয়েছে!!... এটা দারুন ছিল,Negative
দিদি আমি হাসতে হাসতে খাট থেকে পরে গেছি আমার কাছে দেখা বেস্ট রোস্টার তুমি না কাউকে গালি দাও কবিতা দিয়ে উচিত কথা বলে দাও,Positive
তা হলে আমার কথাটা রেখেছো দিদি।আমি হলাম তোমার পরিবারের একজন নিয়োমিত একজন শ্রোতা।অসাধারণ।,Positive
ধর্মকে এতো নিচে নামিয়েছে মুভি টা ব্যান্ড করা হোক,Negative
লাল কালো শাড়ীর ব্যাপারটা দারুন ছিলো,Negative
ওরে শাড়ি মিলে গেছে সেই মজা পাইছি,Positive
আজ তোমাকে লাল  কালো  শাড়ি পরে সত্যিই খুব সুন্দর লাগছে,Positive
তোমার কবিতা গুলো খুব মজার...,Positive
ও দিভাই তুমি ফাটিয়ে দিয়েছো দারুন হয়েছ,Positive
সোনার লঙ্কা কোথায় গেলে,Positive
এটা নতুন রাবণ দ্বিতল বিশিষ্ট,Negative
সেরা,Positive
দিদি আপনি অনেক কিউট,Positive
"দিদি অনেকে এই মুভিটাকে নিয়ে রোস্ট করেছে কিন্তু সবার মধ্যে তুমি সেরা দিদি,️",Positive
সব ই ঐ গাজার কামাল,Negative
বিভীষণ এটা ঠিক করেনি বউ শাড়ি খুলে ফেলছে বলে দিদির শাড়ি চুড়ি করবে,Negative
অনেক দিন পর প্রান খুলে হাসলাম।,Positive
বলো বলো আরো বলো বেশ মজা নিলাম,Positive
আপনার  কবিতাগুলো সেই রকম মজার।,Positive
এর থেকে অনেক ভালো আমাদের বাংলা ইন্ডাস্ট্রি ️,Negative
"ভুল যেটা বললে তা রাবণের কিটো জুতো পরা নিয়ে ভিকিরী বলা, যদিও রাবণ সীতার কাছে ভিকিরীর বেসেই গেছলো।@",Negative
দারুন দারুন। ️,Positive
আপু হিন্দি সিরিয়াল মন সুন্দর দিয়ে একটা করবেন সেটাতেও এক নায়কের  অনেক বিয়ে হয় প্লিজ তাদের নিয়ে একটা ভিডিও করবেন,Positive
দারুন,Positive
দিদি তোমার সায়েরিগুলো দারুণ । এ হল বর্তমান যুগের রামায়ণ ।,Negative
বাহ্ দিদি ডাইলগ গুলো অস্তির,Positive
হাসতে হাসতে আমি শেষ!,Positive
আপনাদের এই রোস্টের কারণেই আদিপুরুষ আজকে ফ্লপ,Negative
কয়লার লঙ্কা! দোতলা রাবণ,Negative
জ্ঞান থাকলে তবে না সেরম করবে,Negative
দাঁত কেলানো বাদুর,Negative
দাত কেলানো বাদর  নাকি রাবণের রথ।,Negative
লোকজনের  দেখে আদিপুরুষ দেখার ইচ্ছের ছিটে ফোঁটাও আর অবশিষ্ট নেই,Negative
ভূত রাবন না রাবন ভুত। কি বলবো কিছুই বুঝতে পারছি না।,Negative
আমি হাসতে হাসতে শেষ,Positive
বিভীষণের বউ খানা কি ভীষণ হট,Negative
কলিযুগের রামায়ণ,Negative
দিদি কবিতা গুলো সেরা,Positive
রাবণের দশটা মাথা আর কুড়িটা হাত।,Negative
ও দিদি অনেক হাসালে,Positive
দিদি একটা হিন্দি রিয়াল আছে দাঙ্গাল চ্যানেলে হয় পালকো কি চাও মে 2 এটা নিয়ে একটু মজা চাই দয়া করে একটু কইরো,Negative
সেরা,Positive
এর আরেকটা  দাও প্লিজ,Positive
দারুন,Positive
দিদিভাই বাম্পার ভিডিও বানাও তুমি,Positive
অসাধারণ বাঁশটা দিলেন ৷,Negative
"দিদি ভাই আমি তোমার  আগে কখনো দেখিনি  আজকে  খুলে দেখতেই তোমার   এসেছে,দিদি ভাই তুমি কি  করো আমি যানি না  তোমা এই  টা তেমন ভালো হয়নি ,তুমি যদি এই    টার মেখানে যেখানে অতিরিক্ত ভুল হয়েছে সাটা তুলে ধোরেতে আর ঠিক গুলো কি ,আমাদের এই  তে দেখাতে তাহোলে ভালো হতো",Positive
কবিতা গুলো বেশ ভালো হাসতে হাসতে পেট ব্যাথা হয়ে গেছে,Positive
আমার মনে হয় না এটা কোনো সিনেমা  এটাতো কিরণমালা,Positive
"গালাগালি না দিলে কনটেন্ট হয় না?? আর রাবণ দুশ্চরিত্র, লম্পট ছিলো?? সমালোচনা করবার আগে একটু রিসার্চ করে আসলে ভালো হতো না??",Negative
দোতলা রাবন,Negative
এতো মজারে খা,Positive
এতো ভালো কবিতা!,Positive
"আপনার পোষ্টে কমেন্ট না করে পারিনা,,",Positive
দাত কেলানো  বাদুড়,Negative
সিরাই সীরাই রক্ত  দিদির ভক্ত,Positive
তোমার কবিতা গুলো সেরা হয় দিদি,Positive
যাক বাবা আমি এখনো ভাগ্যিস দেখিনি,Positive
রাবন কম রাক্ষস বেশি লাগছে,Negative
এত দিনে বুঝতে পারছি  র থেকেও বাজে কিছু হয় তাও এত এত এত বড় স্কেলে। পারে মাইরি।,Negative
দিদি রাবন কিন্তু দুশ্চরিত্র নয়,Negative
আমি তোমার খুব বর ভক্ত  কিন্তু তুমিতো আমার কথার রিপ্লাই দাওনা দিদি,Positive
ছন্দ ভালো হয় না বলার দরকার নেই,Negative
"মুভিটি ব্যান করে দেয়া উচিত, সনাতন ধর্মের বড় অপমান,",Negative
নিজের ধর্মকে নিয়ে কিছু  বানালে গায়ে লাগে যখন মুসলমানকে ছোট করে  ছবি বানানো হয় তখন মুসলমানদের কেমন লাগে,Negative
আমার কালো ধোন,Negative
কবিতা গুলো ভালো ছিল না,Negative
দিদি তোমার ছড়া দারুন,Negative
কবিতা জোস,Positive
কিন্তুু  বিভীষণের বা দেখতে খুব,Negative
আদি পুরুষ দেখে আমার রাবণের প্রতি দয়া হচ্ছে,Negative
রুচিবোধ আছে এমন  এর সংখ্যা কম!,Negative
ইসলাম ধর্ম নিয়ে এমন মুভি বানালে দেখতে কি হতো তোমাদের রামায়ন এর ইজ্জত  সোডা দিয়ে ধুয়ে দিলো,Negative
দোতলা রাবণ,Negative
আপনি কি তাহলে সত্যিকারে রাম রাবণ সীতাকে তারা দেখেছেন মনে হচ্ছে নাকি আপনাকে ভক্তির সঙ্গে কল্পনা মিলিয়ে কথা বলছেন,Negative
"সস্তা ডাবল মিনিং ভিডিও,",Negative
বিয়ে করবো তোকে চলে আয় বাংলাদেশ।।,Negative
লাউ তোমার রি কম ছিল এসো ডোপি,Negative
ঢিরেক্টর গাঁড় পাকা,Negative
তুমি কাউ কে ছারো নি না টাকার লোবে আর কি কি কোরবে তুমি লোকে জা করে কোরুক তাতে তোমার কি তোমার ওতো জলে কেনো তুমি নিজেই ভিডিও বানাতে তো পারো না আর লোকে ভিডিও বানাছে তাতে তোমার জোলছে,Negative
তোমারে সেলাম  এরকম শুধু তুমিই পারো।। কোনো নেগেটিভ কথা নাবলেও এতো সুন্দর করে হাসাতে পারো।।,Positive
আমাদের দ্বিতীয় ক্যারিমিনাটি।,Negative
কবিতা শুনে আমি বেহুশ কি ছিল ওগুলো,Positive
ঠিক বললে দিদি এ মোভি দেখে আমার হাসতে হাসতে অবস্থায় খারাপ.,Positive
তুমি পারো বটে সোনা। অস্থির লেভেলের ছিলো সবটা। ভিডিও আরো লম্বা বানাও। এটুকু দেখে আমার মন ভরে না।,Positive
অসাধারণ রিভিউ জাস্ট ফাটাফাটি কোনো কথা হবে না,Negative
আমি  টা এখনো পর্যন্ত দেখিনি  আর দেখতে ইচ্ছা করছে না,Negative
বিশাল বড় লঙ্কা,Negative
ট্রেইলার দেখেই বুঝতে পেরেছিলাম কি হবে। তাই আর মুভি দেখে সময় নষ্ট করিনি। বিগ বাজেটের কার্টুন!,Negative
আদিপুরুষ দেখে রামায়ণ ভুলে গিয়েছি,Negative
"আমার মনে হয় ওটা রাবণের লঙ্কা না, অ্যানাকোন্ডার লেজ হবে হয়তো",Negative
ভাগ্যিস হলে গিয়ে দেখিনি। থ্যাংক গড,Negative
বোন তোমার ভিডিও অনেক দিন পরে দেখলাম খুব ভালো লাগলো,Positive
"সেরা দিদি, সেরা এটা। খুব হেসেছি",Positive
কমলা ও শ্রীমান পৃথ্বীরাজ সিরিয়ালের রোস্ট ভিডিও চাই,Positive
এই মুভির রাবণ কে দেখে স্বয়ং রাবণ ও আত্মহত্যা করবে দিদি,Positive
"দশটা হাতের কথা যেটা বললে, রাবণের ২০টা হাত আর দশটা মাথা ছিলো।   রামায়ণ",Negative
বিভীষণের বউ খোলা মনের আর বড় হৃদয়ের,Negative
দিদি খুব ভালো হয়েছে   যখন আমার মন খারাপ হয় তখন তোমার   দেখে খুব ভালো  লাগে,Positive
আমার তো মনে হয় মুভিটা এভাবে জঘন্য করে ইচ্ছা করেই বানিয়েছে।নেগেটিভ মার্কেটিং এর জন্য,Negative
সত্যি তারা তাদের নিজেদের রামায়ণ ই যানে না... আমি গর্বিত আমি মুসলিম..,Negative
"আমি খুব খুশি বাস্তব কথা বলেছ ,র ডিরেক্টরের মুখে ঝামা ঘষে দিয়েছ দি",Negative
দিদির ছড়াগুলো একদম সেই হেভি ট্যালেন্ট দিদির,Negative
হাসতে হাসতে পুরো শেষ,Positive
রিভিউ দেখে আদিপুরুষ মুভি দেখার ইন্টারেস্ট চলে গেলো,Negative
বিশাল বড়ো লংকা আর কালো টাকার কথা বলছিসেই ছিল,Negative
বিশ্বাস করো রি দি এই রামায়ণের থেকে পরীক্ষার খাতায় আমি ভালো রামায়ণ লিখে দিয়া আসতে পারব 🫠,Negative
রাবণের দশটা হাত ছিল । পুরানেও অনেক চিত্রতে তার দশটি মাথার সাথে দশটি হাত দেখানো আছে ।,Negative
সেই মজা পেলাম দিদি,Positive
এটা কি দেখলাম ভাই  যাকে ভলে ঠান্ডা মাথায় পিছন মেরে দেওয়া,Negative
দিদি তোমার কবিতাগুলো সেরা..সেরা....আর বিভীষণ খুব অন্যায় করেছে তোমার লাল-কালো শাড়িটা ঝেঁপে দিযে,Positive
বিভীষণের বৌকে দেখে আমি হলাম চিত  পাড়ার ছেলে গুলো সব দেখেই হলো ফিট,Positive
তোমার   গুলো  খুব ভালো লাগে,Positive
ওরে শাড়ি মিলে গেছে সেই মজা পাইছি,Positive
দিদি হেসে হেসে জান খারাপ হয়ে গেলো গো,Positive
তোমার  এর জন্য  করেছিলাম   দারুণ,Positive
দারুন ছিল ভিডিওটা হাসতে হাসতে পেটে খিল ধরলে । আদিপুরুষ আসলে বাংলা সিরিয়াল ও‌ মহালয় ছোঁয়াচে সিনেমা। এটাকে রামায়ণ ভাবার কোনো কারণ নেই কারণ এটা হল বাহুবলি 3।,Positive
"দিদি হাসতে হাসতে আমি আজ শেষ।দিদি দারুন হয়েছে।আমি বাংলাদেশ থেকে,তোমার ভিডিও গুলো দেখি।আমার খুব ভালো লাগে।",Positive
দারুন দারুন। হাসতে হাসতে পেটে ব্যাথা হয়ে গেল।,Positive
শুরু থেকে শেষ পর্যন্ত পুরোটাই সেরা,Positive
"দারুণ ভিডিও , ভীষণ ভালো লাখল",Positive
বিভীষণ লাল কালো শাড়ি টাও ঝেঁপে দিয়েছে এটা দারুন ছিল,Negative
দিদি আমি হাসতে হাসতে খাট থেকে পরে গেছি আমার কাছে দেখা বেস্ট রোস্টার তুমি না কাউকে গালি দাও কবিতা দিয়ে উচিত কথা বলে দাও,Positive
তা হলে আমার কথাটা রেখেছো দিদি।আমি হলাম তোমার পরিবারের একজন নিয়োমিত একজন শ্রোতা।অসাধারণ।,Positive
ধর্মকে এতো নিচে নামিয়েছে মুভি টা ব্যান্ড করা হোক,Negative
লাল কালো শাড়ীর ব্যাপারটা দারুন ছিলো,Negative
ওরে শাড়ি মিলে গেছে সেই মজা পাইছি,Positive
ঢিরেক্টর গাঁড় পাকা,Negative
তুমি কাউ কে ছারো নি না টাকার লোবে আর কি কি কোরবে তুমি লোকে জা করে কোরুক তাতে তোমার কি তোমার ওতো জলে কেনো তুমি নিজেই ভিডিও বানাতে তো পারো না আর লোকে ভিডিও বানাছে তাতে তোমার জোলছে,Negative
"তোমার শাড়ি ঝেপে দিয়েছে,? তারাতারি কেস করো,আমি দেখে নিবো বিষয় টা",Negative
ধর্ম কে.. যথেষ্ট অপমান করলে ছি দিদি ছি,Negative
রোস্ট করার আগে এত ছন্দ শোনাবেন না ভালো লাগেনা,Negative
বালের,Negative
"ওসব ফালতু গল্প বাদ দাও নিজের পোদে হাত দাও, আদি পুরুষ কিছুক্ষণ আগে দেখলাম খুব সুন্দর হয়েছে মুভি এক কথায় বলা গেলে মাস্টারপিস বানিয়েছে",Negative
তোমার খেয়ে দেয়ে কাজ নেই খালি ফালতো ভিডিও নিজে কোনো ভিডিও বানাতে পারেনা  খালি সবাকে কঠাকো করে,Negative
তুই অন্য কিছু টোল কর ধর্মী কিছু নিয়ে টোল করিস না,Negative
ফালতু কবিতা ।,Negative
"ভালো লেগেছে , আমার এই ভিডিও টা নয় অদিপুরুষ সিনেমা টা ।  হতেই পারে একটু আলাদা , রামায়ণ না মনে হলেও   লেগেছে । একটু আলাদা , সবসময় একই বানাতে হলে , নতুন করে বানানোর কি প্রয়োজন । আর হ্যা রাবনের দশটা মুণ্ড এবং দশটা হাতও ছিলো । না জেনে অযথা প্যাক প্যাক করে এসে ভিডিও বানাবেন না , এক ফোটাও হাসি পেলো না ।",Positive
এই মুভিটা 40 মিনিট পর্যন্ত দেখছিলাম সম্পূর্ণটাই থ্রিডি কার্টুন এর মত লাগছিল। তারপরে ডিলিট করে দিছি আমার এমবি লস হয়েছে,Negative
পুরাই ফালতু মুভি। রামায়ণ কাহিনী টার ১২ টা বাজাই দিছে!,Negative
"হিন্দু ধর্মের যে সাধারনের মধ্যে সোন্দর্যের ১২ টা বাজিয়ে দিয়েছে এই সিনেমা, সব কীছু এত হালকা নিলে হয় না। এক কালে সাধারণ মানুষকে যা ভাবত পলিটিক্যাএল লিডার গুলো। আর এই ইউটিউব এর যুগে মানুষকে এত খারাপ এডিটিং ছি: জঘন্য",Negative
আপনি চরিত্র গুলোর নাম জানেন নি । ফালতু এক্সপ্লেশন।,Negative
এভাবে চলতে থাকলে সত্যটাই একসময় হুমকিতে পরবে।হারিয়ে যাবে সত্য ।হায়রে পরিচালক।হায়রে কলীকাল।,Negative
কাটুন মুভি এয়ার চেয়ে ভালো টম এন্ড জেরি,Negative
"এতো কোটি টাকার মুভি,,,, ভালো হয় নি,,,,,এর চেয়ে বাহুবলি ভাল ছিল,",Negative
বাজ পাখি থেকে শকুন হয়ে গেলো বাহ খুব দারুন,Negative
ভাল লাগল,Positive
খুবই বাঝে ভাবে মহান চরিত্রকে উপস্তাপন করা হয়েছে !!,Negative
বিভিশনের চুলের কাটিং তো সেই তখন কি এমন হেয়ার কাটিং স্টাইল ছিলো।,Negative
আপনি বর্ণনা করলেন খুবই সুন্দর তার কারণে খুব ভালো লাগলো কিন্তু সিনেমার  গুলো শুনতে খুব ইচ্ছা করছিল।।চেষ্টা করবেন  নিয়ে একটা ভিডিও দেবার,Positive
কাহিনী টা খুবই সুন্দর,Positive
"তুমি জীবনের সবথেকে বড় পাপ করলে এই মুভিটা এক্সপ্লেইন করে । ভগবান রাম, সীতা, এবং লক্ষণ তোমাকে কখনো ক্ষমা করবে না । এই মুভিটা সঙ্গে রামায়ণে কোন সম্পর্ক নেই কিভাবে তুমি এক্সপ্লেন করলে। তুমি কি রামায়ণ পড়োনি বা রামায়ণের গল্প শোনোনি । তুমি যদি রামায়ণ শুনতে বা পড়তে তাহলে  তুমি এই মুভিটা কে রামায়ণ বলতে না। আমি একজন হিন্দু হয়ে বলছি এই মুভিটা যে বানিয়েছে তার মুখে জুতো মারা উচিত।",Negative
খুবই সুন্দর,Positive
"রাবনের ভাই ইন্দ্রজিৎ নয়, রাবনের পুত্র ইন্দ্রজিৎ, ভুল ভাল বলছেন",Negative
৫০০কোটিরুপির মুভি এটা নাকি ৫-৭ হাজার টাকার কোনো কার্টুন,Negative
আপনি এই মুভি বিশ্লেষণ করার আগে রামায়ন পড়ে নেয়া উচিত ছিলো,Negative
মুভিটা দেখে ডিরেক্টরকে মনে হচ্ছে জুতো দিয়ে পেটাই।।,Negative
একমাত্র আল্লাহ্ পাক ভালো জানেন এই রামায়ণ কাহিনী সত্য কিনা,Negative
জটায়ু কখোনো শকুন ছিলো না  দাদা।,Negative
খুব  ভালো।,Positive
"আপনি ভুল বলেছেন রাবণের ছেলে ইন্দ্র জিৎ, রাবণের ভাই নয়",Negative
এটা তো কার্টুন অনেক আগে দেখেছি,Negative
নাইচ কার্টুন,Positive
এই মুভিটা এতো টাকা খরচ করলো..  কিন্তু বক্স অফিসে হিট করতে পারি নি.. একদম ফালতো মুভি,Negative
"রামায়ণের আসল কাহিনী না দেখিয়ে সব ভুল ভাল ডাইলগ যোগ করেছে এখানে। এই মুভিটি আমাদের জন্য খুবি অপমানের , লজ্জার  খুবই কষ্টের,এরা রামায়ণের অপমান করেছে।।।।",Negative
ইংলিশ মুভি  এর নকল করছে মনে হয়.. তবে কাহিনী টি গ্রিক কবি হোমার (  )এর ট্রয় () থেকে নেয়া হইছে..  নামেও একটি ইংলিশ মুভি আছে,Negative
আপনি এখানে বললেন রাবণের ভাই ইন্দ্রজিৎ কিন্তু আসলে ইন্দ্রজিৎ রাবণের ভাই নয় পুত্র ছিল,Negative
ভাই  বলেন না কি করলে  ইর ক্লিপ ছারলে  দিবে না।  ভাই বললে অনেক ভালো হতো,Negative
"একটা প্রশ্ন, মুভিতে বলা হয়েছে পাথরে ওনার নাম লেখা হয়েছে,  বর্তমানে রামসেতুর পাথরে কী সে নাম পাওয়া গিয়েছে ? জানার জন্য জিজ্ঞেস করলাম",Negative
"খুবই জঘন্য লাগলো,,,মন চাচ্ছে মুভির রাইটার,ডিরেক্টরকে ধরে ইচ্ছা মতো থাপ্পড় দেই,,,",Negative
ওটা রাবণের ভাই না ওটা রাবণের ছেলে ইন্দ্র জিৎ,Negative
প্রবাস কে টাকা দিলো আর সেই এই চরিত্রের জন্য হ্যাঁ করে দিল এর থেকে ভালো তো অক্ষয় কুমার ছিল তাদের উচিত ছিল রামচরণ অথবা হৃত্বিক রোশন এর পায়ে ধরে এই চরিত্রে সাইন করানো দিন শেষে তারা কি নিয়ে আসতো একটা কার্টুন,Negative
এইতো কিছুদিন আগেই ব্রাদার রুহুল আমিন রাম সীতার গল্প হিন্দুদের গীতা থেকে শোনাচ্ছিল পুরোটা শুনলাম তাতে বোঝা গেল রাম যে সীতাকে  উদ্ধার করেছিল সে তার প্রতি ভালোবাসার থেকে নয় বরঞ্চ তার মান সম্মান বাঁচাতে সীতাকে উদ্ধার করার পর সে সীতাকে যেদিক মনে চায় সেদিকে চলে যেতে বলেছে কারণ লঙ্কার রাজার কাছে সীতা অনেকদিন ছিল এবং তাকে সে গায়ে হাত দেয় নাই এই ব্যাপারে রাম সন্দেহ করে সীতাকে যেদিকে মন চায় সেদিকে চলে যেতে বলেছে হিন্দুদের দেবতার বউকে অপহরণ শুনতে ই অবাক লাগে আর রামের তো একটা বউ ছিলনা অনেকগুলো ছিল আর গুলা কই ছবিতেতো দেখানো হয় নাই,Negative
এটা কোন কাহিনি হলো। রামায়ণ এর মোটা মুটি সব পর্ব আমি দেখছি। সেখান থেকেই ডিরেক্টর কিছু কপি করে। মুভি বানিয়েছে।,Negative
রামাণয়ের মান সম্মান শেষ করো দিলে,Negative
এক বলের মত ডিরেক্টর রামায়ণ টাকে মজা বানিয়ে দিও   তোমর ভিডিও টা খুব ভাল লাগলো,Negative
রাবনের ভাই নাম ইন্দজিত,Negative
এটা ৬০০কোটির মুভি হাস্যকর এর চেয়ে হিরু আলম এর মুভি ভাল।।সাইফ আলি খান যদি এই চুল কাটিং নিয়ে কনো একশন মুভি করত তাহলে সেটা বাম্পার হিট হতো,Negative
এই ভিডিওটা না দেখলে আর না শুনলে জানতেই পারতাম না ইন্দ্রজিৎ রাবনের ভাই,Negative
এই ছবির সাথে রামায়ণের ৯৯% মিল নেই,Negative
হাসি পাচ্ছে,Negative
"এটা কোনো মুভি হলো,,",Negative
মুবিটি ভালো লাগে  নাই টাকা জন্য প্রবাসে কেরিয়ার শেষ,Negative
মুভি কাটুন কাটুন লাগল,Negative
এটা কোন সঠিক আদিপুরুষ মুভি নয়। এখানে রামায়ণের কাহিনীর বিকৃতি ঘটানো হয়েছে।।,Negative
"ওটা শকুন না ভায় ঈগল,",Negative
রাবনের ভাই ইন্দ্রজিত মাথা ঠিক আছে??,Negative
ভালো লাগলো ...,Positive
ইন্দ্রজিৎ রাবণের ভাই না ছেলে,Negative
ভাই আপনি কী বল্লেন? রাবণ এর ভাই ইন্দ্রজিৎ?,Negative
এত আগের সিনেমা নতুন করে বানানোর কি দরকার নতুন সিনেমার কে বানাতে পারে নাকি এটা তো খুব আগের সিনেমা নতুন করে বানিয়েছে,Negative
এটা কোন মুভি জাতীয়,Negative
আমার কাছে মনে হচ্ছে কাটুন মুভি,Negative
মাইকেল মধুসূদন দত্তের লেখা কবিতা বিভীষণের প্রতি মেঘনাদ পড়লে ধারণা পরিষ্কার হয়ে যাবে।  .,Negative
ফালতুর চূরান্ত সীমা ছিলো মুভি টা। এটা ধর্ম অবমানার সামিল। যাই হোক আপনার এক্সপ্লানেশন ভালোই ছিলো,Negative
জীবনে প্রথম তামিল বাজে কোন মুভি দেখলাম।‌এটা মুভি না বলে কার্টুন বললাম।,Negative
ভালো লাগলো না,Negative
আমার কাছে অনেক বাল লাগছে এই মুভিটি,Positive
সিনেমাটা যেমন বাজে ভাবে উপস্থাপন করা হয়েছে ঠিক তেমনি আপনার এক্সপ্লেইন ও অনেক বাজে ভাবে উপস্থাপিত হয়েছে।,Negative
এই সিনেমার পরিচালক মূর্খ,Negative
"আমি জীবনে এতো বাজে কার্টুন দেখিনাই,,,,পুরো সময়টাই নষ্ট",Negative
আমার ভালো লাগেনি তার কারন রাবনের হেয়ার স্টাইল,Negative
পুরাই আজগুবি কাহিনী,Negative
গাজাখরি কাহিনি কাটুন,Negative
এটাতো কাটুন মুভীনয়,Negative
ছাতার মুভি,Negative
এটা হচ্ছে কার্টুন,Negative
একদম খারাপ লেগেছে মুভিটা,Negative
ফালতু।,Negative
"কচুর মতন আর কেলার মতন, মানে একটুও  ভাল লাগে নাই ভাই,তবে আপনার বলার ধরন অনেক ভালো,",Negative
এটা কোনো গল্প হলো,Negative
কেমনে ৫০০ কোটি হলো মুভি,Negative
দোতলা রাবণ,Negative
রাবন এর ভাই ঈন্দ্রজীত না?   বাবন এর ছেলে ️,Negative
বাজেট অনুযায়ী বাজে ইডিট করেছে।,Negative
ফালতু ভিডিও,Negative
বাজে হয়েছে,Negative
কার্টুন মুভি,Negative
হাসি পাচ্ছে এটাকি মুভি,Negative
খাজা খোড় ডিরেক্টর,Negative
এই মুভিটা নিয়ে সবাই অনেক এক্সসাইটেট ছিল সে অনুযায়ী মুভিটা ভাল হয়নি।প্রভাসকে বলিউডের নায়িকাদের সাথে মানায় না ।ওকে তামিল তেলেগু নায়িকাদের সাথেই মানায় ।কেমিস্ট্রি মেলে না। ওর সব মুভিই আমি দেখেছি ।,Negative
এটা দেখি  রাবন কি কলওগ এলোরে বাবা,Negative
একদম ভালো ছিলো না,Negative
এটা কিছু হইলো,Negative
এসব কাল্পনিক ছারা আর কিছু নয়,Negative
এটা মুভি,Negative
"এতো বাজে ভিএফএস এতো বাজে কোরিওগ্রাফি।  এতো বাজে কসটিউম,দূর কি বলবো কোনটা রেখে কোনটা। একদম বাজে একটা মুভি। কার্টুনও ভালো এর থেকে।",Negative
আপনার এক্সপ্লেনেশন যথেষ্ট খারাপ।,Negative
এইটা  রামায়ণ নয় ভেল্কি ভানদা ততো সব বাজে  ফিল্ম,Negative
"রামায়ন গল্প, চরিত্র  কোনোটাই হয়নি,,,ইউনিক কিছু তো ছিলো নাই বরং মুল কাহিনি চরিত্র গুলোকে অপমান করলো,,,এরকম মুভি না করাই ভালো ছিল,,,প্রত্যেকটা চরিত্রের অপমান হলো",Negative
আমার কাছে অনেক বাল লাগছে এই মুভিটি,Positive
"প্রথমত এটা বাস্তব কোন ঘটনা না। লেখকের কল্পনায় লিখা, তারপরও অরিজিনাল লেখার সাথে মিল নাই।",Negative
"ভাই তামিল মুভি  দেখেন,,সেরা মুভি এবছরের..",Negative
তুই মুসলিম হলে এই মুভি টা তর  করার দরকার নেই,Negative
ইন্দ্রজীৎ কবে রাবণের ভাই হলো?এতো দেখছি নতুন রামায়ণ।,Negative
"এন্টারনেইনিং বাট ভি,এফ,এক্স বাজে হয়েছে। আরো উন্নত মানের ভি এফ এক্স হলে বেশি ভালো হতো।",Negative
এত সংক্ষিপ্ত কেন।আরও লম্বা হলে কাহিনি বুঝা যেত।,Negative
কাল্পনিক কাহিনী তাও মজা পাইলাম না,Negative
হিরো আলমের মূভির ফিল পাইলাম।,Negative
কয়লার লঙ্কা এটা কোন ধরনের লজিক ছোটবেলা থেকে শুনেছি লংকা সোনার,Negative
"যেরকম ভাবছিলাম সে-রকম না  ছি, এতো বাজে একটা মুভি প্রভাসের",Negative
রাবনের ভাই ইন্দ্রজিৎ  এটা কই পেলেন,Negative
আরে ভাই ইন্দ্রজিত রাবনের ভাই না। রাবনের ছেলে।,Negative
আরে বটলা রাবণের ভাই ইন্দ্রজিৎ না রাবণের ছেলেদের নাম ইন্দ্রজিৎ,Negative
"আমার দুই বছরের ছেলে এর থেকে ভালো কাহিনী বলতে পারবে,,,, বাবা বাবা এটা কি অইল,,,,",Negative
এটা মুভি নাকী কার্টুন,Negative
বিভিষণের মতো ভাই জনো কারোর না থাকে জয় শ্রীরাম️️️,Negative
আপনি সব ভুল এক্সপ্লেন করছেন,Negative
রাবণের বোনের নাম সূর্পনখা।,Negative
এটা তো কার্টুন,Negative
৫০০ কোটি টাকা গেলো কই,Negative
বিভীষণ কি রাবণের ভাই?,Negative
ছবির অবস্থা দেখ!  আমি তো জানতাম রাবনের লঙ্কা সোনার। কিন্তু এখানে ত দেখছি কয়লার। রাবনের মাথার এ কি হাল  ছি! ৫০০কোটির মুভি এটা!,Negative
রামায়ন কি ছিল আর এটা কি ছিল,Negative
ফালতু মুভি এটা,Negative
ফালতু মুভি এর থেকে  কার্টুন শিবা অনেক ভালো,Negative
বাজেট অনুসারে ভাল হয়নি।,Negative
রামায়ণ এর মান সম্মান ইজ্জত লুটে নিল বেকার,Negative
7:36 রাবনের ভাই না রাবনের ছেলে,Negative
এইতা কাহিনি।,Negative
একদম ফাসকা,Negative
"মুভিটি দেখলাম। ভিএফএক্সের মান খুবই খারাপ, এরচেয়ে কার্টুন দেখা ভালো।",Negative
একদম ভালো লাগে নাই আমরা আগে রামায়ণ দেখচ্ছি কত ভালো লাগছে কত সুন্দর ছিলো আর কি মুভি বানিয়েছে,Negative
কিরে তাজুল কি অবস্থা??,Negative
এমন বিশ্রীভাবে নাম উচ্চারণ কেন করতে হবে?,Negative
"এর ব্যবহার সর্বোচ্চ  আর এটা তো হিন্দুের কাহিনী এটা কি দেখবো,️ প্রভাসের মুভি বলে এক্সপ্লেইন না হলে তাও দেখতাম না",Negative
কচুর মুভি বানাইছে ওরা আর তুমি মিয়া টাইম নষ্ট করে কচু বানাইছো ফালতু মুভি,Negative
"সূর্পো নখা,,হাবে দাদাভাই,,,",Negative
আমার দেখা 2023 সালের সবচেয়ে বাজে মুভি,Negative
৬০০কোটি টাকা দিয়ে একটা কাটুন বানাইছে,Negative
এসব কল্পকাহিনীকে কেউ ধর্মীয় বিশ্বাসের ভিত্তি মনে করে,Negative
পুরাই কার্টুন,Negative
রাবনের ভাই নয় রাবনের বেটা,Negative
নিস্যা,Negative
সিনেমাটা যেমন বাজে ভাবে উপস্থাপন করা হয়েছে ঠিক তেমনি আপনার এক্সপ্লেইন ও অনেক বাজে ভাবে উপস্থাপিত হয়েছে।,Negative
এই সিনেমার পরিচালক মূর্খ,Negative
"আমি জীবনে এতো বাজে কার্টুন দেখিনাই,,,,পুরো সময়টাই নষ্ট",Negative
আমার ভালো লাগেনি তার কারন রাবনের হেয়ার স্টাইল,Negative
পুরাই আজগুবি কাহিনী,Negative
গাজাখরি কাহিনি কাটুন,Negative
এটাতো কাটুন মুভীনয়,Negative
ছাতার মুভি,Negative
এটা হচ্ছে কার্টুন,Negative
একদম খারাপ লেগেছে মুভিটা,Negative
ফালতু।,Negative
"কচুর মতন আর কেলার মতন, মানে একটুও  ভাল লাগে নাই ভাই,তবে আপনার বলার ধরন অনেক ভালো,",Negative
এটা কোনো গল্প হলো,Negative
কেমনে ৫০০ কোটি হলো মুভি,Negative
দোতলা রাবণ,Negative
রাবন এর ভাই ঈন্দ্রজীত না?   বাবন এর ছেলে ️,Negative
বাজেট অনুযায়ী বাজে ইডিট করেছে।,Negative
ফালতু ভিডিও,Negative
বাজে হয়েছে,Negative
কার্টুন মুভি,Negative
হাসি পাচ্ছে এটাকি মুভি,Negative
খাজা খোড় ডিরেক্টর,Negative
এই মুভিটা নিয়ে সবাই অনেক এক্সসাইটেট ছিল সে অনুযায়ী মুভিটা ভাল হয়নি।প্রভাসকে বলিউডের নায়িকাদের সাথে মানায় না ।ওকে তামিল তেলেগু নায়িকাদের সাথেই মানায় ।কেমিস্ট্রি মেলে না। ওর সব মুভিই আমি দেখেছি ।,Negative
এটা দেখি  রাবন কি কলওগ এলোরে বাবা,Negative
একদম ভালো ছিলো না,Negative
এটা কিছু হইলো,Negative
এসব কাল্পনিক ছারা আর কিছু নয়,Negative
এটা মুভি,Negative
"এতো বাজে ভিএফএস এতো বাজে কোরিওগ্রাফি।  এতো বাজে কসটিউম,দূর কি বলবো কোনটা রেখে কোনটা। একদম বাজে একটা মুভি। কার্টুনও ভালো এর থেকে।",Negative
আপনার এক্সপ্লেনেশন যথেষ্ট খারাপ।,Negative
এইটা  রামায়ণ নয় ভেল্কি ভানদা ততো সব বাজে  ফিল্ম,Negative
"রামায়ন গল্প, চরিত্র  কোনোটাই হয়নি,,,ইউনিক কিছু তো ছিলো নাই বরং মুল কাহিনি চরিত্র গুলোকে অপমান করলো,,,এরকম মুভি না করাই ভালো ছিল,,,প্রত্যেকটা চরিত্রের অপমান হলো",Negative
সোনার মুভি,Negative
বাজে খুব বাঝে,Negative
মুভি এটা ভালো হয় নাই,Negative
ভীষণই বিচ্ছিরি লেগেছে,Negative
কাটুণ মুভি,Negative
খুব বাজে একটা মুভি,Negative
খুব বাজে একটা মুভি,Negative
শাওয়ার মতো মুভি,Negative
একদম বাজে লাগলো,Negative
কাটুন,Negative
"এটা  কোন কাহিনা  না।।    অব্যবাস্ত একটা  কাহিনা  মহাভারত,,",Negative
ফালতু,Negative
এই রামায়নে অনেক ভুল ত্রুটি আছে কিন্তু রাম নামে পাথর ভাসে তেমনি এই ছবিটাও লাখ লাখ টাকা কামাই করবে। জয় সীতারাম,Negative
ফালতু,Negative
ফালতু,Negative
",অনেক অনেক ফালতু",Negative
ফালতু,Negative
বাজে হইছে একে বারে ছি ছি,Negative
একেবারে বেকার,Negative
"কেমন দেবতা??? যার কোন শক্তি নাই,যে অন্যের শক্তির উপর নির্ভর শীল।",Negative
ভালো না,Negative
ভালো না,Negative
এখন নিজের ধর্মকে নিজে ছোট বানিয়েছে,Negative
"ফাল্তু মুভি,  এই মুভি প্রভাসএর ক্যারিয়ার রসা তলে",Negative
বাজে মুভি,Negative
বাজে মুভি,Negative
পুরাই ফালটু,Negative
"গতোকাল,সম্পুর্ন মুভিটি দেখেছি,!!একদম বাজে,,,,প্রভাসের মতো সুপারস্টার এমন বাজে মুভি করে,,জানা ছিলো না,,!!আর-এই ইডিটের চেয়ে -কার্টুন অনেক ভালো!!",Negative
সালাগো পিছাদিয়া পিঢানোর কাম,Negative
ফালতু,Negative
ফালতু,Negative
মুভিটা একদম অসাধারণ আমি মুম্বাইতে মহারাষ্ট্র আদি পুরুষ মুভিটা দেখলাম তো অনেক ভালো লাগলো একবারে হৃদয় সেক্সি মুভি,Negative
একদম বাজে  কাল্পনিক ঘটনা,Negative
লেওরা মার্কা ছবি এই ছবি নাকি আবার ৬০০ কোটি ৷ মানে কি বলব,Negative
হাস্যকর কাহিনী আর কার্টুন মার্কা ভিএফএক্স।,Negative
পুরাই ভুয়া সিনেমা,Negative
ফালতু মুভি,Negative
পৃথিবীর সব থেকে পাগল চুদা মুভি,Negative
একেবারে বাজে মুভি আমি দেখছি,Negative
বিরক্তিকর  মুভি,Negative
আবাল মার্কা মুভি এটা,Negative
আর সুগ্রীব বালী প্রভৃতি বানরগনকেও পুরো হলিউড মুভির বানরদের মতো বানিয়ে দিয়েছে। জয় শ্রীরাম  জয় মাতা সীতা,Negative
ফালতু একটা সিনেমা,Negative
একদম বাজে মুভি,Negative
বাজে  ছিলো,Negative
ফালতু,Negative
বাজে মুভি,Negative
বাজে মভি,Negative
না তেমন কোনো মজা পাইলাম না কোনো কাহিনী নাই,Negative
ফালতু মুভি,Negative
বিভীষণ কে দেখে আমি শেষ,Negative
ছি ছি,Negative
"এটা কোন মুভি নাকি সনাতন ধর্মকে অপমান করা হয়েছে, আমার মনে হয় এই ছবির ডিরেক্টর গাজা খেয়ে ছবিটা তৈরি করছিল, ওদের বিরুদ্ধে আইনি পদক্ষেপ নেওয়া উচিত",Negative
বাজে  ছিলো,Negative
"এটা কোন মুভি নাকি সনাতন ধর্মকে অপমান করা হয়েছে, আমার মনে হয় এই ছবির ডিরেক্টর গাজা খেয়ে ছবিটা তৈরি করছিল, ওদের বিরুদ্ধে আইনি পদক্ষেপ নেওয়া উচিত",Negative
ফালতু,Negative
বাজে মুভি,Negative
বাজে মভি,Negative
না তেমন কোনো মজা পাইলাম না কোনো কাহিনী নাই,Negative
ফালতু মুভি,Negative
বিভীষণ কে দেখে আমি শেষ,Negative
ছি ছি,Negative
ফালতু মুভি এর থেকে  কার্টুন শিবা অনেক ভালো,Negative
বাজেট অনুসারে ভাল হয়নি।,Negative
রামায়ণ এর মান সম্মান ইজ্জত লুটে নিল বেকার,Negative
7:36 রাবনের ভাই না রাবনের ছেলে,Negative
এইতা কাহিনি।,Negative
একদম ফাসকা,Negative
"মুভিটি দেখলাম। ভিএফএক্সের মান খুবই খারাপ, এরচেয়ে কার্টুন দেখা ভালো।",Negative
একদম ভালো লাগে নাই আমরা আগে রামায়ণ দেখচ্ছি কত ভালো লাগছে কত সুন্দর ছিলো আর কি মুভি বানিয়েছে,Negative
কিরে তাজুল কি অবস্থা??,Negative
এমন বিশ্রীভাবে নাম উচ্চারণ কেন করতে হবে?,Negative
"এর ব্যবহার সর্বোচ্চ  আর এটা তো হিন্দুের কাহিনী এটা কি দেখবো,️ প্রভাসের মুভি বলে এক্সপ্লেইন না হলে তাও দেখতাম না",Negative
কচুর মুভি বানাইছে ওরা আর তুমি মিয়া টাইম নষ্ট করে কচু বানাইছো ফালতু মুভি,Negative
"সূর্পো নখা,,হাবে দাদাভাই,,,",Negative
আমার দেখা  সালের সবচেয়ে বাজে মুভি,Negative
৬০০কোটি টাকা দিয়ে একটা কাটুন বানাইছে,Negative
এসব কল্পকাহিনীকে কেউ ধর্মীয় বিশ্বাসের ভিত্তি মনে করে,Negative
পুরাই কার্টুন,Negative
রাবনের ভাই নয় রাবনের বেটা,Negative
নিস্যা,Negative
সিনেমাটা যেমন বাজে ভাবে উপস্থাপন করা হয়েছে ঠিক তেমনি আপনার এক্সপ্লেইন ও অনেক বাজে ভাবে উপস্থাপিত হয়েছে।,Negative
এই সিনেমার পরিচালক মূর্খ,Negative
"আমি জীবনে এতো বাজে কার্টুন দেখিনাই,,,,পুরো সময়টাই নষ্ট",Negative
আমার ভালো লাগেনি তার কারন রাবনের হেয়ার স্টাইল,Negative
পুরাই আজগুবি কাহিনী,Negative
গাজাখরি কাহিনি কাটুন,Negative
এটাতো কাটুন মুভীনয়,Negative
ছাতার মুভি,Negative
এটা হচ্ছে কার্টুন,Negative
একদম খারাপ লেগেছে মুভিটা,Negative
ফালতু।,Negative
"কচুর মতন আর কেলার মতন, মানে একটুও  ভাল লাগে নাই ভাই,তবে আপনার বলার ধরন অনেক ভালো,",Negative
এটা কোনো গল্প হলো,Negative
কেমনে ৫০০ কোটি হলো মুভি,Negative
দোতলা রাবণ,Negative
রাবন এর ভাই ঈন্দ্রজীত না?   বাবন এর ছেলে ️,Negative
বাজেট অনুযায়ী বাজে ইডিট করেছে।,Negative
ফালতু ভিডিও,Negative
বাজে হয়েছে,Negative
কার্টুন মুভি,Negative
হাসি পাচ্ছে এটাকি মুভি,Negative
খাজা খোড় ডিরেক্টর,Negative
এই মুভিটা নিয়ে সবাই অনেক এক্সসাইটেট ছিল সে অনুযায়ী মুভিটা ভাল হয়নি।প্রভাসকে বলিউডের নায়িকাদের সাথে মানায় না ।ওকে তামিল তেলেগু নায়িকাদের সাথেই মানায় ।কেমিস্ট্রি মেলে না। ওর সব মুভিই আমি দেখেছি ।,Negative
এটা দেখি  রাবন কি কলওগ এলোরে বাবা,Negative
একদম ভালো ছিলো না,Negative
এটা কিছু হইলো,Negative
ঐ ছবি ব্যান্ড করে দেওয়া অবশ্যক।,Negative
আমরা এই মুভিটিকে কোনো দিনও মেনে নেব না,Negative
"এই আদি পুরুষ বইটা দেখার পর আমার মাথা এতো গরম হয়েছিল কি আর বলবো, এই বইটা সমাজে চলতে দেওয়া উচিত নয়",Negative
রামানন্দ সাগর জির রামায়ণ এর সাথে কোনো ধর্মীয় সিরিয়াল এর তুলনা হয় না আমি দুটি ই দেখেছি আর পার্থক্য টা বুঝেছি জয় শ্রী রাম,Negative
সবচেয়ে লজ্জার ব্যাপার রামায়ণ কে নিয়ে যারা এই ভাবে ছেলে খেলা করছে তাদের বিরুদ্ধে কোনো ব্যবস্থা নেই,Negative
এই রকম মুভি নির্মাতাদের জেলে পুতে রাখা উচিত। নির্লজ্জ খারাপ মাথা নিয়ে ভগবান রামচন্দ্রের জীবন কাহিনি তৈরি করা গুরুতর অপরাধ।   এই রকম অপরাধের কারনে রাষ্ট্রের উচিত এদের সবাই কে শাস্তির আওতায় আনা। দয়া করে এদের শাস্তি দেওয়া হোক। 🇧🇩🇧🇩🇧🇩,Negative
"আমি সব থেকে বেশি অবাক হয়ে যাচ্ছি যে, যারা অন্যান্য সিনেমার বিভিন্ন দৃশ্য নিয়ে বিশাল আআন্দোলন করতে বেরিয়ে পড়তো, বয়কট করতো। সেই সব ভক্তরা আজ কোথায়।",Negative
"পরিচালকের শিক্ষার অভাব, প্রভাসেরও",Negative
যত দ্রুত সম্ভব আদিপুরুষ ব্যান করা হোক।,Negative
"রামায়ন নিয়ে,আদিপুরুষে যা  করলো,,তা কখোনোই মেনে নেওয়া যায় না",Negative
এর থেকে      কিংবা     অনেক ভালো ছিল।,Negative
রামায়ণ  বানানোর  জন্য এস এস রাজা মৌলির  মত পরিচালক  দরকার,Negative
"অনেক জিনিস নয় দাদা, পুরো মুভিই ভুল দেখিয়েছে",Negative
"আদি পুরুষ তো রামায়ান নয়,,বেসিক জিনিস টা হয় তো এক,, কিন্তু,, সিনেমা টা দেখার আগে আমি জানতাম ই না , এই নামে এমন একটা সিনেমা হতে পারে",Negative
নির্মাতাদের সবগুলো ধরে অ্যামাজনের গহীন জঙ্গলে  বনবাসে দেওয়া উচিত।,Negative
হরে কৃষ্ণ এই সব কলিযুগে কি চলছে ..?আমি সুজন দেবনাথ বলছি,Negative
আদিপুরুষ আসলে বাংলা সিরিয়াল ও‌ মহালয় ছোঁয়াচে সিনেমা। এটাকে রামায়ণ ভাবার কোনো কারণ নেই কারণ এটা হল বাহুবলি 3। আদি পুরুষ মুভি কে বয়কট করা হোক এবং তার বদলে নতুন করে সত্যিকারের রামায়ণের মুভি তৈরি করা হোক জয় শ্রীরাম,Negative
হিন্দি পরিচালকগুলো বর্তমানে সিনেমাতে সনাতন ধর্মকে নিয়ে রসিকতা শুরু করেছে। এসব পরিচালকদের কঠিন শাস্তি দিতে হবে।,Negative
এই মুভিটা বাতিল করা হোক। এবং যে এই মুভিটা করছে তাকে শাস্তি দেয়া হোক যাতে ধর্ম নিয়ে বাজে কিছু করার কথা না ভাবে,Negative
সিনেমাটি ব্যন্ড করা হোক।,Negative
এইভাবে হিন্দু ধর্মকে আঘাত করেছে।,Negative
এই মুভিটা যেন সমস্ত সার্ভার থেকে মুছে ফেলা হয় এটাই আমাদের প্রত্যাশা,Negative
এই মুভি টি ব্যান্ড করা দরকার,Negative
ধিক্কার জানাই,Negative
"আমাদের ধর্মগ্রন্হ রামায়ণ নিয়ে এভাবে মজা করা ঠিক হয় নি, প্রতিবাদ জানাচ্ছি বাংলাদেশ থেকে",Negative
আদিপুরুষের বয়কট করা উচিত,Negative
ব্যান্ড করা হোক এই মুভি,Negative
আদিপুরুষ এই নামে যে কোন সিনেমা বেরিয়েছিল মুছে  দেওয়া হোক।,Negative
আদিপুরুষ বন্ধ করে দেওয়া হোক,Negative
"আমরা ছোট বেলা থেকেয় দেখতাম রামায়ন,, সনি চ্যানেল এ,,  কিন্তু আদি পুরুষ সব শেষ করে দিল,, আমি বাংলাদেশ থেকে বলছি, এই মুভি বেন করা হোক,,",Negative
এটা পুরোপুরি ভাবে ব্যন্ড করে দেয়া উচিত,Negative
জয়গুরু।  সত্যি খুব  খারাপ হয়েছে।,Negative
আদি পুরুষ সিনেমাটি ব্যান্ড করা দরকার,Negative
ইনার তুলনা আর হবেনা,Negative
এই সিনেমা টা সত্যি বন্ধ হোক। জয় শ্রীরাম। এই মুভি যারা বানিয়েছে তাদের এমন শাস্তি হওয়া দরকার যাতে এই ভুল আর কেউ না করে।,Negative
"ভারতের বেশিরভাগ হিন্দুই ধর্ম বিরোধী মনোভাব, সিলেট থেকে",Negative
"গা,,,, দিয়ে সব কাজ হয় না। এই রামায়ণ দেখ‌লে মনে হয়।",Negative
সিনেমাটি বন্ধ করে দেওয়া হোক আর পরিচালকে কঠিন শাস্তি দেওয়া হোক,Negative
ধর্ম নিয়ে এমন অনাচারের শাস্তি পাওয়া উচিত।,Negative
দেখে প্রযোজক কে টাকা কেন দিচ্ছি?,Negative
এটা দেখলে একটাই কথা বলতে ইচ্ছা করে ‍   ?,Negative
"আদিপুরুষ মুভিটি বানানোর সময় মুভি রচয়িতা খুব ভয়ংকর রকমের নেশা করে মুভিটি বানায়, যার ফলে এমন হয় মুভিটি",Negative
মনে হচ্ছে জেনো   মতো এনিমেশন,Negative
সনাতন ধর্মের কলঙ্ক এ মুভি,Negative
অাদিপুরুষ সিনেমাটি বন্ধ করে দেওয়া হোক'। আমি বাংলাদেশ থেকে প্রতিবাদ জানাচ্ছি।,Negative
খুব দূরুতো বেন্ড করা হোক এই মুভি টা,Negative
আরে রামায়ণ জীবনে ২ ঘন্টায় দেখানো সম্ভব আরে ভাই ১০ ঘন্টায় ও দেখানো সম্ভব না হেতের মাথা বানাইছে,Negative
বেদনাহত হলাম,Negative
এই সিনেমা বানানোর সময় পরিচালক মদ্যপান করেছেন,Negative
আমার একটুও ভালো লাগে নী সব ভুল,Negative
"আদিপুরুষ করা প্রত্যেকটি শিল্পী, কলাকুশলী সারা জীবন ঐ পাপের প্রায়শ্চিত্ত করতে হবে। মর্যাদা পুরুষোত্তম ভগবান শ্রী রাম নিজের অপমান সহ্য করেন না।",Negative
"আচ্ছা রাবনের রথ কি নেই, বাদুড়  উড়ে আসতে হল, রাম ঠিক আছে,সীতা ও ঠিক আছে ,রাবনের এই ভাবে সাজানো টা ঠিক হল না, আম রা দেখেছি আগে র রামায়ণ অনেক ভক্তি ও শ্রদ্ধা র",Negative
আমার খুব ভালো লেগেছে আদিপুরুষ মুভি টা। কতো অ্যাকশন আছে দেখুন।,Negative
বন্ধ করে দেয়া উচিত,Negative
এইসব  মুভি বানানোর সাহস হয় কি করে।,Negative
এই রকম জঘন্য সিনেমা আর কোনোদিন হয়নি,Negative
এই মুভিকে কেটে দেয়া দরকার,Negative
আমাদের ভারতে বেনড করে দেওয়া উচিত,Negative
"আগামাথা কিছুই বুঝলাম না। কখন কি হচ্ছে সেটাই বুঝা যাচ্ছে না।খুব খুব খুবই বাজে, কোন অনুভূতি সৃষ্টি হয়নি। এটা মুভি নাকি কমেডি???",Negative
আদিপুরুষ বন্ধ করে দেওয়া হোক।,Negative
ধর্ম ব্যবসা জয় জয় কার,Negative
অনন্ত জলিল,Negative
এই ভাবে য়ারা আমাদের ধরম কে মজাক বানাএ মত দেয়া দরকার।,Negative
এই মুভি টাকে অবিলম্বে ব্যান্ড করা হোক,Negative
আদিপুরুষ সিনেমা রামায়ণকে অপমান করেছে,Negative
মুভি  করে দিতে হবে,Negative
এরা কেউ সাচ্চা হিন্দু না। সাচ্চা হিন্দু এই সিনেমা দেখার জন্য আকুল হয়ে আছেন। হিন্দু ধর্মের পতাকা বাহক বিজেপি নেতারা ছবির প্রশংসায় পঞ্চমুখ হয়ে আছেন,Negative
একদম ফাল্তুশুধু টাকার অপচয়,Negative
বন্ধ করে দেওয়া হোক এই সিনেমা।।,Negative
মুভিটাকে বেন করা হওক,Negative
এই ছবিটিকে দ্রুত বন্ধ করা উচিত,Negative
ব্যান্ড করে দিয়া দরকার আমার মতে,Negative
হিন্দু ধর্ম নিয়ে এরা খেলা করছে,Negative
বন্ধ করা  হোক এই ফিল্ম,Negative
এই ছবিটি বেন করা হোক,Negative
মোদী থাকতে এই অবস্থা?,Negative
কারা এসব পিলিম বানায়,Negative
ভীষন বাজে একটা সিনেমা।।,Negative
জঘন্য,Negative
নির্মাতারা মূর্খ  ।,Negative
বাজে মুভি।।,Negative
বাজে মুভি,Negative
বাজে বাজে,Negative
ভুল ধরমো ভুল অভিনয়,Negative
বাজে একটা সিনেমা ছি ছি ছি,Negative
"খুব খারাপ সিনেমা ,",Negative
ভাই   এর সিতা হল  সিতা,Negative
বিভীষণ কি রাবণের ভাই?,Negative
ছবির অবস্থা দেখ!  আমি তো জানতাম রাবনের লঙ্কা সোনার। কিন্তু এখানে ত দেখছি কয়লার। রাবনের মাথার এ কি হাল  ছি! ৫০০কোটির মুভি এটা!,Negative
রামায়ন কি ছিল আর এটা কি ছিল,Negative
ফালতু মুভি এটা,Negative
ফালতু মুভি এর থেকে  কার্টুন শিবা অনেক ভালো,Negative
বাজেট অনুসারে ভাল হয়নি।,Negative
রামায়ণ এর মান সম্মান ইজ্জত লুটে নিল বেকার,Negative
7:36 রাবনের ভাই না রাবনের ছেলে,Negative
এইতা কাহিনি।,Negative
একদম ফাসকা,Negative
"মুভিটি দেখলাম। ভিএফএক্সের মান খুবই খারাপ, এরচেয়ে কার্টুন দেখা ভালো।",Negative
একদম ভালো লাগে নাই আমরা আগে রামায়ণ দেখচ্ছি কত ভালো লাগছে কত সুন্দর ছিলো আর কি মুভি বানিয়েছে,Negative
কিরে তাজুল কি অবস্থা??,Negative
এমন বিশ্রীভাবে নাম উচ্চারণ কেন করতে হবে?,Negative
"এর ব্যবহার সর্বোচ্চ  আর এটা তো হিন্দুের কাহিনী এটা কি দেখবো,️ প্রভাসের মুভি বলে এক্সপ্লেইন না হলে তাও দেখতাম না",Negative
কচুর মুভি বানাইছে ওরা আর তুমি মিয়া টাইম নষ্ট করে কচু বানাইছো ফালতু মুভি,Negative
"সূর্পো নখা,,হাবে দাদাভাই,,,",Negative
আমার দেখা 2023 সালের সবচেয়ে বাজে মুভি,Negative
৬০০কোটি টাকা দিয়ে একটা কাটুন বানাইছে,Negative
এসব কল্পকাহিনীকে কেউ ধর্মীয় বিশ্বাসের ভিত্তি মনে করে,Negative
পুরাই কার্টুন,Negative
রাবনের ভাই নয় রাবনের বেটা,Negative
নিস্যা,Negative
সিনেমাটা যেমন বাজে ভাবে উপস্থাপন করা হয়েছে ঠিক তেমনি আপনার এক্সপ্লেইন ও অনেক বাজে ভাবে উপস্থাপিত হয়েছে।,Negative
এই সিনেমার পরিচালক মূর্খ,Negative
"আমি জীবনে এতো বাজে কার্টুন দেখিনাই,,,,পুরো সময়টাই নষ্ট",Negative
আমার ভালো লাগেনি তার কারন রাবনের হেয়ার স্টাইল,Negative
পুরাই আজগুবি কাহিনী,Negative
গাজাখরি কাহিনি কাটুন,Negative
এটাতো কাটুন মুভীনয়,Negative
ছাতার মুভি,Negative
এটা হচ্ছে কার্টুন,Negative
একদম খারাপ লেগেছে মুভিটা,Negative
ফালতু।,Negative
"কচুর মতন আর কেলার মতন, মানে একটুও  ভাল লাগে নাই ভাই,তবে আপনার বলার ধরন অনেক ভালো,",Negative
এটা কোনো গল্প হলো,Negative
কেমনে ৫০০ কোটি হলো মুভি,Negative
দোতলা রাবণ,Negative
রাবন এর ভাই ঈন্দ্রজীত না?   বাবন এর ছেলে ️,Negative
বাজেট অনুযায়ী বাজে ইডিট করেছে।,Negative
ফালতু ভিডিও,Negative
বাজে হয়েছে,Negative
কার্টুন মুভি,Negative
হাসি পাচ্ছে এটাকি মুভি,Negative
খাজা খোড় ডিরেক্টর,Negative
এই মুভিটা নিয়ে সবাই অনেক এক্সসাইটেট ছিল সে অনুযায়ী মুভিটা ভাল হয়নি।প্রভাসকে বলিউডের নায়িকাদের সাথে মানায় না ।ওকে তামিল তেলেগু নায়িকাদের সাথেই মানায় ।কেমিস্ট্রি মেলে না। ওর সব মুভিই আমি দেখেছি ।,Negative
এটা দেখি  রাবন কি কলওগ এলোরে বাবা,Negative
একদম ভালো ছিলো না,Negative
এটা কিছু হইলো,Negative
এসব কাল্পনিক ছারা আর কিছু নয়,Negative
এটা মুভি,Negative
"এতো বাজে ভিএফএস এতো বাজে কোরিওগ্রাফি।  এতো বাজে কসটিউম,দূর কি বলবো কোনটা রেখে কোনটা। একদম বাজে একটা মুভি। কার্টুনও ভালো এর থেকে।",Negative
আপনার এক্সপ্লেনেশন যথেষ্ট খারাপ।,Negative
এইটা  রামায়ণ নয় ভেল্কি ভানদা ততো সব বাজে  ফিল্ম,Negative
"রামায়ন গল্প, চরিত্র  কোনোটাই হয়নি,,,ইউনিক কিছু তো ছিলো নাই বরং মুল কাহিনি চরিত্র গুলোকে অপমান করলো,,,এরকম মুভি না করাই ভালো ছিল,,,প্রত্যেকটা চরিত্রের অপমান হলো",Negative
সোনার মুভি,Negative
বাজে খুব বাঝে,Negative
মুভি এটা ভালো হয় নাই,Negative
ভীষণই বিচ্ছিরি লেগেছে,Negative
কাটুণ মুভি,Negative
খুব বাজে একটা মুভি,Negative
খুব বাজে একটা মুভি,Negative
শাওয়ার মতো মুভি,Negative
একদম বাজে লাগলো,Negative
কাটুন,Negative
"এটা  কোন কাহিনা  না।।    অব্যবাস্ত একটা  কাহিনা  মহাভারত,,",Negative
ফালতু,Negative
এই রামায়নে অনেক ভুল ত্রুটি আছে কিন্তু রাম নামে পাথর ভাসে তেমনি এই ছবিটাও লাখ লাখ টাকা কামাই করবে। জয় সীতারাম,Negative
ফালতু,Negative
ফালতু,Negative
",অনেক অনেক ফালতু",Negative
ফালতু,Negative
বাজে হইছে একে বারে ছি ছি,Negative
একেবারে বেকার,Negative
"কেমন দেবতা??? যার কোন শক্তি নাই,যে অন্যের শক্তির উপর নির্ভর শীল।",Negative
ভালো না,Negative
ভালো না,Negative
এখন নিজের ধর্মকে নিজে ছোট বানিয়েছে,Negative
"ফাল্তু মুভি,  এই মুভি প্রভাসএর ক্যারিয়ার রসা তলে",Negative
বাজে মুভি,Negative
বাজে মুভি,Negative
পুরাই ফালটু,Negative
"গতোকাল,সম্পুর্ন মুভিটি দেখেছি,!!একদম বাজে,,,,প্রভাসের মতো সুপারস্টার এমন বাজে মুভি করে,,জানা ছিলো না,,!!আর-এই ইডিটের চেয়ে -কার্টুন অনেক ভালো!!",Negative
সালাগো পিছাদিয়া পিঢানোর কাম,Negative
ফালতু,Negative
ফালতু,Negative
মুভিটা একদম অসাধারণ আমি মুম্বাইতে মহারাষ্ট্র আদি পুরুষ মুভিটা দেখলাম তো অনেক ভালো লাগলো একবারে হৃদয় সেক্সি মুভি,Negative
একদম বাজে  কাল্পনিক ঘটনা,Negative
লেওরা মার্কা ছবি এই ছবি নাকি আবার ৬০০ কোটি ৷ মানে কি বলব,Negative
হাস্যকর কাহিনী আর কার্টুন মার্কা ভিএফএক্স।,Negative
পুরাই ভুয়া সিনেমা,Negative
ফালতু মুভি,Negative
পৃথিবীর সব থেকে পাগল চুদা মুভি,Negative
একেবারে বাজে মুভি আমি দেখছি,Negative
বিরক্তিকর  মুভি,Negative
আবাল মার্কা মুভি এটা,Negative
আর সুগ্রীব বালী প্রভৃতি বানরগনকেও পুরো হলিউড মুভির বানরদের মতো বানিয়ে দিয়েছে। জয় শ্রীরাম  জয় মাতা সীতা,Negative
ফালতু একটা সিনেমা,Negative
একদম বাজে মুভি,Negative
বাজে  ছিলো,Negative
ফালতু,Negative
বাজে মুভি,Negative
বাজে মভি,Negative
না তেমন কোনো মজা পাইলাম না কোনো কাহিনী নাই,Negative
আদিপুরুষ হলো হাই বাজেট কার্টুন,Negative
আদিপুরুষ হলো হাই বাজেট কার্টুন,Negative
আমি প্রথমেই বলেছিলাম আদিপুরুষ একটা কার্টুন ছাড়া আসলে কিছু না,Negative
আদিপুরুষ ৫০০কোটি ছবি নামে   ১কোটি কাজ করে নাই। এই ডিজিটাল আদিপুরুষ,Negative
হনুমানকে দেখে আমি শিহরিত,Negative
আমি ভাবছি যে ওদের কাছে গল্প কি জলখাবার মানে যেকোনো একটা তুলে নিলেই হলো রামায়ণের উপর সিনেমা বানানো আদৌও সম্ভব কিনা সেটাও ভেবে দেখেনি রামায়ণ কয়েকটি সিরিজে ভালো লাগে একটা নির্দিষ্ট সিনেমায় রামায়ণ দেখানো যায় না,Negative
আদিপুরুষ প্রভাস কে চিনায় জাচ্ছে নারাম থেকে রাভন বেশি লাগছে,Negative
অনন্ত জলিলের     মনে ভালো ছিল তাহলে ।,Negative
এত রিভিউ দেখার পর মুভিটে দেখতে না চাওয়া আমার মন,Negative
আমি আগেই বলেছিলাম এই ছবি ১০০%খারাপ হবে,Negative
বাজেট ৮০ কোটি। হাইপ তোলার জন্য ৬৮০ কোটি বানাইয়া দিছে।,Negative
আদিপুরুশ দেখে মনে হইলো এনিমেশন মুভি দেখলাম।,Negative
শুনেই তো হাসি পাইলো অনেক আদিপুরুষ দেখার আগ্রহ কমে গেল এখন,Negative
আল্লু অর্জুনের ক্যামিও,Negative
আর    এর মধ্যে রাম আর রাবনটা কে  কেউ বলবেন প্লিজ,Negative
আল্লু অরজুন'কে ইডিয়ট করে মাথা বসিয়ে দিয়েছে,Negative
"ওয়েব সিরিজ টা দেখেছিলাম অনেক ভালো লেগেছিলো ওইটা তে ইমোশন, স্টুরি, কালার স্ক্রিপ্ট অসাধারণ ছিলো আর আদিপুরুষ দেখে মেজাজ টা অনেক খারাপ হয়ে গেছে এত বাজে স্ক্রিপ্ট, নো ইমোশন, কাহিনির কোন আগামাথা নাই কই থেকে কই চলে যাচ্ছে এককথায় বাজে বাজে",Negative
মাঝে   লেখাটা ভালো দেখা যায় না। বাদ দিলে ভালো হয়।,Negative
"আদিপুরুষ দেখার ইচ্ছা মরে গেছে। ভাই এর চেয়ে ভালো, ইউটিউব এর কার্টুন ভিডিও।",Negative
"ত্রেতা যুগ নয়, কলিযুগের রামায়ণ",Negative
"মানে কি বলবো , অনেক কষ্টে ৪০ মিনিটের মতো দেখছি",Negative
"ভাই, কেউ প্রশংসা করছে না।",Negative
কত???এর কার্টুনের,Negative
"এই মুভি দেখার থেকে কার্টুন দেখাই ভালো, এই মুভি আর কার্টুন এর মধ্যে আমি কোন পার্থক্য খুঁজে পাচ্ছি না। দিন দেশে বলতে হয় বিগ বাজেটের একটা কার্টুন বানিয়েছে।",Negative
আমার মনে হয় আপনারা অন্য জনের  শুনে তার পর  দেন।,Negative
এর থেকে হাজারগুন ভালো জাপানের এনিমেশন      মুভিটা,Negative
আলুআরজুনের চেহারা হনুমানের মত ওই জন্য মনে হয়েছে আল্লু অর্জুন কে নেয়া হয়েছে,Negative
আদিপুরুষের ডিরেক্টর গোপাল ভাড় দেখে অনুপ্রাণিত হয়ে এই মাল বানায় ফেলসে।,Negative
কেউ রামানন্দ সাগরের পরিচালিত রামায়ণকে টক্কর দিতে পারবে না কোনোদিনও,Negative
"দেখলাম   গল্প ও ভালো লাগে নাই  তো কিছুই হয় নাই  অযথা টাকা নষ্ট৷    আদিপুরুষ কখনো,,,  বাহুবলির অর্ধেক ও   সমতুল্য হবে না ️️️",Negative
হমুমান আরতুগ্রুল সিরিজ দ্বারা উতসাহিত হয়ে বুকে হাত দিয়ে গ্রেটিংস জানিয়েছে,Negative
হাই বাজেট কার্টুন,Negative
"ভাই এইখানে রামায়ণ ছাড়া বাকি সব কিছু আছে   এইখান থেকে কি শিখবে , শিখলেও সনাতন ধর্মের আসল কাহিনী টা শিখবে না । পরে জিহাদী তৈরি হবে আপনি এইটা কাওকে দেখার পরামর্শ দিতে পারেন না ।",Negative
এইটা কোনো মুভির আওতায় পড়ে না।,Negative
আদিপুরুষ কার্টুন হাহাহা,Negative
"বাহুবলি মুভি ব্লকবাস্টার হয়েছিল পরিচালকের জন্য প্রবাস এর জন্য নয় আর প্রবাস এর অ্যাক্টিং স্কিল খুবই দুর্বল কারণ বাহুবলীর পরে যে কয়েকটি মুভি করছে বিগ বাজেটের মুভি এবং সেগুলো ফ্লপ হয়েছে আর শ্রীরামের ক্যারেক্টারে প্রবাস কিভাবে মনে পাশ করলো  মনে হয় অডিশন নেওয়া হয়নি প্রবাস কে দেখে রাবণ মনে হচ্ছিল ডিসকাস্টিং মুভি,",Negative
সাইফ আলির হাটা দেখলে মনে হচ্ছে কাটুন হাটছে,Negative
মুভি মানেই ফাউল?,Negative
টাকা গুলাই শেষ,Negative
বতমান যুগে  মানা কঠিন৷ ৷ ফালতু একটা মুভি৷  ৩ ঘন্টা নস্ট হবে৷,Negative
"বাহুবলীর চেয়ে সেরা মুভি হয়না,",Negative
এই থেকে কাটুন ভালো,Negative
ফালতু মুভি ফালতু কাহিনি ফ্লপ ফ্লপ ফ্লপ,Negative
মাদিপুরুষ,Negative
কার্টুন ছবি বানাইছে,Negative
ফালতু মুভি,Negative
বাচ্চাদের এই  থেকে দুরে থাকা দরকার,Negative
একদম জঘন্য,Negative
ফ্লপ মুভি,Negative
ফল্প মুভি,Negative
ফ্লপ,Negative
এটা কোন রামায়ণের কাহিনী না  নিজের মতন করে টাকা কামানোর জন্য মানিয়ে ফেলেছি,Negative
ফালতু মুভি সব টাকা জলে,Negative
পুরাই পং,Negative
ফালতু মুভি,Negative
ফালতু।,Negative
পালতু একটা মুভি,Negative
ফালতু কার্টুন মুভি,Negative
পুরু বাজে মুভি,Negative
আদি পুরুষ একটা বাজে মুভি,Negative
একটা সিনেমা হিট করলেই ভালো ডিরেক্টর হওয়া যায় না,Negative
ফালতু মুভি,Negative
এইতা কাহিনি।,Negative
একদম ফাসকা,Negative
"মুভিটি দেখলাম। ভিএফএক্সের মান খুবই খারাপ, এরচেয়ে কার্টুন দেখা ভালো।",Negative
একদম ভালো লাগে নাই আমরা আগে রামায়ণ দেখচ্ছি কত ভালো লাগছে কত সুন্দর ছিলো আর কি মুভি বানিয়েছে,Negative
কিরে তাজুল কি অবস্থা??,Negative
এমন বিশ্রীভাবে নাম উচ্চারণ কেন করতে হবে?,Negative
"এর ব্যবহার সর্বোচ্চ  আর এটা তো হিন্দুের কাহিনী এটা কি দেখবো,️ প্রভাসের মুভি বলে এক্সপ্লেইন না হলে তাও দেখতাম না",Negative
কচুর মুভি বানাইছে ওরা আর তুমি মিয়া টাইম নষ্ট করে কচু বানাইছো ফালতু মুভি,Negative
"সূর্পো নখা,,হাবে দাদাভাই,,,",Negative
আমার দেখা 2023 সালের সবচেয়ে বাজে মুভি,Negative
৬০০কোটি টাকা দিয়ে একটা কাটুন বানাইছে,Negative
এসব কল্পকাহিনীকে কেউ ধর্মীয় বিশ্বাসের ভিত্তি মনে করে,Negative
পুরাই কার্টুন,Negative
রাবনের ভাই নয় রাবনের বেটা,Negative
নিস্যা,Negative
সিনেমাটা যেমন বাজে ভাবে উপস্থাপন করা হয়েছে ঠিক তেমনি আপনার এক্সপ্লেইন ও অনেক বাজে ভাবে উপস্থাপিত হয়েছে।,Negative
এই সিনেমার পরিচালক মূর্খ,Negative
"আমি জীবনে এতো বাজে কার্টুন দেখিনাই,,,,পুরো সময়টাই নষ্ট",Negative
আমার ভালো লাগেনি তার কারন রাবনের হেয়ার স্টাইল,Negative
পুরাই আজগুবি কাহিনী,Negative
গাজাখরি কাহিনি কাটুন,Negative
এটাতো কাটুন মুভীনয়,Negative
ছাতার মুভি,Negative
এটা হচ্ছে কার্টুন,Negative
একদম খারাপ লেগেছে মুভিটা,Negative
ফালতু।,Negative
"কচুর মতন আর কেলার মতন, মানে একটুও  ভাল লাগে নাই ভাই,তবে আপনার বলার ধরন অনেক ভালো,",Negative
এটা কোনো গল্প হলো,Negative
কেমনে ৫০০ কোটি হলো মুভি,Negative
দোতলা রাবণ,Negative
রাবন এর ভাই ঈন্দ্রজীত না?   বাবন এর ছেলে ️,Negative
বাজেট অনুযায়ী বাজে ইডিট করেছে।,Negative
ফালতু ভিডিও,Negative
বাজে হয়েছে,Negative
কার্টুন মুভি,Negative
হাসি পাচ্ছে এটাকি মুভি,Negative
খাজা খোড় ডিরেক্টর,Negative
এই মুভিটা নিয়ে সবাই অনেক এক্সসাইটেট ছিল সে অনুযায়ী মুভিটা ভাল হয়নি।প্রভাসকে বলিউডের নায়িকাদের সাথে মানায় না ।ওকে তামিল তেলেগু নায়িকাদের সাথেই মানায় ।কেমিস্ট্রি মেলে না। ওর সব মুভিই আমি দেখেছি ।,Negative
এটা দেখি  রাবন কি কলওগ এলোরে বাবা,Negative
একদম ভালো ছিলো না,Negative
এটা কিছু হইলো,Negative
এসব কাল্পনিক ছারা আর কিছু নয়,Negative
এটা মুভি,Negative
"এতো বাজে ভিএফএস এতো বাজে কোরিওগ্রাফি।  এতো বাজে কসটিউম,দূর কি বলবো কোনটা রেখে কোনটা। একদম বাজে একটা মুভি। কার্টুনও ভালো এর থেকে।",Negative
আপনার এক্সপ্লেনেশন যথেষ্ট খারাপ।,Negative
এইটা  রামায়ণ নয় ভেল্কি ভানদা ততো সব বাজে  ফিল্ম,Negative
"রামায়ন গল্প, চরিত্র  কোনোটাই হয়নি,,,ইউনিক কিছু তো ছিলো নাই বরং মুল কাহিনি চরিত্র গুলোকে অপমান করলো,,,এরকম মুভি না করাই ভালো ছিল,,,প্রত্যেকটা চরিত্রের অপমান হলো",Negative
সোনার মুভি,Negative
বাজে খুব বাঝে,Negative
মুভি এটা ভালো হয় নাই,Negative
ভীষণই বিচ্ছিরি লেগেছে,Negative
কাটুণ মুভি,Negative
খুব বাজে একটা মুভি,Negative
খুব বাজে একটা মুভি,Negative
শাওয়ার মতো মুভি,Negative
একদম বাজে লাগলো,Negative
কাটুন,Negative
"এটা  কোন কাহিনা  না।।    অব্যবাস্ত একটা  কাহিনা  মহাভারত,,",Negative
ফালতু,Negative
এই রামায়নে অনেক ভুল ত্রুটি আছে কিন্তু রাম নামে পাথর ভাসে তেমনি এই ছবিটাও লাখ লাখ টাকা কামাই করবে। জয় সীতারাম,Negative
ফালতু,Negative
ফালতু,Negative
",অনেক অনেক ফালতু",Negative
ফালতু,Negative
বাজে হইছে একে বারে ছি ছি,Negative
একেবারে বেকার,Negative
"কেমন দেবতা??? যার কোন শক্তি নাই,যে অন্যের শক্তির উপর নির্ভর শীল।",Negative
ভালো না,Negative
ভালো না,Negative
এখন নিজের ধর্মকে নিজে ছোট বানিয়েছে,Negative
"ফাল্তু মুভি,  এই মুভি প্রভাসএর ক্যারিয়ার রসা তলে",Negative
বাজে মুভি,Negative
বাজে মুভি,Negative
পুরাই ফালটু,Negative
"গতোকাল,সম্পুর্ন মুভিটি দেখেছি,!!একদম বাজে,,,,প্রভাসের মতো সুপারস্টার এমন বাজে মুভি করে,,জানা ছিলো না,,!!আর-এই ইডিটের চেয়ে -কার্টুন অনেক ভালো!!",Negative
সালাগো পিছাদিয়া পিঢানোর কাম,Negative
ফালতু,Negative
ফালতু,Negative
মুভিটা একদম অসাধারণ আমি মুম্বাইতে মহারাষ্ট্র আদি পুরুষ মুভিটা দেখলাম তো অনেক ভালো লাগলো একবারে হৃদয় সেক্সি মুভি,Negative
একদম বাজে  কাল্পনিক ঘটনা,Negative
লেওরা মার্কা ছবি এই ছবি নাকি আবার ৬০০ কোটি ৷ মানে কি বলব,Negative
হাস্যকর কাহিনী আর কার্টুন মার্কা ভিএফএক্স।,Negative
পুরাই ভুয়া সিনেমা,Negative
ফালতু মুভি,Negative
পৃথিবীর সব থেকে পাগল চুদা মুভি,Negative
একেবারে বাজে মুভি আমি দেখছি,Negative
বিরক্তিকর  মুভি,Negative
আবাল মার্কা মুভি এটা,Negative
আর সুগ্রীব বালী প্রভৃতি বানরগনকেও পুরো হলিউড মুভির বানরদের মতো বানিয়ে দিয়েছে। জয় শ্রীরাম  জয় মাতা সীতা,Negative
ফালতু একটা সিনেমা,Negative
একদম বাজে মুভি,Negative
বাজে  ছিলো,Negative
ফালতু,Negative
বাজে মুভি,Negative
বাজে মভি,Negative
না তেমন কোনো মজা পাইলাম না কোনো কাহিনী নাই,Negative
ফালতু মুভি,Negative
বিভীষণ কে দেখে আমি শেষ,Negative
ছি ছি,Negative
"এটা কোন মুভি নাকি সনাতন ধর্মকে অপমান করা হয়েছে, আমার মনে হয় এই ছবির ডিরেক্টর গাজা খেয়ে ছবিটা তৈরি করছিল, ওদের বিরুদ্ধে আইনি পদক্ষেপ নেওয়া উচিত",Negative
বাজে  ছিলো,Negative
"এটা কোন মুভি নাকি সনাতন ধর্মকে অপমান করা হয়েছে, আমার মনে হয় এই ছবির ডিরেক্টর গাজা খেয়ে ছবিটা তৈরি করছিল, ওদের বিরুদ্ধে আইনি পদক্ষেপ নেওয়া উচিত",Negative
ফালতু,Negative
বাজে মুভি,Negative
বাজে মভি,Negative
না তেমন কোনো মজা পাইলাম না কোনো কাহিনী নাই,Negative
ফালতু মুভি,Negative
বিভীষণ কে দেখে আমি শেষ,Negative
ছি ছি,Negative
ফালতু মুভি এর থেকে  কার্টুন শিবা অনেক ভালো,Negative
বাজেট অনুসারে ভাল হয়নি।,Negative
রামায়ণ এর মান সম্মান ইজ্জত লুটে নিল বেকার,Negative
7:36 রাবনের ভাই না রাবনের ছেলে,Negative
এইতা কাহিনি।,Negative
একদম ফাসকা,Negative
"মুভিটি দেখলাম। ভিএফএক্সের মান খুবই খারাপ, এরচেয়ে কার্টুন দেখা ভালো।",Negative
একদম ভালো লাগে নাই আমরা আগে রামায়ণ দেখচ্ছি কত ভালো লাগছে কত সুন্দর ছিলো আর কি মুভি বানিয়েছে,Negative
কিরে তাজুল কি অবস্থা??,Negative
এমন বিশ্রীভাবে নাম উচ্চারণ কেন করতে হবে?,Negative
"এর ব্যবহার সর্বোচ্চ  আর এটা তো হিন্দুের কাহিনী এটা কি দেখবো,️ প্রভাসের মুভি বলে এক্সপ্লেইন না হলে তাও দেখতাম না",Negative
কচুর মুভি বানাইছে ওরা আর তুমি মিয়া টাইম নষ্ট করে কচু বানাইছো ফালতু মুভি,Negative
"সূর্পো নখা,,হাবে দাদাভাই,,,",Negative
আমার দেখা 2023 সালের সবচেয়ে বাজে মুভি,Negative
৬০০কোটি টাকা দিয়ে একটা কাটুন বানাইছে,Negative
এসব কল্পকাহিনীকে কেউ ধর্মীয় বিশ্বাসের ভিত্তি মনে করে,Negative
পুরাই কার্টুন,Negative
রাবনের ভাই নয় রাবনের বেটা,Negative
নিস্যা,Negative
সিনেমাটা যেমন বাজে ভাবে উপস্থাপন করা হয়েছে ঠিক তেমনি আপনার এক্সপ্লেইন ও অনেক বাজে ভাবে উপস্থাপিত হয়েছে।,Negative
এই সিনেমার পরিচালক মূর্খ,Negative
"আমি জীবনে এতো বাজে কার্টুন দেখিনাই,,,,পুরো সময়টাই নষ্ট",Negative
আমার ভালো লাগেনি তার কারন রাবনের হেয়ার স্টাইল,Negative
পুরাই আজগুবি কাহিনী,Negative
গাজাখরি কাহিনি কাটুন,Negative
এটাতো কাটুন মুভীনয়,Negative
"৭০ বছরের জামাই ১৭ বছরের বউ, আর ১৭ বছরের প্রিন্স  ৪০ বছরের কুচকুচে লাইলা। কাউকে ছাড় দেননি জয় ভাইয়া। সকলে বাংলা ভাষায় নিখুঁত ভাবে বাশ দেওয়ার অসংখ্য ধন্যবাদ।",Negative
জয় ভাই আজকে যেই বাঁশ দিয়েছে ইতিহাসের পাতা এটা স্মৃতি হয়ে থাকবে ️,Negative
"গল্পটা এমন হতে পারতো,মামুন-তিশা""মোশতাক-লায়লা",Negative
"যারা নিজেদের সম্মান নিজেরাই নষ্ট করতে চান, তারা জয় ভাইয়ের  প্রোগ্রাম এ যান।",Negative
সবাইকে আস্তে আস্তে বাঁশ দিওয়ার নামই হলো জয়ভাই,Negative
"বাঁশের ব্যবহার ছেড়ে যখন মানুষ তেল মারার ব্যবহারের উপর নির্ভরশীল, ঠিক তখন আমাদের বিলীন হয়ে যাওয়া বাঁশের ব্যবহারটা জয় ধরে রাখার জন্য অসংখ্য ধন্যবাদ।",Negative
জয় ভাইয়ার এই অনুষ্ঠানে কেন মানুষ আসতে ভয় পায় আজ এই প্রোগ্রাম টা দেখে বুঝলাম এ যেন উপস্থাপক নামের উকিল,Negative
জয় ভাইয়ের ফ্যান হয়ে গেলাম ।,Positive
অপমান গুলো খুব ভালো লাগছে জয় ভাইকে ধন্যবাদ,Positive
"স্যালুট জয় ভাই, ২টা হনুমান দিয়ে খেলা দেখানোর জন্য।",Negative
জয় ভাই তো দেখছি বাস ঝার নিয়ে বসে আছেন  ধন্যবাদ জয় ভাই,Positive
ফাটাইয়া দিছে জয় ভাইয়া  মামুন তুমি নাকি গে,Positive
জয় উচিৎ কথা বলে এজন্যই জয় এর অনুষ্ঠান এজন্যই ভালো লাগে,Positive
সবচেয়ে মজার কথা ছিল মামুন :- সবই আপনাদের দোয়া  জয় ভাই :- আমরা তো তোমার জন্য দোয়া করি নাই দোয়া ছাড়াই এমনি এমনি হয়ে গেছো,Negative
সারা দেশের মানুষের মনের কথা গুলা বলে দেয় জয় ভাইয়াভালই লাগে নায়ক হিসেবে হাই লেভেলের না হলেও সত্যি কথা বলার সাহস শুধু জয় ভাইএর আছে।,Positive
জয়কে আমার বরাবরই ভালো লাগে সে ভালো করে জানে কাকে কিভাবে বাঁশ দিতে হয় ঠান্ডা মাথায়  জয়ের রোস্টিং আমাদের আঠারো কোটি মানুষের মনের আবেগ,Negative
"তিশার সাথে মামুন আর লায়লার সাথে মুশ্তাকের বিয়ে হলে বেশি ভালো হতো,মেন্টালের সাথে মেন্টাল  মিলা যাইতো",Negative
জয় ভাইয়ের কথা ঘুলো খুব ভালো লাগলো এবং মজা পাইসি,Positive
জীবনের ফাস্ট দেখলাম জয়ের  ভালো একটা কাজ দেখলাম ধন্যবাদ চিত্রনায়ক জয়,Positive
আমার মনে হয় পৃথিবী থেকে লজ্জা বিদায় নিয়েছে!!!,Negative
জয় ভাইয়া আপনাকে আমার মন থেকে ধন্যবাদ।।। আপনার এইসব উদ্যোগের কারণে সমাজের বিকৃত মনা মানষিক ব্যক্তিরা হুশিয়ার হচ্ছে।।,Positive
একে একে সবাইকে নিয়ে এসে বাঁশ দেওয়ার জন্য ধন্যবাদ জয় ভাই আপনাকে অনেক ধন্যবাদ এদেরকেও বাঁশ দেওয়ার জন্য ধন্যবাদ,Positive
জয়ের উপস্থাপনা গুলো সত্যি অসাধারন।আমার খুব ভালো লাগে,Positive
জয় ভাইয়ের মাইর গুলা এবং নাচ গুলা সেই। আমিতো হাসতে হাসতে শেষ,Positive
"ব্রো আপনি যোশ, উপস্থাপনা ওওওওও যোশ,,,,,  আপনার শো তে আসার জন্য কলিজা হাতে নিয়ে আসা উচিত",Positive
অসংখ্য ধন্যবাদ জয় ভাই দুটো হনুমান দেখতে পেলাম।,Negative
জয় ভাইয়ের অনুষ্ঠান আমার খুব ভালো লাগে। বিশেষ করে সমাজের অসভ্য গুলোকে উনি যে বাঁশ টা দেয় তা আমাদের দেখতে খুব মজা লাগে।,Positive
"জয় ভাই ঠান্ডা মাথায় বাংলা ওয়াস করে দিল, সব মিলে জয় বাংলা হয়ে গেল।",Positive
কমেন্ট করার ভাষা খুঁজে পাচ্ছি না সেই জয় ভাইয়া,Positive
"জয় ভাই আপনি একটা জিনিস, আপনার প্রশ্ন গুলো অসাধারন,",Positive
জয় ভাই এক জিনিষ,Positive
বাংলাদেশের সেরা উপস্থাপক জয় ভাই,Positive
দেশে এতো প্রিন্স থাকতে বাংলাদেশ এত গরিব কেন???,Negative
আনন্দর ছলে জয় বাই যেভাবে তাদেরকে ইয়া দিল অসাধারণ,Negative
আমি সাধারণত শাহরিয়ার নাজিম জয়ের একজন হেটার। তার বেশির ভাগ অনুষ্ঠান দেখেই বিরক্ত হই। কিন্তু এই অনুষ্ঠান আমাকে যথেষ্ট আনন্দই দিয়েছে।,Positive
জয় ভাইয়ের ইন্টারভিউতে আসাই মানেই নিজেকে বাঁশ দেওয়া,Negative
মামুনের তো কিছু কোয়ালিটি আছে। এই জন্য উঠতে পারছে। সে কিন্তু অনেক শান্ত ও ভদ্রভাবেই কথা বলছে। আর ভাল নাচে,Negative
হাতে না পারলেও কথার মাধ্যমে সেরা বাঁশ দেওয়ার জন্য জয় ভাইকে ধন্যবাদ,Negative
একদম ঠান্ডা মাথায় গরম গরম বাঁশ সুন্দর হয়েছে জয় ভাই,Negative
ধন্যবাদ জয় ভাই চিড়িয়াখানা থেকে দুইটারে নিয়ে আসছেন খেলা দেখানোর জন্য,Negative
এসব মানুষের মান সম্মান নেই।আল্লাহ আপনি সবাইকে বুঝার তৌফিক দান করুক। আমিন🇧🇩🇧🇩🇧🇩🇧🇩,Negative
জয় ভাইয়া আপনার অনুষ্ঠানটা দেখে খুব ভালো লাগলো মনে হচ্ছে মা ছেলেকে মাফ করে দিল,Negative
জয় ভাইয়া আপনাকে অনেক ভালো লাগে। আপনি সত্যি সত্যি উচিৎ কথা বলে জায়গা মত ঘায়েল করেন।,Positive
মামুনের ডান্স টা কিন্তু অসাধারণ অসাধারণ অনেক সুন্দর হয়েছে,Positive
জয় ভাইকে অসংখ্য ধন্যবাদ এইভাবে বাঁশ প্রদান করার জন্য,Negative
বাংলাদেশের সাইলেন্ট কিলার রোস্টার  __ জয়,Positive
জয় উচিত কথা বলার জন্য আপনাকে দারুন লাগছে,Positive
শাহরিয়ার নাজিম জয় ভাই জিন্দাবাদ,Positive
"জীবন তো এরাই ইনজয় করবে আমরা দুনিয়ায় আসছি জন্ম নিবন্ধ, সার্টিফিকেট,এনআইডি কার্ড তুলতে",Negative
প্রথম বার জয় ভাইয়ার  কথা গুলো জোশ লাগছে,Positive
"এক কথায় অসাধারণ নাচ হয়েছে, আমার কাছে খুব ভালো লেগেছে, শুভকামনা রইল সব সময়।",Positive
"যেখানে সামান্য একটু বিষয় নিয়ে লাইভ হয় সেই সংসারে কতটুকু সম্মানহীন তা বোঝার বাকি নেই আর আপনাদের কাছ থেকে বাংলাদেশের মানুষ ভালোবাসা সম্পর্কে শিক্ষা নেবে খুবই আফসোস,",Negative
এই প্রথম বার জয় ভাই রে এত্ত ভালা লাগছে,Positive
হাসতে হাসতে জয় ভাই খুব সুন্দর ভাবে বাঁশ দিলো এই বখাটে টিকটকার কে,Negative
মামুন আর জয় দুইটাই একটা জিনিস,Negative
গণহারে অপমান  জয় ভাই চালিয়ে যাও,Negative
এই জয় ভাইয়াত অনেক দুষ্টু,Negative
"ভাই, আপনি সেরা। অসংখ্য ধন্যবাদ ভাই। জয় ভাই মন থেকে ভালোবাসা।",Positive
"এটা দেখাই বাকি ছিল, তবে জয়  অসাধারণ   উপস্থাপনা করেন। তবে কি উনি একটু বেশি মানুষকে  অপমান করেন",Negative
বাঁশ কিভাবে দিতে হয় জয় ভাইয়ের কাছ থেকে শিখতে হবে,Negative
জয় ভাই আপনাকে অসংখ্য ধন্যবাদ,Positive
"উফফফ সত্যি জয় ভাইয়া অসাধারণ উনি কিভাবে কখন কোথায় হাসি দিয়ে  পিঞ্চ মাইরা কথা বলতে হয় ভাইয়া সব বুঝে, জাস্ট একটা হাসি দিয়ে কেমন মশলা মাইরা কথা বলে",Positive
জয় ভাই আপনার কথা গুলো অনেক ভালো লাগে।  আপনি সামনাসামনি সত্যি কথা বলেন,Positive
"স্মার্ট বাংলাদেশের নায়ক নায়িকাদের পাতলা পায়খানার শুভেচ্ছা,  জয় স্যার কে ধন্যবাদ এই সকল হিরোআলমের ভক্তদের ধরে বাঁশ দেওয়ার জন্য 🫡🫡",Negative
যে যাই বলুক নাচ টা অনেক সুন্দর হইছে।।,Positive
"লোক লজ্জায় বলতে পারি না যে, এই জয় ভাইয়ের সকল সেলিব্রিটিদেরকে রোস্ট করা আমার অনেক অনেক বেশি ভালো লাগে",Positive
"এমন ভাবেই  বাঁশ দিতে হবে,  ধন্যবাদ জয় ভাই।",Negative
"জয় ভাই কে অনেক ধন্যবাদ জানায়, এই কারণে যে উনি বুড়া জোয়ান কাউকে ছাড়দেন না,জয় ভাই অনেক ট্যাইলেন্ট",Positive
জয় ভাইয়া এরকম মানুষ দের কে এইভাবে বাস দেওয়ার জন্য ধন্যবাদ।,Positive
"জয় ভাইকে অনেক অনেক ধন্যবাদ ,কারণ আপনি এই ধরনের মানুষদেরকে ভালোভাবে বাঁশ দিতে জানেন ,",Positive
"ভাই আপনাকে স্যালুট,,, বাঁশ দেওয়ার জন্য,,,যদিও টিকটকারদের মানসন্মান নিয়ে কোন সমস্যা নেই",Positive
"গণহারে অপমান ,জয় ভাই চালিয়ে যান ....",Positive
মনটা ভালো ছিলোনা কিন্তু জয় যেভাবে অপমান গুলা করলো হাসতে হাসতে শেষ,Positive
ছেলেটার ট্যালেন্ট আছে কিন্তু তার স্বল্প বয়সের মাঝে এত তারাতারি সব কিছু হাতের নাগালে পাওয়ার কারনে আর বুড়ীর মিথ্যা মোহ প্রেমের কারনে সে আজো অপরিচিত তার লুকায়িত ট্যালেন্টের সাথে,Negative
"মানুষকে ছোট্ট করে কী লাভ,, যার যাকে  ভালো লাগবে সেই তাঁকে নিয়ে থাকবে",Positive
"আমি অনেক আগে থেকেই মনে মনে  ভাবছিলাম কবে এই দুজনের সাক্ষাৎকারে জয় ভাইয়ার বাঁশ দেওয়া  দেখতে পাবো,,,, অবশেষে  দেখতে পেলাম",Positive
"জয় ভাইকে সাধুবাদ জানাই,,,প্রশ্নটা দারুণ ছিলো যে মার টা আবার কন্টেন্ট ছিল না তো!!!??",Positive
জয় ভাই আপনি কি সব বুড়া বুড়ি দের বাশ দেয়ার.... সিজন শুরু করছেন,Negative
জয় ভাইয়াকে অসংখ্য ধন্যবাদ। জয় ভাই উচিত কথা বলে তাই সবাই অপছন্দ করে।,Positive
প্রিন্স মামুন খুব ভাল নেচেছে। আর ভবিষ্যতে বেশ ভাল করবে আশা করি। জয় ভাই বাশ দিলেও মামুন এই প্রোগ্রামের মাধ্যমে আশা করি অনেক দূরে যাবে।,Positive
জয়ভাইয়া আপনাকে খুব ভালে লাগে আপনার মজা করে কথা বলাটা খুবি সুন দর,Positive
সেই ভাই বাস দেওয়ার জন্য ধন্যবাদ,Negative
"শেষের কথা টা জোশ ছিলো!!!!!!  প্রিন্স মামুন এর উদ্দেশ্যে জয়, ""তুমি নাকি ---?""",Positive
ভাই আপনি আমার পুর মনের কথা ব্লেছেন আর একটা কথা হলো অদের থেকে মানুষ প্রতিবন্ধী হওয়া শিখে,Positive
জয় ভাই..  বাইজি নাচ দেখানোর জন্য ধন্যবাদ,Positive
বান্দর থাকে চিরিয়া খানায় কিন্তুুু হঠাৎ দেখি টিভি চ্যানেলে,Negative
উচিত কথা বলার জন্য জয় ভাইয়ের  হয়ে গেছি,Positive
সত্যি কথা গুলো বলতে একটুও বুক কাপে না জয় ভাইয়ের। অনেক ভালো লাগে জয় ভাইয়ের উপস্থাপনা।,Positive
আমার মতে যে যারে নিয়ে সুখে থাকুক। আমাদের তা নিয়ে ম্যথা না হওয়াই ভালো।,Negative
"কি সাংঘাতিক ভালোবাসা রে বাবা,,",Positive
জয় ভাই কে অনেক ধনবাদ,Positive
জয় ভাই আমার একজন ফেভারিট ব্যাক্তি উনি মানুষকে  কথা দিয়ে বাঁশ দেয় কোন ঝগড়া নয় আলোচনার মাধ্যমে,Positive
মিষ্টি মিষ্টি কথা বলে জয় ভাই সবাই কে সুন্দর করে বাঁশ দেয় ধন্যবাদ ভাই,Positive
টম ইমাম আর মিষ্টি ইমামকে আনা হোক।এরা দুইজন বাকি,Negative
জয় ভাইকে ধন্যবাদ সে অনেক সুন্দর এবং কাউকে ছাড় দিয়ে কথা বলে নি,Positive
"ওহ জয় ভাই, আমি আর নিতে পারতাছি না। আমার হাসি থামতেছেই নাহ!",Positive
জয় ভাই এই পাগল গুলাকে স্টুডিও তে নিয়ে গিয়ে এত সুন্দর বাঁশ দেওয়ার জন্য আপনাকে অসংখ্য ধন্যবাদ। অনেক দিন পর রাগ কমছে,Positive
বিনোদনে ভরপুর খুব মজা পাইলাম ধন্যবাদ জয় ভাইকে এভাবে সব সময় বিনোদন দিতে থাকেন,Positive
সবার জন্য জয় ভাইয়ের বাঁশ আগেই তৈরি থাকে।,Negative
ছোট বেলার রাস্তার মুখে বানরের খেলা দেখাইতো। আর আনি স্কুলে যাওয়া বাদ দিয়া অই খেলা দেখতাম। এই শো দেখার পর আবার সেই দিন গুলির কথা মনে পইড়া গেল,Positive
জয় ভাই আপনিও পারেন আপনার প্রশ্ন শুনে আমি হাসতে হাসতে শেষ।। আপনার প্রোগ্রামে যারা আসবে তারা এতো সহজে এড়িয়ে যেতে পারবে না।। ভীষণ ভালো লাগলো জয় ভাইয়ার কথা গুলো,Negative
জয়কে সেরা উপস্থাপনায় নোবেল পুরষ্কার দেওয়া হোক,Positive
জয় কে উপস্থাপকের পথ থেকে বাতিল করা হোক গাদ্দার জয় কথার কোন এক মাথা নেই,Negative
জয় ভাই আমরা তনিমা তন্নি টিকেটার নাসিরকে দেখতে চাই,Negative
জয় একখানা!  জয়ের জয় হউক।,Positive
জয় ভাই স্যালুট,Positive
কেন জানি আমার কাছে জয় ভাই কে অনেক মিস্টি লাগে  মামুন একবার দেখো আপনি এতো মেকাপ নিয়ে জয় ভাইয়ের মতো পারবা না,Positive
জয় ভাই রে তুমি একটা জিনিস,Positive
ভালো মেয়ে হলে ভালো ছেলে হলে ভয়েস দিয়ে কি হবে সুখে থাকেন ভালো থাকেন এই কামনা রইলো কে কি বলল এগুলা কান দিয়েন না ভাই আপনাদের ভালোবাসা আপনাকে চালিয়ে যান,Negative
মামুনের নাচটা খুব ভালো হয়েছে।,Positive
"উফ,, কি ভয়ঙ্কর ভালোবাসা রে বাবা",Negative
জয় ভাই আমাদের একটাই দাবী জ্বীনের বাদশা কাপলকে একবার আপনার অনুষ্টানে আসবেন। প্লিজ,Negative
খমা করুক বা  আর না করুক  তবে এই কথাটি মনেরাখুন লায়লা কে এক দিন ছেড়ে চলে জাবে ১০০%,Negative
জয় কঠিন ধোলাই দিলো প্রিন্স মামুন এবং লায়লাকে।,Negative
জয় ভাইয়া আসলে একটা জিনিসহাসতে হাসতে বাশ দিছে,Positive
অসাধারণ ভাইয়া আপনার সাহস দেখে অবাক লাগেতছে,Positive
এত সুন্দর করে ঝোড়া ও অঝরা  বাঁশ দেওয়া যায় জয় ভাইয়ের অনুষ্ঠান না দেখলে বুঝা যাইত না।,Negative
জয় ভাই কে ধন্যবাদ। হনুমান গুলো র খেলা দেখানোর জন্য। ওদের আপনান বোধই নাই।,Positive
"আহারে কেমনে আবার এরা সুন্দর করে আলহামদুলিল্লাহ বলে। এই রকম জুটি গুলো থেকে আমরা শিখবো নতুন করে ভালোবাসা? বিয়ে করছি ১০ বছর হয়ছে, বউ বাচ্চা কেমনে ভালো থাকবে সেই চিন্তায় সারাদিন ব্যাস্ত থাকি। সকালে ঘুম থেকে আমরা উঠার আগে বউ উঠে নাস্তা বানায়, আবার রাতে এসে ভাত খাই। এটার জন্য আরো বাকি জীবন বাচতে চাই।",Positive
এটি ভালবাসা না এটি হলো  শুধু টাকা টাকা কে ভালোবাসা,Negative
ধন্নবাদ জয় ভাইয়া। সুন্দরভাবে  বাশ দাউয়ার জন্য,Positive
দে লাড়া চিনি ছাড়া,Negative
"আমার মত কে কে আসছো,, ভিডিও দেখছো শুধু মাএ তাদের অসম্মান করা দেখতে?",Negative
এই মুরগিরে আরো দেওয়া উচিত ছিল ''',Positive
জয় ভাই  এদের  জালায় মন টা চায়  দে-শ ছেড়ে বিদেশে চলে যায়,Negative
জয় ভাই দুই জনকে বাঁশ দেওয়ার জন্য ধন্যবাদ,Positive
"অসংখ্য ধন্যবাদ জয় ভাই এতো সুন্দর করে আস্তে আস্তে বাঁশ দেওয়ার জন্য,",Positive
"ভাই তোদেরকে দেখে মনে হচ্ছে জীবন টা এখনো নতুন করে শুরু করা যাবে যত বয়সই হোক ,চালিয়ে যাও",Positive
জয় ভাই আপনাকে ধন্যবাদ।।।।,Positive
মা ছেলের ভালোবাসা ও মারামারি হতেই পারে,Negative
"আরে বাহ,,অসাধারন জয়,,",Positive
মামুন ভাইয়ের লাস্টে ডান্সটা অসাধারণ ছিল,Positive
কেমন আছেন জয় ভাইয়া আপনার ইন্টার বিউ খুব ভালো লাগে আমার ধন্যবাদ,Positive
জয় ভাই বাঁশটা কিন্তু সেই হয়েছে,Positive
এতো কিছুর পরেও বলার ভাষা খুজে পেলাম না,Positive
আমিঅতন্ত্য খুশি এদের ভালবাসায় । তা যে ক দিন ই  থাখুক,Positive
জয় ভাই লায়লা ও মামুন এবং তিশা ও মুস্তাক কে যে বাঁশটা দিছে তাই জয় ভাইকে অনেক ভালো লাগে,Positive
"দোয়া  করি নাই, দোয়া ছাড়াই হয়ে গেছো",Negative
অসাধারণ সুন্দর মাস আল্লাহ অসাধারণ সুন্দর মাস আল্লাহ,Positive
জয় ভাই ভালো থাকো ধন্যবাদ,Positive
জয় ভাইয়ের সারাজীবনের কাজগুলো যদি পাবলিককে আকৃষ্ট করতে না পারে আমি নিশ্চিত সমাজের এসব কীটপতঙ্গদের উচিৎ শিক্ষা দেওয়ার পদ্ধতি পাবলিকের হৃদয়ভেদ করে দিছে।।।স্যালুট ভাই,Positive
আসলে জয় ভাই আপনার জবাব নাই অসাধারণ,Positive
ইন্টারভিউ নেওয়ার নাম করে বাঁশ দেওয়ার যে ব্যাপারটা,Negative
অসাধারণ ডান্স করছে মামুন আমি এটাই বলবো বাকি সব,Positive
জয়ের নাচ দেখে আমি পাগল হয়ে গেলাম,Positive
জয় তুমি আবার সব কিছু জিগাইয়া  না হলে জমবে না,Negative
একদম শেষের কোশ্চেন টা সেই ছিলো,Positive
জয় ভাই  মনে হয় সিরিয়াল ই এই রকম পাবলিক দের  আস্তে আস্তে বাঁশ দিবে,Positive
জয় ভাই সবাইকে শান্ত ভাবে বাশ দেয়,Negative
প্রিন্স মামুনকে জয় ভাইয়ের  গলা টিপাটা সেই ছিল।,Negative
একটা কাজ করলে খুব ভাল হত  লায়লা কে যদি মুস্তাকের সাথে দিয়ে  তৃসা মামুনের কাছে চলে আসত তাহলে খুব ভাল মানাইত,Positive
আল্লাহ আমি কই আছি আমাকে উঠাই নাও এগুলা কি দেখতেছি কি শুনতেছি,Negative
এদের কে যেই কথা কইছে এই কথা শুনে আমারই শরম লাগছে।  কিন্তু এদের শরম না লাগাইয়া হাসতাছে,Negative
একের পর এক বাশঁ   আরেকজন পাওয়ার ফুল কাপল এনে আমাদের বিনোদন দিবেন জয় ভাইয়া,Negative
জয় ভাইয়ের উপস্থাপনা ভালো লাগে।,Positive
এই দুইটাকে জাতীয় চিড়িয়াখানা তে রাখা হোক।,Negative
জয় বাই দারুন হয়েছে। টম ইমাম আর মিস্টি ইমাম কে আনা হোক,Negative
নাচটা অনেক সুন্দর হয়েছে আর লায়লা খুব সহজ সরল।,Positive
জয় ভাই আসলেই একটা জিনিয়াস।,Positive
আহা আহা আহা জয় ব্রো লায়লা এজ টের পাইছে তা বলতে হবেনা যোশ,Positive
জয় ভাইয়া আপনাকে অনেক অনেক ধন্যবাদ,Positive
হাসতে হাসতে জয় ভাই এতো সুন্দর ভাবে বাঁশ দেন খুব ভালো লাগে ধন্যবাদ জয় ভাই ধন্যবাদ,Positive
"জয় ভাইয়া আপনি কিন্তু অনেক দুষ্টু একটি লোক ,এই প্রোগ্রামটা দেখে হাসতে হাসতে শেষ হয়ে গেলাম",Positive
জয় ভাই জয় বাংলা দুইটাকে নিয়ে কথা বলতেছেন দেখে তো মনে হয় মা ছেলে এখন শুনি স্বামী স্ত্রী হায়রে মানুষ হায়রে সমাজ,Negative
অসংখ্য ধন্যবাদ জয় স্যারকে,Positive
জয় ভাইয়া আপনি লায়লাকে মুশতাকের সাথে আর মামুনের সাথে তিশাকে মিলিয়ে দেন এই অনুষ্ঠানে এনে🫶,Negative
"জয় ভাই মানে পুরাই আগুন, সেই বাশ দিতে জানেন",Positive
জয় ভাই কে ধন্যবাদ কি সুন্দর করে বাঁশ দিলো।মজাই মজা,Positive
"জয় ভাই মনে হচ্ছে আমার কথাটা রেখেছে ধন্যবাদ, আশা করছি ভালো করে মরিচ ডালা হবে।",Positive
আপনারই শান্তিতে আছেন ভাই ব্রেন ও নাই টেনশন ও নাই।,Positive
"নিজের কর্ম নিজের ব্যক্তিত্ব ছাড়া কিছুই অর্জন করা সম্ভব নয়,,, দোয়া নিয়ে কিছুই করা যায় না",Negative
অনেকদিন পরে মন ভরে হাসলাম,Positive
জয় একটা জিনিস ই,Positive
"জয় ভাই ধন্যবাদ """"""""""অনেক অনেক ভালোবাসা",Positive
লাইলার ভয়েসটা অনেক সুন্দর,Positive
ধন্যবাদ জয় ভাই কে ভালো করে বাস দেয়ার জন্য,Positive
জয় ভাইয়ার উপস্থাপনা  জাস্ট অসাধারণ ️,Positive
"আসলে ফিন্স   মামুন অনেক ভালো নাচতে জানে, আর উনার বউ লায়লা উনি অনেক ভালো মনের মানুষ।",Positive
"টুকাই মামুন আবার শুকিয়ে যাচ্ছে, কারন কি",Negative
সিস্টেম এ মাইর টাও দিয়া দিলা ভাই,Negative
নানী আর নাতিকে ভালই লাগলোআর জয় ভাই তো,Negative
জয় ভাই এইভাবে সবাই কে বাস দেই,Negative
যে যাই বলুক।নাচটা সেই হয়েছে। আমার খুব ভালো লাগছে,Positive
লাইলা আপু ভালােবাসি,Positive
প্রিন্স এর ড্যান্স দারুন,Positive
মজা পাইলাম প্রিন্স লায়লাকে এমন বাশ দেওয়ার জন্য ধন্যবাদ।,Negative
এমন কিন্তু ওয়ালা প্রেম বেশি দিন স্থায়ী হয় না,Negative
"হায় খোদা এরকম থার্ড ক্লাসরা যদি এভাবে টিভিতে সেলিব্রিটি বানিয়ে টিভি শো এর সম্মান নষ্ট করা হচ্ছে,",Negative
মারাত্মক লেবেলে ফাটা বাঁশ দিয়ে দিয়েছে জয় ভাইয়া,Negative
অসাধারণ জুটি।। দেখে খুব মজা পেলাম।।।,Positive
জয় ভাইরাসের জয় হোক,Positive
আল্লাহ্ মাফ করুক প্রিন্সের  দেখলে বিশেষ করে /  তখন আমার লায়লার রুচিবোধ নিয়ে প্রশ্ন আসে।তবে জয় ভাই কে ধন্যবাদ এত সুন্দর করে বাঁশ দেওয়ার জন্য....বিশেষ করে প্রিন্স কে শেষে যে  করে  টা উনি করেছেন  🫣,Negative
"জয় ভাই এবার কাদের কে নিয়া অনুষ্ঠান করতাছেন আপনি, বুঝলাম না ভাই",Negative
জয় ভাই একে একে সবাই কে পচাইতেছে,Negative
ইশ ২০২১ এ আমি সিঙ্গেল ছিলাম।  মামুনের আগে যদি লায়লার সাথে আমার দেখা হতো,Negative
মামুন এর নাচটা খুব সুন্দর হলো,Positive
দেখে তো মনে হচ্ছে না যে জামায় বউ,Negative
"ওদের থেকে মানুষ বা.... টা শিখবে,  জয় ভাইয়ো পারে মুলত দেখতে আসলাম কি ব্র‍্যান্ডের বাশ দেয় কিন্তু দুঃখের বিষয় এই ব্র‍্যান্ড টা আমি চিনিনা।",Negative
আগুন জয় ভাই,Positive
জয় একটা জিনিস,Positive
হাসতে হাসতে পেট ব্যথা হয়ে গিয়েছে,Positive
এগুলো বিয়ে ছাড়া একসাথে থাকছে বাংলাদেশের পুলিশ কি এখন চোখে দেখেনা অথচ মামুনুল হকের মতন লোক জেলখানায় থাকে,Negative
জলন্ত কিংবদন্তি রোস্টার️,Positive
মামুনের হাসিটা কিন্তু মাসালআল্লাহ,Positive
সবার উচিত জয়ের প্রোগ্রাম বয়কট করা।,Negative
বুড়া বেডিকে এখানে আনার কি দরকার ছিলো ||,Negative
জয় ভাইয়ার বাঁশ দেওয়া সেই,Negative
একদম  ঠিক কথা  ভাইয়া টিয়াপাখি,Positive
ভালোবাসা কখনও বয়স দেখে হয় না,Positive
প্রিয় জুটি সবার কাপলের চেয়ে ভিউ বেশি চাই,Positive
গত এপিসোড এই একজন কমেন্ট করেছিল লায়লা আর মামুন কে আনতে কথাটা লেগে গেল।,Positive
প্রিন্স মামুনের ডান্স টা সুন্দর ছিল,Positive
জয় ভাই পাঠায় দিছেন,Positive
কচু শিকবে,Negative
লাস্ট প্রশ্ন টা সেরা ছিলো   তুমি নাকি গে,Positive
ভাই লায়লার নাচ দেখার অপেক্ষায় ছিলাম,Positive
অসাধারণ প্রিন্স মাহমুদ  এর ফারফর্ম,Positive
মাইয়ের টা সেই ছিলো,Positive
"আসলে সবাই সবার যায়গা থেকে ঠিক, কাউকে জাজ করাটা ঠিক না। ওরা যদি এভাবে ভালো থাকে তাহলে মানুষের এত সমস্যা কেন? আমাদের দেশের মানুষ এত নাক গলায় কেন সব কিছুতে আর সবার জীবনে?  জয় সবাইকে অনেক ইন্সাল্ট করে ছোট করে কথা বলে,এটা খুবই খারাপ। ওদের দুইজনের ই মন মানসিকতা ভালো কিন্তু যুগের হাওয়ায় এ দশা।",Positive
"এই জন্যই তো বলি,  বাঁশখালীতে এখন বাঁশ দেখা যায় না কেনো..?? সব বাঁশ যে জয় ভাই এদেরকে দিয়ে দিছে।।",Negative
"আসলে বাঁশের ব্যবহার সবাই জানে না,জয় একদম এই কাজে প্রফেশনাল,,,,, দারুণ",Negative
চ্যানেল আই এর মত চ্যানেলে এদের কিভাবে ইনভাইট করা হল সেটা ভাবতে গিয়ে আমি কোমায় চলে গেছি,Negative
অনেক সুন্দর  মামুন ভাইয়া,Positive
জয় ভাই মানেই ব্রান্ড জয় ভাই দ্যা  গ্রেড জয় ভাই আপনে চালিয়ে জান টিকটকার কে জে বাঁশ দিছেন তা একের ক হইছে,Positive
ভাই বাঁশটা এভাবে দেওয়ার জন্য ধন্যবাদ আপনাকে,Positive
"জয় ভাইকে অনেক ভালো লাগে,, কিন্তু অন্যের ব্যক্তিগত বিষয়ে এই ভাবে কথা বলায় খারাপ দেখায়",Positive
কি কমেন্ট করবো আমার কথা সবাই বলে দিলো জয় ভাই কে ধন্যবাদ সুন্দর করে বাঁশ দেওয়ার জন্য।,Negative
"আমি জানিনা জয় ভাইয়া এই প্রতিকূল পরিস্থিতি কতদিন পর্যন্ত টিকে রাখতে পারবেন আমি আপনার বড় ফ্রেন্ড হয়ে গেছি ভাই,",Positive
জয় ভাই সব সময় উচিত কথা বলে,Positive
ভালোবাসায়.... রুচির দূরভিক্ষ চলছে....,Negative
"জয় ভাই আপনি ওদের জিজ্ঞেস করছেন,, ওদের থেকে মানুষ কি শিখবে,ওদের জন্য তো ভাই আমি বিপদে আছি,,এক জুনিয়র প্রপোজ করছিলো,,বলছিলাম তুই আমার ছোট  রিলেশন সম্ভব না,, তখন সে কি বলছে জানেন? ,, মামুন আর লায়লার কতো বয়স,,তারা পারলে,আপনি পারবেন না কেন,,? আমি তো,, চিপায় পড়ে গেছি ভাই,,",Negative
আসলে লায়লা খুব ভালো মনের মানুষ  যদি ভালো মনের মানুষ না হতো তাহলে এত মার খাওয়ার পরেও তাকে পাশে রাখতো না,Positive
জয় ভাইয়ের তুলনা হয়না  এটার জন্য ভিডিও দেখা,Positive
জয় ভাই একটা জিনিস,Positive
লাখো মানুষের একই কথা জয় ভাইর মুখে,Positive
ওনার কথা শুনে আমি হাসতে হাসতে শেষ,Positive
সুযোগে সত ব্যাবোহার জয়ে ভাই,Negative
জয় ভাই আপনি যেভাবে এক এক করে সবগুলোকে ধুয়ে দিচ্ছেন এক সময় কিন্তু ধুয়ে দিবার পাউডার ফুরিয়ে যাবে,Negative
জয়ের  জয় হোক,Positive
ভাই সভ সময়  সথ‍্য  কথা বলে,Positive
এটা যদি বাংলাদেশ না হয় ইন্ডিয়া হতো তাহলে জয় থাকতো কপিল শর্মার বস এটা মানতেই হবে,Positive
ওরে ভাই জয় ভাইরে কেউ থামাও হাসতে হাসতে পেট ব্যথা করছে।।।,Positive
জয় ভাই একটা জিনিস রে ভাই,Positive
ছাড় দেওয়া হবে না ভাইরাল টিয়া পাখি ময় না পাখিদের,Negative
নাচ টা অনেক সুন্দর হয়ছে,Positive
আমারা তোমার জন্য দোয়া করি নাই কথাটা খুব ভালো লাগছে । 4:01,Negative
তবে যে যাই বলুক না কেন মামুন এর নাচ টা খারাপ হয়নি এটা মানতে হবে গানের সাথে পুরোপুরি মিল হইছে,Negative
"জয় ভাই, আপনি একটু ডিজেল লাগাইয়ে বাশটা দিলে ভালো হত।",Negative
থ্যাংক ইউ ভাই আপনি এতদিন কই ছিলেন,Positive
এটাকে বলে বাঁশ দেওয়ার প্রোগ্রাম। সবার একটা ব্যক্তিগত জীবন থাকে,Negative
জয় ভাই বস সেই হয়েছে,Positive
"জয় ভাইয়া, হালকা করে খেলে দিলো,,মামুনকে নাচিয়ে,,",Positive
মা ছেলের মতো ইন্টারভিউ।। সেই হইছে,Positive
জয় সাহেবের কোনো বিকল্প নেই তা আবারও প্রমানিত হইলো।,Negative
"লাইলার ভালোবাসা এতটাই বেশি ছিল যে, আগের দুইটা জামাই চাইরা এখন টুকাই মামুনের সাতে আছে।",Negative
জয় ভাই আপনি একটা জিনিস,Positive
ঠান্ডা মাথা বাস দিলো ভাইয়া,Positive
আমারা তোমার জন্য দোয়া করি নাই কথাটা খুব ভালো লাগছে,Positive
"তারা যদি তাদের বিয়ের কথা না বলে,,, আবার একসাথে থাকছে সমাজ কীভাবে এটা মেনে নিচ্ছে",Negative
"শেষের কথাটা জয় ভাই কি বলল সেটা বুঝলাম না কেউ বুঝলে প্লিজ একটু বলবেন আমাকে,",Negative
ভালোবাসা অবিরাম,Positive
"ওরে এটা আমি কি দেখছি রে,,, আমাকে কেও পাবনা ডেলিভারি করে দে রে",Negative
জয় ভাইয়ের নাচটা সেই হয়ছে,Positive
মা আর ছেলে চলচ্চিত্রের এক পর্দায় এসেছে লাইলার ছেলে মামুন।,Positive
কে কে আসছেন জয়ের বাঁশ দেওয়া দেখতে,Negative
5:23 থার্ড পারসন না বলে থার্ড জেন্ডার বললেই তো পারেন মিস লায়লা,Negative
এমন বুড়ী বউ 9:38 থাকলে দেখলে জ্ঞান হারাইয়া মইরা যাইতাম আসলেই বাঁচাতে পারতো না কেউ,Negative
এই ভাবে বাশ দারুন,Negative
ছেলেটা হচ্ছে বদমায়েশ এর দিক দিয়ে নম্বর 1,Negative
"জয় ভাইকে একটু সংযত হওয়া উচিৎ, কারন উনি যেভাবে কথা বলেন সেটা কোনো মার্জিত  আচরনের পর্যায়েই পড়ে না।",Negative
সাকিব কে বাদ দিয়ে মামুন কে বাংলাদেশ সুপার টার বানিয়ে দিয়া হক কে কে  এক মত,Negative
দেখতে হবে জিনিস কোথার ওনলি বরিশালের জয় ভাই,Negative
জয় ভাই প্রোগ্রামে মানুষকে অপমান করে বেশি। এগুলা ঠিক না।,Negative
এখানে তো দেখি সবাই হাসতে হাসতে উত্তর দিচ্ছে।আর নাজিম জয় হাসতে হাসতে বাঁশ দিচ্ছে,Positive
জয় এর ফেন হয়ে গেলাম,Positive
তোমাদের থেকে মানুষ কি শিখবে প্রশ্ন টা শুনে আমি হাসতে হাসতে শেষ,Positive
যদি   থাকলে তাহলে অনেক গালি দিতাম।,Negative
যদি   থাকলে তাহলে অনেক গালি দিতাম।,Negative
মা ছেলের জুটি মাশাল্লাহ অনেক সুন্দর,Positive
"থাক ভাই তোরা কেউ নজর দিস না ,, ,, ছোক ভাই আর বড় বোন এক সাথে টক শোতে আসছে",Negative
ধন্যবাদ জয় ভাই,Positive
ম্যাডামের নাতি নিয়ে ম্যাডামে শোতে আসছে  সেই কারণে বিয়ে করছে না না করছে বলে না,Negative
"যতোই বাঁশ দিক, এখানে এদের দাওয়াত দেয়াতে এই অনুষ্ঠান তার ওজন হারিয়েছে। কারণ এই অনুষ্ঠানে অনেক বড় মানুষ এসেছেন।চ্যানেল আই একটি প্রতিষ্ঠিত মিডিয়া।ভিউ ব্যাবসা থেকে বেরিয়ে আসা উচিত।",Negative
"ভিডিও টা দেখে কি লিখে যে কমেন্ট করবো সেটাই বুঝতে পারছি না,,,,,,খালি হাসি পাইতাছে,,,,,,,",Negative
আমরাও চাই ওদেরকে রিমান্ডে দেওয়া হোক,Negative
: কি দিন আসলো আমার? টাকার জন্য এদের ইনটারভিউ নিতে হচ্ছে,Negative
ভাই আপনার ভাজা গুলা সেই লাগে একবারে তেল নুন মরিচ ছারা,Negative
আপুনি তো এমনি সুন্দর মেকাপে মুখ টা না ডাকলে চলে না,Negative
এই দুই জন সমাজকে কি ম্যাসেজ দিলো? আমরাও কি  করা শুরু করবো?,Negative
সাবাস জয় ভাই,Positive
হেঁসে হেঁসে কি ভাবে অপমান করতে হয় আপনাকে না দেকলে বুঝতাম না জয় ভাই,Negative
দুই প্রতিবন্ধী কে নিয়ে টকশো জমে উঠেছে,Negative
জয় ভাই  আমার মনে হয় সেনডি সেনডি সাহ,Negative
বাঁশটা অনেক ভালো ছিলো।,Negative
জয়ের কাছে কারো ছাড় নাই,Positive
"কি বলবো,,এদের নিয়ে বল্লে শুধু নিজের মুখের ভাষা নষ্ট বা ফুরিয়ে যাবে,,",Negative
গভীর প্রশ্ন মামুন যদি কোরিয়ানদের মতো দেখতে তাইলে কোরিয়ান ছেলেরা কাদের মতো দেখতে,Negative
মা ছেলেকে দারুণ মানিয়েছে,Positive
কাপিল শর্মা শো এর থেকে এই শোটা দেখে আমি বেশি মজা পাই ছি,Positive
এরা আসলে বেহায়া জুটি আল্লাহ তাআলা এদের হেদায়েত দান করুক,Negative
জয় সাহেব সঠিক কথা গুলো বলেছিলেন,Positive
রোস্টারের চেয়ে ও ভয়ংকর নাজিম জয় ভাই পিছে পিছে কোন কথা নাই সব সামনা সামনি বরে দেয় রোস্টারের এখন আর ভাত নেই,Negative
জয়ের বাপ অমর অন ফায়ার,Negative
"ভাই আমি এরকম একটা লায়লা চাই,, থাকলে ইনবক্সে যোগাযোগ করেন",Negative
বাঁশ দেওয়ার জন্য জয় ভাইয়ার বিকল্প নেই,Negative
মুখে আর দাঁতে এত ব্যথা তাও হাসতে হাসতে শেষ,Positive
আমি নাচ দেখে হাসতে হাসতে শেষ ‌,Positive
কিছু ভালো না লাগলেও জয় ভাইয়ে মার দেওয়াটা ভালো লেগেছে।,Positive
অনেক ধন্যবাদ ভাইয়া আপনাকে আরো লজ্জা দেওয়া জন্য,Negative
হাসি তে পেট ফেটে যাবার অবস্থা,Positive
জয় ভাইয়া আপনার বাঁশের নামকি ভাই,Positive
"যা দেখাইলেন ভাই, আপনি একখান জিনিস জয় ভাই",Negative
ফইন্নীর সাক্ষাৎকারও নিলেন জয় ভাই,Negative
লায়লা মনে হয় খুব ভালো,Positive
অসাধারণ হয়েছে জয় ভাইয়া,Positive
বাসটা সেই ছিল,Negative
"আমি অদের জন্য দোয়া করি, কিন্তু ১০০%   গ্যারান্টি, তাদের সংসার লাইফ বেশি দীর্ঘ মেয়াদি হবেনা,,",Positive
লাস্টে এইডা কি কইলো ভাইয়ে  ওই ওই মিয়া আমারে দারা করায়... সিন টা জোস ছিলো জয় ভাই চান্সে হাল্কা করে ধোলাই ও দিয়া দিলো  খুব ভালো করেই ধুইয়া দিসে ২টারেই,Negative
চেল চেলাইতা জান্নাতে জাইবো।।,Negative
অনেক অনেক ধন্যবাদ জয় ভাইয়াকে দূইটা অমানুষ কে এভাবে অপমান করার জন্য।,Positive
মামুন ভাইয়া মেকাপ করছেন বুজাই জায়,Negative
"মামুন তো মেকাপ চিনেই না কিন্তু আমি যেন ওর চোখে, মুখে, ঠোটে কি যেন দেখতে পাচ্ছি",Negative
কে কে জয় ভাইয়া কেমনে বাশ দিচ্ছে তা দেখার জন‍্য এসেছেন,Positive
মামুন ভাইয়ের নাচ টা অনেক সুন্দর লাগছে দেখতে,Positive
টিকটকারদের কি বাঁশ দিলেও তারা কিছুই মনে করে না,Negative
আমার প্রিয় গালি টিকটকার,Negative
"ওরা ওদের মতো ভালোআছে এতো মানুষের বাজে মন্তব্য করার দরকার নাই,বাংলিদের মন মানসি কতা এতো খারাপ কেন রে ভাই কেউ কি বলবি আমারে",Negative
আমার চোখে মনে হয় সমস্যা  লায়লার চেহারা ভালো ভাবে দেখতে পারি না কষ্ট হয় দেখতে,Negative
কেউ কি খেয়াল করেছেন মামুন চোখে ভরপুর কাজল দিয়ে আসছে ভালুকা,Negative
"মামুন হচ্ছে ছেলে  লায়লা হচ্ছে বেটি,, উভয় মিলে সেলিব্রেটি",Negative
জয় ভায়ের প্রোগ্রামে আসার সাহস করে কিভাবে মানুষ,Negative
আরবের শেখ হয়ে নাচানোটা সেই অপমানজনক ছিলো যা ওরা টের ও পায় নাই,Negative
আহ জয় ভাই আপনিও না একটু কমেছেচ দিয়ে কথা বলেন,Negative
"বাঁশ দেওয়ার শো এটা,,,খুবই ভালো লাগে এগুলো দেখতে",Negative
বাঁশ দেয়াটা দারুণ হয়েছে,Negative
আমি আর আমার শাওন এখানে আসতে চাই,Negative
ভাই রে ভাই অনেক মজা পাইলাম,Positive
জয় ভাই আপনি এগুলো সহ্য করেন কিভাবে?,Negative
"বাংলাদেশে এক নাম্বারে বাশ দেওয়ার জন্য লোক থাকলে,  জয় ভাই,, আইক্কাওলা বাশ,,,",Negative
চ্যানেল আই এ এরা আসে কেমনে?,Negative
"এখন বলবেনা। যখন বাচ্চা হবে। যখন মামুন পালিয়ে যাবে। তখন বলবে, আমার বিয়ে হয়েছে",Negative
সেই বাস কাই লেন মামুন  লাইলা,Negative
কত ময়দা জানি মাকছে লায়লা ️️️️️,Negative
দুজনকে  বাস টা কিন্তু সেই লেভেলের দিছে।,Negative
বাশ কিভাবে দিতে হয় জয় ভাইর কাছ থেকে শিখা উচিত,Negative
জয় ভাই বাশের অপচয়  করেনা ঠিক জায়গায় কাজে লাগায়,Negative
রুচির দুর্ভিক্ষের জন্য এই অবস্থা,Negative
জয় ভাই মামুন লায়লাকে 570 সাবান দিয়ে ধুয়ে দিয়েছে।,Negative
জয় ভাই মেকাও চিনে না এ আবার চুলে নিয়ে কয় ভালই মজার বিনোদন আরও মজার মজার জুটি তৈরি হোক মানুসের বিনোদন হোক,Negative
ওনারা বিয়ে ছাড়ায় বাচ্চার বাবা মা হতে চায়  এমন পাবলিক পরে যায়ে খুজবে এই সন্তানের বাবা কে আসলে,Negative
এখানে তারা সুখি হলে আপনাদের জলে কেনো???,Negative
নাচটা সেই ছিল,Positive
জয় ভাই এবার উচিৎ ড. সাব্রিনা আর জায়েদ খানের বিয়েটা দিয়ে আপনার সো'তে নিয়ে আশা,Negative
আমিও আজকাল এসব দেখি?  আমি নিজেই বিশ্বাস করতে পারছি না।,Negative
মানুষ কতটা খারাপ হলে নিজের মায়ের গায়ে হাত তুলে,Negative
জয় ভাই সবায়রে ধইরা ধইরা জয় বাংলা করে দিতেছেন,Negative
দুইটা বানর কে বানরের খাঁচায় রাখা উচিত,Negative
"ভাই যত যাই করলেন কিন্তু এটা একদম আপনার নামের সাথে বেমানান হয়ে গেল,আফসোস",Negative
আমি হাসি থামাতে পারছি না,Negative
এদের ফেন ফলোয়ারদের লিষ্ট কি প্রকাশ করা হবে?,Negative
জয় একটা মাল রে ভাই,Negative
জয় ভাই বাঁশ দিয়েছে,Negative
মামুন নাকি কোরিয়ানদের মতো তার ৮০ বছরের খালাম্মা বলে,Negative
গুগল কর্তৃপক্ষের কাছে আকুল আবেদন ভিডিও তে হা হা রিয়েক্ট দেওয়ার ব্যবস্থা করা হোক,Negative
যদিও প্রথম প্রথম ভেবেছিলাম চ্যানেল আই এর মত একটা ভালো টিভি চ্যানেল এইসব খ্যাত মার্কা পোলাপানকে উপস্থাপন করবে কিন্তু ভালো লাগলো যখন জয় ভাইয়া এদেরকে সুস্থ ভাষায় সুস্থ মস্তিষ্কে বাঁশ দিলো,Negative
মামুনরে কোরিয়ানদের মত লাগেআর লাইলারে কেমন লাগে,Negative
আমারবুঝে আসেনা এরা জেনেশুনে বাঁশ কেন খেতে যায়,Negative
বাম্বু জয় ভাই‌কে যারা চি‌নে নাই তারা তার অনুষ্ঠা‌নে এসে  ঠিক মত বাম্বু নি‌য়ে তারপর চি‌নে,Negative
ঘাড় মটকানো টা সেই,Negative
হিরো আলমকে আনা হয়েছে কিনা এখানে জানতে চাওয়া আমার অবুঝ মন,Negative
নাচানাচি আর কেলানি টা জোশ ছিল,Negative
ইনি ডেকে এনে ঠান্ডা মাথায় সবাই কে বাঁশ দিচ্ছে,Positive
জয় ভাইয়ের মুখে কিছু আটকায় না,Positive
বিয়ে করেছ নাকি করনাই এই কথাটা সেই আছিল,Negative
বেবি কেয়ার প্রোডাক্টগুলো মামুনের জন্য নিলে ভালো হতো,Negative
4:09 এইসব জায়গায় আলহামদুলিল্লাহ বলা ঠিক না।আলাহ এদের হেদায়াত করুক,Positive
ভাই তোমার চ্যানেল নেই এবার ইনি এমন ডাউন খাওয়া যেন জীবনের মতন যেন অনলাইনে না সব ভুলে যায় জাদুর লজ্জা থাকে দিদি,Positive
"ঠান্ডা মাথায় অপমান করার জন্য জয়ের কোন বিকল্প নেই,,",Positive
ভাই চেহেরার কি অবস্থা মেকাপ দিয়ে,Positive
"কমেন্টে কি ছবি দেওয়া যায়,,,তাহলে বলুন আমাকে,,, আমি একটা ছবি দেখাইতাম।।।",Positive
জয় ভাই কি মুভি করেছেন,Negative
কমেন্ট পরতে এসে দেখি এখনে বাঁশের মেলা বসেছে,Positive
ভাইরে ভাই বাঁশের মাথায় মনে হচ্ছে কিছু একটা লাগানো আছে,Negative
জয় ভাইকে আমি ১০০% তে ১০০ দিলাম বাশ দেওয়ার জন্য,Negative
ভাই জদি পারেন 70 শাথে 40 মিলিয়ে দেন আর 17 শাথে 17 মিলিয়ে দেন,Negative
আরও  কিকি দেখতে হবে এ-ই ঢাকা শহরে  জানিনা,Positive
আপনাদের কি সমস্যা ভাই ওরা তো ভালো আছে,Negative
ইসলাম দৃষ্টিতে বিয়ের ছাড়া এক সাতে থাকা হারাম।,Positive
আগেরকার মানুষ যাত্রা করত এখন যাত্রাপালা হয় না তাই এখন টিকটক করে,Positive
সাবান ছাড়া ধুয়ে দিসে জয় ভাইয়া,Negative
আর মোস্তাকের সাথে লায়লা কে মিলিয়ে দেওয়া হোক,Negative
জয় ভাই ছেড়ে দেন না আর হইছে তো,Negative
জয় ভাই লাষ্টে কি বলেছে আপনারা কেউ শুনেছেন?? প্রিন্স মামুন নাকি 3rd,Negative
শুধু বাস না পুরা বাস এর বাগান সহ দিলো,Negative
নামাজ পর্দা জরুরি,Negative
লায়লা এবং মামানকে ডেকে এনে জয় ভাই বাংলা ওয়াশ করাটা ঠিক হলোনা,Negative
মামুন অনেক ভয়ে ভয়ে ছিলো,Negative
এদের থেকে  শিক্ষার কিছু  নেই!,Positive
বহুদিন পরে বানরের খেলা দেখলাম,Negative
জোকার গুলো কই পাইলেন ভাই,Positive
এটা জয় ভাই এর পাগলামি,Negative
আজকে শুনলাম তারা দুইজনে পিডা পিডি করে দুই জন দিকে চলে গেছে তাদের ভালোবাসা হা হু,Negative
ভালোবাসা না ছাই,Negative
ওয়াও,Negative
ভালো কিছু নিয়ে অনুষ্ঠান করবেন জয় ভাই এসব বাজে বিষয় নিয়ে আলোচনা করা ঠিক না,Negative
"ভাই জয় তুই তরে এত নিচে নামাই লি,,,",Negative
কয়েক বছর তো হয়ে গেছে একনো বেবি দেখা গেলো না এটা কেমন বিয়ে এদের বিয়ে হয়ে হয়েছে কি না সন্দেহ হয়,Negative
আর কোন অতিথি পেল না? একটা ন্যাশনাল টেলিভিশনে এমন সস্তা অনুষ্ঠান মোটেই কাম্য নয়! কি ম্যাসেজ দিল এই প্রোগ্রামের মাধ্যমে????,Negative
"সুন্দর করে ভদ্রভাবে অপমান করা হলো। তারপরও বাচ্চারা বুজতে পারে নি, কারণ তাদের প্রসেসর দুর্বল সেইসাথে রেমও অনেক কম, নকেয়ার মতো",Negative
"এদের লজ্জা শরম থাকলে একজন সিনিয়ার আর্টিসের সামনে হাসতো না,যতসব পাগল",Negative
এ-হা হা তো-নাই ভাই এখন দিমু-কি,Negative
জয় ভাই নিজে লজ্জা পায় প্রশ্ন করে কি বলব,Positive
আহারে,Negative
"আরও দুই তিনটি দেখেছি।  জয় ভাইযের ইন্টাভিউ, উপস্হাপনা ভাল লাগে না। তাকে উপস্হাপক মনে হয় না। আপনার বাদ দেয়া উচিত।",Negative
কলা দেখা মামুনের বয়স নির্ধারণ করল লায়লা,Negative
আটা যেই দেওয়া দিছে ভুতের ফেসকেও হার মানাবে,Positive
"এটা ভালো না,কারন আমাদের নবীজি নিজের থেকে বয়সে বড় মেয়ে বিয়ে করছে,তাই এরকম খারাপ কমেন্ট করে না",Negative
সেই লেভেলের বাশ দিয়ে দিলো,Positive
এদের যদি লজ্জা বলতে কিছু থাকতো তাহলে অনেক কিছু বদলে যেতো,Negative
এরা বুঝতে পারে না যে এদের কতো অপমান করে,Negative
"ভাই কোন দিক থেকে কোরিয়ান লাগে আমি তো বুঝি না,",Negative
এই টকশো দেখে আমার লজ্জা লাগছে।,Negative
মামুনের নাছ কিন্তু সুন্দর,Negative
উপস্থাপনার দুর্ভিক্ষ চলতেছে।,Negative
সে কুন সুত্রে একজন মহিলার গায়ে হাত দেয় আইন কি কোরছে বিয়ে না করে কিভাবে এক জাইগাই থাকতে পারে জানতে চাই,Negative
আমার কাছে টাকলা মুরাদ কে বাশ দেওয়া টা ভালো লেগেছিল,Negative
"এসব আসে কোথা থেকে,,,,বুঝিনা....! কে ভাইরাল হলো কিসের জন্য ভাইরাল হলো এটা বিবেচনা না করে লোক ডাকেন কেন...? এমন লোকদের ডেকে চ্যানেলের কি সম্মান বাড়ে না কমে....!",Positive
ভাই তারে কোন দিক দিয়ে  মনে হয়,Negative
এই ধরনের লোকদের কোনদিন কোন চ্যানেল এদের কাছ থেকে মানুষ কি শিখবে এদের কাছে স্বীকার কিছু নাই,Negative
এদের দেখে মানুষ পাগল হবে,Negative
বাঁশ এমনি হওয়া দরকার,Negative
এই বেডা সুন্দর সুন্দর মেয়ে রেখে একে কেন যে বিয়ে করল,Negative
জয় অতিরঞ্জিত করে,Negative
নাচটা অনেক  অসীম,Negative
এ যে টিকটিকি আর বুড়ি হাতির প্রেম,Negative
তোমরা কী করবে কিছুটা হলেও আমরা বুঝতে পেরেছি তোমরা দুইজন কিছুদিন পর দুই তিনটা অথবা একটা বাচ্চা জন্ম দিয়ে মিডিয়ার সামনে এসে তারপর বলবে আমরা দুইজন নিজেদের মধ্যে যুদ্ধ করে স্বাধীন করেছি হাহাহা,Positive
খুব ঠান্ডা মাথায় বাশ,Positive
"প্রিন্স মানে তো রাজপুত্র, ,, এই বলে প্রিন্স  তাইলে কেমনে কি,,,",Positive
কি দুনিয়া আসলো,Negative
"সবাই দেখে পা ফালাবেন, আমি বসে আছি",Negative
ক্লাস এইটে পড়া বাচ্চাকে ক্ষমা করে দিলেন মনে হইছে মনে হয়,Negative
মা ছেলে আর কিছু বলতে পারলাম না,Negative
কাজল দিছে মামুন,Positive
লায়লা বয়সে অনেক বড় মামুনের,Positive
বেচারা যে এসব গানে টিকটক করে না সে এসব গানে নাচছে  আমি খেয়াল করেছি,Positive
এই মহিলার বয়স কত,Negative
ভাই ইউটিউব এক কি হা হা রিয়েট নাই,Positive
নানি আর নাতির ভালোবাসা,Negative
মামুনকে লায়লাকে ধুয়ে দিলো,Negative
রোস্ট দেখে আসছি আমি,Negative
"লাস্টে এটা কি ছিল,হোয়াট এ বাশ",Negative
ভাইরে এমন ভাবে অপমান করছে বেছারা তো একেবারে শেষ,Positive
এগুলোকে ভালোবাসা বলে না এগুলোকে বলে বেহায়াপনা,Negative
৩ জনই অনেক বেশি ওভার এক্টিং করে,Negative
!   !!!!!!,Negative
আপনার সাথে প্রগ্রামের আগে তো আমি তাদের চিন্তাম না,Negative
মামুন তো লায়লার টাকাকে ভালোবাসে,Positive
দেশ থেকে বিদায় নিয়েছে নির্লজ্জতা।,Negative
হাসতে হাসতে শেষ,Negative
সবাই বলো সেই স্বাদ,Negative
বখাটে চিত্রকর মানে হল এটা,Negative
"সব সময়, সব জায়গায় পাগলের মত কথায় কথায় হাসা ঠিক না, মানে এরা কথায় কথায় হাসছে কেন সিরিয়াস ভাবে হাসি বন্ধ করে কোন কথাই এরা বলতে পারেনা মনে হচ্ছে।",Negative
এমন অপমান মামুন পানি ভাত দিয়ে খেয়ে ফেলে,Negative
বানদুর বানদুর বানদুর,Negative
মা আর ছেলে।,Negative
পাগল পাইলে খুব মজা! তাই তো জয় ভাইয়া?,Negative
শেষে কি বলল? হাইড করে দিসে।,Negative
চ্যানেল আই এর মত এত  বড় চ্যানেলে নষ্টাদেরকে নিয়ে আসা উচিত হয় নাই।,Negative
ঠান্ডা মাথায় বাশ দিলো,Negative
বাঁশ কই প্রকার ও কি কি ডেকেএনে বুঁজিয়ে দিলেম,Negative
আমি চিনি না কে ওরা,Negative
ওদের ডিভোর্স হলে ভালো হতো,Negative
ও তো তোমার ক্লাস ৮ এ পরা একটা বাচ্চা,Positive
আমি তো ভেবেছিলাম  মা - ছেলে!!,Negative
যারা পাগল তারা এখানে এসে উজি উজি অপমানিত হয়,Negative
"হায়রে লজ্জা দিলো দুইডারে,",Negative
মনে হয় এরা বিয়ে করেনি বা করবেওনা। ভাইরাল হওয়ার জন্য এগুলা করছে,Negative
এরা কারা,Negative
মামুনের গলায় জল নাই,Negative
জয় ভাইয়া নাছতে পারে না মামুন ভালো হয়,Negative
মজা পাইলাম,Positive
আলিফ লায়লা,Negative
নানী নাতির প্রেম জমে ক্ষীর....,Negative
আপু যা মেকআপ দিছে। দেখে মনে হয় ১কেজি ময়দা মাখছে,Negative
বাঁশটা জায়গার মত পরেছে জয় ভকইয়া,Negative
"এরা ফ্রি মিক্সিং শেখাচ্ছে কেন,,, বিয়ে করছে বললেই হয়",Negative
জয়গুরু,Negative
বকাটে একটা ছেলেকে মিডিয়ায় স্পেস দেওয়ায় কি আছে,Positive
প্রিন্স খুব ভদ্রভাবে কথা বলছে।,Negative
হালকার উপর ঝাপসা করে রোষ্ট করার নাম জয়ভাই,Negative
টিকটক করে শুনলেই ঘিন্না করে।,Negative
ভাই তুই আর কতো রোস্ট হবি,Negative
লজ্জা নাই এই গুলোর। এই রকম ধলাই জীবনে দেখি নাই।,Negative
ওরা বিয়ে চাঁড়া একই চাঁদের নিছে কি ভাবে থাকে?,Negative
এইটা কোন শো হল আর উপস্থাপকের  খুবই বাজে ব্যবহার মানুষকে এভাবে হেয় করার মাঝে ভালো কিছু নাই।,Negative
বাংলা ওয়াশ,Negative
"হাহাহা,মানুষের লজ্জা না থাকলে যা হয়।",Negative
পাতলা জয়,Negative
ফাইজলামি কারে বলে এখান থেকে শিখতে পারবে,Negative
আমরা তোমাদের জন্য দোয়া করি নাই,Negative
ঠান্ডা মাথায় বাশ,Negative
"দোয়া করি নাই, দোয়া ছাড়া হয়ে গেছে",Negative
ভাই আপনাদের কি আর কোন কাজ নেই টোকাই নিয়ে এগুলা কি করেন,Negative
মা ইরটাসেই,Negative
লাইলা মামুন কে বশ করে রেখেছে,Negative
লাজ লজ্জা বলতে কোনে কিছু নাই এদের,Negative
এইটা কি ঐ নাপিত ছেলেটা?,Negative
অোর বয়স আসে টের পায়ছেন।,Negative
দিতীয় রিনা খান,Negative
ওর গলা শুকিয়ে গেছে ওরে একটা বিড়ি দেন,Negative
একেই বলে ঠান্ডা মাথায় খুন,Negative
এদের কে নিয়ে অনুষ্ঠানা না করলেও  পারে,Negative
"মানুষকে দাওয়াত করে ,অপমান করার অধিকার নেই আপনার।",Negative
বিয়ে না করে এক সাথে তাকে....অদের নিয়ে এইসব,Negative
আমি তো এদের চিনি না,Negative
চামে মেরে দিয়েছে,Negative
ওপারের জন্য চিন্তা কর,Negative
এই ২টারে চিরিয়াখানায় ঢুকানো যায় না.?,Negative
ছেলেটাকে দেখে মেয়ে মেয়ে মনে হচ্ছে,Negative
দোয়া করেনাই বলে,Negative
ওরে জিগান কলেমা পারে কিনা,Negative
লজ্জা শরম বলতে কিচ্ছু নাই,Negative
মনে হয় ছেলে তার মার কাছে ক্ষমা চাইলেন,Negative
বাঁশ আইকাওলা বাঁশ।,Negative
বেস্ট রোস্টিং ভিডিও।,Negative
লায়লা মেকাপ করে আরো বুড়া হয়ে গেলো,Negative
এমনি দেয়  বিয়ে করে  নাই,Negative
কমেন্ট এটা ছাড়া  আর কিছুই করার নেই,Negative
অই নাচো,Negative
ছি ছি ছি...কোথায় পৌছে গেছে দুনিয়া???,Negative
চুল   গুলো   দেকতে   । আর  বললাম   না,Negative
এটাকে নাচ বলে ভাই মুজরা বলে,Negative
এটাকে নাচ বলে ভাই মুজরা বলে,Negative
টুকাই এর ভাবটা কি,Negative
মদোন 0:27,Negative
বিয়ে না করে একসাথে থাকেন কিভাবে,Negative
হাসতে হাসতে,Positive
বয়কট চেনেল আই,Negative
বাশ দিয়েই দিল,Negative
"লাইলা নাচলে কেমন লাগে দেখলাম না,",Negative
আমরা তোমাদের জন্য দোয়া করি নাই,Negative
মনে হয় মামুনকে,Negative
"তন্নি ভালো ছিলো,,,,,কমিডি হয়নি,,,,একদম বাজে ছিলো মুসতাক আর তিশা",Negative
মামুনের হারবালের মেয়াদ শেষ,Negative
জিবিত বানর দেখলাম,Negative
ময়দা মাখায়েতো.......লায়লা,Negative
আমারা তোমার জন্য দোয়া করি নাই।,Negative
আপনি টের পাইসেন ও ও ও,Negative
বিয়া চারা কতো মজার ব্যাপার,Negative
এসব নোংরা আর ফালতু মানুষকে নিয়ে সো করেন আপনাদের লজ্জা করে না,Negative
একদম আক্কেওয়ালা বাঁশ,Negative
এইটা কোন গ্রহের প্রানী।,Negative
আচ্ছা  এইসব  ফালতু  মানুষ কেন নিয়ে  আসেন।,Negative
তিশা-তনির বুড়িকাল,Negative
হায়রে জোকার  9:43,Negative
চার বছর পর আর ভালো লাগবে না,Negative
ময়দা আর ছিলো না,Negative
পক পক করে দিচ্ছে,Negative
জয় ভাই একটা মাল,Negative
মাগামাগী,Negative
এটাও স্ক্রিপ্টেড,Negative
কি অপমান,Negative
নির্লজ্জ,Negative
মাইরা ফুলাইয়া ফালাইছো,Negative
ময়দা ভলত,Negative
তিন চারটা বিয়ে করা কি স্ট্রাগল নাকী,Negative
বাচ্চা হওয়ার পর বলবে,Negative
রুচির দুর্ভিক্ষ,Negative
কতটা জবলেস  হইলে আমি এই ভিডিও দেখি,Negative
"এগুলির লজ্জা নাই, হ্য হ্য করে হাসে",Negative
আবার ---ল ---৫০০,Negative
এতো মেকাপ,Negative
হাউয়ার পোলায় বিটিএস,Negative
বে‌শি‌দিন চল‌বে না।,Negative
ম্যাকাও কি,Negative
বুইরা বয়সে ভাব কত,Negative
। তিন পাগলের হলো মেলা,Negative
এই নাচ বুড়া বেড়ি লই,Negative
হায়রে এরা কি,Negative
অসুস্থ বাঙালি,Negative
নাটক দেখলে গা জ্বলে।,Negative
দেখলে মনে হয় মা ছেলে।,Negative
বাঁশ  কত প্রকার,Negative
একটা বাচ্চা হলে পরে বিয়ে করবে,Negative
লিপ সার্জারি,Negative
গে,Negative
ফালতু সব,Negative
এই বটকা বেডিরে আমার একদম ভাল লাগে না কে কে আমার সাথে একমত,Negative
তোমরা মারা মারি কিভাবে করো,Negative
বাবুনিয়ে বিয়ে করবেন।।।,Negative
হরে হরে বোম বোম,Negative
এরা জিনা করে,Negative
"মাইরা ফুলাইয়া লায়লা,,",Negative
এই বটিকে ডাইনোসারের মতো লাগে,Negative
নতুন বাঁশি বাজে,Negative
ভুয়া,Negative
বিরক্ত কর,Negative
দুই টুকাই,Negative
জোকার দুইটা,Negative
বাঁশের বহুবিধি ব্যবহার,Negative
ফুথু ফুথু ফুথু,Negative
ভুদা কি মানা জাই কেমনে কি,Negative
পুরাই বস্তা পচা ইন্টারভিউ,Negative
বস্তিমার্কা শো,Negative
জয়রে লেং মাইরা পাবনায় পাঠা,Negative
মোস্তাকে আইনের আওতায় আনা উচিত তাড়াতাড়ি এবং কঠিন সাজা দেওয়ার জন্য অনুরোধ করছি,Negative
মোস্তাকে আইনের আওতায় আনা উচিত তাড়াতাড়ি এবং কঠিন সাজা দেওয়ার জন্য অনুরোধ করছি,Negative
মোস্তাককে রিমান্ডে নেওয়া উচিত।,Negative
মোস্তাক খুবই কৌশলী লোক।। একে আইনের আওতায় আনা উচিত।।,Negative
আমি সুধু  দেখতেছি মুশতাক  ওতিসার ভিডিও  কিন্তু  আজকে  কমেন্ট   করলাম আমি সবার  কাছেই  একটাই অনুরোধ  করছি   এই  বুইরা বাটাকে আইনের আওতায়  এনে রিমান্ডে  দেওয়া হক  তাহলে সব কিছু  ব্যারিয়ে আসবে।,Negative
"সংবাদ সম্মেলন করলো কথাতো সব মোস্তাকই বললো, তিশার তো কোন বক্তব্য দেখলাম না, মোস্তাককে রিমান্ডে নেওয়া উচিৎ।",Negative
ঐদিন আর বেশি দূরে নয়  যেদিন মুশতাকের ইঞ্জিন আর চলেনা বলে দাদু কে বিদায় দিয়ে নতুন ভাতার খুজবে,Negative
"মোস্থাককে উচিত শিক্ষা দেয়া উতিচ, যাতে এ কাজ আর কেউ করার সাহস না পায়,,,,",Negative
মোস্তাক কে রিমান্ডে নেয়া হোক,Negative
মেয়েদের মন পাল্টাতে যে সময় লাগেনা সেটা কিছুদিন পরেই আমরা বুঝে জাবো,Negative
"ওরা বিয়ে করেছে, ওরাতো অবৈধভাবে সম্পর্ক করে নাই । ওরা যদি সুখে থাকে আমাদের চুলকায় কেন?",Negative
"মোস্তককে রিমান্ডে নেওয়া দরকার,  আমার মনে হয় মেয়েটা বিপদে পরছে, মোস্তাকের সম্পদের খুজ নেওয়া দরকার এত সম্পদ কি, কি অবয়ধ পথে করছে",Negative
ওকে সিদ্ধ  ডিম দেওয়া উচিত,Negative
মুশতাক কে আইনের আওতায় আনা হোক জুর দাবি জানাচ্ছি,Negative
এরা সুখে থাকলে মানুষের দোয়া করা উচিত,Positive
"আই ফোনও পুরাতন হয়ে যাবে, তিশারও মূল্য হীন হবে",Negative
এই ভদ্রলোককে সমাজের লোকেরা এখনো বাঁশ ডলা দিচ্ছে না কেনো!!,Negative
এর কঠিন বিচার হওয়া উচিৎ,Negative
এই বদমাশে কি একবার ও মনে হয়নি যে একটা ফুলের মত মেয়ের জীবনটা এভাবে নষ্ট কেন করলাম,Negative
"মুশতাকের চাপার দাঁত নাই, দাঁত লাগা মিয়া",Negative
"এখানে একজন ভবিষ্যতের সংসদ সদস্য আরেকজন বাংলা ছায়াছবির জনপ্রিয় অভিনেত্রী, আমারা তাদেরকে  সেই পথে একটু একটু করে নিয়ে যাচ্ছি।",Negative
সাংবাদিক রা এই ঘটনা টানাটানি করছে,Negative
"বাবার অনুমতি ছাড়া বিয়ে হালাল নয়,আপনি জানেন না কি?",Negative
"অল্প বয়সের মেয়েকে ভয় দেখিয়ে বিয়ে করেছে এটি সত্যি,, বিয়ে হয়ে গেছে তাই আর কি করার",Negative
মোস্তাক  কে আইনের আওতায় আনা উচিত,Negative
মুশতাক কে রিমান্ডে নেওয়া উচিৎ,Negative
কাকা প্রডাকশন ঠিক ঠাক মেরেছিলেন তো।।,Negative
এমন মেয়ে যেন কারো ঘরে জন্ম না হয়,Negative
প্রথমত একজনের বিচার করেন  কেউ আর  এ ধরনের কাজ করার সাহস পাবে না। দ্বিতীয়ত  এখনকার সন্তান গুলো বাবা মাকে অনেক কষ্ট দেয়  মনে রাখবে তোমার ও একদিন বাবা মা হবে  সেদিন আফসোস করবে কিন্তু কিছুই করার থাকবে না।,Negative
"সাংবাদিক ভাইয়েরা আপনারা দের, কাছে অনুরোধ করছি এসব খবর বন্ধ করুন",Negative
মা বাবার মনে কস্ট দিয়ে সুখী হওয়া যায় না।,Negative
সমাজের অবক্ষয়।,Negative
দাদু সবই ললিপপের জাদু।,Negative
"শুধুমাত্র, যদি তিশা প্রাপ্তবয়ষ্ক হয়ে থাকে তাহলে তার মতামত কে প্রধান্য দেওয়া  উচিত ।",Positive
সমাজে এ অসামঞ্জস্য কার্যক্রম চলতে থাকলে সমাজ ব্যবস্হা আর সামাজিক কার্যকলাপ বলতে কিছুই থাকবে না।এ ঘটনার প্রকৃত রহস্য উৎঘাটন করে দোষীদের দৃষ্টান্তমূলক শাস্তি দেয়া উচিত।,Negative
আহ! জাস্ট লুকিং লাইক এ ওয়াও,Negative
মোশতাক দাদু এগিয়ে চলো আমি আছি আপনার সাথে,Negative
মেয়েটা খুব পস্তাবে।,Negative
মোস্তাককে আইনের আওতায় রিমান্ডে নেওয়া হোক,Negative
লুইছছা লুইছছা লুইছছা লুইছছা   মুশতাক।  মুশতাক কে রিমান্ডে নিক,Negative
মোতাক। কে।আইনের। আওতায় এনে শাসতীর।দাবি জানাই,Negative
দুজন যেথা মিলিছে সেথা থাকো প্রভু তুমি থাকো সকল অশুভ হইতে তাদেরে ঢাকো প্রভু তুমি ঢাকো শুভাশীষে ম্যাক রাফখান কোলকাতা,Negative
"ধরলাম মেয়েটা অবুঝ,, তাকে পেতে চায়,,,, মুশতাকের ঠিক হয়নি তাকে বিয়ে করে,,,, তাকে বুঝাতে পারতো যে তোমার বিয়ের বয়স হয়নি,,,,",Negative
মোস্তাক ভাল হয়ে যাও,Negative
এখানে মুস্তাক কাকু কোন অন্যায় করে নাই ওনাকে নিয়ে এভাবে ট্রল করা মোটেও ঠিক হচ্ছে না,Negative
2:40 আমি তিশার বাবা হাস্যকর,Negative
লিংক কোথায়,Negative
রিমান্ডে নেয়া উচিৎ।,Negative
"আচ্ছা এ মানুষগুলোর কি কোন কাজ নাই,,,?ভাই,আমরা বিরক্ত।বিরক্ত।বিরক্ত।এখানে সময় না দিয়ে খাটে সময়দেন।নাহয় আপনার জা বয়স পরে কিন্তু ট্রাই এন্ড ডাই হয়ে জাবেন।",Negative
মোস্তাকে আনের আওতায় আনা হোক,Negative
এই মুস্তাকের  জীবন এর জীবন ইতিহাস জনগণের সামনে তুলে আনা হউক।,Negative
মোস্তাকে আইনে আওতায় আনা উচিত,Negative
মুস্তাক ত সুখে আছে যার ব্যাথা সে বুজে,Negative
এ নাটকের কাহিনী গুলো খুব বেশি দিন টিকবেনা শুধু শুধু আবেগের কারণে ভাইরাল হওয়ার জন্য  নিজের জীবন ও লাইফটা ধংস মাত্র  দুই দিন পরে মজা টের পাইবে,Negative
মোস্তাক কে রিমান্ড দেওয়া হোক,Negative
মোস্তাককে রিমান্ডে নেওয়া উচিত,Negative
মোস্তাককে বিচারের আওতায় আনা উচিত,Negative
আচ্ছা বাবা মা কি! এই মেয়ে কি বুঝে?,Negative
আইনের আওতায় আনতে হবে।  মুস্তাককে,Negative
"মেয়েটা বলেছে, পরিস্থিতিতে পরে সে বিয়ে করছে। পরিস্থিতি বলতে আমার কাছে ব্ল্যাকমেইল মনে হয়েছে আর এই বুড়া মেয়েটাকে বাজে পরিস্থিতিতে ফেলে হয়তো বিয়ে করেছে।  বুড়ো মুরুব্বিকে রিমান্ডে নেওয়া উচিত।",Negative
"মোশতাক ভাই ও ভাবীকে আল্লাহ রক্ষা করুক, সুখী করুক।  আমিন",Positive
মোস্তাকের হোগা দিয়ে করমু তখন বুজবে খেলার মজা কি,Negative
এরা দুজন। সুলতান সুলেমান এবং হুররাম জুটি।,Positive
মোস্তাক জয় বাংলার লোক  বিচার চাহিয়া লজ্জা দিবেননা,Negative
আমার মনে হয় মুস্তাক সুন্দর বউ পাওয়াতে সবার খুব হিংসা হচ্ছে এই জন্য এই ধরনের কমেন্টস করে। যাই হোক বিয়ে করে তো সংসার করতেছে তারা তো ভালই আছে তাহলে মানুষের ভিতরে.......,Negative
তোমাদের পাসে আছি,Positive
একটা অল্প বয়সী মেয়ে দাদার বয়সের পুরুষকে বিবাহ করবে এর পিছনে  অবশ্যই কোনো সমস্যা আছে।,Negative
পৃথিবীতে সবচেয়ে সুখী ব্যক্তি সে যার কোন লজ্জা নাই পোশাক  পরলে লজ্জিত হয় না লজ্জা থাকে চোখে,Negative
"খাওয়া শেষ,এই নষ্টাটাকে এখন মাছিয়ে খাবে",Negative
দাদু তুমি কচিফুলের মধু খেয়ে দরজা খোলা কি বুঝাইতেছ।,Negative
মোস্তাকে রিমান্ডে নেওয়া  উচিৎ!,Negative
মুস্তাকের একদিন ইন্জিন শেষ হয়ে যাবে তখন তিশা অন্য একজন ইঞ্জিন খুঁজে নিবে,Negative
দুই জনকে রিমান্ডে দেওয়া উচিৎ,Negative
উনি বললো উনি তিশার বাবা মানে বুঝলাম না?,Negative
আমি তিশার বাবা হিসাবে এটা কি বলছে বুঝলামনা!!,Negative
"আপনারা দয়া করে এদের ভিডিও প্রচার বন্ধ করেন , এদের  কে ভাইরাল করা বন্ধ করেন ! মেইন স্ট্রিম মিডিয়া হয়ে এসব কি খবর প্রচার করছেন আপনারা ? আমি একজন বাংলাদশি হিসাবে লজ্জিত !",Negative
অন্যের বিষয়ে নাক গলানোর কি দরকার। ওরা যদি ভালো থেকে তাহলে থাকক না। অন্যের সমালোচনা করে কোন লাভ নেই  অন্যের দোষ খুঁজে কি লাভ।,Negative
এটা যদি কোন আলেম করতো এতক্ষণ রিমান্ড হয়ে যেত,Negative
এই মেয়েটির একটি সুদুরপ্রসারী পরিকল্পনা আছে যে কারনে একজন বয়ষ্ক লোককে স্বামী হিসাবে গ্রহন করেছে।,Negative
"*যাব কেন? -ভোগ করার জন্যে। *দরজা খোলা! - ভোগ করা শেষ, এখন নতুন শিকারের সন্ধানে।",Negative
তিশার কোন সমস্যা নাই কিন্তু বাঙ্গালীদের রাতে ঘুম হয় না তিশা কেন বুইড়ারে বিয়া করছে,Negative
"মোস্তাক ভাই ভালো মানুষ,  সে বিয়ে করে নারীকে যথাযথ সন্মান দিয়েছে।",Positive
তিশাকে মোস্তাক ব্লাকমেইল করছে এবং তিশাকে ব্ল্যাকমেইল করে বিয়ে করছে,Negative
মোস্তাক তিশার বাবা... 2:40,Negative
তিশার কঠিন শাস্তি হওয়া উচিত কারণ সে টাকার লোভে এই কাজ করেছে,Negative
এই একটা সাস্থি হওয়া উচিৎ,Negative
তিশা মোস্তাক এবং তিশার বাবা তিন টাকেই রিমান্ডে নেয়া উচিৎ।,Negative
যেখানে মেয়েটা খুশি সেখানে এতো কথা না বলা ভালো,Positive
এমন সুসংবাদের লিংক কোথায়,Negative
2:40 তিশার বাবা মোশতাক,Negative
ফুলের মধু গ্রহণ করা শেষতো,Negative
এদের কান্ডো দেখে ' তো অবাক,Negative
"যে দিন দুজন আলাদা হবে,,সেদিন আসল সত্য জানা যাবে??",Negative
2:40  তিশার চিনি বাবা,Negative
তিশা ঠিক করেছি কিনা সেটা বিবেচ্য নয়।  তুমি ঠিক করেছি কিনা সেটা বিবেচ্য ।,Negative
এর হাত অনেক লম্বা!,Negative
2:40 আমি তিশার বাবা হিসেবে যা ক্ষমা চাওয়ার চাইবো,Negative
ইসলাম এ মেয়েদের বিয়ে করতে অভিভাবক এর অনুমতি লাগে।,Negative
২.৪০ আমি তিসার বাবা,Negative
মুশতাক চাইলে জিনা ব্যভিচার করতে পরতো তা না করে বিয়ে করছে। আর বিয়ে  অবশ্যই একটা ভালো কাজ।,Negative
মোস্তাককে দেখে সকল পুরুষের অনুপ্রেরণা পাওয়া উচিত।,Negative
মধু খাওয়া শেষ এখন তিশা যাও,Negative
এই বদমাসকে কেনো পুলিশ দরেনা,Negative
তাকে রিমান্ড নেয়ার দাবি,Negative
খেলা হবে,Negative
তালপানি খেয়ে নিয়ে এখন বলছে যখন খুশি চলে যেতে পারে,Negative
"বিয়ে করে লোকটা যে বিপদে পরেছে,মানুষ যেনা করলেও এরকমটা হয় না",Negative
"পাঠায় আউলায়া গেছে,তিষার বাবা হিসাবে",Negative
15 .এমনেই তো আসে না.চিন্তার বিষয়,Negative
মোস্তাককে রিমান্ডে নেওয়া হক,Negative
যে রকম শিক্ষা দিবা সন্তানকে  সে রকম আচরণ পাওয়ার জন্য তৈরি থাক,Negative
এই মহিলা কোনদিন যে আত্মহত্যা করে। আল্লাহ তায়ালা ভালো জানেন।,Negative
খেলা শেষ মামু,Negative
ভিডিও লিংক পাওয়ার আশায়  আসলাম..  হতাশা নিয়ে ফিরে গেলাম...,Negative
মেয়েটার কোনো মন্তব্য নেই কেনো..?,Negative
মুশতাকের কোনো একটা দোষ বা অপরাধ কি কেউ বলতে পারবে??? বুড়ো বয়সে যুবতী মেয়ে বিয়ে করা কি অপরাধ???,Negative
১টা জিনিস বুঝে আসেনা... এই বিষয়টা নিয়ে এতো হইচই কেনো???,Negative
তিশার বাবা হিসেবে ক্ষমা চেয়ে নিবো এটা মানে কি বুঝলাম না,Negative
এগুলো পাগলী ছাড়া কিছুই না,Negative
এই লোকটার লজ্জা বলে কিছু আছে মনে হয় না,Negative
একটা মেয়ের জীবনের ১২টা বাজিয়ে আপনি ভালো সাজছেন।,Negative
তাকে রিমান্ডে নেওয়া হোক,Negative
আমি তিশার বাবা হিসেবে,Negative
মোস্তাক এবং তিশার পিছনে কেনো যে মানুষ পিছনে লাগছে তা বুঝতেই পারলাম না।,Negative
এই হারামি কি কোনো ব্যবসা করে?? যদি করে থাকে তাহলে আমাদের জানান সে কোন ব্যবসা করে তার কি প্রোডাক্ট। আমরা সেই প্রোডাক্ট বর্জন। তার ব্যবসার ক্ষতি করতে চায়,Negative
"শুভকামনা রইল তোমাদের বিবাহিত জীবনের জন্য তাড়াতাড়ি বাচ্চাকাচ্চা নিয়ে নাও,তাহলে সব সমাধান হয়ে যাবে",Negative
স্বসম্মানে নামিয়ে দিয়ে আসার কি আছে বাকী?  সম্মান কি এখনো অক্ষুন্ন আছে?,Negative
নানা তোমার এতো যুক্তিতে কাজ হবে নাকো,Negative
মেয়ে ভালো না বাবা মা কে বলি এরকম মেয়ে থাকার চাইতে না থাকা ভালো,Negative
আমি তো এমনিতেই খেলতে পারি  করতে যাব কেন,Negative
তিন টনের গারিতে ১০ টোন লোড দেয়া হচ্ছে এটা বে আইনি,Negative
এদেরকে নিয়ে টানাটানি করে লাভ কি। ওদেরকে ওদের মত থাকতে দেন। যে যাকে পছন্দ বিয়ে করেছে,Negative
মুস্তাকের   মেয়ে টা আশি বছরের   বুড়া  কে দেবে কিনা  একটু জিন্দাবাদ  করেন       বাংলাদেশের  মানুষ,Negative
তাহলে ভিডিওটা কার এটা কার কাকু,Negative
তিস্তা মা তোমার বাবা কে বাচাও,Negative
আগে বলেন ভিডিও টা সত্যি না মিথ্যা,Negative
মুশতাক ভাল হইয়া যা,Negative
এই বুড়া বয়সে কেমনে খাঁড়া করে বুঝিনা,Negative
এরে রিমান্ডে নেওয়া হোক,Negative
তিশার ভিডিও লিংক চাই কে কে চান লাইক মারেন,Negative
মোস্তাক আর এই মেয়ের বিচার হওয়া উচিত,Negative
মানুষের এতো কেন মাথা ব্যাথা যদিও বা আমারও একটা সময় ছিল  তিশা বুড়া বেটার বাড়া পছন্দ করে ভালো কলা থাকতে যদি কেউ পঁচা কলা খেতে চাই সেখানে আর বলার মত কিছু থাকে না।,Negative
দেশে আইন-কানুন কার্যকর না হয় কি অবস্থায় করতে হয় ফ্যামিলিদের।,Negative
"আরে ভাই হাদিসে আছে যদি কেউ বিয়ে করতে ইচ্ছুক থাকে তাকে বিয়ে করা যাবে। বয়সের কোন ফ্যাক্ট না, বিয়ে কোন খারাপ কাজ না একটি পবিত্র জিনিস। এটাকে নিয়ে এত ট্রল করার কি আছে।",Negative
তিশার মেকাপ অনেক বেশি হয়ে গেছে,Negative
তাকে জিজ্ঞেসবাদ করা উচিত,Negative
উনি বৈধভাবে বিয়ে করেছে অনেকে বলছে রিমান্ডে নিয়ে আসতে  রিমান্ডে নিয়ে আসার আপনারা কে,Negative
তারা বিবাহিত তাদের নিয়ে কথা বলার অধিকার করো নেই।,Negative
তোমার মধু খাওয়া শেষ। তুমি ইচ্ছে হলে চলে যেতে পারো। আমার দরজা খোলা রয়েছে।,Negative
মোস্তাক নামটাই বাংলাদেশের সাথে যায় না,Negative
ঔষধ খেয়ে যৌবন কতদিন ধরে রাখা যায়  সেটাই প্রশ্ন।,Negative
হের লজ্জা শরম বলে কিছু নেই।,Negative
"পুরাতন কাঠি নতুন ঢোল টুকা দিলেই আওয়াজ,  টাক টাক,",Negative
মুস্তাকের যায়গায় আমি হলে কেমন হতো,Negative
"মুসতাক কি জাপানী ইঞ্জিন পিট করলো না কি, দেখা যাক  জাপানি ইঞ্জিন কয় দিন চলে",Negative
কয়দিন খেয়েছেন তাকে।,Negative
সে বিয়ে তাতে আপনাদের সমস্যা কি বুজলাম না,Negative
"ভাই আপনাদের কি আর কোন কাজ কাম নাই,এই ডেট ওভার বুইড়ার আর অই আবাত্তি মাইয়ার প্রেম/ভালোবাসার প্রতিবেদন আর কত করবেন??সত্যি আপনারা শুধু ভিউ পাবার জন্যেও এইসব ডাস্টবিনের ভেতর পরে থাকার যোগ্য বিষয়গুলা নিয়ে প্রতিবেদন করছেন।।বাংলাদেশের সবচেয়ে নির্লজ্জ হচ্ছে আপনাদের মত স্বঘোষিত সাংবাদিকেরা",Negative
এই মেয়ের কোনদিন ঠিকানা হবে বস্তিতে খুব অচিরে সেটা হবে,Negative
চাচার দন মনে হয় অনেক বড়ো,Negative
"তুমি তো এই মেয়েকে নস্ট করে দিয়েছো,,, সে গিয়ে আর কি করবে???",Negative
এখন তো খাওয়া হয়ে গেছে চলে গেলেই বা কি এমনিতেই রাখছে নাকি মোস্তাক,Negative
আমি বড় হয়ে চিনি বাবা হবো,Positive
এই দুইটাই মানসিক বিকারগস্ত,Negative
"মুতুর কাছে, তিসুর,,,,,,,আছে, যার কারনে সে হয়তো",Negative
আরে মিয়া তুমি তো ওরে নাচের পুতুল বানিয়ে ফেলছো।,Negative
টাকা তুই সময় মতো আইলিনা,Negative
রুচির দুর্ভিক্ষ!!!!,Negative
"যারা বিয়ে করেছে তাদের কোন সমস্যা নেই, আলগা মানুষের সব চুলকানি!",Negative
তোর মত এমন মেয়েকে এমন শিক্ষা হওয়া উচিত যা কিনা উদাহরন হয়ে থাকবে,Negative
এই মিডিয়ার কারণে তিশার জীবন শেষ।,Negative
এই সেটা নিউজ ছাড়া আর কোন নিউজ পাওনা কালবেলা? মেয়ে বাবা জামাই তিনটাই নষ্ট।,Negative
খানিক পোলাগো জালায় পাগল হয়ে গেলাম,Negative
বিয়ে করেছে করেছে কিন্তু তারা জেই অতিরিক্ত বাড়া বাড়ি করতাছে সেটা কিচুতেই মানা যাচ্ছে না,Negative
বদমায়েশ,Negative
"শরিয়া মত বিয়ে হয়েছে, এখন শরিয়া মত চললেই হত মনে হয়।",Negative
চিনতেন  না তাহলে  পারিবারিকভাবে বিয়ে???,Negative
ব্লাকমেল করতে কারন তো লাগবে... তার মানে কারন থাকলে সে ব্লাকমেল করে।,Negative
"শালশার কি নাম,আমার এক বোতোল দরকার🇰🇼🇰🇼🇰🇼🇰🇼🇰🇼🇰🇼",Negative
গালি না দিয়ে থাকতে পারলামনা এই মেয়ের বোদায় সইলে আমাদের চোখে সইছে না কেন,Negative
ডিম থেরাপি?,Negative
আসল কাহিনী অন্য রকমের। তিশার পরিবার ভাবছিল এই মেয়েকে বিয়ে দিয়ে টাকা পাবে। কিন্তু এখন টাকা পাইতেছেনা দেখে ঝামেলা করতেছে। ছোটলোক পরিবারগুলি এমনি হয়।,Positive
আর কোন ভিডিও পান না আপনারা,Negative
রিমান্ডে  নিয়া জিগান,Negative
নানা নানুরা অনেক মজায় আছে,Negative
কয়েমাস যাক সব আপনারাই বলবেন সত্যি টা কি,Negative
এই লোকটি মনে হয় মিথ্যা কথা বলছেন,Negative
একদিন বুঝবে এ-ই মেয়ে,Negative
তারা বৈধ স্বামী স্ত্রী আপনাদের এত জ্বলে কেন বুঝলাম,Negative
আমার হিসেবে ওরা তো ইসলাম মেনে  বিয়ে করছে তা হলে কি সমস্যা,Negative
এই আবার তিশার বাবা কেমনে ল্লল,Negative
তাবিজ করছে সালাই মনে হয়,Negative
এদের  কারনে কম বয়সের ছেলেরা বিয়ে করতে পারেনা,Negative
ওরে ডিম থেরপি দেন,Negative
মোস্তাকের মেশিন রিমান্ডে নেওয়া হোক,Negative
বুইরা খাটাস কয়টা বউ লাগে  দাত মনে হয় নাই গাল বিতরে চলে গেছে,Negative
এই বুড়াটা কান্ডগ্যান নাই।,Negative
এর কারণে মানুষ বৃদ্ধদের ঘৃণা করে।,Negative
"হাস্যকর,,,,খাওয়া শেষ,,,এখন,, উল্টো গল্প",Negative
লুভি মাইয়া রে কেমনে লোভ দিছে,Negative
প্রকৃত  বাটপার,Negative
অশ্লীল ভিড়ি ওর কোনো ব্যাখা হয় না,Negative
ফালতু খবর দেখানো বন্ধ করেন,Negative
চাচা কি কচি মাল টাকে খাইতাছে,Negative
এই সাওয়া দেখতে আর ভাল্লাগেনা,Negative
"হরমোনের খেলা শেষ,  আর না থাকলেও ও চলবে",Negative
রুচির অবক্ষয়,Negative
ভালবেশে বিয়ে করেছে এখানে দোষের কি বুজলাম না,Negative
আমি মুশতাকের পক্ষে আছি ও তো খারাপ কিছু করে নাই বিয়ে করছে,Positive
সবই টাকা,Negative
নাটক,Positive
এটা একটা বদলোক,Negative
তোদের ঘৃনা লাগে না?,Negative
এমন মেয়ে আমার বোন বা মেয়ে হইলে আগে মাইরা ফেলতাম,Positive
সব নাটক!,Negative
তুমি কচি খোকা দম ব্ল্যাকমেল করবা কেন ব্ল্যাক্মেল করবা সে সুন্দরী মাইয়া,Negative
মনে হয় সব মিথ্যা,Negative
জামাই হবে দাদু,Negative
আজাইরা নিউজ।,Negative
বারভাতারি,Negative
বিয়ার একটা বয়স আছে নানা বিয়া করে কি করে,Negative
দুজনই পালতু,Negative
এতো বগ বগ না করে ললিপপ টা খাওয়া বি,Negative
লুইচছা,Negative
পুরান চাল ভাতে বারে,Negative
বুইড়া,Negative
শালী কান্দে ক্যান,Negative
"ভালো লাগলে প্লিজ একটি লাইক দিও ভালো না লাগলে কিভাবে ভিডিও উন্নত করবো বন্ধু মনে করে সেই সাজেশনটুকু দিও কিছু তো বলো, তোমরা চুপ থাকলে হতাশ হয়ে পড়ি, ভালো লাগল কি না জানিও প্লিজ",Positive
"ভালো লাগলে প্লিজ একটি লাইক দিও ভালো না লাগলে কিভাবে ভিডিও উন্নত করবো বন্ধু মনে করে সেই সাজেশনটুকু দিও কিছু তো বলো, তোমরা চুপ থাকলে হতাশ হয়ে পড়ি, ভালো লাগল কি না জানিও প্লিজ",Positive
খুব  খুব  খুব ভালো লেগেছে। এই ছবিটি,Positive
জীবন আসলে নাটকের চেয়ে বেশি নাটকীয় ।খুব ভালো লাগলো,Positive
শুধু বাবা নয়..  এখানে বন্ধুর ব্যাপারটা অসাধারণ ছিল ️,Positive
সত্যি মন ছুয়ে যাওয়ার মত,Positive
অসম্ভব সুন্দর ছিলো মুভি। অনেক দন্যবাদ আপনাকে,Positive
সত্যি ভগবান চাইলে কি না করতে পারে,Positive
অসাধারণ একটা মুভি কাহিনী।,Positive
"এত্তো এত্তো,,এত্তো সুন্দর হয়ছে গল্পটা,আর আপনার এক্সপ্লেনেশন, বুজানোর ধরণ সব মিলিয়ে অসাধারণ লাগছে মুভিটা।অনেক বেশি ভালো লেগেছে।",Positive
আমার অনেক অনেক ভালো লাগলো ️️️️️,Positive
খুব সুন্দর ভিডিও ভিডিওটি  দেখে মন ভরে গেল,Positive
শেষে চোখে জল এসে গেলো,Positive
খুবই ভালো লেগেছে,Positive
খুব সুন্দর একটা চলচিত্র...,Positive
"বাস্তব জীবন টা এই ছবিটির মধ্য দিয়ে অনুভব করা জায়৷,,ধন্যবাদ আপনাকে,,  জীবন নামক আয়না দেখানোর জন্য",Positive
অসাধারণ সেই সুন্দর বিডিও টি,Positive
খুব সুন্দর  ছবি  টা। শেষ টা দেখে চোখে পানি এসে পরেছে,Positive
সত্যিই ভিডিও টা অনেক বেশি ভালো লেগেছে,Positive
সত্যি অসাধারণ একটি মুভি,Positive
অসাধারণ খুব ভালো লাগছে এগিয়ে যাও বহুদুর শুভকামনা রইলো আপনার জন্য,Positive
চোখে জল চলে আসল সত‍্যি অসাধারণ,Positive
সত্যিই শেষটা অন্যরকম ছিলোএটা বাস্তবের সাথে অনেক মিল আছে,Positive
প্রথম কথা শুনে ভেবেছিলাম এত সহজ চোখে জল আসা। কিন্তু সত্যি ই শেষে কেঁদে ফেললাম,Positive
গল্পটা মাশাল্লাহ অনেক অনেক অনেক অনেক সুন্দর,Positive
সত্যি সিনেমার কাহিনী শুনে কান্না করে দিলাম ️,Positive
খুবই ভাল,Positive
অনেক টাই ভালো লাগলো ভিডিও টা চোখে জল চলে আসলো,Positive
খুব সুন্দর মুভিটা,Positive
অনেক সুন্দর হয়েছে,Positive
শেষটুকু তে চোখে পানি চলে এসেছে গল্পটা খুব সুন্দর,Positive
শেষ টা দেখে চোখের পানি চলে আসলো,Positive
আসাধারণ,Positive
সুন্দর করে উপস্থাপন করার জন্য ধন্যবাদ আপনাকে,Positive
মাশাললাহ খুবেই সুন্দৱ মুভি,Positive
গল্প টি শুনতে গিয়ে কখন যেন চোখের কোনে এক ফোটা পানি গোড়িয়ে পড়লো বুঝতেই পারলাম না,Positive
"স্যতি মুভিটা খুব ভালো লেগেছে  টাতো অসম্ভাব সুন্দর হয়েছে,,,",Positive
ভালো লাগছে খুব,Positive
আই লাভ ইউ সুন্দর একটা ভিডিও বানানোর জন্য অনেক অনেক ধন্যবাদ এরকম এরকমটা হলে বেশি ভালো হয়,Positive
ভীষন ভালো লেগেছে,Positive
খুব ভালো লাগছে,Positive
খুব ভালো লাগলো,Positive
"ভিডিও টি আমার অনেক বেশি ভালো লেগেছে,,, সত্যি লাস্টে চোখে পানি আসলো",Positive
অসাধারন,Positive
অনেক সুন্দর,Positive
খুব ভালো লাগলো,Positive
গল্পটা খুবই সুন্দর,Positive
"অনেক সুন্দর মুভি আনন্দে চোখে জল আসলো ,,,, এগিয়ে যান সাপোর্ট করবো ইনশা আল্লাহ",Positive
খুব সুন্দর হয়েছে,Positive
সত্যি আপনার এক্সপ্লেন দেখে শেষ মুহূর্তে আমার ও চোখে জল এলো...️,Positive
শেষ টা চোখে জল এনে দিল,Positive
"কিছু না বলে সত্যি থাকতে পারলাম না, অসাধারণ গল্প টা দারুন",Positive
"অসাধারণ একটা মুভি, সত্যি মনটা ভাল হয়ে গেলো",Positive
"অনেক ভালো লাগল,,ধন্যবাদ",Positive
"ভাই,অনেক এক্সপ্লেনেশন দেখিছি এই মুভিটা নিয়ে,কিন্তু যতবার দেখেছি ততবারই শেষ মূহুর্তে কেঁদেছি। অসাধারণ। আমিও একজন বাবা।",Positive
ভাই গল্পটা তুলনাহীন যদি কেউ মনোযোগ দিয়ে শুনে তাইলে তার চোখে পানি চলে আসবে,Positive
অসাধারণ চমৎকার একটি ছবি। ধন্যবাদ বর্ণনাকারিকে তাঁর বর্ণনার জন্য।,Positive
টা সত্যি অসাধারণ ছিল,Positive
সত্যি অসাধারণ,Positive
এককথায় অসাধারণ,Positive
খুব সুন্দৱ ভিডিও...,Positive
খুব  সুন্দর গল্প,Positive
খুব খুব সুন্দর মুভিটা।,Positive
অনেক  ভালো  লাগছে,Positive
সত্যিই খুব কষ্টকর মুভি মুভিটার গল্প গুলো দেখে চোখে জল চলে আসলো ️,Positive
ধন্যবাদ এমন মুভির গল্প দেখানোর জন্য,Positive
সত্যিই খুব খুব লেগেছে,Positive
শেষে চোখে পানি চলে আসল,Positive
অসাধারণ লাগছিল,Positive
শেষে চোখ দিয়ে পানি আসেছেছিল,Positive
"প্রতিটা মেয়েই চায় তার ভালোর মানুষের কাছে থেকে, একটু সম্মান ও ভালোবাসা",Positive
অসাধারণ লাগলো মুভিটা। খুবই সুন্দর একটা মুভি।,Positive
সত্যি মুভিটা খুব ভালো। আমার মনে হয় প্রত্যেকটা ছেলে ও মেয়েকে এই মুভিটা দেখা উচিত। আর আমার সবথেকে মুভিটায় যে জিনিস টা ভালো লেগেছে সেটা হলো মনির বন্ধু অমিত। এরকম বন্ধু পাওয়া ভাগ্যের ব্যাপার,Positive
কি বোলবো বুঝতে পারছিনা আপনার কন্ঠ টা  অসাধারণ,Positive
চোখে জল চলে আসল,Positive
গল্পটা অনেক সুন্দর ️️,Positive
খুব সুন্দর অভিনয় ছিল।,Positive
ঠিক। চোখে পানি চলে আসলো,Positive
আপনার  খুব সুন্দর ...,Positive
খুব সুন্দর,Positive
বাহ ভাই বাহ অনেক সুন্দর হয়েছে,Positive
অনেক সুন্দর হইছে,Positive
সত্যিই আপনার  টা জাস্ট অসাধারণ। - (--)️️️️,Positive
কি বলে মনের ভাষা প্রকাশ করব বুঝে পাচ্ছি না !!! এক কথায় অসাধারণ️।  গল্পটি শুনে আমি সত্যিই কান্না পেয়ে যায়।,Positive
খুব সুন্দর,Positive
শোনেন যতোয় কষ্ট হক না কেনো কিন্তু কেউ কারো ভালোবাসার মানুষ কে কখনোই ছাড়বেনা আচ্ছা,Positive
"আপনার কথা গুলো দিয়ে আরও সুন্দর করে তুলেছেন, ভালো লাগলো",Positive
ভাইয়া সত্যি মুভিটা খুবই সুন্দর    মনটা ছুঁয়ে গেল!,Positive
শেষ টা দেখে চোখে পানি চলে আসছে,Positive
️ অসাধারণ সুন্দর অতি সুন্দর একটি গল্প নিয়ে ব্লকটি করেছেন সত্যিই আপনি প্রশংসার যোগ্যতার অসংখ্য ধন্যবাদ এই ধরনের আরো সুন্দর সুন্দর ফ্যামিলি ভিত্তিক ব্লক চাই আপনার মাধ্যমে,Positive
"অনেক সুন্দর হয়ছে ভিডিও টা এভাবে বুঝানো জন্য,  ধন্যবাদ ব্রো",Positive
সত্যি খুব খুব ভালো একটা গল্প এইটা।অনেক৷ ইমোশনাল।মনে দাগ কাটা একটা    . টা করেই দিলাম,Positive
চোখ দিয়ে কিভাবে পানি পরছিল বুঝতে পারলাম। কিছু কিছু গল্প বাস্তব জীবনকে হার মানায়।,Positive
খুব সুন্দর হয়েছে,Positive
অনেক অনেক অনেক ভালো লেগেছে,Positive
সত্য  খুব সুন্দর একটা  কাহিনি,Positive
খুব ভালো লাগলো  টা,Positive
সত্যি কি বলবো অনেক সুন্দর স্টোরি বুকে লাগছে,Positive
আমার চোখের জল আর থামল না ভিডিওটার গল্প দেখে,Positive
কান্না চলে আসছে,Positive
শেষ মূহুর্তে কাঁদতে হলো,Positive
সত্যিই খুবই সুন্দর গল্পটা,Positive
আমি অসাধারণ বলব না মুভিটি বর্তমানের সাথে অনেকাংশেই মিল আছে।  ভালোবাসা সুন্দর,Positive
এই মুভিটা দেখে সত্যিই আমি নিজেও চোখের পানি ধরে রাখতে পারিনি,Positive
খুব সুন্দর লাগলো,Positive
অসাধারন সিনেমা,Positive
খুব সুন্দর,Positive
অনেক অনেক সুন্দর হইছে গল্পটা সত্যি অসাধারণ একটা গল্প?  চোখে পানি চলে আসলো?,Positive
সত্যি খুব ভালো লাগলো ভিডিওটা,Positive
"২৮ মিনিটে মুভি টা দেখে হয়ে গেছে আর দেখতে হবে না, টিকটক থেকে এই মুভির শুট দেখে আসলাম মুভি টা দেখবো বলে, আপনার ভিডিও টা দেখে আর মুভি দেখতে হবে না, সেই লেভেলের একটা মুভি 🇧🇩🇧🇩",Positive
অসাধারণ একটা মুভি আমি কতবার দেখেছি আমি নিজেই ভুলেগেছি,Positive
অনেক সুন্দর,Positive
খুব খুব খুব সুন্দর হয়েছে,Positive
মুভি শুনে চকের পানি চলে আসলো,Positive
কাদা লাগেনা চোখে পানি এমনি চলে আসে।,Positive
"মুভিটা অনেক ভালো লাগলো,",Positive
আমার চোখের পানি আসল,Positive
খুব ভালো,Positive
আসলে গল্প টা অনেক সুন্দর ছিল,Positive
"একদম মুছে যাওয়ার মতন একটা মুভি কমেন্ট করেছে,, খুব ভালো লাগলো",Positive
আমার  জীবন  সাথে  অনেক টা মিল,Positive
খুব ভালো গল্প,Positive
নাইস,Positive
অনেক সুন্দর,Positive
"বন্ধুর কথা গুলো অসাধারণ ছিলো,,,,,",Positive
"পুরাটা শুনার পর সত্যি চোখে জল চলে এসেছে ৷শুধু এটা নয়,যেকোন আবেগময় কাল্পনিক গল্প বা বাস্তব ঘটনা শুনলে বা দেখলে আমার ভিতর থেকে একেবারে দুমড়ে মোছড়ে ভেঙ্গে কান্নালআসে, ! এটা আমার কেন হয়? কোন ধরনের সমস্যা এইটা আমার?",Positive
মুভির মতো যদি জিবনের ষেস টা এতো সুন্দর  হতো,Positive
খুব সুন্দর গল্প,Positive
সত্যি মুভিটা খুব খুব সুন্দর ️️️,Positive
চুখে পানি চলে আসলও,Positive
অসাধারণ,Positive
খুব সুন্দর একটা মুভি,Positive
সত্যি অনেক সুন্দর হইছে,Positive
পাশে আছি পাশে থাকবেন দোয়া করি এগিয়ে যান,Positive
নাইচ,Positive
আমার দেখা  সেরা মোভি  আমি দেখছি  ময়মনসিংহ গফরগাঁও থেকে,Positive
এখানে আমি মনির বন্ধুটাকে অনেক ধন্যবাদ দিবো কারণ বন্ধুর খারাপ সময়ে কেউ পাশে ছিলো না এই বন্ধু তাকে সব দিক থেকে সাহায্যে করে,Positive
বুঝলাম ভাই ধন্যবাদ,Positive
শেষ সিনটা খুব ইমোশনাল,Positive
খুব ভালোলাগলো গল্পটা।,Positive
এই ছবি টা  মন ছুয়ে  গেছে,Positive
আপনার চ্যানেলে প্রথম ভিডিও দেখছি। আপনার মুভি এস্কপ্লেইন দুর্দান্ত হয়েছে।তাই চ্যানেলটা সাবস্ক্রাইব করেই ফেললাম। লাভ ইই দাদা বাংলাদেশ🇧🇩🇧🇩 থেকে,Positive
খুব ভালো লাগলো,Positive
মুভিটা সত্যিই খুব সুন্দর,Positive
সত্যি চোঁখের হার্ট অ্যাটাক স্টোরি,Positive
মোবিটা দেখে আমারও আনন্দে কান্না পেল,Positive
বস আমি বাংলাদেশ থেকে দেখছি  তোমার দেওয় ভিডিওর জুড়ি নাই,Positive
খুবই সুন্দর,Positive
মুভির সেসে নিজের অজান্তে চোখের কোনে পানি চলে এসেছিল,Positive
মুভিটার শেষটা আসলেই অনেক কষ্টের ছিল কিন্তু প্রথমে বাচ্চাটাকে রেখে চলে যাওয়াতে মেয়েটার উপর অনেক রাগ হয়ে ছিলাম পরবর্তীতে যখন সত্যটা জানতে পারলাম  অনেক আনন্দ লাগতেছে না,Positive
ভাইয়া ঠিক বলেছেন আমার রাগ উটলে আমি ও এরকম করি,Positive
"কিছু কিছু পরিবার, পরিবার নামক পবিত্র শব্দটির কলঙ্কই হয়ে থাকে.........  আর তার জন্য  করে কিছু নির্দোষ মানুষ।",Positive
তিন বার দেখলাম এই মুভি,Positive
বাসতোবে সেই সব কিছু হয়,Positive
সত্যি চখের পানি আটকে রাখতে পারিনি কি বলব এত বালো লেগেচে গল্প টা বলে বুজাতে পারবনা সত্যি,Positive
এই মুভিটার লাস্টের দিকে চোখে জল এসে।।।।।।।,Positive
কাহিনিটা অনেক  সুন্দর,Positive
আপনি যদি  মুভি এক্সপ্লেইন তাহলে সবাই দেকবে আমাদের দেশের অনেক  আছে জারা  মুভি এক্সপ্লেইন করে অনেক বড়   চ্যানেলের মালিক হয়েছে শুভ কামনা রইল এগিয়ে যান আমরা আপনার পাশে আছি,Positive
আওয়াজ না করে কেঁদে ফেলেছি,Positive
"এই ভিডিও লিংক টা আমার গার্লফ্রেন্ড পাঠিয়েছি, সেজন্য আমি দেখলাম, সত্যি খুব ভালো লাগলো",Positive
অসাধারণ... এইটা দেখেই  টা  করে নিলাম...রাতে দেখবো️আর ছেলেটাকে চুল কাটার পর আরো  লাগছে...,Positive
গল্পটা অনেক সুন্দর,Positive
ভাইয়া মেয়েটিকে যখন তার বয়ফ্রেন্ড পেট নেড়ে দিচ্ছিল তখন কি মেয়েটা আসলেই প্রেগন্যান্ট ছিল,Negative
কঠিন গল্প,Positive
বারবার লাইক দেওয়া  গেলে  আমি ১০০ বিলিয়ন লাইক দিতাম,Positive
প্রতিশোধের ব্যপারটা থাকলে আরো ভাল হত।,Positive
সবাই তো অনেক কিছু লিখলো কিন্তু আমি কি লিখব খুঁজে পাচ্ছি না সত্যি অনেক সুন্দর হয়েছে গল্পটা,Positive
ভাইয়ে মুভিটার নাম কি প্লিজ  বলবেন,Positive
শেষের সিনটা ভালো ছিলো।,Positive
কেঁদে ফেলেছি,Positive
শ্রাবন ভাই পাইছি,Positive
যদি ও মুভিটা আগে দেখেছি  তবু আবার...........?,Positive
"আপনার  টা খুব ভারী, ভূতের গল্পে হেব্বি মানাবে",Negative
একটা কেবল জন্ম নেওয়া ছোট বাচ্চাকে বড় করা অনেক কস্টের তাও যদি হয় সিংাল বাবা। সিনেমার কাহিনি খুব সুন্দর ভালো লাগার মত। জীবন অনেক বিচিত্র ময়  কখন কোন সামান্য কারনে ওলট পালট হয়ে যায় ভাবাই মুশকিল। তবে একটা জিনিস ক্লিয়ার মানুষের  রাগ নিয়ত্রন করা উচিত।,Positive
অনেক সুন্দর কাহিনি,Positive
ছবিটা কবে রিলিজ হবে কিভাবে দেখব,Positive
অসাধারণ মুভি খুব ভালো লাগলো থ্যাঙ্ক ইউ আপনাকে,Positive
ফুল মুভি দেখবো কি ভাবে কেউ বলবেন,Positive
এমন মুভিতে অস্কার ডিজার্ভ করে,Positive
"দাদা মুভিটা কি দেখার জন্য একটু সুযোগ করে দেওয়া যায় ,, লিংকটা দিলে একটু ভালো দাদা",Positive
কাদিয়ে ছারলেন ত,Positive
দাদা না ভাই  ঐ টা ড্যাডা হবে  মানে বাবা!!,Negative
উচ্চরন টা দাদা না ড্যাড্যা হবে।,Negative
আমি জানি এই ভিডিওতে সবচাইতে বেশি লাইক দিয়েছে বা দিবে যে মা বাবা দেখছে সাধারণত আমি,Positive
"থাম্বেলে যা লিখেছেন,,,,আপনি বোধ প্রেম করেন নি,,, না আপনার নাই",Negative
সত্যি ভিডিওটা অসাধারণ হয়েছে। আমি এই মুভিটা সম্পূর্ণ দেখতে চাই । দয়াকরে মুভিটার নাম বলুন,Positive
মুভির লিংক বা মুভিটি যদি কারো কাছে থাকে  একটু শেয়ার করবেন ।,Positive
২০০৭ সাল থেকে মুভিটা ৩০---৪০ বার দেখেছি। কিছুটা বুঝেছি সব সময়।   আজকে এতো সুন্দর ভাবে বুঝতে পারলাম অসংখ্য ধন্যবাদ আপনাকে এভাবেই আরো সাহরুখ খান এর সব মুভির বাংলা ফ্যাক্ট চাই,Positive
শাহরুখ খান আমার প্রিয় নায়ক,Positive
মন ছুয়ে গেছে কাহিনী টা শুনে। ফুল মুভিটা দিবেন প্লিজ,Positive
মন ছুয়ে জাওয়া মুভি টা অনেক ভালো লাগলো,Positive
"শুধু শাহরুখ খানের মুভির,,,,,,             জন্য এই ভিডিওটা দেখতেছি                       অনেক সুন্দর হয়েছে ভাইয়া,,,,",Positive
ভালো লাগলো ধন্যবাদ ভাই,Positive
অনেক ভালো লাগলো ধন্যবাদ,Positive
মনে পড়ে গেল সেই ক্লাস ৪ এর শেষের দিনের কথা।।।,Positive
খুব ভালো লাগলো ধন্যবাদ ভাইয়া,Positive
দিপিকা আমার লাভ ইউ️️️,Positive
অনেক সুন্দর হয়েছে,Positive
এটাও কি কোনো সাউথ মুভির  নাকি ভাইয়া,Positive
ফ্যাশান মুভিটার এক্সপ্লেইন্ড দিলে খুশি হব,Positive
এই ছবি আমাকে ভিষণ ভালবাসে.....,Positive
"অনেক শর্ট করে ফেললেন না,,,,,,,?",Negative
হাসি কখনো এটা বুঝায় না যে আপনি সুখী️  হাসি বুঝায় আপনি শক্ত..!!,Positive
"রহস্য ততোটাই গভীর ছিলো যতোটুকু গভীর হলে কোনো কারণ ছাড়াই কাউকে মনেপড়ে আর এই অনুভূতিতে এতো দূরে যেতে হবে হারিয়ে গেলে ফিরে আসা কঠিন,, সেই কঠিন কে মেনে নিলে হারানো খুব সহজ!",Negative
কারা কারা আলামিন  ভাইকে মন থেকে ভালো বাসো️️,Positive
"সফলতা হাসিটা না হয় একটু দেরিতেই হাসলাম তবে আমিও একদিন সফল হবো ইনশাআল্লাহ।,,,,",Positive
যে হারানোর ভয়ে কেঁদেছিল আমি তাকেও হারিয়ে যেতে দেখেছি,Positive
ভাই অসাধারণ একটা স্টোরি,Positive
আমি মনে করি ভালোবাসা মানে যত ঝগড়া ততো ভালোবাসা,Positive
"সফলতা কাউকে বলে আসেনা আমিও একদিন সফলতা পাবো ইনশাআল্লাহ।,,,,",Positive
"মুভি টা দেখে কেমন জানো লাগছে,,, সত্যিই ভালো বাসার মানুষ অন্য কারো সাথে দেখলে রাগ হয়,,, কি করে ভালবাসার মানুষকে ছাড়া থাকা যায়  ️️️️️",Positive
সম্পর্ক পুরনো হলে তার মধ্যে হয়তো অনেক মিষ্টতা কমে যায় কিন্তু সেটার টিকিয়ে রাখা কর্তব্য,Positive
"680 জন সদস্য নিয়ে অনেক খুশি আছি। ইনশাআল্লাহ আমিও একদিন আপনাদের দোয়ায় সফল হবো।,,,",Positive
আলামিন ভাইয়ের রেগুলার ফ্রেন্ড গুলো দেখতে চাই যারা সবসময় ভিডিওর অপেক্ষায় থাকে  ️️,Positive
"অনেক,সুন্দর ছিলো ড্রামাটা",Positive
কার কার মা বাবা বেচেঁ আছে ️️️,Positive
অসাধারন ছিল,Positive
আজকের  শুনে মনে হচ্ছে সেই তিন বছর আগের  কথা বলছেন,Positive
ভাইয়া আপনার কথা শুনে আমি পুরোই শিহরিত হয়ে গেছি,Positive
থাকলে কেউ মূল্য দেয়না চলে গেলে বুক ভাসায়।,Positive
এই যে পুরোনো হয়ে গেলে সব জিনিস এ মরিচা পরে আর হা ভালোবাসাতে ও,Positive
কবিতাটা সেই ছিল,Positive
"স্বাধীনতা অর্জনের চেয়ে রক্ষা করা কঠিন, তবে আজব বিষয় হলো আলহামদুলিল্লাহ্‌ হুজুররা এত বছর হলো বিয়ে করে কিভাবে জীবন পর্যন্ত বউকে বা স্বামী ভক্ত থাকে।যেখানে এসময় ৫ থেকে ৭ বছর যেতে না যেতে সম্পর্ক খুব পুরাতন ও ফাটল ধরে দেখিও জানি",Positive
"আমার মত কে কে আছো, ডনলির মুভি বেশি পছন্দ করো ?  আমাদের সবার রিকোয়েস্ট আল আমিন ভাইয়ের কাছে,️ বেশি বেশি  ডনলির মুভি আনার জন্য",Positive
অনেক হাসি পাইলো অনেক মজা পাইলাম ভালো লাগছে লাস্টে আল আমিন ভাই  মুভির ব্যাখ্যাটা অনেক ভালো হয়েছে,Positive
আল আমিন ভাই নাইস  হিস্টোরি  আল আমিন ভাই  সত্যি বলতে  হিস্টোরিটা দেখে  পুরা ইমোশনাল হয়ে গেছে,Positive
"এক কথায় বলতে গেলে, কাছে থাকলে কামড়াই-দুরে গেলে চিল্লাই",Positive
ভালবাসার আরেক নাম আলামিন ভাই,Positive
বউয়ের ঢংয়ের জন্যই এমন হয়েছে কেননা বাস্তবতার ক্ষেত্রে ভালোবাসা কমে যাবে এটাই স্বাভাবিক!,Positive
সেই ভাই,Positive
"কাছে থাকতে কোনো বিষয়ের মুল্য বুঝা যায় না,,,,,দুরে গেলেই সেটা মুল্যবান হয়,,,,,,,",Positive
আলামিন ভাইর ভিডিও গুলো অনেক ভালো লাগে,Positive
100 জন হিন্দু দেখতে চাই,Positive
কিছু দিন পর থেকে আমিও আমার হাজবেন্ড কে মিস করবো ইনশাআল্লাহ। কারন সেও আমার থেকে অনেক দূরে চলে যাবে,Positive
ভাই এটা ইন্ডিয়ান ছবি (হাই সিনামিকা)  সেম এটার মতন (দুলকার সালমান; কাজল আজ্ঞারওয়াল অদিতি রাও হায়দারি) এরা ছিল অভিনয়ে,Positive
ভাইয়া কবিতা টি ভালো ছিলো,Negative
ভাই সেরা,Positive
আল আমিন ভাই আপনার সময় কি খারাপ যাচ্ছে নাকি ইদানিং ভিডিওতে ক্লান্ত দেখাচ্ছে কথা বাড়ি মনে হয় আপনি টেনশনে আছেন ️,Negative
কোরিয়ান  গুলা সেই হয় ভাই,Positive
"যেটা বুঝলাম তা হলো সমস্ত বিষয়ে ধর্য্য ধরা উচিত। আর দু-জন মিমাংসা করা উচিত।    আমি এমনি একটা রোমান্টিক প্রেমের মুভি চেয়েছিলাম,মাঝে মাঝে এমন মুভি দেবেন প্লিজ,আমার ভালো লাগলো",Positive
অনেক ফানি,Positive
আস সবাই হাতে আবারো বাঁশ নিই রেনডম এনিমে চেনেলের জনো,Negative
19:42  কি বলব আমার হিংশায় জলে ফেটে গিয়েছে,Negative
আমি শিখলাম যে কোন সময় রাশিয়া ইউক্রেন যুদ্ধ খেলতে হয়,Negative
অনেক দিন পরে ভালো একটা মুভি দেখলাম,Positive
মুভিটা  করবেন ভাই,Positive
এই মুভিটা ইন্ডিয়ান রিমেক দেখছি কিন্তু নায়িকার যায়গা নায়ক ছিল দোলাকার সালমান । আর সানকির যায়গা কাজল  আগরওয়াল,Negative
সানকি লাস্টে এক ছেরিরে কিছ করছে,Negative
আলামিন ভাই   এই মুভিটা    করেন ভাই  প্লিজ প্লিজ প্লিজ  ভাই আপনার 🫵মুখ থেকে এই মুভিটার  দেখতে চাই প্লিজ ভাই প্লিজ প্লিজ,Positive
মুবি এঞ্জয় করার ছেয়ে  বেশি ফিল করেছি,Positive
আমার আজকের দিনটা অনেক খারাপ ছিল আমার 150k সাবস্ক্রাইবার এর চ্যানেল ডিলেট হয়ে গেছে,Positive
এই মুভিটি আসুক কে কে চাউ  আমার মতো কে কে এই মুভিটি দেখার পর ও আল-আমিন ভাই এর মুখে এক্সপ্লেন দেখতে চায়,Positive
যায় হয়ে  যাক না কেন প্রিায়  মানুষ টা সাথে   থাকতে হবে ভালো সময় হক আর খারাপ সময় হক তার  সেই টু সময় পাওয়া যায়   দুইজন  দুজোনার   কনো কিছু কুমতি না রেখে ভালো বাসতে হবে আর মৃত কথা প্রিয়  মানুষের সময় দিয়া দরকার,Positive
"আলামিন ভাই, বাবি তল এমন করে না আবার",Positive
তাকে বুঝাতে পারি নি আমি,Positive
আলামিন ভাইয়া আমি আপনার এমন একটি ভিডিও নেই সেটা দেখিনি তারপরও মাঝে মাঝে মনে হয় আমি আপনার ভিডিও দেখব না এর কারণ হচ্ছে কারণ হচ্ছে আপনি মুভির নামটা শুধু মুখে বলে দেন আপনি উপরে তো লিখে দিতে পারেন মুভির নামটা অন্যরা যেমন করে দেয় তাহলে আপনার এক্সপ্রেশন দেখে ভালো লাগলে আমরা তো মুভিটা নামিয়ে দেখতে  পারি আশা করি আপনি এবার থেকে মুভির নামটা দিয়ে দিবেন কমেন্টে উত্তর দিয়ে যাবেন,Positive
", পুর মবি দেখে জা শিখলাম তা হল,ভউ বার বাতারি হুওয়াত শামির অ অনেক দশ তাকে, আর আমাদে কে রেলেশনশিপ বাছাতে হলে,আমাদের  কে শময় আর ভালভাস দেওয়া উছিত।",Negative
ভাই আর কি বলবো। আমি তো এখনো বিয়ের করে নি,Negative
আশা করি আমার কমেন্ট ও একদিন ভাইরাল হবে,Positive
ভাইয়া এই মুভিটা অনেক আগে একবার এক্সপ্লেইন করেছিলেন।,Positive
হ্যালো ভাইয়া আমি তোমার পুরাডি ভিডিও দেখি।,Positive
এমনই গল্পের একটা মুভি সাউথের নায়িকা কাজল আগারওয়াল এর ও আছে,Positive
ভাই কেমন আছো,Positive
আলামিন ভাই এই মুভিতো দুলকার সালমান এর হেই সিনামিকা মুভির কাহিনি,Positive
"নামে একটা কুরিয়ান মুভি আছে এই মুভিটা ডন লির , এই মুভির এক্সপ্লেন ভিডিও বানান।",Positive
কুরিয়ান না পারেও জটিল জটিল হিস্ট্রি সুন্দর করে তুলে দরতে,Positive
এই মুহূর্তে একটা জিনিস শিখলাম ভাই ঠিকমতো বউ রে সময় দিবেন আর ইউক্রেন আর রাশিয়ার যুদ্ধ করবেন ঠিক মতো তাই ওকে,Positive
নিয়ে আর ভিডিও আসছে না কেনো,Positive
কারা কারা ভালো আছে,Positive
সেই ছিলোক,Positive
তাড়াতাড়ি কমেন্ট করি বেশি বেশি লাইক পাবো,Positive
আকাশী রঙে প্রিয়তমাকে আকাশের মতো স্নিগ্ধ লাগে?? 🥹 .,Positive
সেইম একটা সাউথ মুভি দেখছি সেখানে স্বামীর জায়গায় বউ থাকে বউয়ের জায়গায় স্বামী,Positive
সিনেমায় ওনেক যুদ্ধ যুদ্ধ খেলা দেখালম আসলে প্রিয় আলামিন ভাই আমার কোরিয়ান যুদ্ধ গুলো অনেক ভালো লাগে এই যুদ্ধ টা আমি সরা সারি দেখতে চাই তাই সিনেমাটা কি ভাবে দেখবো কেও জানলে প্লিজ বলো ভাই,Positive
আলামিন্দ্রনাথ ভাই,Positive
প্লিজ ভাই   এই অ্যানিমেশন মুভিটা অনেক ভালো  অস্থির মুভি প্লিজ ভাই প্লিজ,Positive
আলামিন ভাই এটা  ’ মুভির কপি নাম  !,Positive
ভাই আপনাকে সব ভিডিওতে স্পনসর এড়িয়ে যাওয়ার বিষয়ে কথা বলতে হবে না,Positive
আমরা নিজেরাই এটি এড়িয়ে যাব,Positive
কার কার। আলামিন ভাই এর? ভিডিও ভালো লাগে? ...,Positive
11:37 ভাই আমার কিন্তু বিয়ে করতে বয় করছে,Positive
কারা কারা আলামিন  ভাইকে মন থেকে ভালো বাসো️️,Positive
এই মুহূর্তে একটা জিনিস শিখলাম ভাই ঠিকমতো বউ রে সময় দিবেন আর ইউক্রেন আর রাশিয়ার যুদ্ধ করবেন ঠিক মতো তাই ওকে,Positive
কারা কারা আলামিন  ভাইকে মন থেকে ভালো বাসো️️,Positive
এরকম একটা বউ দরকার,Positive
এই মুহূর্তে একটা জিনিস শিখলাম ভাই ঠিকমতো বউ রে সময় দিবেন আর ইউক্রেন আর রাশিয়ার যুদ্ধ করবেন ঠিক মতো তাই ওকে,Positive
ভাই আমি একটা ভিডিও আপলোড দিছি ওইটা একটু আপনাদের দেখলে  ভালো হতো আর কি,Positive
শ থেকে খ,Positive
কে কে মা বাবাকে ভালোবাসি,Positive
অ্যাভেঞ্জার এর ভিডিও ছাড়বেন,Positive
ডাউনলোড দিয়ে রাখলাম রাতে দেখব,Positive
আলামিন  ভাই  আপনার বাড়ি কি বাংলা দেশ কোথায় ভাই  একটু জদি বলেন,Positive
"এটা প্লিজ এক্সপ্লেইন করুন,প্লিজ প্লিজ",Positive
একটা মেয়ে মানুষ যতই পাগল হয় না কেন পাগলামি করুক ছেলেদের ভালো লাগে যাতে ছেলেদের মাথায় থাকি টেনশন হয় যে আমার বউ এটা করব ওইটা করবো একটা ছেলে যতই খারাপ ব্যবহার করুন কোন টেনশন আছে তার বউ অন্য কোথাও চলে যাক আমার কাছে তো এরকম পাগল ভালো লাগে সবাইকে বলব বরযাত্রী পাগলামি করুক কোনদিন খারাপ ব্যবহার করবে না আর মেয়েদেরকেও বলছি স্বামীর সাথে খারাপ ব্যবহার করবা,Positive
একদল ছাগলে এসে বলবে  তারাতারি কমেন্ট করি লাইক পাবো,Negative
ভাই হরর মুভি  করেন,Positive
":    এটা এক্সপ্লেনিসন করেন ভাইয়া,,,,, প্লিজ প্লিজ প্লিজ 🥹",Positive
"বড় ভাই তোমাকে আমি ফ্রী ফায়ার এর ভিডিও বানাতে দেখছি,,,,, বিটুকে বি এন এল হোয়াইট ট্রিপল ফোর এই সমস্ত লিজেন্ডদের ভিডিওতে তুমি রিএকশন দিতে,,, অনেক কাস্টম ম্যাচে গিভ ওয়ে করতে।  , এখন এই সমস্ত ছেড়ে দিচ্ছ কেন,",Positive
সবার আগে  দেকছি,Positive
আমি ছেইম মুভি দেখে সি ৷,Positive
এইটা ত হিন্দি একটা মুভির কাহিনি,Positive
এটা আবার কেমন জামাই,Negative
এসব এড না দিলে কি হয় ভাই আমি বিরক্ত,Negative
মেয়ে মানুষ আর ভালো লাগেনা,Negative
"ভালো তো লাগে নাই আর তোকে ইচ্ছে মতো গালি দিতে ইচ্ছে করছে,এটা কোনো মুভি হইলো , সংসারে অশান্তির মুভি",Negative
ভয় পাবেন না ছ থেকে খ হলে খাসি হবে,Negative
আপনার বিরক্ত লাগলে ভাবিরে আমার কাছে দিয়েন,Negative
আমি ত্রিপুরা থেকে দেখছি খুব ভালো লেগেছে এই মুভি,Positive
"আলহামদুলিল্লাহ, আল্লাহ ভালো রেখেছেন, তবে বাবাকে গাভীর দুধ খাওয়ানোর বিলের যে ভুল বুজানোর বিষয়, বলতে পারলাম না।",Positive
এই সব কিছু এক মাত্র মুভিতেই সম্ভব,Positive
এসব রিয়েল লাইফে হওয়া যায় না।,Negative
থ্যাংক ইউ দাদা এই রকম একটা ভালো মুভি  করার জন্য,Positive
মুভির নাম কি,Positive
কুকুরের ঘেউ ঘেউ টা আমার অনেক হাসি পেয়েছে যাইহোক একবাটিস বলে কথা,Positive
অসাধারণ,Positive
বাবা,Positive
কে শাহাআলম,Positive
গল্পটি ভালো লেগেছে মুভিতেই সম্ভব বাস্তবে না,Positive
খুব ভালো লাগলো চোখে জল এসে গেল,Positive
অনেক অনেক সুন্দর ছিল,Positive
"অনেক ভালো, আসলে বাবা যা জীবনে নাই সে বোঝে",Positive
.       চাই ভাইয়া প্রিজ প্রিজ প্রিজ,Positive
বাবা থাকলে আজ আমরাও এভাবে অনেক আনন্দে মারা মারি করে বাচতে পারতাম,Positive
ভাগ্যে মহান আল্লাহ তায়ালা না রাখলে ২৪ ঘন্টা পরিশ্রম করলেও কিছু হবে না। তবে চেষ্টা করা দোষণীয় নয়,Positive
অসাধারণ,Positive
ভাই মুভিটার নাম বলবি নামটাও বলতে হয় মুভি এক্সপ্লেইন দিলে হয় না শুধু ভালো করে নামটা মনে করে বল,Positive
বাবাতেই শক্তি,Positive
অসাধারণ,Positive
খুব সুন্দর মুভিটা,Positive
- সেজদা দেওয়ার সময় বান্দা আল্লাহর সব থেকে কাছে চলে যায়.!  - সুবহানাল্লাহ.!️,Positive
হিন্দি ভার্সন লাগলে ম্যাসেজ করুন,Positive
বাবা থাকলে মহা সামুদ্র পাড়ি দেওয়া যায়,Positive
এটা হিন্দি বাংলা সিনেমা মেলে বস্তবে মিলেনা...২৫ লক্ষ টাকা নষ্ট আমার,Positive
এটার কি হিন্দি বা বাংলা ভার্সন হবে??,Positive
অসাধারণ মুভিটা,Positive
অসাধারণ একটি মুভি,Positive
অপ্রত্যাশিত মোচড়! শেষ মুহূর্ত পর্যন্ত একটি উত্তেজনাপূর্ণ রহস্য! | একটি রহস্যময় কোরিয়ান ড্রামা মুভি। মুভির রিক্যাপ দেখতে লিঙ্কে ক্লিক করুন => ://./4epINFckq3E,Positive
পৃথিবীতে সাকশেস বলতে কিছু নাই। যেখানে কেহ যানেনা কাল কি হবে।,Positive
আমার মুভিটা চাই,Positive
মুভি নাম,Positive
সুন্দর,Positive
সত্যি অসাধারণ একটি মুভি🇧🇩,Positive
এসব ছবিতেই হয় বাস্তবে হয় না। আনন্দ দেয়ার জন্য ধন্য বাদ ।,Positive
সেই ছোট থেকে বাবার টাকায় সব কিছু করছি।ব্যাবসা করেও কিছু হচ্ছে না।এখন ১৭লক্ষ টাকা খরচ করে ইতালি আসছি। এখানে যদি ভাগ্য বদলায়।,Positive
দুলকর সালমান,Positive
চেষ্টা মানুষ কে অনেক দূর নিয়ে যায়,Positive
খুব ভালো লাগলো ধন্যবাদ আপনাকে,Positive
ব্যবসা সবার জন্য নাহ!  না বুঝে ব্যাবসা করলে ১০০ কোটি টাকা পুঁজি নিয়ে ব্যাবসা করলেও কোনো লাভ নাই তুমি লস এ পরবে এটাই সাভাবিক,Negative
কে রে তুই বাড়া,Negative
বাড়ার বাল,Negative
সিনেমার নাম ভিডিও তে মেনশন করবা,Positive
মিউজিক হারাম। আপনার মিউজিক যারা শুনছে তাদেরও গুনাহ হচ্ছে আর আপনারও গুনাহ হচ্ছে।তাই দয়া করে মিউজিক বাদ দিন,Negative
"পর্দা ফরজ।হে ভাই হে বোন পর্দা কেন কর না তুমি কি বেহেস্ত চাও না যার তুলনা কোনো চোখ যা দেখেনি,কোনো কান যা শুনেনি,কোনো হৃদয় যা অনুভব করেনি।",Positive
এর বাংলা অনুবাদ চাই,Positive
এগুলো সিনেমাতেই সম্ভব।।।।এখন পর্যন্ত ২০/২৫ লক্ষ টাকা নষ্ট করেছি। ২০ হাজার টাকাও জমাতে পারি নি,Negative
কোটিপতি তো দুরের কথা একটা চাকরি পাইলাম না,Negative
কোটিপতি তো দূরের কথা লাখপতি ও হতে পারলাম না,Negative
অসাধারন একটা গল্প,Positive
পোস্টার দিলেন  মুভির,Positive
তাহলে নায়িকার কি হয়েছে,Negative
খুবই নাইস ছিল গল্পটা,Positive
অসাধারণ গল্প ।অনেক সুন্দর ।খুবই ভালো লেগেছে,Positive
"ভাই আপনার   এক্সপ্রেনশন অনেক সুন্দর লাগছে,, মাশাল্লাহ আপনার বয়স অনেক সুন্দর।",Positive
অনেক ভালো লেগেছে।,Positive
দারুণ ডেলিভারিতে,Positive
বোকাচোদা ছবির নাম থাম্বেলে লিখন চোদাও না কেনো???,Negative
"যাই,হাইগে আসি। তারপর ঘুমাবানি",Negative
ফালতু,Negative
অসাধারণ এক্সপেরিমেন্ট,Positive
কোটিপতি হতে পারলাম না।,Negative
কথা শুনে ভালো লাগলো,Positive
একদম বাজে এক্সপ্লেইন,Negative
অনেক সুন্দর পোস্ট হয়েছে,Positive
শালা বাটপার,Negative
আপনার কথার সাথে কাজের মিল নেই  তাই আপনার মারে সুদি আমার এমবি খাওয়ার জন্য,Negative
অনেক সুন্দর,Positive
ফালতু,Negative
খুব ভালো।,Positive
সুবহানাল্লাহ বাবার কথা মনে করাইয়ে কান্না আসলে চোখে,Positive
।  সুন্দর কার্টুন,Positive
গাঁদা,Negative
চুতিয়া মুভির নাম কই,Negative
হলায় তো আবাল,Negative
ধুর মিয়া ভুলভাল ভুলভাল থাম্নেল দেন কোন কারণে আবা* ল নাকি,Negative
মোটিভেটেড হলাম! কিন্তু ঘুম আসছে পরে কোটিপতি হয়া যাবে,Negative
এখানে আমার একটা প্রশ্ন হল ভিডিও টাইটেলের সাথে মুভির কোথায় মিল সেটা বলেন? নায়ক ত বিয়াই করে নায় তাহলে সে শশুড়বাড়ী কোথায় পেল আর সে নিজের বাড়ী ছুটাইসে তাহলে দেশের সব চাইতে কুটিপতি হল কিভাবে?,Negative
প্রতিটা মুভির নাম লিখে দেওয়া উচিৎ,Negative
টার নাম কি লিখে দেওয়া যায় না??? সালা আবাল ....,Negative
মুভির নাম দিস না কেন,Negative
এই মুভিটা দেখে আমিও  সফলতা পেয়েছি️️️️️️️️️️️️️️,Negative
এই মুভির সাথে লাষ্ট খুব একটা গল্প টা মিলেনি,Negative
অসাধারণ,Positive
"আমি রিভিউ নিয়মিত দেখি,কিন্তু ২৮-৩০ মিনিটের মধ্যে হলে বেশি দেখি,,এর চেয়ে কম হলে দেখি না,,",Positive
এই মুভি দেখে কে কে কোটিপতি হয়ে গেলেন তারা একটু আওয়াজ দিয়েন।,Positive
জীবন এ অনেক অনেক কষ্ট করতে হবে,Positive
মুভি নাম বলতে না পারলে ভিডিও করা বাদ দে বোকাচোদা,Negative
হৃদয় ছুয়া গল্প,Positive
থিমটা আমার জীবনের সাথে মিলে যায়,Positive
খুব ভালো ছিল ফিনিশিং টা অনেক ভালো হয়েছে,Positive
খুব সুন্দর লেগেছে,Positive
অনেক অনেক পছন্দ সিনেমা,Positive
ভিডিও মেক করেন ঠিক আছে কিন্তু ছবির নামটা অযথা ভুল বলেন কেন,Positive
সিনেমাটা ইউটুবে নেই হিন্দিতে আবার  তে ও নাই,Negative
"চার্লি, উস্তাদ হোটেল,",Negative
ওস্তাদ  হোটেল মুভি দেখে সালমানে ফ্যান হয়েছি,Negative
মাদারচুদ মুভির নাম কই?,Negative
এই মুভিগুলো    খুব সুন্দর মুভি আমার খুব ভালো লাগে,Positive
হালায়  করসে মুভি নাম লেখে দেয় নাই আবাল,Negative
এইটা শুধু মুভিতেই সম্ভব,Positive
অসাধারণ,Positive
মুভির গল্পটা জাস্ট অসাম ছিল কিন্তু ভাই ফিনিশিংটা মোটেও হয় নাই যাই হোক প্রত্যেকটা কাহিনীর পেছনে কোন না কোন কারণ থাকে হয়তোবা এই কাহিনীর পেছনেও ফিনিশিং নিয়ে পরিচালক কোন না  কোন ক্লু ? রেখে দিয়েছে অনেক ধন্যবাদ আপনাকে এমন সুন্দর একটা সিনেমার কাহিনী দেওয়ার জন্য,Positive
"এটা কিছুটা আমার বর্তমানের সাথে মিলে যায়, আমার জন্য দোয়া করবেন সবাই",Positive
সত্যি বলোছিল,Positive
সত্যি ভালো লাগলো,Positive
করে দিয়েছি,Positive
এই সিনেমার নাম হচ্ছে (  ) অসাধারণ সিনেমা।,Positive
মুভি টি অনেক ভালো লাগছিল,Positive
আপনার ভিডিওতে আরো লাইক পড়তো যদি মুভির নাম লিখতেন এই মুভিটা আমিও দেখছি দুলকার সালমানের বড় ভক্ত আমি কিন্তু লাইক করতে পারলামনা মুভি নাম না দেওয়ার জন্য আমি চাই সবাই উপভোগ করুক মুভিটি,Positive
"মুবির নাম না বলটা, ফাইজলামি",Negative
এনিমেল থেকে ত ভালোই ছিলো,Negative
বড় ভাই গুলা বিয়ে কইরা কয়েক বছরের ভেতর এমনভাবে চেইঞ্জ হয় যে নিজের বাবা মা ভাই বোন পুরাই জঞ্জাল আর তার সব কিছু খায়,Negative
এমন বাবা থাকলে পৃথিবী জয় করা যাই।আমার বাপ আমার ভরসাই পাই না,Positive
দারুন,Positive
দুলকার সালমান এর ছবীগুলা অনেক ইন্সপিরেশন মুলক হয়।,Positive
মুভি না বুঝা পাবলিক যখন মুভি নিয়ে কথা বলে। ছাগলের ছাগল,Positive
এক মুভিতে দুজন ফেভারিট হিরোইন,Positive
এর সাথে ছবির    কোনো মিল পাইলাম না।   কি ছিলো আর  ছবি কি ছিলো তোমাকে আর দেখবোইনা ফালতু,Positive
খুব ভালো লাগছে,Positive
"আমার পছন্দের একটা সিনেমা,এই সিনেমা আর 100   . সিনেমা দেখে দুলকার সালমানের ভক্ত হয়ে ছিলাম",Positive
কাহিনী টি অনেক ভালো লাগলো।,Positive
অনেক সুন্দর,Positive
"আমিও এমন এক মধ্যবিত্ত পরিবারের সন্তান হয়ে কোটিপতি হয়ে দেশের সেবা করার স্বপ্ন দেখছি, সবাই দোয়া করবেন, যেন ভবিষ্যতে আপনাদের কাজে আসতে পারি",Positive
ভাল লাগছে,Positive
কাহিনী আরো অনেক বড়ো হবে ভাই,Positive
কাহিনি খুব সুন্দর,Positive
"মুভিটার রিভিউ শুনে,  জীবনের দুশ্চিন্তা গুলো দূর হয়ে গেলো!!! আজ থেকে নিজেকে হালকা মনে হচ্ছে!!",Positive
"মুভিটার রিভিউ শুনে,  জীবনের দুশ্চিন্তা গুলো দূর হয়ে গেলো!!! আজ থেকে নিজেকে হালকা মনে হচ্ছে!!",Positive
"আসলেই জীবন কারো জন্য থেমে থাকেনাহ,, কারো থাকা না থাকাতেও কিচ্ছু যায় আসেনাহজীবন বড়ই তুচ্চ",Positive
"এই মুভিটা দেখে দুচোখে জল আটকে রাখতে পারলাম না, আমার জীবনে সর্বোচ্চ কালেকশন একটা সিনেমা দেখলাম আমরা যা চিন্তা করি তা ঠিক না বাস্তব কিছু শিক্ষা নিলাম আজ",Positive
"মুভির ব্যাখ্যা টা দেখে অনেক কিছু শিখলাম জীবনে,,, জিবনের যে প্রধান উদ্দেশ্য ছিল সেটা কখনো পালন করা হয় নি।।।।আসা করি ভূল গুলা শুধরে সামিনে আগানো যাবে!!!! মুভি র ব্যাখ্যা টা দেখে ধাক্কা খেলাম একটা",Positive
"ধন্যবাদ ভাই ,এমন একটা   করার জন্য। আসলে অনেক  এ ছিলাম। এখন সবকিছু অনেক হালকা লাগছে। আসলেই কারো জন্য কিছু থেমে থাকে না । আল্লাহ ঠিকই প্রত্যেকের জন্য আলাদা করে ভাগ্য লিখে রেখেছে আর সবকিছু সেভাবেই হবে।",Positive
সিনেমা তো এই ধরনের হওয়া উচিত।যেটা থেকে সমাজ কিছু শিক্ষা পায়। মানুষের ভিতরে মনুষ্যত্ব জেগে ওঠে।প্রকৃতি তার নিজস্ব নিয়মেই চলবে। না আমরা সেটাকে পরিবর্তন করতে পারবো। না আমরা সেটাকে রুখতে পারবো,Positive
", কি সুন্দর সিনেমা । বাস্তবতাকে এত্ত সুন্দরকরে সিনেমাতেও দেখানো যায়🥹 দেখে অনেক কষ্ট লাগলো  কিন্ত এটাই বাস্তবতা! ভালোবাসা রইলো ভাই এত সুন্দরকরে গল্পটা বোঝানোর জন্য️",Positive
জীবনের মূল্য টা বুঝতে পারলাম ভাই,Positive
"যা বুঝলাম জীবন নিয়ে এত সিরিয়াস হওয়ার কিছু নেই,, নিয়তিকে সহজ ভাবে মেনে নেয়াই উত্তম কাজ",Positive
"জীবন কারো জন্য থেমে থাকেনাহ,,,জীবন আসলেই খুব তুচ্চ,,,,",Positive
"আমার দেখা সবচেয়ে ভালো মুভি, যা জীবনের ধারণাটাই পাল্টে দিয়েছে। এজন্যই সবাই বলে আল্লাহ্  যা করে ভালোর জন্যই করে। ধন্যবাদ",Positive
"ভাইরে, অনেক বড় শিক্ষা দিলেন। অনেক বড়। একবার যদি এভাবে চিন্তা করতাম অনেক আগে, অনেক কিছু পেতাম। যা-ই হোক না কেন, শোকর আলহামদুলিল্লাহ। যে এটা করবে, সুদে আসলে আল্লাহপাক তার হারানো জিনিস ফিরিয়ে দেবেন।  ’  , .",Positive
জীবনের উদ্দেশ্য একটাই হওয়া উচিত। কাউকে কোনদিন কষ্ট না দেওয়া।,Positive
এত এত জ্ঞান এরকম মুভি গুলো দেখাটাই সবচেয়ে বেটার,Positive
চোখে পানি চলে আসছে মুভিটা দেখে আসলেই জীবন কারো জন্য থেমে থাকবে না।,Positive
মুভিটা অনেক শিক্ষা পেলাম কারণ আমরা যেটা পাই না সেটা নিয়ে কান্নাকাটি করে থাকি কিন্তু ভবিষ্যৎ নিয়ে একবারও ভাবি  না।  যেটা পাইনি সেটা আমার ছিলোই না এটা আমার ভাবি না।,Positive
ধন্যবাদ ভাইয়া এত তাড়াতাড়ি এত সুন্দর একটি মুভি দেওয়ার জন্য বাট আমি দেখতে একটু দেরি করে ফেললাম মুভিটা সত্যি অসাধারন ছিল আর আপনার ভয়েসে তো অস্থির  অনেক অনেক ভালোবাসা এবং দোয়া রইলো ভাইয়া,Positive
শেষের টুকু দেখে খুব কান্না করছি,Positive
নিজের জন‍্য বাচতে হবে তাও আবার হাসি খুশী ভাবে । সবার জন‍্য নিঃস্বার্থ ভাবে কাজ করেও মন পাওয়া যায় না,Positive
আমার জীবনের সবচেয়ে শিক্ষনীয় মুভি এটা! আর কোনো দিন মনে হয় না এর চেয়ে শিক্ষনীয় কোনো মুভি পাব! ধন্যবাদ ভাইয়া! অনেক ভালোবাসা রইলো!,Positive
"শুধু একটা জিনিস বলবো,চোখে পানি চলে আসছে। আসলেই জীবন কারো জন্য থেমে থাকেনা।সময় থাকতে পরকালের জন্য কামাই করুন,নিশ্চয়ই আল্লাহ তোমার জন্য ভালো কিছু রেখেছেন।",Positive
এই যাবত যত মুভি দেখছি সব থেকে সেরা এবং জীবন পাল্টে দেওয়া মুভি এটা জীবনের চিন্তা পাল্টিয়ে দিলো এবার,Positive
"এটা দেখার পর আমার অনেক উপকার হয়েছে ,আমি অনেক সমস্যা ছিলাম কোন কিছু বুঝতে পারছি না, এখন আলহামদুলিল্লাহ",Positive
"টা দেখেছি, তার পর ও দেখছি কারণ আপনার বোঝানোর ধরণ সবার চেয়ে আলদা, ভালোবাসা নিবেন দাদা আমার মত সিনেমা প্রেমীদের থেকে।",Positive
"ভাই মুভিটা দেখে চোখে পানি এসে গেলো, কমেন্ট না করে থাকতে পারলাম না,  মুভি এক্সপ্লাইন দেখে জীবন কি একটু হলেও অনুভব করতে পারলাম। আর মৃত্যুর ভয় পেয়ে গেছি। সত্যি আপনার মুভি দেখে লাইফে অনেক কিছু শিখেছি। শুধু শিখিনি।  সেই সাথে মিভিতে অভিনয়ে ঘটে যাওয়া সকল মুহুর্ত আমি আমার নিজের সাথে তুলনা করেছি।  সো সব শেষে একটা কথা না বল্লেই নয়। আপনাকে অজস্র সেলুট। আমাদের এতো সুন্দর মুভি খুঁজে খুঁজে এক্সপ্লাইন করে দেওয়ার জন্য।",Positive
অনেক বাস্তববাদী ও শিক্ষনীয় একটি ছবি। সেই সাথে ব্যাখ্যাটুকুও যথাযথ,Positive
জীবনের মানে শিখিয়ে দিয়েছে মুভিটা,Positive
"ওপর ওয়ালাকে বলবো যাই করি না, যেমনি পরিস্থিতি আসুস না কেনো এই মুভির প্রত্যেকটা ঘটনা যেনো মাথায় থাকে",Positive
"অনেক সুন্দর একটা মুভি। সত্যি সিনেমা যে জীবনের দর্পণ, জীবনের কথা বলে, এই মুভিই তার উধারন।  ধন্যবাদ ভাইয়া এত সুন্দর করে মুভির কাহিনীটি সবার মাঝে তুলে ধরার জন্য।গ",Positive
"সত্যি মুভিটা দেখে এখন আর কষ্ট পাই না কারো জন্য,কারণ জীবন সত্যি কারো জন্য থেমে যায় না,,, সময় নিজের গতিতে চলতে থাকে।",Positive
আমিও ভাবতাম আমি না থাকলে ফ্যামিলির কি হবে আজ বুঝলাম।এখন নিজেকে নিয়ে ভাব্বো মনের ছোট ছোট সুখ গুলো পেতে চাই,Positive
সত্যি আপনার ভিডিও গুলো জতো দেখি ততো আবাক হচ্ছি  অনেক ভালো মুহূর্ত কাটাচ্ছি আমি আগে খুব একা একা লাগতো বাট আপনার ভিডিও গুলো দেখার পরে বাস্তব জীবনে ফিরে আসতেছি,Positive
আমার জীবনে দেখা অন্যতম সুন্দর একটা ছবি।  যা আমাকে অনেক কিছু শিখিয়েছে,Positive
"জীবনে কখনো ইচ্ছে করে খারাপ কাজ করা উচিত না, তার ফল আমাদের পোহাতেই হবে",Positive
আমি গতকাল এই মুভিটা দেখেছি। সত্যি মুভি আমাদের বাস্তবতা চরমভাবে বুঝিয়েছে। সত্যি এই পৃথিবীতে কোন কিছু ই কারো জন্য থেমে থাকে না,Positive
"তো ব্যাপার এখানে কয়েকটা, লাইক করে দিছি কমেন্টও করে ফেললাম। ধন্যবাদ ভাই।ভাইয়া আপনি কি মুসলমান?। তাহলে শুরুতে সালাম দিবেন",Positive
আমি মুভির এক্সপ্লেনেশন দেখে  কখনো কাউকে কোন কমেন্টস বা রিভিও করিনি। কিন্তু এই মুভির এক্সপ্লেনেশন শুনে  কমেন্ট করতে অনেকটা বাধ্য হলাম।  এক কথায় অসাধারন! বিশেষ করে শেষের উপদেশ গুলো।,Positive
"ধন্যবাদ ভাই এতো সুন্দর একটা মুভি এতো ভালোভাবে এক্সপ্লেইন করার জন্য। এই মুভিটা দেখে জীবনের মূল্য ও সময়ের মূল্য বুঝলাম। এখন জীবনটাকে সহজ মনে হচ্ছে, অনেক দুশ্চিন্তা দূর হয়েছে",Positive
আল্লাহ যা করেন ভালোর জন্যই করেন,Positive
এটা শুনার পর জীবনের নতুন অধ্যায় শুরু হল,Positive
"এতো ভালো একটা শিক্ষণীয় মুভি আগে দেখিনি,,,কারো জন্য কারো জীবন থেমে থাকে নাহ,,,এটাই বড় শিক্ষণীয়",Positive
আমি অনেক মুভি দেখেছি। কিন্তু এই মুভিটা বাস্তবে সাথে অনেক মিল আছে।,Positive
তারাতারি মুভিটা পেয়ে মহা খুশি দাদা আজ মনটাও খারাপ আপনার মুভিটাও পেয়ে গেলাম হয়তো মনটা ভালো হয়ে যাবে,Positive
জীবনের প্রথম কঠিন সত্য হলো মৃত্যু যেটা আমরা কখনোই সিরিয়াস নিই না,Positive
কি বলবো মুভিটার কথা বোঝাতে পারছি না এতো ভালো লাগলো অস্তির  অসাধারণ একটা শিক্ষনীয় মুভি মুভি শেষে যে মেসেজগুলো আপনি দিয়েছেন কি বলবো অসাধারণ গানটা কিন্তু অনেক ভাল লাগছিল ফাইট্টা যায়,Positive
মুভি টা দেখে চোখে পানি চলে এসেছে আজ আমি ও নিজের পরিবারের জন্য বাইরে এসে পরে আছি,Positive
অনেক কিছু শেখার আছে মুভিটার মধ্যে,Positive
আমাদের ভাগ্যে যা আছে আমরা তাই পাবো। কিন্তু আমরা নিজেকে চালাক মনে করে হালাল জিনিস আমরা হারাম পথে নিয়ে আসি,Positive
"দাদা মুভিটা অসাধারণ ছিলো।চোখে জল চলে আসলো,,,, জিবনের মায়ায় আবার মায়া পড়ে গেলাম।এবাই একদিন ছেরে যেতে হবে।।",Positive
"জীবনে সেরা মুভি দেখলাম,ধন্যবাদ ভাই",Positive
কেউ কারো নয় এটাই বাস্তব সত্য,Positive
ভাইয়া এই মুভিটা দেখে সত্যি আজকে মুগ্ধ হয়ে গেলাম সত্যই দুনিয়াতে কাউকে ছাড়া কেউ থেমে থাকে না কিন্তু আমরা সেটা বুঝি না কও আমরা দুনিয়ার সবকিছু নিয়ে ব্যস্ত থাকি আখেরাত বুলাও যে আমাদের জীবনে কিছু আছে এটা আমরা ভাবতেই ভুলে গেছি,Positive
সত্যিই  ভাইয়া অসাধারণ সুন্দর গ্রেট পাওয়ার গ্রেট অকলপনীয় সত্য ভিডিও  পারলে ভাইয়া এই জাতীয় শিক্ষীনিয় ঘটনার মুভির ভিডিও দয়া করে দিবেন।,Negative
"জীবনের উদ্দেশ্য ই আমরা ভুলে যাই জীবিকার জন্য, অসাধারণ একটা ছবি,,",Positive
ভাই চোখের জল সালমাতে পারলাম না,Positive
আমার দেখা মুভির মধ্যে এই মুভিটা অনেক আলাদা। আমার জীবনে এই মুভিটা অনেক শিক্ষণীয়।ধন্যবাদ ভাইয়া।,Positive
আমার জীবনের সব চেয়ে পছন্দ শিক্ষনীয় এবং ইমোশনাল মুভি।  চোখের পানি ধরে রাখতে পারলাম না,Positive
"ভাই রে ভাই আমি আপনার প্রতিটি মুভি দেখি, কিন্তু আমার জীবনের সেরা শিক্ষনীয় বাস্তবমুখী মুভি আজ উপভোগ করলাম... অসাধারণ",Positive
"যতক্ষণ দেখলাম, একবারের জন্যও মনে হলো না যে এটা সিনেমা, বাস্তবের সাথে মিল  মনে হলো",Positive
"অনেক ধন্যবাদ আপনাকে, কিছু বলার নেই। বলার ভাষা হারিয়ে ফেলেছি। অজান্তেই চোখ ভিজে আসছে,,,,,,",Positive
আমার জীবনে দেখা সবচেয়ে ভালো মুভি। এত সুন্দর  করে উপস্থাপনা করছেন। সাবস্কাইব না করে পারলাম না। চোখ দিয়ে অনবরত পানি ঝরছে।  ওর মতো যদি আমিও আমার জীবনের ভূল আর সঠিক সিদ্ধান্ত টা বুঝতে পারতাম।  আমি শুধু জানি আমি পথভ্রষ্ট দিশেহারা।  সঠিক পথ ধরে কবে হাটবো।  কেন এত এত স্বপ্ন।,Positive
যে যতই ক্ষমতাধর লোক হোক না কেন সে যদি মারা যায় তার জন্য কোন কাজ অসম্পূর্ণ থাকবে না,Positive
"ধন্যবাদ ভাই,  ভালোবাসা অবিরাম",Negative
"অনেক সুন্দর মুভি এটা,,,,চোখের জল বের হয়ে আসতেছে",Positive
ভাই সত্যিই আমার জীবন টা পাল্টে দিচ্ছে ধন্যবাদ আপনাকে,Positive
ভাইয়া।  কি বলব এককথায় জাস্ট অসাধারণ হয়েছে। কমেন্ট করতে বাধ্য যেকেউ।  কান্না আসবে সিওর এটা দেখলে।  আপনার অধিকার আছে ভাই এতো সুন্দর করে উপস্থাপন করার জন্য,Positive
"আস্সালামুআলাইকুম সবাইকে  : বলে বুঝাতে পারবো না কেমন হয়েছে, আমার জীবনের সাথে মিলে গেছে, , মুভিটা আমার হৃদয় ছুঁয়ে দিয়েছে, কিছু কিছু ভুল আছে ইনশাআল্লাহ সেগুলো শুধরে নিবো!! আমার জীবনে যত গুলো শিক্ষণীয় ভিডিও দেখেছি, তার মর্ধে ( 1 ) নাম্বারে এই মুভিটি। আপনাকে অসংখ্যখো ধন্যবাদ। আমি কমেন্ট করতে বাধ্য হলাম এই শিক্ষণীয় ভিডিওটি দেখে। পাশে আছি এগিয়ে জান। দোয়া করি সব কিছু ভেবে চিনতে কাজ করবেন! সবার কাছে একটাই প্রশ্ন রইলো, সেটা হলো :-  * আপনি মারা যাওয়ার আগ পযন্ত আপনার - কাছে সব থেকে মূল্য বান জিনিসটা কি মনে হয়!! ️️ আমার কোনো ভুল হলে মাফ করবেন!!",Positive
"ভাই আপনার সাথে সরাসরি দেখা করতে পারলে আমি অনেক খুশি হতাম,,, অনেক ভালো লাগলো ভাই এতো সুন্দর করে সাজানো সুন্দর সুন্দর মেসেজ দেন,,",Positive
"ও জান ও জান রে  ধন্যবাদ তোমাকে  অচথির  আমি বুঝি কেন এতো ভালো লাগে এই মানুষ টার ভিডিও  আল্লাহ পাক তোমাকে অনেক অনেক ভালো রাখুক  সুস্থ রাখুক,,, আমিন  আমার কোন কথায় কষ্ট নিবা না ভাই,,,খুশি তে আর আবেগে অনেক কিছুই লিখে ফেলি,,, আমি চাই না আমরা একটা কমেন্টের কারনে তোমার কোন ক্ষতি হোক,,,সো বাই বাই",Positive
মন ছুঁয়ে গেল ভাই। অস্থির,Positive
"ভাইয়া মুভিটা সত্যি অসম্ভব সুন্দর,, আর সাথে আপনার বলার ধরন এক কথায় অসাধারণ সুন্দর হয়েছে",Positive
"সত্যি এ এটাই জীবন,,,অসাধারণ মুভি,,শুধু মুভি বললে হবে না,,এটাই জীবন,,ফলাফল।",Positive
মুভিটা দেখে  অনেক  কিছুই  শেখার  আছে,Positive
ভাই মুভিটা দেখার মাঝেই আপনার সেইম মুভির এক্সপ্লেশন তাই মুভি দেখা বাদ দিয়ে আগে আপনার গল্প শুনব স্বাদ পেয়ে যাব️,Negative
ভাই এ মুভিটা কখন ও ডিলেট করবেন না। এটা অনেক বড় পাওনা আর জীবনের মোড় ঘুড়ানো মুভি। এটাই প্রয়োজন ছিল আমার জন্য এ মুহুর্তে আর এজন্য আপনাকে অনেক ধন্যবাদ দাদা। আপনার সব মুভি এক্সপ্লেইন দেখি তবে একটা মুভি খুব মিস করি ভাই যে একটা গংস্টার এর মুভি ছিল যার বাবা ছিল ১০০ জন যোদ্ধার লিডার তার বাবা মারা যাবার পর সে হলো তাদের লিডার সে মুভিটা কই দাদা।যদি সম্ভব হয় সেটা আবার দেন।,Negative
"আসলেই জীবন টা এমনয়৷  শুধু শুধু দুনিয়ার মরিচিকার পিচনে চুটতেছিহায়রে দুনিয়া,, স্বার্থপর দুনিয়াতে শুধু শুধু কস্ট করতেছিআল্লাহ আপনি আমারে মাপ করে দিয়েন আপনি ছাডা আমার আপন কেউ নাই",Positive
অনেক অনেক ধন্যবাদ ভাইয়া।,Positive
ভাই আপনার গান শুনে হাসতে হাসতে ঘুমন্ত জামাইকে সজাগ করে ফেলছি,Positive
আপনার কথাগুলো শুনে ভালো লাগলো। প্রেরণা পাওয়া যায়,Positive
ভিডিও একদম মিস করতে চাইনা কোথায় কপিরাইট হয়ে ভিডিও উড়ে যাবে তাই ভিডমেটে ডাউনলোড করে নেই,Positive
সত্যি অসম্ভব একটা সুন্দর মুভি  আর সিক্ষনিয়,Positive
এই মুভিটা আমার জীবনের সবচেয়ে সন্দর একটা মুভি।  জীবনের আসল অর্থই বলে দেয় এই মুভিটা।,Positive
ছবিটা আসলেই শিক্ষনিয় গল্প। চোখে জল এসে গেল।,Positive
"ধন্যবাদ ভাই মুভিটা দেওয়ার জনয়, কারন এখন বাংলাদেশে খেলা দেখে বোর হয়ে গেছি",Positive
আমার জীবন এর সেরা মুভি এটা।  এর থেকে ভাল মুভি লাইফ এ আর আসবে না,Positive
আপনি মানেই সেরা মুভি দেখার আগেই লাইক কমেন্ট করলাম ভালোবাসা নিয়েন ভাই,Positive
আমার দেখা বেস্ট কাহিনি এটা। ধন্যবাদ ভাই  আমাদের এত চমৎকার একটা মভি এক্সপ্লেনেশন উপহার দেওয়ার জন্য,Positive
ধন্যবাদ ভাই। এতো গুরুত্বপূর্ণ একটি মুভি আমাদের মাঝে এতো সুন্দর করে উপস্থাপনা করে উপহার দেবার জন্য।,Positive
এর থেকে ভালো শিক্ষনীয় মুভি  আর হয় না। ভাইয়া  আপনাকে অনেক ধন্যবাদ।,Positive
মুভিটা আমি অন্তত ১০ বার দেখেছি। এতো শিক্ষা অর্জন করলাম যা বলে বোঝানোর মতো না,Positive
জানি মুভি ভালো হবে তাই কমেন্ট করতে আসলাম,Positive
সত্যিই এই মুভি থেকে অনেক কিছু শিখতে পারলাম। আর সত্যি বলতে চোখ দিয়েও পানি ঝড়েছে,Positive
"আহা জীবন ,আর আমরা সারাজীবন ভাবি আমি ছাড়া আমার পরিবার এর কি হবে",Positive
"ধন্যবাদ।  অত্যন্ত শিক্ষণীয় একটি ছবি। কাহিনির সাথে পরিচয়-করিয়ে দেবার জন্য ধন্যবাদ।  ছবির শেষে, আপনার  মন্তব্যের জন্য আরও একবার ধন্যবাদ।",Negative
কান্না এসে গেছে,Positive
সত্যি মুভিটা দেখে অনেক কিছু শেখার আছে জীবনের মানে বুঝিয়ে দিয়ে গেল,Positive
"বলার কিছু নেই,,,,,ধন্যবাদ",Positive
যে নামাজ পড়ে না সে যদি এই মুভি টা দেখে সে অবশ্যই কাল থেকে নামাজ পড়বে.... আমি নিজেই আজকে নিজেকে বদলে ফেলবো। আল্লাহ আমার সব খারাপ কাজ গুলো যেনো মাফ করে দেয় সেই জন্য আল্লাহর কাছে মাফ চায়।,Positive
অনেক ভালো লাগলো ভাই অনেক শিক্ষনীয় একটা  মুভি ছিলো ধন্যবাদ  কিছু কিছু সিন দেখে চোখে পানি চলে আসছে,Positive
কথাটা সত্য ছিলো,Positive
"ভাই  আপনার  কথা  গুলো  শুনলে,আত্তশক্তি  বাড়ে ,অনুপেরনা  জোগায় ,তাই  শেষ  পযন্ত  দেখি  আপনার  শেষ  কথা  গুলো  শূনতে",Positive
ভাই কি বলবো অসাধারণ। এরকম আরও কিছু মুভি এক্সপ্লেন করিয়েন,Positive
দারুন একটা গল্প,Positive
আমার জীবনেরই সাথে মিলে গেছে আমার ও বাবা নেই আমি ও ছোট বেলায় থেকে আমার পরিবারের দেখভাল করতেছি আমার ছোট ছোট ভাই বোনদের মানুষ করছি  ভাই আপনার কাছে অসংখ্য ধন্যবাদ,Positive
"ভাই ভিডিওর শেষে আপনি যে কথাগুলো বলছিলেন, সেখান থেকে আমাদের অনেক শিক্ষা নেওয়ার আছে। লাভ ইউ ভাই",Positive
আমার তো কান্না পেয়ে গেছে,Positive
"ভাইয়া আপনি বেশি করে মধু খেয়েছিলেন ছোটবেলায়, তাই ভয়েজ এত সুন্দর ️",Positive
নিজেকে গুরুত্বপূর্ণ ভাবা ছাড়তে হবে।চেষ্টা র পর যা থাকবে তাই আমার জন্য। চমৎকার তথ্য ছিল।ভালো লেগেছে।,Positive
মুবিটা দেখে অনেক কিছু শিখলামধন্যবাত ভাই,Positive
অনেক সুন্দর করে বুঝিয়েন,Positive
কিছু বলার নাই ভাই সত্যিই আমরা অপরাধী। মরতে একদিন হবে জানি তবু ইবাদাত করি না।,Positive
ভাই  প্রতিদিন একটা করে মুভি এক্সপ্লেন চাই ভাই আমরা,Positive
ভাইয়ার মুভি গুলো যাঁরা দেখে এবং কমেন্ট  করে সত্যি এই যুগে তাঁরা অনেক রুচিশীল মানুষ,Positive
কিছু বলার নেই ভাই জীবনে অনেক কিছু শিখেছেন,Positive
জীবনে কিছু শিখতে হলে এই ছবি দেখা উচিত,Positive
ভাইয়া এমন মুভি আরো চাই।সেই সাথে আপনার সুস্বাস্থ্যের কামনা করি।,Positive
"আসলেই সিনেমাটা দেখে অনেক ভালো লাগলো, অনেক কিছু শেখার আছে, এখন আমার মনে হচ্ছে হলিউডের কাল্পনিক সিনেমার চেয়ে এরকম সিনেমাই ভালো।",Positive
এই মুভিটায় লাইক না দিলে ভালো কিছু শিখতে পেরেছি বলে মনে হবে না তাই লাইক দিলাম,Positive
আমি দেখলাম একটা ভাই তার পরিবারের জন্য সবকিছু করে। অথছ তার কোনো দামই নেই।কেউ তাকে নিয়ে ভাবেও না। ছেলেদের জীবন বোধহয় এমনই,Positive
"আগেও একটা চ্যানেলে মুভির এক্সপ্লেনেশন দেখেছি। কিন্তু প্রিয় মানুষের চ্যানেল, প্রিয় ভয়েস তাই আবারো দেখলাম",Positive
সময় বড়ই কঠিন  বস!,Positive
মুভি আমি দেখেছি অনেক সুন্দর আসো কেও কারো না এটাই,Positive
"অনেক ধন্যবাদ, খুব ভালো লাগলো, জীবন কর্ম ও মরণ সব কিছু স্বাভাবিক ভাবে হয়ে থাকে যাহ আগে থেকেই নিরধারীত ,শুধু আমার চেষ্টা কি ছিল তা আমর হয়ে থাকবে, শিক্ষনীয় ও অনুকরণীয়,",Positive
ভাই আপনার এক্সপ্লেন এর ফ্যান হয়ে গেলাম,Positive
অনেক ধন্যবাদ এত তাড়াতাড়ি ভিডিও দেওয়ার জন্য  অনেক সুন্দর হয়েছে,Positive
সাউথের মুভি স্ক্রিপ্ট আর তোমার এক্সপ্লেইন দুটো পুরো চুমু  🇮🇳,Positive
সবদিকে মিলিয়ে  পারফেক্ট একটা মুভি ছিল ভাই   এই মুভিটা বলিউডে অজয় কুমার করছে ২০২৩ সালে ছবির নাম,Positive
সুন্দর একটা ছবি ছিলো   অনেক কিছু শিখিয়ে গেলো,Positive
এই মাএ মুভিটা দেখে আসলাম। আমরা এইটুকু জীবন নিয়ে যা ভাবি তার সামান্যটুকু রোলও আমাদের নেই। মৃত্যুই হচ্ছে একমাএ গন্তব্য। মহান সৃষ্টিকর্তার উপর বিশ্বাস রেখে প্রত্যেকটি মুহুর্ত উপভোগ করাটাই শ্রেয়। আপনার কাছে এখন যেটা খারাপ সময় মনে হচ্ছে  সৃষ্টিকর্তা সেটা দিয়ে ভালো কিছু আপনাকে উপহার দেবার জন্য তৈরি করে রেখেছে।,Negative
"এই মুভিটা কিছু দিন আগে দেখছি,,,আজ আবার দেখলাম,,, অনেক ভালো লাগলো আরো মুভি এক্সপ্লেন চাই",Positive
"এত্ত সুন্দর মুভি,সত্যি শিক্ষনীয়,চোখ থেকে পানি চলে আসেছে দেখতে দেখতে,সাউট এর মুভি গুলো সত্যি অসাধারন",Positive
"আসলেই মানব জীবন কারো জন্য থেমে থাকে না, শিক্ষনীয় বিষয়",Positive
"অন্য খানে এই মুভি এক্সপ্লেন  দেখেছি তবে ভালো লাগেনি,,  আপনার জন্য অপেক্ষা করছিলাম, কখন  করবেন  অবশেষে অপেক্ষা প্রহর শেষ হলো ধন্যবাদ অনেক অনেক ধন্যবাদ আপনাকে, ফাস্ট কমেন্ট",Negative
আমিন।খুব খুব খুবই সুন্দর এবং জ্ঞানমূলক মুভি।ধন্যবাদ ভাইয়া।,Positive
কি করে যে আপনাকে ধন্যবাদ জানাবো আসলে বলে বুঝাতে পারব না আমরা মুভি এক্সপ্লেন দেখি ফুল মুভি ও দেখি কিন্তু সেগুলো আসলে আমরা মাথায় নেই না এই যে আপনি যে কথাগুলো বলেছেন একজন বাবা ও তার ছেলেকে বলেনা লাভ ইউ বস,Positive
ভাই মন ছুয়ে গেছে মুভি দেখি আপনাকে অসংখ্য ধন্যবাদ ভাই,Positive
অনেক শিক্ষণীয় একটা মুভি,Positive
মুভি টা আমার সাথে অনেক মিল আছে,Positive
",আমার জীবনে একটি পরিবর্তন হলো এই মুভি টা দেখে। ধন্যবাদ",Positive
অনেক সুন্দর একটা মুভি ভাইয়া,Positive
এই প্রথম কোন মুভি বর্ননা শুনে কান্না পেলো   খুব সুন্দর হয়েছে আপনার বর্ননা,Positive
সত্যিই অসাধারণ মুভিটি।ভালো মানের একটা শিক্ষা আছে।।।যেমন মুভি তেমন এক্সপ্লানেশন।।।।,Positive
ভাই য়া আপনার ভিডিও র কোন তুলনা হয় না...আজ আমি না চাইতেও কান্না করে দিছি কারণ ভাই য়ারা যে এমন হয় আমি জানি না কারণ আমার ভাই নাই,Positive
অনেক ভালো লাগল। জীবনে কাজে লাগবে অনেক । ধন্যবাদ ️,Positive
মুভিটা দেখার পর কিছুক্ষণ নিজেকে নিয়ে একটু ভাবলাম  আর মুভিটা অনেক শিক্ষনিয়,Positive
সত্যিই মন ছুয়ে গেল,Positive
অনেক শিক্ষানিয় মুভিটা,Positive
অসাধারণ,Positive
ভাইয়া আপনি অস্থির এবং আপনার   চয়েছ ও অস্থির,Positive
ধন্যবাদ ভাইয়া অনেক সুন্দর ছবি দেয়ার জন্য অনেক কিছু শেখার আছে ইনশাআল্লাহ চেষ্টা করব পরিবর্তন হওয়ার যেগুলো পরিবর্তন হওয়ার দরকার ছিল আগেই,Positive
"অনেক ভালো লাগলো, বাস্তবতা ️",Positive
শেষের কথা গুলো সত্যি ভাবনার বিষয় আর আমরা সেটা ভাবীই না সত্যিই আফসোস হায়রে মানুষ দুনিয়া দুনিয়া করে মরছি কিন্তু পরকালের জন্য একটুও চিন্তা করি না আমরা/আমি/আপনি/সকলেই আফসোস,Positive
ভাই আপনার এক্সপ্লেইন গুলো দেখে আমি তো পুরোই মুগ্ধ হয়ে যাই আমি আপনার প্রেমে পড়ে গেছি,Positive
৩৯:০৩ সেকেন্ডের এক্সপ্লেনেশন থেকে জীবনের শ্রেষ্ঠ শিক্ষা পেলাম।,Positive
এত তাড়াতাড়ি মুভি দেবার জন্য আপনাকে ধন্যবাদ,Positive
আসলেই অনেক ভালো লাগছে,Positive
দাদা আপনের ভিডিও জন্য অনেক অপেক্ষা করি।।অনেক ভালোবাসা রইল আমার প্রিয় দাদাভাই,Positive
দুই বছরের বেশি হল আপনার ভিডিও দেখি কখনো সাবস্ক্রাইব করিনি আজ করলাম,Positive
সত্যি কেঁদে ফেলেছি,Positive
সত্যি মুভিটা একটা জিনিস খুব ভালো করে শিখিয়েছে কারোর জন্য কারো জীবন থেমে থাকে না আর আল্লাহ যা করে ভালোর জন্যই করে,Positive
অভ্র এরকম মুভি আবারো চাই তোমার কাছে আশা করি অস্থির লেভেলের ছিল সম্পূর্ণ শিক্ষণীয় অনেক কিছু,Positive
আপনার কথা অনেক দিন পরে শুনতেছি ভাইয়া,Positive
ভাই মুভি  যেমন ই হোক...তবে বলতে ই হয়...আপনার শেষের কথা গুলো সেই...লাগলো....,Positive
আমরা তিন ভাই বোন  ভাই বড় বাবা চেয়ে ভাই আমাদের  পরিবারের দেখবার করে আমি  আমার  ভাইকে  অনেক  ভালোবাসি লাভ ইউ ভাইয়া,Positive
ভাইয়া হয়তো অনেক একশন মুভি দেখেছি মারামারি মুভি দেখেছি কিন্তু এই মুভিটা দেখে ভাইয়া বলার মত কিছুই নেই ভাইয়া আমাদের প্রতিটি মানুষকে শিখিয়ে গেছে মৃত্যু কি,Positive
খুব সুন্দর লাগলো মুভিটা ️,Positive
"অসংখ্য ধন্যবাদ, আপনাকে এত ভালো একটা মুভি আমাদের উপহার দেওয়ার জন্য। এই মুভি থেকে অনেক কিছু শিখলাম, আবারও ধন্যবাদ আপনাকে।",Positive
জীবন নিয়ে  কোনো অভিযোগ নেই,Positive
মুভিটা দেখে অনেক কিছু শিখলাম অসাধারণ,Positive
"ভাইয়া আজ আমার মন ভালো না,তাই শুধুই কমেন্ট করে চলে যাবো,আমার মায়ের ডেংগু পজেটিভসবাই দোয়া করবেন।আমিন",Positive
"অসাধারন, এ তো অস্কার পাওয়ার মত মুভি",Positive
অনকে ভালো লাগছে,Positive
শিক্ষনীয় সিনেমা,Positive
মুভি যেমনি হোক  না কেন  আপনার  বুজানোর বেপার দরুন,Positive
মনে গেথে গেছে,Positive
অসাধারণ এক্সপেইন,Positive
ভাই ছবিটা সবচেয়ে সেরা ছবি ছিল।,Positive
এই মুভি থেকে অনেক  কিছু শিখলাম,Positive
আমার জীবন এর সেরা মুভি এটা।  এর থেকে ভাল মুভি লাইফ এ আর আসবে না,Positive
"মুভির বিষয় বলার ভাষা নাই,,, আপনি যদি এক্সপ্লেন না করতেন তাহলে হয়তো এমন মুভি দেখতে পারতাম না,,, ধন্যবাদ ভাইয়া আপনাকে",Positive
অনেক শিক্ষনীয় মুভিটাঅনেক ভাল লাগছে,Positive
ধন্যবাদ ভাইয়া। সাবস্ক্রাইব করে দিলাম।,Positive
কি বলবো ভাই। আমার দেখা বেস্ট মুভি এটা ! অনেক ভালো‌ লেগেছে মুভিটা॥,Positive
আমি অখনো কান্না করছি সত্যি বাস্তব,Positive
আর আপনার সিনেমার ব্যাখ্যা ️️️️,Positive
"মুভিটা খুবই বাস্তব,  দুনিয়াতে তোমার কোন গুরুত্বই নেই",Positive
এটা তো সিনেমা সংক্ষেপ এর ভয়েস,Positive
ভাইয়া তেমন কিছু বলার নাই তবে আপনাকে ধন্যবাদ অনেক কিছু শিখলাম,Positive
ভাই জাওয়ান মুভিটা কবে আনবেন আপনার এক্সপ্লেনের অপেক্ষায় আছি প্লাবন ওয়ার্ল্ড যাওয়ান মুভির  করেছে কিন্তু আমি আপনার এক্সপ্লেন এর আশায় বসে আছি প্লিজ ভাইয়া তাড়াতাড়ি এক্সপ্লেন করেন,Positive
এক কথায় অসাধারণ,Positive
অসাধারণ একটা মুভি,Positive
দাদার ডায়লগ অসাধারণ হয়,Negative
"ভাই মুভিটা অসাধারণ, আর আপনাকে ধন্যবাদ সুন্দর ভাবে বুঝানোর জন্য।",Positive
খুব ভালো লাগছে আপনার কথা ভাইয়া,Positive
আসম্বভ সুন্দর একটা মুভি,Positive
অনেক সুন্দর হয়েছে। শেষের কথাগুলো অনেক বেশি সত্য ও সুন্দর। অনেক ধন্যবাদ,Positive
সত্যিই সিনেমাটা অনেক সুন্দর।,Positive
অসাধারণ ছিলো বন্ধু   সত্যিই শিক্ষনীয়!! ️,Positive
সত্যি খুব খারাপ লাগছে কান্না আসলো,Negative
মুভিটা দেখে অনেক কিছু শিখলাম,Negative
এক কথায় অসাধারণ,Negative
ভাই অনেকদিন পর আবার একটা মুভির কাহিনী আপনার কাছ থেকে শুনলাম অনেক ভালো লাগলো বাস্তব কিছু কাহিনী ধন্যবাদ,Negative
ভাই ভাই আপনার মুভিগুলো অস্থির লাগে তো আমি আপনাকে রিকোয়েস্ট করব যেন বেশি বেশি করে মুভি আপলোড করবেন ধন্যবাদ,Negative
অসাধারণ মামা মুভি টা,Negative
অসাধারণ লেগেছে।,Positive
খুব ভালো ছিলো।ধন্যবাদ।,Positive
মন ছুঁয়ে গেলো,Positive
ভাই মুভি দেখার আগেই লাইক কমেন্ট করি জানি আপনি যেই মুভি দিবেন সেগুলো অনেক শিক্ষানিয়ো হয় আরো তারাতারি মুভি দিবেন,Negative
"জাস্ট অসাধারণ,  মাস্টারপিচ মুভিটা",Positive
সত্যিই অসাধারণ,Positive
সত্যি দারুণ বাস্তব মুখি একটা মুভি,Positive
মুভিটা দেখে চোখে পানি চলে এসেছে। আপনার এক্সপ্লেনেশন অসাধারণ। ভাই আপনি কোন ধর্মের  অনুসারী?,Positive
জীবনের সন্ধান পেলাম।,Positive
ভাই আপনার মুভি এক্সপ্লেন অসাধারণ। বোঝার ক্ষমতা সবার নেই। সবার মাঝে সেই জ্ঞান নেই।,Positive
অপেক্ষায় ছিলাম তোমার ️ ভিডিও কখন আসবে,Positive
ভাইয়া আজকে মুভির মতো অন্য কোনো মুভি আমি আর কখনো দেখি নাই,Positive
সত্যিই অসাধারণ মুভি। আমার নিজের জীবন দিয়ে উপলদ্ধি করলাম,Positive
"মুভিটা এক কথায় অসাধারণ, অনেক কিছুই শিখিয়ে গেল",Positive
"অসাধারণ একটা মুভি,মুমিন ভাই️ এইবার জয়পুর গেলে দেখা করবো ইনশাআল্লাহ ️️",Positive
"ভাই মুভির মেসেজ থেকে আপনার এক্সপ্লেনের শেষে যে মেসেজ আপনি  দিয়েছেন, অসাধারণ, আই সেলুট ব্রো আইসেলুট।",Positive
আমার জীবনের প্রথম কমেন্ট তোমাকে করলাম। অনেক আগেই থেকে আমি তোমার  দেখেছি। কিন্তু কমেন্ট করার মতো সাহস হয়নি। আমি তোমার অনেক বড় ।  আমার তোমাকে অনেক ভালো লাগে ।তোমার  গুলো  অসাধারণ। তুমি করে বলছি কিছু মনে করো না ।।। কাছের মানুষদের তুমি করে বললে সম্পর্ক মধুর হয় । তোমার  থেকে বাস্তব জীবনের অনেক কিছু শিখতে পারি ।।।। আর একটা কথা রোমানা আপু তোমার কে হয়? রোমানা আপুর ও মুভি গুলো অনেক সুন্দর ।।।।   একটা কমেন্ট করবে। অনেক ভালোবাসা রইল।।।। আর ভগবান তোমার মঙ্গল করুক ।।,Positive
"ভাই আপনি একজন শিক্ষক,,,",Positive
এই মুভি টা আসলেই অসাধারণ ছিলো।,Positive
দেখলাম ভালো লাগলো,Positive
আপনার ভয়েস  মাশাল্লাহ,Positive
"ধন্যবাদ ভাই আপনাকে অনেক ধন্যবাদ ভাইয়া,,,  নিজেকে অনেক শোধরে নিলাম ইনশাআল্লাহ।",Positive
আপনার ৪ নাম্বার লাইনটা সেই ছিলো,Positive
সত্যি বলতে অসাধারণ,Positive
হৃদয় ছুয়ে গেছে অনেক কিছু শিখলাম,Positive
অসাধারণ 🥹,Positive
এক কথায় চমৎকার অসাধারণ খুব সুন্দর দারুণ ধন্যবাদ ।,Positive
ভাই এভিডিওটা দেখে আমার ভুল বুসতে পারলাম কমেনটা করতে গিয়ে আমার চোখ দিয়ে পানি পরেগেলো ভাই দোয়া করবেন আমি জেনো আমার লকখো তে পউছাতে পাড়ি,Positive
এই মুভি দেকে জে  নিজের মধ্যে পরিবর্তন আনতে পারবে  সে কোনো সময় আপনার এরকম একটা মুভি  এক্সপ্লেশন করার জন্য আপনাকে ধন্যবাদ দিবে,Positive
সত্যি হলো মৃত্যু এক দিন আমরা পৃথিবীতে ছিলাম না এখন আছি একদিন থাকবো না। পৃথিবীতে,Positive
অসাধারণ। এত সুন্দর মুভি দেওয়ার জন্য অনেক অনেক ধন্যবাদ ভাইয়া,Positive
চোখের পানি মুছে মুছে সিনেমা দেখা চালিয়ে যাচ্ছি,Positive
কি বলবো বলার ভাষা নেই,Positive
"মুভিটা অনেক শিক্ষণীয়, অসাধারণ এক্সপ্লেন আপনার।",Positive
আমার জীবনের একটা শিক্ষনীয় মুভি,Positive
ভাই অসাধারণ একটি মুভি,Positive
কেমন জানি কান্না করে দিলাম,Positive
দারুন লাগলো। আরো ভিড়িও চাই দাদা।।,Positive
আমার দেখে সবচেয়ে অনুপ্রেরনা  মূলক ছবি ভাইয়া৷,Positive
সত্যি মুভিটা অনেক ভালো কিছু বুঝিয়েছে,Positive
সত্তি ব্রো অসাধারণ শিক্ষনীয় মুভি...,Positive
খুব ভালো লাগলো মুভি পেয়ে,Positive
"আমার জীবন, শেষটা বাকি দেখার",Negative
অসাধারণ ছিলো,Positive
মাশাআল্লাহ অনেক সুন্দর,Positive
অসাধারণ একটা মুভি উপহার দিলেন ভাই,Positive
আমার জীবনের সেরা মুভি।,Positive
অনেক ভালো লাগলো,Positive
অল্প কথায় গভীর কিছু অনুধাবনের সুযোগ৷,Positive
সুন্দর ভাবে বুঝিয়ে দিলেন ধন্যবাদ,Positive
সত্যিই অসাধারণ একটা মুভি।,Negative
"এমন,এমন মুভির গল্প আরো দেখতে চাই",Positive
আপনাকে অসংখ্য ধন্যবাদ,Positive
বাংলাদেশের ক্রিকেট খেলা বাদ দিয়ে   দেখি। কিছু শেখার আছে,Positive
অনেক সুন্দর,Positive
খুব সুন্দর বুঝিয়েছে ধন্যবাদ🇧🇩,Positive
ভাই অসাধারণ ছিলো মুভিটা।  জীবন থেকে অনেক কিছু শিখতে পারলাম। এই রকম মুভি আরো চাই।     বিস 🫡🫡🫡,Positive
"অসম্ভব ভাল লাগল,,,ধন্যবাদ রে",Positive
সুন্দর ভাবে উপস্থাপন করেছেন সংক্ষেপে,Positive
অসাধারণ একটি মুভি,Positive
অনেক  ধন্যবাদ,Positive
অসম্ভব সুন্দর একটা মুভি,Positive
কান্না চলে আসলো!,Positive
অসাধারণ,Positive
মুভিটা আমি দেখেছি কিন্তু আপনার ভিডিও বলে কথা না দেখে থাকি কি করে,Positive
চমৎকার,Positive
এটা দেখে অনেক কিছু শিখলাম।  ধন্যবাদ,Positive
খুব ভালো লাগলো ধন্যবাদ,Positive
খুব সুন্দর একটি মুভি,Positive
মুভিটা ধরে ধরে সবাইকে দেখানো উচিত,Positive
অসাধারণ,Positive
আমরা দুনিয়ার মোহতে ভুলে যাই আমাদের এক দিন মৃত্যু হবে।,Positive
অসাধারন শিক্ষনীয়,Positive
আমিতো বাস্তবেই এসব জানি মানুষ আসলে একা পাসের সবাই সারথের জন্যই পাশে থাকে,Positive
অনেক কিছু শিখিয়ে গেলো মভিটা,Positive
"সিনেমা হলে যাবে, কর্নার সিটে বসবে, আরো কত কি করবে",Positive
অনেক ভালো লাগলো মুভিটা।,Positive
সাইথ ইন্ডিয়া মুভি গুলোর স্টোরি গুলো অনেক ভালো লাগে,Positive
অসাধারণ ভালো লেগেছে,Positive
অনেক কিছু শিখলাম  আমি আমার সংসারের মানুষদের জন্য ভালো কিছু কোরতে গিয়ে নিজেই এখন সংসারের মানুষেদের কাছে ঘৃণিত  তাই এই মুভির এক্সপ্লান দেখে জীবনের চলা কিছুটা হলেও শিখতে পারলাম,Positive
নাইস,Positive
আজ যদি একটা বোন থাকতো।বোনের আদর সব থেকে বেশি মিস করি,Positive
ভালো লাগলো,Positive
আমার জীবনের দেখা সেরা মুভি........,Positive
আপনার সাথে কথা বলার খুব ইচ্ছে ছিল,Positive
এতো সুন্দর মুভি,Positive
"ভাই এত সুন্দর ভাবে আপনি কিভাবে কথা বলেন, আমার সেটা খুব জানতে ইচ্ছে করে,",Negative
আপনার এই চ্যানেল এবং সিনেমার সংক্ষেপে যতগুলি ভিডিও আছে সবগুলি আমার দেখা হয়েছে এখান থেকে আমি অনেক কিছু শিখতে পেরেছি দোয়া করি আপনার কাছ থেকে আরও কিছু শিক্ষুক মানুষ,Positive
সুন্দর,Positive
সেরা,Positive
মুভিটাঅনেক সুন্দর হয়েছে,Positive
"বড় ভাই  উপর তলা থেকে আসছে ,মার্ক এর মামা রে যে 10সেগেনট পরে যেতে বলল আর অমনি মাথায় টাক খাইলো ,ঐ বিসয়টা দিলে ভাল। হত এরকম বিসয়  করবেন না,,,",Positive
আমার জীবনের মত একটা সিনেমা,Positive
ভাইয়া আমি এই মুবি গল্প দেখিছি অন্য আরেক জন বলছিল তার গল্প বলার বাল লাগেনাই আপনার গল্প শুনার জন্য অপেক্ষা তাকি আপনে অনেক বালবাবে বুজান অসাদারণ,Positive
শিক্ষা অনেক কিছুআছে,Positive
"অসাধারণ দাদা,, সাবাস,,, ভারত থেকে বলছি",Positive
একদম বাস্তব সত্য।সেই,Positive
সত্যি মন কে শান্ত করার মতো একটা এক্সপেলেনেশন মুভিটা??,Positive
খুব ভালো লাগলো,Positive
তাহলে এই পরিবারের জন্য নিজের জিবন পুরোটা  করার কি দরকার,Positive
অনেক ভালো লাগলো।,Positive
অসাধারণ একটা গল্প,Positive
খুবই ভাল্লাগল।ধন্যবাদ ভাই।,Positive
অনেক শিক্ষা পেয়েছি এই মুভি থেকে,Positive
ভাল লাগিল ভাই,Positive
ভালো,Positive
গানটা কিন্তু অসাধারণ ছিলো ফাইটা যাই বোক টা ফাইটা যা এই পণ্ডিতের চেহারা দেখলে মরা মানুষ হাসতে শুরু করবে,Positive
অসাধারণ,Positive
অসাধারণ,Positive
অসাধারণ,Positive
অসাধারণ,Positive
অসাধারণ,Positive
কসম ভাই ভিডিও টা দেখে আমার চোখে পানি চলে আসছে,Positive
সত্যি অনেক  শেখার  আছে মুভিটাতে,Positive
ভাই আমি আপনার বিকপেন,Positive
মুভি চাইতেও আপনার এক্সপ্লেনেশন সুন্দর ছিল,Positive
এটা তামিল সিনেমার রিমেক। অচিরার গপ্প সপ্প এই চ্যানেলে আছে এর অরিজিনাল সিনেমা টা।ঐ মুভি তে ভাই এর জায়গায় বাবা ছিলো।,Positive
"বলার ছিল, সবই বলা শেষ।",Positive
"এক্সটা কথা না বলাই ভাল হয়, এতে ভিডিওর সৌন্দর্য মান ঠিক থাকবে।",Positive
"সুযোগ থাকলে  আপনার সাথে কোনো একদিন দেখা করবো,,,,,,আমি নিশ্চত আপনি খুবই ভালো মনের একজন,,,,,,,শুভ কামনা সবসময়ের জন্য।।",Positive
অনেক অনেক অনেক ধন্যবাদ জানাই আপনাকে এই সুন্দর ভিডিওটি আমাদের পাঠানোর জন্য দেখানোর জন্য,Positive
আপনার ভয়েজ টা অনেক সুন্দর,Positive
অনেক কিছু বুঝতে পারলাম।,Negative
- দারুন একটা মুভি!,Positive
অনেক শেখার আছে,Positive
"আমার দেখা সবচেয়ে সুন্দর মুভি,,শিখতে পারলাম অনেক কিছু",Positive
ব্রো ওয়ান্ডারফুল মুভি ধন্যবাদ এই ছবি এক্সপ্রেশন করার জন্য আল্লাহ আপনাকে নেক হায়াত দান করুন,Positive
"ভাইয়া, সিনেমা সংক্ষেপ চ্যানেলে মুভি দেন না কেনো?",Positive
অসাধারন  ভাই,Positive
আমার জীবনের সেরা মুভি,Positive
আপনার শেষের কথা মিলিওন লাইক পাওয়ার যোগ্য।,Positive
নাইস,Positive
শিক্ষামূলক একটা গল্প।,Positive
অসাধারণ  একটা মুভি!ধন্যবাদ ভাইয়া,Positive
অনেক সুন্দর একটা মুভি,Positive
অসাধারণ ছিলো,Positive
শিক্ষামূলক,Positive
মুভিটি আগে দেখার জন্য তেমন মজা পাইনি এক্সপ্লেন তবে মুভিটি দেখার মত ছিলো!  মুভি দেখেছি তারপরও আপনার এক্সপেলেন দেখলাম ভালো লাগলো!,Positive
আল্লাহ আমাদের সবাইকে মাফ করে দেন,Positive
খুভ ভালো লাগলো,Positive
"মুভিতো ভালো ঠিক আছে কিন্তু লাস্টে যে আপনার মোরাল অফ স্টোরি বলেন তা এত ভালো লাগে,, প্রশংসা করে আগাতে পারছিনা",Positive
খুবই চমৎকার একটা রিভিউ।,Positive
মনের মত ছবি।,Positive
খুব সুন্দর,Positive
চোখে জল চলে এলো ভাই,Positive
এটাই বাস্তব হবে হয়,Positive
সত্যি খুবই সুন্দর একটা মুভি,Positive
ভিডিও থেকে অনেক  কিছু শিখলাম,Positive
অনেক সুন্দর,Positive
আই স্যালুট স্যার লাকসাম থেকে,Positive
আহা জীবন!,Positive
ভাই আপনার আগের চ্যানেলটা কি বন্ধ? ঐটা তো এখন দেখি না।,Positive
ভাইয়া মুভিটা কি আপনার অন্য চ্যালেনে আপলোড করেছিলেন?দেখেছি মনে হচ্ছে!,Positive
সত্যি এই মুভিটা অনেক সুন্দর একটা মুভি আমি মুভিটা অনেক কিছু শিক্ষা নেওয়া আছে যেটা বুঝতে পারলে খুব সুন্দর এই মুভিটা দেওয়ার জন্য,Positive
অনেক ভালো লেগেছে ভাই অনেক,Positive
আমার জীবনটাও এই মার্কের হতো,Positive
জাস্ট অসাধারণ,Positive
"এটা আমার মুভি, এটা আমার বায়োপিক...",Negative
"আমার দেখা, সেরা ১ টা মুভি",Positive
ধন্যবাদ ভাই আমাকে কিছু ভাবতে দিয়েছে,Positive
"শিক্ষনীয় একটা মুভি,",Positive
সিনেমা ও এক্সপ্লেন অসাধারণ ।,Positive
আমার জীবনের বেস্ট শিক্ষনীয় মুভি,Positive
আজ সাবস্ক্ৰাইব করে দিলাম। আপনার অনেক বড় ভক্ত ভাইয়া। আর আমার আপনার সাথে কথা বলার খুব ইচ্ছা,Positive
ধন্যবাদ।  অনেক কিছু শিখতে পারলাম।,Positive
ভাই গল্প টা অনেক ভালো লাগছে,Positive
খুব বেসি ভালো লাগলো মুভিটা,Positive
মোভিটা সেই,Positive
অসাধারণ,Positive
"ভাই রাভি রেজার    করেন,প্লিজ।",Positive
বাহ ভালো লাগলো,Positive
সেই রকম,Positive
ভাই আপনার বলা শেষ উপদেশ গুলা ফেসবুকে পোস্ট করতে চায় যদি আপনি অনুমতি দেন,Positive
এই ছবি থেকে অনেক কিছু শেখার আছে,Positive
মুভি না দেখেই লাইক আর সাবই্সকাইব করে দিলাম,Positive
আমার দেখা বেস্ট একটা ছবি,Positive
"অসাধারণ একটা মুভি  ,,,",Positive
দারুন মুভি,Positive
অনেক সুন্দর শিখনীয় একটা মুভি,Positive
আমাদের অনেক কিছু শিখার আছে,Positive
খুবি শিক্ষনীয় মুভি ছিল অনেক কিছু শিকলাম,Positive
অনেক ভালো একটা মুভি।,Positive
আমার জীবনের বেস্ট মুভি,Positive
সাবস্ক্রাইব করে দিলাম,Positive
অসাধারন মুভি,Positive
"ভাই আপনার প্রত্যেক মুভির এক্সপ্লেইন দেখি,,, বলতে পারেন অনেক বড় ফেন,, ভাই আপনি কোথায় থাকেন",Positive
আমার  ভাই  নেই আমি বুঝি  ভাইয়ের  মর্ম কি,Positive
কি সুন্দর জন্ম মৃত্যুর খেলা।,Positive
দারুণ ছিলো গো,Positive
বড় ভাই আমি মোবাইল কিনছি আপনার ভিডিওগুলি দেখার জন্য আমি মোঃ তোফায়েল আলম ভাই আমার আশা আছে আপনার সাথে একদিন দেখা করবো,Positive
ভাই আমার জীবনটা কি পাল্টে দিবে,Positive
আমিত সাউথ   সকল  দের,Positive
মুভি দেখে জীবন পাল্টাইয়া ফেল,Positive
অনেক সুন্দর হয়েছে,Positive
"আপনার জন্য শুভকামনা,",Positive
হাল্কা লাগছে,Negative
শিক্ষনীয় মুভি এটা,Positive
ভাই আপনার সিনেশন চ্যানেলের  ছবিটি এই চ্যানেলে অথবা আপনার নতুন চ্যানেলে পোস্ট করেন। অনেক দেখতে মন চাচ্ছে কিন্তু পাচ্ছিনা। পাইলেও আপনার মত বিশ্লেষণ কেউ করতে পারেনা।,Positive
অসাধারণ একটা মুভি,Positive
বস অস্তির মুভি,Positive
ভাই এটা তোমার নতুন চেনেল কি  ভয়েজ শুনে চিনতে পারছি,Positive
অসাধারণ একটা মুভি,Positive
আমি একটা ছবি খুছতেছি যেটা আমার ভালো লাগছিলো। কিন্তু নাম না জানার কারনে খুজে পাই না,Positive
ভাই  মুভিটা  দিয়েন..,Positive
খুব হাসির  গান টা ছিল,Positive
ভাই এই চেনেলে জাওয়ান মুভি এক্সপ্লেনেসন চাই,Positive
ভাই....যে বানিয়েছে কি আর বলব ৮৫% মিল,Positive
মুভিটা আজকে সকালে দেখলাম..,Positive
অসাধারণ মুভি।,Positive
ছবিটা সবার দেখা উচিত,Positive
ওয়াও,Positive
ভাই আপনি যে ভাবে বলেন ছবি দেখতে হয় না,Positive
অনেক সুন্দর একটা মুভি,Positive
অনেজ কিছু শিখলাম,Positive
অসাধারণ একটি মভি,Positive
"ভয়েস টা তো    এর নয়, সিনেমা সংক্ষেপ  এর।",Positive
ভেরি গুড,Positive
ভাইয়া   দেন্না ফ্লিয,Positive
এমন মুভি আরো দেন,Positive
মুভিটা  খুব সুন্দর লাগছে।,Positive
কমেন্ট করার ভাষা হারিয়ে ফেলছি,Positive
অসাধারণ মুভিটা,Positive
সেই,Positive
ভাই সিনেমা সংক্ষেপে কিছু ভিডিও সাইরেন,Positive
আমার দেখা সবচেয়ে সেরা মুভি,Positive
অসাধারণ,Positive
"ভাইয়া আপনার নামটা কি জানতে পারি,, আমি এই চ্যালেনে নতুন",Positive
কিতা রে ভাই আরেকটা নিউ চ্যানেল।,Positive
আপনার সাথে আত্মীয় করে ফেলাম ৩০ শেয়ার করলাম,Negative
অসম্ভব মুভি,Positive
খুব সুন্দর মুভি,Positive
সিনেমার সংক্ষেপে চ্যানেলটা আপনার না ভাইয়া,Positive
"মুভিটা গতকাল  রাতে ইউটুবে পেয়েছি,, বাট কেমন না কেমন হবে জানা ছিল না তাই দেখিনি,,, আজকে আপনার নোটিফিকেশন দেখে তাড়াতাড়ি করে দেখে নিলাম।      ️",Positive
কঠিন,Positive
ভাই এটাই কি নতুন চেনেল আপনার,Positive
মবিটা সম্পর্কে লেখ জানি লেখা শেষ হবে না এক কথায় হ্দয ছুয়ার মতো,Positive
ভাই এইটা বুমেরাং চ্যানেলের  এক্সপ্লে??ইন না,Positive
হুবহু অন্য আরেকটি মুভির গল্প এটা।,Positive
কার জন্য কি করতেছি,Positive
অ-সা-ধা-র-ণ,Positive
মাখন ভাই মাখন,Positive
ভাই আপনার মুভি  ছাড়া  ভালো লাগে  না,Positive
আমি এই মুভিটা দেখছি,Positive
মুভি টা দেখার পর এক সপ্তাহ আপসেট ছিলাম,Positive
রোনিত রয় এর হোস্টেজেস এক্সপ্লেইন করবেন প্লিজ।,Positive
"এই মুভিটা, অজয় দেবগান করে চিলো",Positive
ভাই আমার বাড়ি জেলা সিরাজগঞ্জ,Positive
আমার দেখা আপনার সবগুলো ছবি দেন,Positive
ভাই মুভিটা মানুষকে বুঝিয়েছে কারু আশা কেউ করে না কারো জন্য জীবন কারো থেমে থাকে না ভাই মুভিটা,Positive
প্রথমে তামিল মুভি কেনো বল্লা,Negative
মুভিটা অনেক কাদাইছে,Positive
আপনি একটা জিনিস বটে। এতো কথা  বানান কিভাবে,Positive
আপনার ইউ টিউব চ্যালেন কয়টা,Positive
আপনার চ্যানেল ৩ টা..?,Positive
সিনেমা সংখেপ এর মুভি।।।  কোপি করা হয়েছে,Positive
দেখেছি ভালো লাগেনি,Negative
"আগে ঠিকমতো করে এক্সপ্লেনেশন দেওয়া শিখো,এরপরে ভিডিও বানাইও ফালতু একটা চেনেল",Negative
অসাধারণ একটি মুভি,Positive
ফালতু,Negative
বাংলা উচ্চারণ সঠিক করুন। কথাটি 'পৈচাশিক' নয়। 'পৈশাচিক',Negative
"পুনঃজন্ম ভন্ডামি ছাড়া কিছুই না,কারন,এ অজুহাতে নারী সহ অনেক কিছুই ভোগ করা যায়।ইসলামে এ ধরনের কোন মতবাদ নেই।",Negative
পেনরজন্ম হয় আছে,Negative
"সাম না আপু, শ্যাম।",Negative
যতসব আজগুবি সিনেমা,Negative
মন্দিরে কেন ধর্ষণ হয়  আর আসিফা মুসলিম  মেয়েকে মন্দিরে সাত আট দিন ধরে  পুরোহিত সহ আট জন মিলে ধর্ষন করে  এটাই হল ভারত আর এটাই হল বিজেপি বুঝলি।,Negative
ভালো কাজ করলে পূর্ণ্য জন্ম নেয় ।,Positive
বাঙালি নারীদের শরীর দফায় দফায় বহিরাগত হামলাদারেরা ইতিহাসের বিভিন্ন সময়ে ভোগ করে আসছে। উত্তর ভারতীয় ব্রাহ্মণদের থেকে শুরু করে পারশ্য দেশের মির্জাদের আর সর্বশেষ ইষ্ট ইন্ডিয়া কোম্পানীর কেরাণী মুহুরীরা।,Positive
মানুষ মারা গেলে পৃথিবীতে আর ফিরে আসে না এটা এই কথাটি ইসলাম ধর্মে বলে পুনর্জন্ম বলতে একটি গল্প কাহিনী ছাড়া আর কিছুই নয়।,Negative
:    অনেক ভালো মুভিটা।,Positive
মুসলিম ধর্ম সহকারে সব ধর্মের পূনর্জনম বলতে কিয়ামাতকে বুঝানো হয়েছেযেদিন সব ধর্মের বিচার হবে কিন্তু হিন্দুরা পূনর্জনম কে ৭ জনম বলে,Negative
ভগবানের ও কি দিন‌ শেষে পুশি লাগে,Negative
"এই ছবিটা আমি দেখছি, কারা কারা আমার মতো এই মুভি দেখছো লাইক দিয়ে যাও",Negative
পূনর্জন্ম হলো রানার ছোট থেকে বরো হলো আর রোজি একই বয়সি কি করে থাকলো,Positive
"না , পূনর জন্ম হয় না । হিন্দুরা বিশ্বাস করে । পৃথিবী ধ্বংষ হওয়ার পর আল্লাহ আমাদের সবাইকে জীবন দান করবেন এবং পাপ পূন্যের বিচারের পর জান্নাত / দোযকে  দেওয়া হবে ।",Negative
এই গল্পের সত্যিকার কোন প্রমাণ কেউ দিতে পারবেন না । এটা 100% একটা মিথ্যা গল্প। শুধুমাত্র ধারণা এবং অনুমান ।,Positive
কিছু কিছু বলদের মাথায় এটা ঢুকে না যে আমরা হিন্দু। আর আমরা ঈশ্বর ছাড়া কাউকে মানি না আর মানবো ও না। তারপরে ও তারা তাদের বলদা কথা গুলো বলতে থাকে,Negative
এটা ভাবা ভিত্তিহীন। আল্লাহ মানুষকে একবারই দুনিয়াতে পাঠান।,Negative
মানুষ পৃথিবী থেকে চলে গেলে আর কখনোই ফিরে আসে না,Positive
এগুলো সুধু হিন্দু ধর্মের লোকদের কাছে সম্ভব,Negative
কথাটা পৈচাশিক নয় পৈশাচিক,Positive
পূর্ণ জনম বলতে কিছু নেই,Negative
গাজাখোরে গল্প,Negative
অনেক সুন্দর কাহিনীতে বাস্তব চিত্র ফুটে উঠেছে,Positive
ভাই রে আজ আমার জীবনের প্রথম শুনলাম তুর গল্প গল্পের জায়গায় রাখ ধর্মে কেন আনিছ,Positive
ভাই ধর্ম নিয়ে বাড়াবাড়ি করবেন না।যার ধর্ম তার কাছে অনেক সম্মানের। দয়া করে অন্যের ধর্মকে সম্মান করতে শিখুন। আমি সকল সম্প্রদায়ের উদ্দেশ্যে বলছি। সকলকে ধন্যবাদ।,Positive
"পুনজনম বল‌তে কিছু নাই, আজ পর্যন্ত মৃত‌্যুর প‌রে কেউ পৃ‌থিবী‌তে এ‌সে‌ছে এমনটা ‌কেউ প্রমান দি‌তে পার‌বে না। যত গাঁজাখু‌রি গল্প আর বিশ্বাস।",Positive
পুনজন্ম আছে এটা ভগবান বুদ্ধ বলেছেন। তাই বৌদ্ধরা পুনজন্ম বিশ্বাস করে।,Positive
এসব একটি বিশেষ ধর্মীয় রুপকথার কৌশলি প্রচার ছাড়া আর কিছুই না।,Positive
অপূর্ব আপনার বাচনভঙ্গি।,Positive
মুভির নাম আগে বলতে হয়। নাম না বলেই গাঁজাখোরী কাহিনীর মুভির এক্সপ্লেইন করতে এসেছেন। আগে শিখেন তারপর কাজে নামবেন। আপনি আর কোন পেশা পাননি? বাতলে দেবো??,Negative
পুর্ন জর্ম বলতে কিছু হয় না,Negative
হোস উড়িয়ে দেবে,Negative
"পুনম জনম বলতে কিছুই নাই প্রত্যেকটা আত্মাকে আল্লাহ দুনিয়াতে এক বার করেই পাঠান মানুষের জর্ম এক বার হয় আর  মৃত্যু  মানুষের শেষ পরিচয়,, যেই আত্মা দুনিয়াতে এসে যতো ভালো কাজ করবে সৃষ্টিকর্তার  হুকুম মেনে চলবে সেই আত্মা পরকালে ততো বেশি আনন্দিত হইবে সুখে থাকবে,",Positive
জন্ম মৃত্যু একবার দ্বিতীয় জন্ম হয় না,Positive
মন্দিরে যৌনদাসিদের করুন জিবন আহারে।,Negative
আপনার টাইটেল টা মানুষের মধ্যে ভুল বুঝাবুঝির সৃষ্টি করবে।   হিন্দুদের মন্দির নিয়ে কিছু বললে আমার কিছু যায় আসে না কিন্তু কোন ধর্মের মন্দির অথবা মসজিদ কে ছোট করার অধিকার আপনার নাই এবং আপনার টাইটেলে আপনি সরাসরি মন্দিরকে ছোট করতাছেন।,Positive
এদের সন্তানরা হরিজন?  যাদের কোনো পিতৃপরিচয় নেই?  তাই ত ভারত নামক দোজখে পতিত দলিত হরিজনদের বৈষম্যকে জাতিভেদ প্রথার?,Negative
যে বা যারা পুনঃ জন্মের কথা বলে হয় সে বা তারা মিথ্যা বলছে আর নাহলে ঐ পন্ডিতের মতোই ভন্ডামি করছে।।,Negative
"দুনিয়া হচ্ছে পরিখার জায়গা,আর পরকাল হচ্ছে  ফল বোগ করার  জায়গা।",Negative
"আপনার এক্সপ্লেনেশন ভালো, কিন্তু মুভির নাম বলেন নি কেন?",Negative
যারা বলদ তারাই পুনর্জন্ম বিশ্বাস করে,Negative
হুম আত্মা বা রুহ অমরনশীল,Positive
পৈশাচিক  পৈচাশিক    .,Negative
পূনরজনন্ম একটা অবৈগ্গানিক অগ্রহণযোগ্য ভূয়া একটা মিথ। এটা ঠিক আওা অবিনশ্বর।,Positive
পুনজন্ম একটি সত্য ঘটনা ।।পূনর্জন্ম হয় ।।পৃথিবিতে এরকম অনেক প্রমাণ আছে ।।।,Positive
অসাধারণ,Positive
এটা কয়েকশো আগেকার সময়ের ঘটনা যা মুসলিম বা মোঘল আক্রান্ত সাম্রাজ্যের অমলে এমন পরিবর্তনের ঘটে যা ধীরে ধীরে আবার নষ্ট হয়ে গেছে। এর সাথে ধর্মের দুর দুর তাক কোনো সম্পর্ক নেই।,Positive
খুব ভালো   লেগেছে  কেমন  আছে???????,Positive
"পৈচাশিক, ' পৈশাচিক",Negative
ভিডিওর  দেখলেই বুঝা যায় যে এনার উদ্দেশ্য হিন্দু ধর্ম কে ছোট করা।,Positive
"পূণর্জন্ম বলতে কিছু নেই, প্রত্যেকে একবারি দুনিয়াতে আসবে এবং তার কর্মের হিসাব হবে চুড়ান্ত বিচারদিবসে আর সে অনুযায়ী জান্নাত বা জাহান্নামে স্থান হবে।",Negative
যা লিখছেন ভেবে লিখুন। সব দেবদাসীই কী যৌনদাসী ছিল? এভাবে জনসম্মুখে লিখে নিজেকে অশিক্ষিত প্রমান করার কোনো মানে হয় না।,Negative
শেষ এর দিকে ভুল হয়ছে মনজ না মেজো ভাই ছিল,Negative
"হিন্দুদের জন্ম সাতবার হলেও মুসলমান হিসেবে আমরা একবারই জন্মগ্রহণ, আর আমাদের জীবন চার ভাগে বিভক্ত আছে, চারটা আলেদা আলেদা জীবন যার জন্য আমাদের চারবার জন্ম নিতে হয় এবং মৃত্যুর সাধু গ্রহণ করা লাগে তবে মানুষরূপে আমরা একবারই জন্ম নেই আর একবারই মৃত্যুবরণ করি,",Negative
মুসলমানরা আবার হিন্দু ধর্ম নিয়ে কথা বলছে তোদের মাদ্রাসা আর মসজিদের খবর নিয়ে কেউ কি মুভি তৈরি করেনি,Negative
সুন্দর একটা ছবি এটা আমি দেখেছি।,Positive
"খালা, মুভি এক্সপ্লেইনের আগে মুভির নাম বলে দেবেন। একটা রিপোর্ট আর ডিজলাইক দিয়ে  দিলাম শাস্তি হিসেবে।",Negative
"পূর্নজন্ম হয় না ,, বরং পূর্নত্থান হবে হাশরের ময়দানে",Negative
যৌন দাসী রাখা মুসলিম দের আবার দেবদাসি নিয়ে কি চিন্তা গো,Negative
"দুটি ধর্মের মধ্যে অনেক পার্থক্য আছে,তার মধ্যে যদি কোনো একটি কে বেছে নিই হিন্দু ধর্মে যে সব নাম আছে যেমন ধরলমা এই "" কৃষ্ণ"" কৃষ্ণের বাণীর বিশেষত্ব হল প্রেম,ভালোবাসা,ধর্ম যার যার হতেই পারে কিন্তু সকলের প্রতি প্রেম ভালোবাসা প্রদান করা অপর পক্ষে মুসলিম ধর্মের বেস টাই হল বিধর্মী দের শিক্ষা দেওয়া,তাদের সঙ্গে যুদ্ধ করা,হিংসা করা",Positive
"সনাতনধর্মের গ্রন্থ হিসাবে স্বীকৃত ( বেদসমূহ, উপনিষদসমূহ, শ্রীমদ্ভগবদগীতা) যেগুলোর ১০০% ই বিশুদ্ধ। কিন্তু পুরাণ সমূহ সরাসরি সনাতন ধর্মগ্রন্থ হিসাবে বিবেচিত নয়। দেবদাসী প্রথা পূরণের অন্তর্গত  যেগুলো মানুষের বানানো  প্রথা যা কিছু কিছু  জায়গায়  পালন হতো । কিন্তু এখন এগুলো একেবারেই নিষিদ্ধ হয়ে গেছে । এগুলো কুসংস্কার ছাড়া আর কিছুই নয় ।  সনাতন ধর্মকে জানতে হলে বেদ এবং গীতা পড়ুন। জয় সনাতন ধর্ম",Positive
দারুণ,Positive
পুনর্জনম হবে তবে সুধু একবার। সবাই মরার পর। আমাদের সবার ক্রৃতকর্মের বিচার হবে। ইনশাআল্লাহ।,Positive
গাঁজাখুরি গল্প,Negative
পুন জন্ম আমি বিশ্বাস করি।,Positive
আপনি কে আপনার পরিচয় কি,Positive
"ভাই কোরআনে আল্লহতালা জের জবর পেস তো পাঠায় নাই। জের জবর পেস ইরানী একজন আবিষ্কার  করেছে। জের জবর পেস হলো া,ি, ী, ু,ূ,ৃ, ে,ৈ,ো,ৌ তবে আল্লাহ বলেছেন-  ""তমর দখ ন পথব ক সনদর।""আর মানুষের লেখা "" তোমরা কি দেখ না পৃথিবী  কত সুন্দর।  তবে আল্লহর ভাষা সুন্দর না মানুষে ভাষা সুন্দর। কেউ কি পারবে আল্লহর ভাষয় কোরআন তেলয়াত করতে।",Negative
এই কথা শয়তানও বিশ্বাস করে না মানুষের পুনরায় জন্ম হয়,Negative
খুব সুন্দর মুভিটা,Positive
"এইগুলা সম্পূর্ণ বাস্তব যা আমি জানি, কারন আমি অনেক ইতিহাস আর খুজা খুজি করে যা জানতে পেরেছি তার চেয়ে ভয়ঙ্কর ছিল মন্দির নামক আস্তানায়, এখন ভারতে অজপারাগায়ে এগুলু চলছে",Positive
হিন্দুদের এই শ্রেনীবিভেদ এটা নারীদের সাথে অমানবিকতা।,Positive
"পৈচাশিক নয় আপু, এটা পৈশাচিক হবে।",Negative
"মালুরা মাগীবাজ জাতি , মালুদের অলটাইম মেয়ে ছাড়া চলে না",Positive
"হুঁ, ঠিক, দেবতাদের নামে উৎসর্গ করা সেবাদাসীরা প্রকৃত ই এক শ্রেণীর মানুষের কাছে হোতেন শোষিত নির্যাতিত অবহেলিত। ধন্যবাদ",Positive
ইসলাম মেয়েদের কোনো স্বাধীনতা নেই। এখানে মেয়েদের কে জবরদস্তি কালো বোরখায় ঢেকে রাখা হয়। তারা নিজেদের পছন্দ মতো পোশাক পড়তে পারেনা।,Positive
মুহাম্মদ এতোটাই নীকৃষ্ট মানুষ ছিল যে 53 বছর বয়সে 6 বছরের শিশু আয়েশা কে বিয়ে করে। ইসলাম কোনো ধর্ম ই না। এটা একটা পাগলের বানানো নিয়ম।,Positive
মৃত্যুর যন্ত্রণা এতই কঠিন । যদি কোনো প্রাণী মারা তাহলে পরবর্তী জীবনেও থা ভুলতে পারে না । জীবন দুইটাই ইহকাল আর পরকাল,Negative
"আসলে হিন্দু ধর্ম নিয়ে মুভি বানানো খুব সহজ কারণ হিন্দুরা শান্তি প্রিয়,উগ্র নয়।এই ধরনের মুভি মুসলিম ধর্ম নিয়ে বানানোর সাহস কোনো ডিরেক্টর রা দেখায়না কেন ? হিন্দু - মুসলিম দুটি ধর্মেই যথেষ্ট অসঙ্গতি আছে,হিন্দু ধর্ম অনেক গোঁড়ামি কে ঝেড়ে ফেলে এগিয়ে এসেছে কিন্তু মুসলিম রা মানতেই চায় না যে তাদের ধর্মে অনেক গোঁড়ামি আছে,এটাই এটাই তফাৎ",Negative
পূর্ণ জন্ম বলতে কিছু নেই।এটা মানুষের ভুল ধারণা,Negative
আর একটা বিষয় পুনর্জন্ম মানুষের কোনদিন হয়নি। আর কোনদিন হবেও না।,Negative
"এখানে একটা জিনিস লক্ষ্য করার বিষয়, সাম পুনর্জন্ম নিল, মনোজ বয়সের ভারে বুড়ো হয়ে গেল, কিন্তু এতদিন পর রোজি যুবতী রয়ে গেল। এটা কি করে সম্ভব হল। কারণ রোজির তো পূনর্জন্ম হয়নি।",Negative
এত সুন্দর কন্ঠ এবং সাবলীল বাচনভঙ্গি। সত্যিই খুব সুন্দর লাগলো। যে এত সুন্দর কন্ঠের অধিকারী সে দেখতে না জানি কেমন। প্রথম শোনাতেই খুব ভালো লাগলো। দেখতে পেলে আরও ভালো লাগতো। তোমার কি অন্য কোন চ্যানেল আছে যেখানে এত সুন্দর সু কন্ঠের অধিকারিনীকে দেখতে পাওয়া যাবে।,Positive
"পুনর্জন্ম আকিদাপন্থীদের মতে পৃথিবীতে ভাল কাজ করলে মৃত্যুর পর সে ভাল পরিবারে ভাল অবস্থায় জন্ম নিবে আর পাপী হলে পরজন্মে খারাপ প্রাণী হয়ে জন্ম নিবে । যেমন হিন্দু ধর্ম মতে সোনা চুরি করলে পরজন্মে মাকড়সা, কুমির, সাপ হয়ে জন্মাতে হবে। মদ্যপান করলে পরজন্মে পোকা হয়ে জন্মাতে হবে। শস্য চুরি করলে ইঁদুর হয়ে পরের জন্ম কাটাতে হবে। বাজে তর্ক করলে পরের জন্মে বিড়াল হয়ে জন্মাতে হবে।  এর মানে কি? দুনিয়াতে সে  কোন অপরাধ বা পাপ করলে তার কবরের জগতে কোন সাজা দেওয়া হবে না বরং তার  শাস্তি আবার দুনিয়াতে ফিরিয়ে এনে অন্য কোন নিকৃষ্ট প্রাণী বানিয়ে দেয়া হবে।  আর পৃথিবীতে পুনর্জন্ম এভাবে চলতে থাকলে পৃথিবী ধ্বংস হওয়ার কোন প্রয়োজন নেই। কারণ ইসলাম ধর্ম মতে পৃথিবী ধ্বংসই হবেই ।",Positive
ধন্যবাদ সবাইকে।,Positive
আমার এই ক্ষুদ্র প্রচেষ্টাকে আরো এগিয়ে নিয়ে যাওয়ার জন্য সাবস্ক্রাইব করে পাশে থাকার অনুরোধ রইলো।,Positive
"পুনর্জন্ম নিয়ে আপনার  কম আছে, তাই তো একে অ বৈজ্ঞানিক বলছেন। হাজার হাজার মানুষের পুনর্জন্ম এর ইতিহাস পাওয়া গেছে। বিশ্বাস না হলে  এ সার্চ করে দেখুন। আসল কথা হচ্ছে এই পৃথিবীতে অনেক বিষয় আছে যেগুলো বিজ্ঞানের পক্ষে ব্যাখ্যা করা সম্ভব নয়; তার মানে এই নয় যে সেগুলো মিথ্যা।",Positive
ভয়সের প্রেমে পড়ে গেছি। । আজকে প্রথম আপনাকে শুনছি।,Positive
"পৈচাশিক হয় না। ওটা পৈশাচিক।  কারণ শব্দটা পিচাশ নয়, পিশাচ।  শব্দের মধ্যে দুটো ব্যঞ্জনের পরস্পর পরিবর্তন ঘটলে তাকে ধ্বনি বিপর্যয় বলে। যেমন - ইংরেজি বাক্স > বাংলা বাস্ক, জাপানি রিক্সা > বাংলা রিস্কা। একই ভাবে এখানে ""ধ্বনি বিপর্যয়"" ঘটেছে।",Positive
"কাহিনী সুন্দর , কিন্তু এখানে আপনি ধর্মকে ব্যঙ্গও করলেন এটা ঠিক না।",Negative
"ধর্মই খারাপ না , খারাপ কিছু ধর্মধারি মানুষ , যে মানুষগুলো সব ধর্মেই থাকে , সেটা পুরোহিত , মৌলবী, যে কোনো ধর্মগুরু, যারা সার্থের জন্য ধর্ম",Positive
"মুভিটা খুব ভালো লাগলো,বাট ঘৃন্যার বিষয় হিন্দু ধর্মে কি বাজে সব প্রথা।",Negative
"আমি গর্বিত আল্লাহর দরবারে লক্ষ কটি শুক্রিয়া যে তিনি আমাকে মুসলমান ঘরে জন্মগ্রহণ করিয়েছেন,আলহামদুলিল্লাহ ।",Negative
ছিঃ।  হিন্দু ধর্মটাই এমন,Negative
মাশাআল্লাহ অনেক সুন্দর,Positive
অসাধারণ একটা মুভি উপহার দিলেন ভাই,Positive
আমার জীবনের সেরা মুভি।,Positive
অনেক ভালো লাগলো,Positive
অল্প কথায় গভীর কিছু অনুধাবনের সুযোগ৷,Positive
সুন্দর ভাবে বুঝিয়ে দিলেন ধন্যবাদ,Positive
সত্যিই অসাধারণ একটা মুভি।,Positive
"এমন,এমন মুভির গল্প আরো দেখতে চাই",Positive
আপনাকে অসংখ্য ধন্যবাদ,Positive
বাংলাদেশের ক্রিকেট খেলা বাদ দিয়ে   দেখি। কিছু শেখার আছে,Positive
অনেক সুন্দর,Positive
খুব সুন্দর বুঝিয়েছে ধন্যবাদ🇧🇩,Positive
ভাই অসাধারণ ছিলো মুভিটা।  জীবন থেকে অনেক কিছু শিখতে পারলাম। এই রকম মুভি আরো চাই।     বিস 🫡🫡🫡,Positive
"অসম্ভব ভাল লাগল,,,ধন্যবাদ রে",Positive
ভালো,Positive
অসাধারন,Negative
তবে একটা মুভি খুব মিস করি ভাই যে একটা গংস্টার এর মুভি ছিল যার বাবা ছিল ১০০ জন যোদ্ধার লিডার তার বাবা মারা যাবার পর সে হলো তাদের লিডার সে মুভিটা কই দাদা। যদি সম্ভব হয় সেটা আবার দেন,Positive
সুন্দর ভাবে উপস্থাপন করেছেন সংক্ষেপে,Positive
অসাধারণ একটি মুভি,Positive
অনেক  ধন্যবাদ,Positive
অসম্ভব সুন্দর একটা মুভি,Positive
কান্না চলে আসলো!,Positive
অসাধারণ,Positive
মুভিটা আমি দেখেছি কিন্তু আপনার ভিডিও বলে কথা না দেখে থাকি কি করে,Positive
চমৎকার,Positive
খুব ভালো লাগলো ধন্যবাদ,Positive
খুব সুন্দর একটি মুভি,Positive
অসাধারণ,Positive
আমরা দুনিয়ার মোহতে ভুলে যাই আমাদের এক দিন মৃত্যু হবে।,Positive
অসাধারন শিক্ষনীয়,Positive
আমিতো বাস্তবেই এসব জানি মানুষ আসলে একা পাসের সবাই সারথের জন্যই পাশে থাকে,Positive
অনেক কিছু শিখিয়ে গেলো মভিটা,Positive
"সিনেমা হলে যাবে, কর্নার সিটে বসবে, আরো কত কি করবে",Positive
অনেক ভালো লাগলো মুভিটা।,Positive
সাইথ ইন্ডিয়া মুভি গুলোর স্টোরি গুলো অনেক ভালো লাগে,Positive
অসাধারণ ভালো লেগেছে,Positive
অনেক কিছু শিখলাম  আমি আমার সংসারের মানুষদের জন্য ভালো কিছু কোরতে গিয়ে নিজেই এখন সংসারের মানুষেদের কাছে ঘৃণিত  তাই এই মুভির এক্সপ্লান দেখে জীবনের চলা কিছুটা হলেও শিখতে পারলাম,Positive
নাইস,Positive
আজ যদি একটা বোন থাকতো।বোনের আদর সব থেকে বেশি মিস করি,Positive
ভালো লাগলো,Positive
আমার জীবনের দেখা সেরা মুভি........,Positive
আপনার সাথে কথা বলার খুব ইচ্ছে ছিল,Positive
এতো সুন্দর মুভি,Positive
"ভাই এত সুন্দর ভাবে আপনি কিভাবে কথা বলেন, আমার সেটা খুব জানতে ইচ্ছে করে,",Positive
আপনার এই চ্যানেল এবং সিনেমার সংক্ষেপে যতগুলি ভিডিও আছে সবগুলি আমার দেখা হয়েছে এখান থেকে আমি অনেক কিছু শিখতে পেরেছি দোয়া করি আপনার কাছ থেকে আরও কিছু শিক্ষুক মানুষ,Positive
সুন্দর,Positive
সেরা,Positive
মুভিটাঅনেক সুন্দর হয়েছে,Positive
"বড় ভাই  উপর তলা থেকে আসছে ,মার্ক এর মামা রে যে 10সেগেনট পরে যেতে বলল আর অমনি মাথায় টাক খাইলো ,ঐ বিসয়টা দিলে ভাল। হত এরকম বিসয়  করবেন না,,,",Positive
আমার জীবনের মত একটা সিনেমা,Positive
ভাইয়া আমি এই মুবি গল্প দেখিছি অন্য আরেক জন বলছিল তার গল্প বলার বাল লাগেনাই আপনার গল্প শুনার জন্য অপেক্ষা তাকি আপনে অনেক বালবাবে বুজান অসাদারণ,Positive
শিক্ষা অনেক কিছুআছে,Positive
"অসাধারণ দাদা,, সাবাস,,, ভারত থেকে বলছি",Positive
ইনশাআল্লাহ,Negative
একদম বাস্তব সত্য।সেই,Positive
সত্যি মন কে শান্ত করার মতো একটা এক্সপেলেনেশন মুভিটা??,Positive
খুব ভালো লাগলো,Positive
তাহলে এই পরিবারের জন্য নিজের জিবন পুরোটা  করার কি দরকার,Positive
অনেক ভালো লাগলো।,Positive
অসাধারণ একটা গল্প,Positive
খুবই ভাল্লাগল।ধন্যবাদ ভাই।,Positive
অনেক শিক্ষা পেয়েছি এই মুভি থেকে,Positive
ভালো,Positive
গানটা কিন্তু অসাধারণ ছিলো ফাইটা যাই বোক টা ফাইটা যা এই পণ্ডিতের চেহারা দেখলে মরা মানুষ হাসতে শুরু করবে,Positive
অসাধারণ,Positive
অসাধারণ,Positive
অসাধারণ,Positive
অসাধারণ,Positive
অসাধারণ,Positive
কসম ভাই ভিডিও টা দেখে আমার চোখে পানি চলে আসছে,Positive
সত্যি অনেক  শেখার  আছে মুভিটাতে,Positive
ভাই আমি আপনার বিকপেন,Positive
মুভি চাইতেও আপনার এক্সপ্লেনেশন সুন্দর ছিল,Positive
এটা তামিল সিনেমার রিমেক। অচিরার গপ্প সপ্প এই চ্যানেলে আছে এর অরিজিনাল সিনেমা টা।ঐ মুভি তে ভাই এর জায়গায় বাবা ছিলো।,Positive
"এক্সটা কথা না বলাই ভাল হয়, এতে ভিডিওর সৌন্দর্য মান ঠিক থাকবে।",Positive
"সুযোগ থাকলে  আপনার সাথে কোনো একদিন দেখা করবো,,,,,,আমি নিশ্চত আপনি খুবই ভালো মনের একজন,,,,,,,শুভ কামনা সবসময়ের জন্য।।",Positive
অনেক অনেক অনেক ধন্যবাদ জানাই আপনাকে এই সুন্দর ভিডিওটি আমাদের পাঠানোর জন্য দেখানোর জন্য,Positive
- দারুন একটা মুভি!,Positive
"আমার দেখা সবচেয়ে সুন্দর মুভি,,শিখতে পারলাম অনেক কিছু",Positive
ব্রো ওয়ান্ডারফুল মুভি ধন্যবাদ এই ছবি এক্সপ্রেশন করার জন্য আল্লাহ আপনাকে নেক হায়াত দান করুন,Positive
"ভাইয়া, সিনেমা সংক্ষেপ চ্যানেলে মুভি দেন না কেনো?",Positive
অসাধারন  ভাই,Positive
আমার জীবনের সেরা মুভি,Positive
আপনার শেষের কথা মিলিওন লাইক পাওয়ার যোগ্য।,Positive
নাইস,Positive
অসাধারণ,Positive
শিক্ষামূলক একটা গল্প।,Positive
অসাধারণ  একটা মুভি!ধন্যবাদ ভাইয়া,Positive
বাহ,Positive
এরকম আরো একটি তামিল মুভি আছে।  যেখানে মার্ক এর জায়গায় ছিল একজন মধ্যবয়সী বাবা,Positive
অনেক সুন্দর একটা মুভি,Positive
অসাধারণ ছিলো,Positive
শিক্ষামূলক,Positive
মুভিটি আগে দেখার জন্য তেমন মজা পাইনি এক্সপ্লেন তবে মুভিটি দেখার মত ছিলো!  মুভি দেখেছি তারপরও আপনার এক্সপেলেন দেখলাম ভালো লাগলো!,Positive
খুভ ভালো লাগলো,Positive
"মুভিতো ভালো ঠিক আছে কিন্তু লাস্টে যে আপনার মোরাল অফ স্টোরি বলেন তা এত ভালো লাগে,, প্রশংসা করে আগাতে পারছিনা",Positive
খুবই চমৎকার একটা রিভিউ।,Positive
মনের মত ছবি।,Positive
খুব সুন্দর,Positive
এটাই বাস্তব হবে হয়,Positive
সত্যি খুবই সুন্দর একটা মুভি,Positive
ভিডিও থেকে অনেক  কিছু শিখলাম,Positive
অনেক সুন্দর,Positive
আই স্যালুট স্যার লাকসাম থেকে,Negative
ভাই আপনার আগের চ্যানেলটা কি বন্ধ? ঐটা তো এখন দেখি না।,Positive
ভাইয়া মুভিটা কি আপনার অন্য চ্যালেনে আপলোড করেছিলেন?দেখেছি মনে হচ্ছে!,Positive
সত্যি এই মুভিটা অনেক সুন্দর একটা মুভি আমি মুভিটা অনেক কিছু শিক্ষা নেওয়া আছে যেটা বুঝতে পারলে খুব সুন্দর এই মুভিটা দেওয়ার জন্য,Positive
অনেক ভালো লেগেছে ভাই অনেক,Positive
আমার জীবনটাও এই মার্কের হতো,Positive
জাস্ট অসাধারণ,Negative
"এটা আমার মুভি, এটা আমার বায়োপিক...",Positive
"আমার দেখা, সেরা ১ টা মুভি",Positive
ধন্যবাদ ভাই আমাকে কিছু ভাবতে দিয়েছে,Positive
"শিক্ষনীয় একটা মুভি,",Positive
সিনেমা ও এক্সপ্লেন অসাধারণ ।,Positive
আমার জীবনের বেস্ট শিক্ষনীয় মুভি,Positive
আজ সাবস্ক্ৰাইব করে দিলাম। আপনার অনেক বড় ভক্ত ভাইয়া। আর আমার আপনার সাথে কথা বলার খুব ইচ্ছা,Positive
ধন্যবাদ।  অনেক কিছু শিখতে পারলাম।,Positive
ভাই গল্প টা অনেক ভালো লাগছে,Positive
মোভিটা সেই,Positive
অসাধারণ,Positive
বাহ ভালো লাগলো,Positive
সেই রকম,Positive
ভাই আপনার বলা শেষ উপদেশ গুলা ফেসবুকে পোস্ট করতে চায় যদি আপনি অনুমতি দেন,Positive
এই ছবি থেকে অনেক কিছু শেখার আছে,Positive
মুভি না দেখেই লাইক আর সাবই্সকাইব করে দিলাম,Positive
আমার দেখা বেস্ট একটা ছবি,Positive
"অসাধারণ একটা মুভি  ,,,",Positive
দারুন মুভি,Positive
অনেক সুন্দর শিখনীয় একটা মুভি,Positive
খুবি শিক্ষনীয় মুভি ছিল অনেক কিছু শিকলাম,Positive
অনেক ভালো একটা মুভি।,Positive
আমার জীবনের বেস্ট মুভি,Positive
"ভাই আপনার প্রত্যেক মুভির এক্সপ্লেইন দেখি,,, বলতে পারেন অনেক বড় ফেন,, ভাই আপনি কোথায় থাকেন",Positive
বড় ভাই আমি মোবাইল কিনছি আপনার ভিডিওগুলি দেখার জন্য আমি মোঃ তোফায়েল আলম ভাই আমার আশা আছে আপনার সাথে একদিন দেখা করবো,Positive
আমিত সাউথ   সকল  দের,Positive
অনেক সুন্দর হয়েছে,Positive
শিক্ষনীয় মুভি এটা,Positive
ভাই আপনার সিনেশন চ্যানেলের  ছবিটি এই চ্যানেলে অথবা আপনার নতুন চ্যানেলে পোস্ট করেন। অনেক দেখতে মন চাচ্ছে কিন্তু পাচ্ছিনা। পাইলেও আপনার মত বিশ্লেষণ কেউ করতে পারেনা।,Positive
অসাধারণ একটা মুভি,Positive
বস অস্তির মুভি,Positive
ভাই এটা তোমার নতুন চেনেল কি  ভয়েজ শুনে চিনতে পারছি,Positive
অসাধারণ একটা মুভি,Positive
আমি একটা ছবি খুছতেছি যেটা আমার ভালো লাগছিলো। কিন্তু নাম না জানার কারনে খুজে পাই না,Positive
"ব্রো মুভি বাংলা ডাবিং কিভাবে পেতে পারি, কেউ জানলে প্লিজ বলবে প্লিজ",Positive
অসাধারণ মুভি।,Positive
অনেক সুন্দর একটা মুভি,Negative
অসাধারণ একটি মভি,Positive
"ভয়েস টা তো    এর নয়, সিনেমা সংক্ষেপ  এর।",Positive
ভেরি গুড,Positive
মুভিটা  খুব সুন্দর লাগছে।,Positive
অসাধারণ মুভিটা,Positive
ভাই সিনেমা সংক্ষেপে কিছু ভিডিও সাইরেন,Positive
আমার দেখা সবচেয়ে সেরা মুভি,Positive
অসাধারণ,Positive
"ভাইয়া আপনার নামটা কি জানতে পারি,, আমি এই চ্যালেনে নতুন",Positive
কিতা রে ভাই আরেকটা নিউ চ্যানেল।,Positive
আপনার সাথে আত্মীয় করে ফেলাম ৩০ শেয়ার করলাম,Positive
অসম্ভব মুভি,Positive
খুব সুন্দর মুভি,Positive
সিনেমার সংক্ষেপে চ্যানেলটা আপনার না ভাইয়া,Positive
"মুভিটা গতকাল  রাতে ইউটুবে পেয়েছি,, বাট কেমন না কেমন হবে জানা ছিল না তাই দেখিনি,,, আজকে আপনার নোটিফিকেশন দেখে তাড়াতাড়ি করে দেখে নিলাম।      ️",Positive
কঠিন,Positive
মবিটা সম্পর্কে লেখ জানি লেখা শেষ হবে না এক কথায় হ্দয ছুয়ার মতো,Positive
ভাই এইটা বুমেরাং চ্যানেলের  এক্সপ্লে??ইন না,Positive
হুবহু অন্য আরেকটি মুভির গল্প এটা।,Positive
অ-সা-ধা-র-ণ,Positive
আমিই বাড়ির সেই ছেলেটা,Positive
মাখন ভাই মাখন,Positive
ভাই আপনার মুভি  ছাড়া  ভালো লাগে  না,Positive
আমি এই মুভিটা দেখছি,Positive
মুভি টা দেখার পর এক সপ্তাহ আপসেট ছিলাম,Positive
রোনিত রয় এর হোস্টেজেস এক্সপ্লেইন করবেন প্লিজ।,Positive
ছবিটি রিমেক।আমি দেখেছি কোনো এক চ্যানেলে তবে মনে করতে পারছিনা।,Positive
আমার দেখা আপনার সবগুলো ছবি দেন,Positive
ভাই মুভিটা মানুষকে বুঝিয়েছে কারু আশা কেউ করে না কারো জন্য জীবন কারো থেমে থাকে না ভাই মুভিটা,Positive
মুভিটা অনেক কাদাইছে,Positive
আপনি একটা জিনিস বটে। এতো কথা  বানান কিভাবে,Positive
দেখেছি ভালো লাগেনি,Negative
"আগে ঠিকমতো করে এক্সপ্লেনেশন দেওয়া শিখো,এরপরে ভিডিও বানাইও ফালতু একটা চেনেল",Negative
স্বামী-স্ত্রীর  একে অপরের সাথে সবকিছু শেয়ার করা উচিত এবং পরস্পরের প্রতি যত্নবান হওয়া উচিত। অতীতকে কখনো ভবিষ্যতে আনা ঠিক নয় পাস্ট ইজ পাস্ট কিন্তু  আতীত থেকে জীবনে শিক্ষা নিতে হয়। বর্তমান নিয়েই সৃষ্টিকর্তার প্রতি শুকরিয়া আদায় করতে হয়। ভালোবাসা সত্যি অসম্ভব সুন্দর,Negative
স্বামী-স্ত্রীর  একে অপরের সাথে সবকিছু শেয়ার করা উচিত এবং পরস্পরের প্রতি যত্নবান হওয়া উচিত। অতীতকে কখনো ভবিষ্যতে আনা ঠিক নয় পাস্ট ইজ পাস্ট কিন্তু  আতীত থেকে জীবনে শিক্ষা নিতে হয়। বর্তমান নিয়েই সৃষ্টিকর্তার প্রতি শুকরিয়া আদায় করতে হয়। ভালোবাসা সত্যি অসম্ভব সুন্দর,Negative
কিছু সম্পর্কের নাম নেই যা হৃদয়ের মধ্যে থেকে যায়।,Negative
কিছু সম্পর্কোর নাম হয় না হৃদয়ে থেকে যাই  খুব ভাল ছিল গল্প টা,Negative
"কিছু কিছু সম্পর্কের নাম হয় না, শুধু থাকে অনুভূতির গভীরতা।",Positive
"কিছু কিছু সম্পর্কের নাম তো থাকে না কিন্তু ভুলে যেতে চাইলেও ভুলতে পারা যাই না, না চাইতেও তারা অনেক কাছের হয়ে যাই",Positive
নোটিফিকেশন পেয়ে কালকে তাড়াতাড়ি সব কাজ এই ফেলে এসেছিলাম দেখি মুভিটাই যাই  হোক মুভিটা পেয়ে আজ খুব খুশি হলাম,Positive
মুভটি সত্যি শিক্ষণীয় ছিলো,Positive
কে কে আমার মত সিনেমা সংক্ষেপ আর রোমানা আপু ভিডিও দেখতে পছন্দ করেন একটা করে,Positive
অসম্ভব সুন্দর একটি মুভি বলার ভাষা নেই এক কথায় অসাধারণ ️,Positive
১বৎসর ধরে আপনার মুভি এক্সপ্লেইন দেখছি সত্যি বলতে আপনার কন্ঠ শুনে বাধ্য হই আপনার এক্সপ্লেইন দেখার জন্য,Positive
পিচ্চি তো  32 বছরের মিরার প্রেমে   পড়েছে বুঝলাম  কিন্তু আমি যে 23 বছরের রোমানার প্রেমে পড়েছি এর  থা,Positive
সিনেমা হোক শিক্ষা ও জ্ঞানের আলো সিনেমা হোক সমাজ পরিবর্তনের হাতিয়ার তবেই তো বদলাবে আমাদের এই পৃথিবী আসুন আমরা সকলেই দৃষ্টিভঙ্গি বদলাই  তবেই তো বদলাবে আমাদের এই পৃথিবী ধন্যবাদ,Positive
কাল মুভি টার নোটিফিকেশন পেয়ে অনেক খুশি হয়েছিলাম বিস্বাস করেন আপু যখন ভিডিও টা পেলাম না তখন মনটা অনেক বেশি খারাপ হয়ে গেলো আপু এতো লেট করে ভিডিও দিচ্ছেন কেনো তাড়াতাড়ি ভিডিও দিবেন প্লিজ...,Positive
এর  গুলো ভাল লেগেছে  । অতীতে কেউ কোন একটা ভুল বা অপরাধ করলে সেই ভুলের মাসুল সারা জীবন দিতে হয় । আর হ‍্যাঁ ভারতের বয়সের থেকে বেশি বুঝে ভারত,Positive
অনেক দিন পর এত সুন্দর একটা মুভি দেয়ার জন্য অনেক অনেক ধন্যবাদ আপু,Positive
আরে বাহ বেশ দারুন তো মামা ভাগ্নি দুজনের চ্যানেলেই এক ই দিনে মুভির এক্সপ্লেসন করেছেন এবং ভিউ আর লাইক বেরেই চলছে  দুজনের প্রতি ভালোবাসা অবিরাম,Positive
মুভি টা অনেক শিক্ষামূলক একটা ছবি কারণ এখন কারণ মানুষ ঠিক এমন,Positive
"বলার ধরন শুনে মনে হয়, সবসময় হেসে কথা বলো। চমৎকার। এটাই সৌন্দর্য। আর মুভিটা?  অসাধারণ।",Positive
আপনার অনেক প্রতিভা আছে বোন হাসিমুখে কথা বলো।,Positive
"ধন্যবাদ, মুভিতে বর্তমানে সমাজকে তুলে ধরা হয়েছে।",Positive
ভিডিও গুলো বেশি বড় হয়ে যায়  আর কিছুহ্মন সময় নিলে মুভিটার বাংলা ডাবিং হয়ে যেতো  তাই   টা আর একটু  হলে ভালো হয়,Positive
"আপু তুমি কিছু দিন পর পর কোথাই হারিয়ে যাও, তুমায় অনেক মিস করি",Positive
রুমানা আপু আপনার এক্সপ্লােইন গুলো এক কথায় অসাধারণ।।কারণ আপনার ভয়েস কিছু সময়ের  জন্য হলোও আনন্দ পাওয়া যায়।।,Positive
"আমি তো কাল ডাউনলোড দিয়ে রেখে দিছি পরপ দেখবো বলে,,  সকালে উঠে দেখি মুভি উধাও ,,,,  ভাবলাম আমি কি কাল রাতে স্বপ্ন দেখলাম,,  আজ যখন আবার দেখলাম তখন গিয়ে মন টা শান্তি,,,,",Positive
গল্প টা অনেক সুন্দর ছিলো,Positive
অসম্ভব সুন্দর মুভিটা,Positive
"অসাধারন রোমেন্টির মুভি, রোমানা আপু আরো এমন রেমেন্টিক মুভি চাই প্লিজ",Positive
রোমানা আপু তোমার ভয়েজের প্রেমে পড়ে গেলাম,Positive
ভারাত নয় । ওর নাম ভরত,Negative
"আপু তোমার ভয়েসটা অনেক অনেক সুন্দর মাশাআল্লাহ ,আর তোমার গ্ৰাম্য ভাষা গুলো আরো অনেক ভালো,, তোমার ভয়েস,, মুভির মায়ায় পরছি🫣",Positive
নতুন ভিডিও পেয়ে অনেক খুশি হইছি আপু,Positive
সত্যি মুভিটা অনেক সুন্দর ধন্যবাদ রোমানা আপু,Positive
"রুমানা আপু আমিতো আপনার কন্ঠের প্রেমে পরে গেছি, আপনার কন্ঠ এতো সুন্দর কেনো? আরো একটা কারন আছে  সেটা হলো আপনার কথা বলার ভাগ ভঙ্গিমা অসাধারন।",Positive
"আপু অনেক দিন মনের মধ্যে কেমন যেন শূন্যতা কাছ করছে,, মনটা খুব খারাপ, আপনি এতো দেরি করে আসেন কেন, আপনার ছবি দেখলে হতাশার মধ্যেও মনটা একটু ভালো হয়, প্লিজ আপু আরো তারাতাড়ি ছবি দেয়ার চেষ্টা করবেন",Positive
"আপু তোমার এক্সপ্লেইন গুলো অন্যদের থেকে আলাদা, এই মুভিটা আমাদের সমাজের জন্য খুব বড় একটি মেসেজ, যারা ভদ্রলোকের আড়ালে মূখষ দাড়ি হয়ে আছে, ধন্যবাদ আপু তোমাকে, তো হাই আকি মোঃ জান্নাতুল ফেরদৌস",Positive
অনেক অপেক্ষার পর পেলাম ধন্যবাদ আপু,Positive
"আমি তো কালকে মুভিটার একটুখানি দেখে ভেবে নিয়েছিলাম যে স্বপ্নে দেখেছি, কার কার এমন হইচে",Positive
আপনার ভিডিও যত বার দেখি ততই ভালো লাগে ️,Positive
আপনার কন্ঠ আমাকে মুগ্ধ করে...,Positive
মুভি টির কাহিনি ভালো লাকছে  বাট শট  ড্রেস ব্যাপারটা মেনে নিতে পারলাম না কারণ শর্ট ড্রেস ঘরে স্বামীকে দেখানোর জন্য বাহিরে পর পুরুষকে দেখানোর জন্য না তাছাড়া সবই ভালো লাগছে মুভি কাহিনী খুবই সুন্দর এবং শিখার মত মেসেজ রয়েছে,Positive
রোমানা তুমি অনেক বড় হয়েছো দোয়া আরো বড় হও। কিন্তু এইরকম করে মুভি দিলে মানুষের ভালবাসার জায়গা হারাবে,Positive
এত সুন্দর করে উপস্থাপনা করলে কি আর না শুনে উপায় আছে,Positive
কে মুভিটা আপু অর্ধেক দেখার পরেই হঠাৎ করে চলে গেল বুঝলাম না কি হয়েছিল আপু,Positive
অসংখ্য ধন্যবাদ খুব সুন্দর আপনার কন্ঠ গুলা আপনার হাসি মুখে মিষ্টি কন্ঠে বলার জন্য আরো ধন্যবাদ আরো সুন্দর সুন্দর এরকম জামা এবং রোমান্টিক মুভির দিবেন,Positive
আজকের মুভি খুব ভালো লাগছে,Positive
আপনার কথা বলার ধরনটা অসাধারণ চমৎকার ম্যাম।,Positive
এইমাত্র সিনেমা সংক্ষেপ থেকে মোমেন ভাই ভিডিওটা দেখে চলে আসলাম আপনার আপনার ভিডিওটা দেখতে আপনারা দুজনে ভিডিও আমার কাছে ভালো লাগে,Positive
আমি যতই আপনার ভিডিও দেখি ততই মুগ্ধ হই একচুয়ালি এই মুভিটার মতো।,Positive
"খুবই ভাল একটি সিনেমা, ভাল উপস্থাপনা।",Positive
"এক দিন আগেই ভিডিওটির নোটিফিকেশন পাইছি ,,,,যখন ভিডিও টা দেখতে আসছি ঠিক তখনি এমবি শেষ হয়ে গেছে ,,,তাই আজকে আবার দেখতে আসলাম",Positive
খুব সুন্দর,Positive
আমিও এক বড় মেয়ের সাথে প্রেম করেছিলাম। কান্তু বিয়ে হয়ে গেল,Positive
আপনার কথা আমার অনেক ভালো লাগে    ️,Positive
এক কথায় অসাধারণ মুভিটা,Positive
অনেক সুন্দর হয়েছে ️️,Positive
অনেক সুন্দর হয়ছে,Positive
আপু কেমন আছেন। আপনার মুভির জন্য অপেক্ষা থাকি সব সময়। চেষ্টা করবেন আরো তারা তারি দেয়ার জন্য,Positive
শুনতে আমার খুব ভালো মুভির চাইতে বেশি আপনার কথাগুলো পছন্দ হইছে,Positive
আপু সত্য ঘটনা অবলম্বনে নির্মিত মুভিগুলো বেশি বেশি নিয়ে আসার চেষ্টা করো। রোমান্টিক মুভি কম দিও আপু। সবশেষে তোমার জন্য অনেক শুভকামনা রইলো রোমানা আপু।,Positive
আপি তোমাকে  অনেক অনেক  ধন্যবাদ,Positive
আপু আজকে তোমার খবর আছে.. এত দিন কোথায় ছিলা..আমরা কত মিস করছি তোমায়,Positive
আমি ও একদিন সফলতা পাবো ইনশাআল্লাহ 370 জন কে নিয়ে অনেক খুশি আসি আলহামদুলিল্লাহ,Positive
অনেক সুন্দর হয়েছে রোমানা আপু,Positive
অসাধারণ,Positive
আমার কাছে অনেক ভালো লেগেছে রোমানা আপু,Positive
অসাধারণ গল্প অনেক সুন্দর চমৎকার লাগল ধন্যবাদ ।,Positive
ভালো লেগেছে,Positive
অসম্ভব সুন্দর মুভি।,Positive
তোমার কথা বলার ধরন অসাধারণ  ️️,Positive
ভালোবাসার আরেক নাম তুমি রোমানা আপু,Positive
আপু এতদিন কই ছিলেন মুভি দিতে এত দেরি হল কেন,Positive
সত্যি অনেক সুন্দর,Positive
কিছু ভালোবাসার পূর্ণতা পায় না এমনি হয় কষ্ট ছাড়া আর কিছুই নেই । অনেক সুন্দর হয়েছে আরো দাও।,Positive
অসাধারণ আপু,Positive
রোমানা শুধু আমার কেউ নজর দিবা না,Positive
"অবশেষে, রোমানা আপুকে খুজে পাওয়া গেলো।   ,",Positive
অনেক ভালো  গল্প ধন্যবাদ।,Positive
খুব ভালো একটি গল্প,Positive
আপনার ভয়েস খুব সুন্দর,Positive
আপু তোমার বেশি মুভি দিতে হবে না শুধু বাচাই করা কিছু ভালো মুভি দিও আর এ মুভি অনেক ভালো লাগলো,Positive
সমাজের মানুষ ই এমন।,Positive
আমিও কিন্তু মুভির মধ্যে এই পয়েন্টগুলো নোটিশ করেছিলাম। আর আপনিও মুভি শেষে এই পয়েন্ট গুলোই। আপনার আমার চিন্তা ভাবনা প্রায় একই,Positive
কিশোর জীবনের কথা তুলি আনা এবং মানুষের ভীতরে অমানুষের তথ্য রুচি সাথে জ্ঞানভিত্তক অনেক উপাদান ব্যবহার ভালো মানের জীবন ছবি।,Positive
আমি কালকেই দেখেছি,Positive
আপু আপনার একটা ভিডিও আপলোডের অপেক্ষায় আমরা কত কষ্ট করে বসে থাকি। আপনি যদি একটু দ্রুত ভিডিও আপলোড করেন তাহলে ভালো হতো লাভ ইউ আপু,Positive
আমার কাছে অনেক  ভালো  লাকছে থ্যাঙ্ক ইউ  আপু,Positive
"আপু আমার ও ছোট ছেলেকে ভালো লাগে কেনো তা জানি না, তাই এই রকম মুভি খুব ভালো লাগে",Positive
এতো দিন পর পর মুভি দেন কেন তারাতারি  দিতে পারেন না,Positive
রোমানা দিদি আপনি  মুভির ভিডিও দিতে এত দেরি করো কেনো,Positive
আপু আমি আপনার এক্সপ্লেইন খুব ভাল লাগে,Positive
এতোদিন কেনো মুভি কেনো পায়না আপু আমি আরও বেভে ছি আপনার কিছু হলো নাকি,Positive
এত দেরি করলে কেন আপু। এক্সাম চলছে তার ভেতর ও ওয়েট করেছিলাম।,Positive
আপনার ভয়েস টা জোস্,Positive
কতদিন বাদে আবার তোমার গলায় মুভ  শুনছি মাঝে একটু ব্যাস্ত ছিলাম তাই দেখা হয়নি ️️,Positive
"আমি আর এ দিকে ২০ বছরের ছেলে ৩৫ বছরের মেয়ের উপর ক্রাশ খেয়ে বসে আছি,,,,,  কি ভাবে কি করব বুঝতেছি না",Positive
সিনেমা সংক্ষেপ এবং রোমানা আপু বেস্ট,Positive
ভালো লগলো মুভিটা সত্যি খুব সুন্দর,Positive
"আপু তোমার  কন্ঠ টা  অনেক  সুন্দর  আমার  অনেক  ভালো লাগে , ️️️️️",Positive
আমি তো আপনার ভয়েস এর ক্রাশ,Positive
প্রেম করায় চেয়ে আপুর মুভি দেখা অনেক ভালো,Positive
খুব হাসির,Positive
মেয়ে পোটানোর থেরাপি এই চ্যানেলটি আপনার ছিলোনা।যাই অনেক দিন পর আপনার কন্ঠ শুনলাম ভালো লাগলো।,Positive
আপু আপনার ভিডিওর জন্য অপেক্ষা করে থাকি  তারা তারি ভিডিও দিবেন,Positive
"আপু আমি শুধু  আপনার ভিডিওতে কমেন্ট করার জন্য ইউটিউব খুলছি আর আমরা আপনাকে সত্যি দেখতে চাই,,, যার কন্ঠ এতো এ-তো সুন্দর সে না জানি আরো কতটা ভয়াবহ সুন্দর",Positive
আপু একটি কথা বলতে চাই। আপনি নিশ্চয়ই জানেন ভারতের কিছু মানুষ বাংলাদেশ এ খারাপ চোখে দেখে। আমরা তাদের হিন্দি ছবির পাগল অথচ তারা নাকি বাজে মন্তব্য করে।,Positive
"আমি কাল ৭ মিনিট ভিডিও টি দেখেছি, দেখতে দেখতে হঠাৎ উধাও হয়ে গিয়েছিল। কারণ কি যাক ভালো আজ কে তো পেলাম",Positive
দারুণ,Positive
মনটা  ভালো হয়ে গেলো আপু,Positive
"গত কাল দেখেই নিয়ে আজ আবার দেখলাম। তবে আপনার কাছে অনুরোধ ""ফড়িং"" মুভিটা এক্সপ্লেইন করলে আশা করি ভাল হবে",Positive
ফার্স্ট কমেন্টস না  দেখেই লাইক কমেন্টস করছি  দারুণ লাগে আপনার এক্সপ্লেইন,Positive
কালকেই এই মুভিটা দিয়েসিলেন বাট কাল দেখিনি  আজকে   দেখবো ভাবচি ত খুঁজেই পাচ্ছি না কি জানি,Positive
আমার আপনার কথা গুলো।অনেক ভালো লাগে,Positive
ভাল্লাগছে,Positive
ভিডিও দেখার আগেই             লাইক করলাম,Negative
আপনার মুভির এক্সপেলেন সবচেয়ে বেশি ভাল লাগে।,Positive
আপনি তো অনেক সুন্দর রোমান্টিক কথা বলেন কিন্তু আপনাদের কি মনে কি লাগে না,Negative
আপু সত্য কাহিনি মুভি দেখতে অনেক ভালো লাগে,Positive
আর চার নম্বর মেসেজ হলো সিনিয়র আপুদের প্রেমে পরা,Positive
ছবি গুলো এমন অর্ধেক কেনো দেখাচ্ছে....,Positive
রোমানার কাছে সব সুন্দরী মেয়ে ফেল,Positive
এই মুভিটির চেয়ে ৮ বছরের ছেলে ও ১৯ বছরের মেয়ের।,Positive
কোন মনডা তাইলে কি কয় সেই লেভেল এর মজা পায়ছি,Positive
আপু তাড়াতাড়ি ভিডিও চাই,Positive
আপু আপনার ভয়েসের উপর ক্রাস খাইছি,Positive
খুশিতে গুলগুলা।,Positive
6 মাস পর ফোন কিনে তোমার ভিডিওটি সার্চ দিয়ে দেখলাম আপু একটা  কিন্তু পাবো,Positive
আমি প্রথম ২৪ মিনিট দেখে  তে তে শেষ,Positive
দিদি আপনি ভিডিও দিতে এতো দেরি কেন করেন,Positive
আমি তো ভেবেছিলাম তুমি মারা গেছো,Positive
আপু আমি বেশি অপেক্ষা করি আপনার ভিডিও দেখার জন্য তাই আমি প্রথম কমেন্ট করলাম,Positive
"বর্তমান সমাজ,",Positive
আপু কণ্ঠো টা অনেক মিষ্টি,Positive
আপু প্রথমে আমি কমেন্ট করলাম কারন আপনার ভিডিও আমার অনেক ভালো লাগে,Positive
পিচ্চি মানে কি,Negative
ভালো লেগেছে,Positive
সুপার আপু,Positive
ভালো লাগছে,Positive
আপু আপনি কবে সামনে আসবেন  আপনাকে কবে দেখতে  পাবো,Positive
এসোব মুভি আমার ভালোলাগে,Positive
কি হলো আপু কেনো এত দেরিতে ভিডিও তৈরি করেন।,Positive
আপু আরও এরকম ভিডিও চাই,Positive
ভালো লাগলো। এতো দেরি করে কেন ভিডিও দেয়া হয়।,Positive
ভিডিও টা কালকে দিয়ে আবার বাদ দাওয়া হয়ছিলো কেন,Positive
"রোমানাপু, আপনি কি ইন্ডিয়ান?",Positive
আপু আপনি মুভিদেন না কেন টিক মত মুভি দেখার আগেই লাইক দিয়ে ছি,Positive
এসে গেছে রোমানা আপুর ভিডিও,Positive
খুব সুন্দর দিদি  তোমার,Positive
সাব্বাস বেটা!!!,Positive
আপা এত লেট করে কেন ভিডিও দিচ্ছেন একটু তাড়াতাড়ি ভিডিও ছাড়ুন না,Positive
"আপা আপনি ভয়েস দেন ঠিক আছে, সবার কথার অ্যাকসেন্ট সঠিক হবে না এটাও মানা যায়, কিন্তু বাংলা ভাষাকে এইভাবে বিচ্ছিরি করাটা মানা যায় না। সত্যিই নতুন জেনারেশন কি শিখবে রস, উত্তেছে কি সব বাজে । শব্দ চয়ন করুন। তারপরে  দিন।",Positive
এতো দেরি কেন ভিডিও আপু,Positive
আমি তো খুব খুশি হলাম,Positive
এত দেরি করে ভিডিও আপলোড করেন কেন?,Positive
এতো দেরি করে ভিডিও কেন দাও কতো অপেক্ষা থাকি তোমার ভিডিও দেখার জন্য,Positive
"লাইক দিয়েছি,,,আপু",Positive
প্রথমেই দেখতে  চলে  আসলাম,Positive
আজকে সবার আগে আমি লাইক দিছি,Positive
এই ভাবে ভিডিও দিবেন না আপু প্লিজ আমরা অনেক অপেক্ষায় থাকো আপনার ভিডিও ওর জন্য সপ্তাহে দুই বা একটা করে ভিডিও দিলে আমরা সবাই অনেক খুশি হবো,Positive
রুমানা আপু মুভি এতো দেরি হয় কেনো,Positive
অনেক সুন্দর,Positive
ভাবতেও পারিনি রুমানা আপু আজকে মুবি আপলোড করবে,Positive
পুরো ভিডিও দেখার আগেই  করে ফেললাম,Positive
তুমি খুব সুন্দর মুভি এক্সপ্লেইন করো ধন্যবাদ এই মুভিটা আমাকে খুব ভালো লেগেছে,Positive
দারুন ছিল মুভিটি,Positive
আপু এতোদিন পর ভিডিও দিলেন আমি তো শুধু খুজে যাই ভিত্তি আইছে নাকি,Positive
নতুন করে একটা ভালো জিনিস মুভি কত সালের ওইটা পিন করে দিয়েছেন,Positive
আপু আপনার মুভিগুলা আমার অনেক ভালো লাগে,Positive
মুভিটা মনে হয় গতোকাল আপলোড দিয়েছিলেন,Positive
"ভিডিও টির কালকেও নোটিফিকেশন পেয়েছিলাম কিন্তু পরে আর দেখতে পেলাম না ,অবশেষ এ আজকে আবার পেলাম",Positive
আপু কালেকশন ভালো হচ্ছে না চ্যানেল এর চাহিদা নষ্ট হচ্ছে,Positive
"আশা করি সুন্দর হবে,, লাইক করে দিলাম আপু",Positive
নায়িকা টা কি সিলপা শেঠির মেয়ে নাকি বোন??,Positive
ফড়িং ছবির গল্পটাকে মডিফাই করা   হয়েছে। ভালো।,Positive
ভিডিও আস্তে প্রচুর লেট হচ্ছে আপু,Positive
অনেক অনেক দিন পরে কেনো মুভি    আপডেট দেন কেনো আপু,Positive
সবার আগে কমেন্ট করলাম,Positive
আমার কাছে হাতে মেহেদি দেওয়া মেয়েদেরকে অনেক ভালো লাগে  আর চোখে কাজল দেওয়া,Positive
আপু আপনি বেশি বেশি বিডিও দেন না কেন।,Positive
আপু মুভি ছাড়তে এত দেরি হলো কেন,Positive
অনেক অনেক দিন ধরে ভিডিও দেন না যে,Positive
অনেক সুন্দর হইছে,Negative
"ভিডিও আসতে এত দেরি হচ্ছে কেন দিভাই, তোমার চ্যানেলে কত বার ঘুরছি তার ঠিক নেই, একটু তাড়াতাড়ি ভিডিও আপলোড করবে, হমম...",Positive
আপু তোমার ভএস শুনলেই আমর দাড়িয়ে জাএ,Negative
খুব ভালো লাগলো,Positive
ধন্যবাদ,Positive
রোমানা এতো দেরী করে ভিডিও দিলে কি হয়? প্লিজ একটু তাড়াতাড়ি দিও।,Positive
রোমানা আপু  ওয়েব সিরিজ নাগাচৈতন্যের ২০২৩ এর প্লিজ আপু যদি এক্সপেলেশন করতেন,Positive
"রুমানা আমি বিগত ১ বছর ধরে আপনার ভিডিও দেখি , আপনার বয়েজ খুব ই দারুন ,,, আপনাকে একবার বলব ফেইস ভিডিও করে পরের মুভি এক্সপ্লেইন করবেন",Positive
"আপনি যেই রকম ভিডিও, দেন না কেনো আপনার সব রকম ভিডিও ভালো লাগে।",Positive
অসাধারণ,Positive
"খুবই ইন্টারেস্টিং দেখলাম দেখলাম এখন 10,  1/40/",Positive
আপু তোমাকে দেখতে চাই সবাই কি বলেন,Positive
কাল ভিডিওটা অনেক খুজেছি খুব খারাপ লাগতেছিলো।ভিডিও টা হাফ দেখে খাবার আনতে গেছিলাম এসে দেখি ভিডিও নাই,Positive
আপু তোমাকে দেখার ইচ্ছে অনেক আমার,Positive
"মুভিটার গল্প যতখানি শিক্নীয় ছিল,তার চেয়ে অনেক অনেক শেখার ছিল আপনার তিনটি উত্তি.",Positive
এতো  লেট করো কেনো আপু তাড়াতাড়ি ভিডিও দিবা আপু ভালোবাসার আরেক নাম রুমানা আপু,Positive
"আপনি জানেন আপনার ভিডিও না দেখলে আমার ভালো লাগে নাহআপু এখন মন টা অনেক খারাপ ছিল, হঠাৎ ভিডিও টা পেলাম,এখন মন ভালো হয়ে যাবে",Positive
আপু আমি তোমার সব ভিডিও দেখি অনেক বেশি ভালো লাগে,Positive
"আপু একটু রেগুলার হোউন প্লিজ,,সপ্তাহে একটা করে হলেও দিন,,আপনি ঠিক আছেন?",Positive
আপু তোমার ভিডিও এর অপেক্ষায় থাকি।,Positive
"আরে আপা, যে বড় রিভিউ দিছেন এতে তো  ছবিই দেখতে পারি,,,,  ৩০ মিনিটের নিচে রিভিউ দিবেন,এতে  জনগণ দেখবে,আপনার ভিউ বাড়বে,,,,বুজলেন",Positive
তোমার ডুবেড করা সিনেমা গুলা অনেক ভালো লাগে,Positive
আপু একটু দুরত্ব ভিডিও দাওনা অনেক অপেক্ষা থাকি তোমার নতুন ভিডিও জন্য,Positive
আপু মুভি গুলো কোন ওয়েবসাইট থেকে নেন?,Positive
খুব বালো,Positive
আমার 13 বছর তোমার ভিডিও অনেক ভালো লাগে,Positive
অনেক দিন পর তোমার কথা শুনলাম,Positive
আপু এতো দিন পরে ভিডিও দেন কেন,Positive
সাবাস!,Positive
আপু বাসে বসে বসে আপনার ভিডিও দেখতেছি।,Positive
যাই বলেন সোসাইটি এর মহিলাদের রোমান্টিক মুড গুলো দেখে আমি মুগ্ধ।,Positive
"বনু তোমার  চ্যানেলে কি কোনো সমস্যা নাকি৷ আমার আইডি থেকে মুভিটা দেখতে পারলাম না। পরে জামাইয়ের আইডি থেকে দেখতে আসলাম।  বাই দ্যা ওয়ে,  তোমার মুভির শুরুতে নতুন ব্যাকগ্রাউন্ড মিউজিকটা কেমন জানি লাগে। বাট আগেরটি আমার কাছে একদম পারফেক্ট লাগতো।",Negative
আমি তো আপনার ভয়েসের উপর ক্রাস খায়ছি,Positive
আরে এই মুভি টা তো কালকে দেখে ছি,Positive
সুন্দর মুভি দেওয়া সেই অধিকার আপনার আছে আপু,Positive
অনেক দিন পর তা হলে ভিডিও দিলেন।কিছু দিন হলো আপনার মুভি দেখে মজা পাইনা ।।,Positive
রোমানা আপু বেছে এই ধরনের ছবিই ভারসন করেন।।,Positive
আপু এটা দ্বিতীয়বার দিবেন না,Positive
অল্প বয়সে পাকলে চুল তার দুঃখ চিরকাল,Negative
আপু প্রতিদিন একটা করে ভিডিও দিও,Positive
আমিও এক সিনিয়র আপুকে অনেক লাভ করি কিন্তু সে আমাকে ছোট ভাই বলে ডাকে আমাকে পাত্তাই দেয় না বিয়ের প্রস্তাব দিয়েছি বলে আমাকে কম বয়সী মেয়ে বিয়ে করিয়ে দিবে এর পরেও সে আমাকে বিয়ে করবে না,Positive
আমার নাম এম.রাকিবুল হাসান রকি প্লিজ আমি সত্যি বলছি তোমার প্রেমে পরে গেছি প্লিজ,Positive
আপু তুমি কবে তোমার ফেস দে খাবে,Positive
অনেকদিন ধরে আপনার ভিডিও দেখতে পারিনা কারণ ফোন ছিল না ফোন কেনার সাথে সাথে আপনার প্রথম ভিডিও,Positive
এত দিন ছিলে কই???!!!,Positive
কালকে দেখেছি,Positive
এই মুভি কিভাবে দেখবো?,Positive
দেরি হয় কেন ভিডিও দিতে?,Positive
আমার মতো কে আছে নাটক চালিয়ে কমেন্ট পরে,Positive
আমি ২৯০ নম্বর লাইক দিছি,Positive
ইস রোমানা আপু যদি কমেন্টটা রিপ্লাই দিতো,Positive
হালকা কাহিনী। টেনে টুনে বড়ো করা হয়েছে। তবে থীমটা ভালো।,Positive
সিনেমা টা আমার একটু ও ভালো লাগে নেই।,Negative
পুরুষ দের যৌন শক্তি শেষ আপনার মুভি দেখলে,Negative
আমি সেই ছেলে যে ১৬ বছর বয়সে ৩২ বছর বয়সের মেয়ের উপর ক্রাশ খেয়েছি,Negative
ছি ছি ছি,Negative
আপনার প্রতিটি ভিডিও  আমি দেখি আপনার ফেশবুক আইডি নিয়ে ভিডিও  দেন,Positive
রোমানা আপু তোমার ফেইচ বুক আইডি দাও,Positive
আমার ছোট ভাই লাগবে কয়েকটা গ্যাং বানায় ঘুরবো ছোট ভাইদের সাথে।,Negative
"আজকের সারাটা দিন এসব ঘৃণ্য, জঘন্য অশালীন মুভি দেখে সময় নষ্ট। এসব অপসংস্কৃতির থাবা ভয়ংকর হচ্ছে।",Negative
গল্প টা  ভালো না সব মুভির থেকে ফালতু,Negative
তোমার মভি বিশ্লেষনের মাঝে এড অসহ্য,Negative
আপনার  করা অনেক সুন্দর। আপনার বাসা কোথায়।,Positive
আমার মনে হয় না আর ভিডিও আপলোড করতে পারব কারণ আপনারা কেউ আমাকে আগের মত সাপুট করেন না,Positive
এসব অশ্লীল মুভি কেনো বানায়!,Negative
আপনার ভয়েস শুনতে সেক্সি লাগে,Negative
ফালতু,Negative
আপনি সুধু 18+ ভিডিও ছাড়েন,Negative
আমি সবার আগে,Positive
সমস্যা কি আপু,Negative
পাদের মুভি,Negative
উত্তর দিয়েন,Positive
পুরো হেঁসে পেট ব্যাথা হয়ে গেল       .... ️,Positive
বাবা দাদুর কী হাসি মুরগি কী মরার আগে জোক বলে গিয়েছিলো নাকী    এই লাইনটা সেরা,Positive
#1  বাঙালি হিসেবে সত্যই গর্বের বিষয় ভাই!!!    ...,Positive
কাকুর শুধু এক  নাচ স্নানের বালতি ওঠাও আর নামাও,Positive
"সবশেষে যে বললে, ""বাংলাদেশের মেয়েরা খুব সুন্দর "" যা ভাল হয়ে গেল মনটা",Positive
ঠোঁট টা কেমন ঢেউ খেলালো দেখলে? পুরো পুরীর সমুদ্র - এটা সেরা ছিল,Positive
"5:00-5:10 আমি ১০মিনিট ধরে জাস্ট পাগলের মতো হেসে গেলাম। উফফফফ, মুখের অঙ্গি-ভঙ্গি গুলো।",Positive
পুরনো বংগাই কে ফিরে পেয়ে অনেক খুশি হলাম,Positive
কাকুর নাচ টা একই রকম বাজার এর ব্যাগ তোলো নামাও জলের বালতি তোলো নামাও,Positive
"6:58 ""ঠোঁটটা কেমন ঢেউ খেলালো দেখলে, পুরো পুরীর সমুদ্র""",Positive
আজ অনেক দিন হয় হাসতেই ভুলে গেছি। ডিপ্রেশন যেন ঘিরে ধরেছে।এক সপ্তাহ পর এতো হাসলাম। ️ সত্যি দাদা তুমি অনন্য।,Positive
লোকটার সাবান খাওয়ার সময় দাদার মুখটা দেখার মতো ছিল,Positive
হাসতে হাসতে পেট ব্যাথা হয়ে গেছে   অনেকদিন পর আমাদের প্রিয় কিরণ দা ফিরে এসেছে খুব খুব খুশি,Positive
অনেকদিন পর কিরণ দাকে পুরোনো ছন্দে দেখে খুবই খুশি হয়েছি এবং ভিডিও টা উপভোগও করেছি। শুধু একটাই অনুরোধ এই ফ্রম টা ধরে রেখো দাদা   এপিসোড ৩ চাই,Positive
হাসতে হাসতে পেট ব্যাথা হয়ে গেছে অনেক ভালো লেগেছে আমি বাংলাদেশ থেকে দেখছি দাদা,Positive
"হিহিহাহাহার পর তোমার  টা উফফফ, চেয়ারে হড়কে পড়লে  আধা ঘণ্টা ধরে হাসলাম।",Positive
"এই লোকটা বুম্বাদার ফোনের ফেস্ লক খুলে দেবে ভাই। ঠোঁট টা কিরম ঢেউ খেলানো দেখলে, উফফ পুরো পুরীর সমুদ্র......... পেটে খিল ধরে গেলো",Positive
হাসতে হাসতে পাগল হয়ে গেলাম বং দা!! এক সেকেন্ডের জন্য ও হাসি থামলো না,Positive
"বিরিয়ানি টা টা মারাত্মক ছিলো ....আর ঐ কাকুর নাচ ""জলের বালতি উঠানো নামানো আর বাজারের ব্যাগ উঠানো নামানো""",Positive
দাদা যেদিন প্রথম ভিডিও পোস্ট করেছিলে সেদিনই দেখেছিলাম কিন্তু তারপরে আজ পর্যন্ত চারবার দেখে নিলাম একই ভিডিও ......আসলে কিছুই না যখন মনে হয় হাসির খুব প্রয়োজন জীবনে তখন তোমার ভিডিও হাসি নিয়ে আসে আমার মুখে,Positive
- কাকুকে যদি খাওয়ার আগে কেউ বলে হাত ধুতে কাকু বলে পুরো পেট ধোবো,Positive
বালতি নামানো  বাজারের ব্যাগ নামানো ওঠানো টা ব্যপক ছিলো,Positive
11:45  :     -      ব্যাপক হয়েছে ভিডিওটা,Positive
আমি এই জায়গা  টা তে  মোরে গেছিলাম  হাসতে হাসতে  2:52,Positive
অনেক দিন পর এইভাবে মন খুলে হাসলাম  সত্যিই তুমি সেরা সবার থেকে,Positive
"হাসতে হাসতে গাল ব্যাথা হয়ে গেছে, পুরো ভিডিও তেই হাসছি। যাই হোক বাংলাদেশের মেয়েরা দেখতে সুন্দর বলার পর থেকে নিজেকে সুন্দরি মনে হচ্ছে, ধন্যবাদ বং গাই কে আমাদের সুন্দরি ফিল করানোর জন্য",Positive
"বুড়ো কিরন দাদা কে দেখতে চাই , কবে যে কিরন দাদা একটু   হবে",Positive
দুটো  আমাদের কাটোয়ার  সব্জি খাওয়া কাকা আর বিয়ে বাড়ির মারপিট..,Positive
কাটা ছেঁড়া করি কিন্তু রক্ত বেরায়না          ️ খুব ভালো থেকো দাদা।,Positive
মানেই অস্থির বিনোদন বাংলাদেশ থেকে অবিরাম ভালোবাসা রইলো🇧🇩🇮🇳,Positive
ভাই এই প্রথম তোমার ভিডিও দেখছি। ভাই কোনো কথা হবে না পুরো ফ্রিদা হয়ে গেলাম। অসাধারণ লাগলো       🇧🇩,Positive
অনেক দিন পর পুরনো কিরণ কে দেখলাম। প্রাণ খুলে হাসলাম। এমন ভাবে থেকো।,Positive
"দাদা তোমার ভিডিও না দেখলে জানতেই পারতাম না এত  রকমের প্রজাতি গুলো পৃথিবী তে  আছে ,,, এরা বিলুপ্তির পথে যায় নি",Positive
তোমার ভিডিও গুলো দেখলে মন টা ভালো হয়ে যায়হাসতে হাসতে পেট ব্যাথা হয়ে যায়,Positive
এত হাসি পেয়েছে  ভিডিও টা দেখে  যা বলে বুঝাতে পারবো না  সত্যি অসাধারণ কমেডি  ভিডিও   একদম ঠিক ডাক দিয়েছো  দিদি ভাই এটা অসাধারণ কমেডির ছিলো,Positive
পুরানো   কে ফিরে পেয়ে খুশি হলাম,Positive
নবীন উল হক ছবি দেখো তোমার বাবার এটা সেরা,Positive
হাসতে হাসতে পেট ব্যাথা হয়ে গেল।।  আরও চাই এই রকম   ..... সব থেকে বেশি ভালো লাগলো দিদির  টা পুরো হিরোআলম এর মত ওই জায়গায়টা,Positive
হাসতে হাসতে পেট ব্যাথা হয়ে গেল দাদা,Positive
12:00  এ যখন  ফলাফল স্কোর ঢুকে যায়,Negative
খুব ভালো লাগলো  পুরোনো কিরন দা কে দেখতে পেলাম আজকে,Positive
প্রথমদিকে এডিট টা দাদা চরম.... হেসে হেসে পেট ফেটে গেলো,Positive
সত্যি মা চলে যাবার পরে এই প্রথম এতো হাসলাম। খুব খুব ভালো থাকিস,Positive
এতো গরম তার ওপর এরকম ভিডিও হেসে পেট ব্যাথা হয়ে গেল,Positive
পুরোনো   আবার ফিরে আসছে ️️️️,Positive
@  কোনো দিন পুরোনো হবে না... মারাত্মক ছিল ভিডিও টা....   ️,Negative
অনেকদিন পর একটু বেশি হাসলাম,Positive
আমি ভাগ্যবান। এই সিন টা দারুন লাগলো,Positive
হাসতে হাসতে পেট ফেটে গেলো,Positive
"স্নানের বালতি তোলো নামাও, বাজারের ব্যাগ তোলো নামাও""",Positive
জলের বালতি তুলছেন আর নামাচ্ছে বাজারের ব্যাগ তুলছে আর নামাচ্ছি এই ডায়লগ টা ভাই সেরা লাগলো  কিরণ দা তুমি সেরা আর তুমি সেটাই থাকবে,Positive
ভারতের সাথে সাথে সোনার বাংলাদেশ ও রোস্ট হয়ে গেল ভালো লাগলো দেখে ।,Positive
এই বিশাল গরমেও শান্তির অনুভুতি বহুদিন পর কিরণ দাকে দেখে মন ভালো হয়ে গেলো,Positive
অনেক দিন পর একটু মন খুলে হাসলাম,Positive
কিরণ দা এটা সেরা ছিল  পরের পার্ট তাড়াতাড়ি বের করবে,Positive
এর বংশধর সেরা ছিল তবে  অক্টোপাশকেও ছাড়েনি,Positive
শব্দটা কি আমি ভাগ্যবান  >>দারুণ হয়েছে  আদিম মানুষ   করে কথা বলতো!?  দারুণ লাগলো,Positive
10:09 এটা সবচেয়ে সেরা ছিল,Positive
কিরন এর হাস্যরস এর কিরন এইভাবেই বিচ্ছুরিত হতে থাকে,Positive
অনেকে দিন পর মনখুলে হাসলাম,Positive
প্রথম তোমার ভিডিওটা দেখে বিশ্বাস হয়নি।খুব ভালো লাগলো সেই পুরোনো কিরণ দত্ত,Positive
সারাক্ষন হেসেছি  অসাধারন,Positive
কৌশানির পার্ট কাকুর  ডান্স কপি করাটা সবচেয়ে বেশি ভালো লেগেছে,Positive
",        , আগের কন্টেন্টগুলো দেখে তবুও হাসি পেত,",Positive
"কাকু চুল্কি বাজি করার আর জায়গা পাওনি, এই ডায়লগটা হেবি ছিল",Positive
হাসতে হাসতে পেট ফেটে যাচ্ছে ️,Positive
সেই লাগলো ভিডিওটা বাংলাদেশ থেকে অনেক শুভেচ্ছা আশা করি তোমার খুব তাড়াতাড়ি 4M  হয়ে যাবে,Positive
সব তো ঠিকই আছে দাদা কিনতু  টা চার বছর আগের টাই রয়ে গেলো।      !,Positive
অনেক দিন পরে দাদার ভিডিও দেখে এত মজা পেলাম। আরও  এগিয়ে যাও দাদা।,Positive
আজ এতো মন খারাপ অবস্থায় ও খুব হাসলাম,Positive
এই রকম যদি আর একটু সময় হাসি তো পেট ফেটে যাবে মনে হয়,Positive
ভীষণ ভালো লাগে আর কিছু শেখার চেষ্টা করি️,Positive
মন ভালো করা ১৪ মিনিট উপহার দেওয়ার জন্য ধন্যবাদ দাদা... তোমার এবং তোমার বাড়ির সকলের সুস্বাস্থ্য কামনা করি...️️,Positive
বাংলাদেশের মেয়েগুলো খুব সুন্দর হয় ভাই এই পার্ট টা বেস্ট কারন আমিও বাংলাদেশি অনেক অনেক ভালোবাসা বাংলাদেশ থেকে 🇧🇩,Positive
তোমার ভিডিও দেখে হাসতে পারবো না এটা হতে পারে না। ফাটিয়ে দিয়েছো গুরু,Positive
পুরো ফাটিয়ে দিয়েছো,Positive
এটা সেরা ছিলো ভাগ্যবান ব্যাক্তি  খুব সুন্দর হয়েছে ভিডিওটা,Positive
মনটা এতো ভালো হয়ে গেলো আপনার ভিডিও দেখে     ️️,Positive
মারবেনা? মার  হাসতে হাসতে পেট ব্যাথা হয়ে গেছে,Positive
12:40 কথাটা একদম বাস্তব,Positive
9:15 এটা সেরা ছিলো,Positive
দাদা স্কলার চিকেন টা সেরা ছিল   দাদা ️,Positive
"যদিও আমি সিলেবাপ এর ফ্যান, কিন্তু তোমার এই ভিডিওটা দেখে আমার হাসি পেল",Positive
অসাধারণ!!!পুরোনো বং গাই ফিরে এসেছে।️️️,Positive
"মনটা খারাপ ছিলো দাদা,তোমার ভিডিও দেখে হাসতে হাসতে শেষ",Positive
বাংলাদেশ এর মেয়ে রা খুব সুন্দর হয় ভাই   সত্যি ️,Positive
"রসগোল্লার এগরোল,,বিরিয়ানি চা,,এটা সেরা ছিল",Positive
বঙ্গগায় দাদা তো পুরো গেলো,Positive
লাস্ট কবে হাসছি এভাবে মনে নাই। দ্যা বং গাই বেস্ট ভালোবাসা বাংলাদেশ থেকে,Positive
দাদা তোমার ভিডিওগুলো ছুয়ে যায় বুক ️ তোমার ভিডিও দেখলে আসে মনে সুখ,Positive
"উফ্, হাসতে হাসতে পেট ব্যথা। অনেকদিন পর। 3 বার দেখলাম ভিডিও টা।",Positive
মনটা  অনেক খারাপ ছিল আজকে ভাইরে ভাই ভিডিও টা দেখে খুব হাসলাম     .  .,Positive
"এই যে    ছবি দেখ তোমার বাবার,  .",Positive
খুব হাসলাম,Positive
দাদা হেসে হেসে পেট ব্যাথা হয়ে গেল দারুন,Positive
12:41  দাদাদের ভালো লাগে বাংলাদেশের মেয়েদের আর আমরা পছন্দ করি ইন্ডিয়ান মেয়েদের,Positive
দাদা আবারো পুরোনো রুপে ফিরলে  বিগ ফ্যান বাংলাদেশ থেকে,Positive
খুব খুব ভালো হয়েছে,Positive
অনেক দিন বাদে এত হাসলাম,Positive
"কিরণ'দা হঠাৎ করেই আসে  এরকম ভিডিও চাই প্রতিমাসে,  ভালোবাসা অবিরাম 🇧🇩 থেকে",Negative
অনেক দিন পরে দেখলাম তোমার ভিডিও সকাল সকাল মজা চলে আসলো,Positive
"11:30 কাকুর এক নাচ ভাই ""স্নানের বালতি তোলো নামাও বাজারের ব্যাগ তোলো নামাও""",Positive
অনেক দিন পর মন খুলে হাসলাম,Positive
"আমার ভালোবাসার মানুষের পরে সত্যিই যদি কেউ আমায় প্রাণখোলা হাসিতে মত্ত করতে পারে তাহলে তিনি হলেন কিরণ দা️ মন খারাপ হলেই দেখি ভিডিও গুলো। মন ভালো হয়েই যায়️ ভালোবাসা - সিলেট, বাংলাদেশ।",Positive
অনেক দিন পর মন খুলে হাসলাম ভাই কিরণ,Positive
সেরা ছিলো কিরন দা আরো চাই এরকম এপিসোড,Positive
বং দা তুমি সেরা আছো আর থাকবে।    3. দারুন মজা পেয়েছি। তোমার মতো কেউ রোস্ট করতে পারবে না।   ন.1,Positive
কিরণদা আরো গরম খবর চরম খবর চাই,Positive
পড়তে বসে খুব ঘুম পাচ্ছিল। এটা দেখে এত হাসলাম যে ঘুম পুরোপুরি গায়েব!!!!,Positive
কাকুর মনটা কিন্তু পরিষ্কার কারণ কাকু সাবান,Negative
দারুন হয়ছে এপিসোড টা,Positive
অপেক্ষার অবসান ঘটলো বাপরে বাপরে !! অনেক অনেক দিন থেকে অপেক্ষায় ছিলাম নতুন ভিডিওর জন্য ️️,Positive
কিরণ দা ওই নকল অরিজিৎ সিং এর বাড়ি আমাদের এখানে,Positive
"প্রতিটি বাড়িতেই এখন সিরিয়াল তৈরি হয় যেখানে ক্যামেরা, টাকাপয়সা কিছুই দরকার হয় না,,",Positive
এমন   কেই তো চেয়েছি সব সময়  যে এমন  বজায় রাখবে 🫶,Positive
বাংলাদেশের মেয়েরা খুব সুন্দর এটা খুব ভলো লাগলো আমি বাংলাদেশীপুরটা মজার ব্যাপার,Positive
কিরন টা  ফাটিয়ে দিয়েছো হাসতে হাসতে শেষ সেরা হয়েছে লাভ ইট ️দাদা এই রকম ভিডিও আরও চাই️,Positive
কুমিরের পিঠের চামড়া    কথাটা সেই ছিল।।।।,Negative
....    দম ফাটা হাসি           3rd,Positive
"আমাদের সেই পুরনো    মাঝে কিছু দিন তোমার ভিডিও দেখা ছেড়ে দিয়েছিলাম, তেমন মজা আসছিল না, তবে আজকের ভিডিও টা দেখে ভীষণ খুশি হয়েছিএবার আমি প্রত্যেকটা দেখবো, আগের গুলোও দেখে নেবো এই ভিডিও টা   আর  পাওয়া দরকার",Positive
বাংলাদেশের মেয়েরা অনেক সুন্দর     🇧🇩,Positive
লেগেছে এই রকম আরো অনেক,Positive
দাদা তুমি ভিডিও  দিলে হেঁসে মন ভালো করা যায়।,Positive
আরো নতুন নতুন ভিডিও চাই কিরন দা,Positive
সত্যিই অনেক দিন পরে ভিডিও দেখে হাসলাম,Positive
" শুনে মন টা খুঁত খুঁত করে উঠলো।  ডেটা আর ডাটার পার্থক্য বোঝানোর জন্য আমার এক ম্যাম ক্লাস এ এক স্টুডেন্ট কে বলেছিলেন, "" বাবা ঐটা ডেটা, ডাটার চচ্চড়ি মা বাড়িতে বানায় ""...        !",Positive
মন ভালো করা ১৪মিনিট উপহার দেবার জন্য ধন্যবাদ। সবথেকে ভালো লাগলো বিরিয়ানি চা,Positive
দাদ তুমি এটা কার ছবিকে বস করলে?,Positive
কিরণ দা সত্যিই তুমি অমায়িক ️।তোমার ভিডিও গুলো দারুন বাংলা সিরিয়ালের থেকেও।,Positive
বাংলাদেশের মেয়েরা খুব সুন্দর শেষের এই কথার সাথে সম্পূর্ন একমত কিরণ দা,Positive
"রাম বাবুর "" দুইটি বিন্ধু আধান"" বাদ পড়ে গেলো",Positive
2:30 সাবান খাওয়া কাকু     এই চরম গরমে চরম খবর দেওয়ার জন্য,Positive
আপনার কথা বলার স্টাইল টা আমার খুবি পছন্দ ভাইয়া  আমি বাংলাদেশ থেকে তোমার ভিডিও সব গুলো দেখি ।,Positive
চরম হয়েছে। আর বিশেষ করে  র শেষের দিক তা অফুরন্ত। হেসে হেসে পেট ফেটে গেলো।,Positive
দাদা বিশ্বাস করো মন খুলে হেসেছি,Positive
অনেকদিন পর এতো হাসলাম,Positive
অনেক দিন পর সেই পুরানো বং গাই কে দেখলাম। খুব ভালো লাগলো।,Positive
অনেক দিন পর অনেক হাসলাম,Positive
দাদা হাসতে হাসতে পেট ব্যথা হয়ে গেল!,Positive
ভালবাসা বাংলাদেশের মেয়ের তরফ থেকে॥,Positive
শব্দ এর কন্টেন্ট টা দেখার পর 5min ধরে হাসছি,Positive
ভাবাই যাচ্ছে না    এত তাড়াতাড়ি  করবে     এ,Positive
অসাধারণ হাসতে হাসতে পেটে ব্যাথা হয়ে গেল,Positive
দাদা কোথা থেকে এইগুলো খুঁজে বের কর? ? হাসতে হাসতে মরে গেলাম ৷ দারুন হয়েছে,Positive
নাচটা সব থেকে ভালো হয়েছে,Positive
টা সেরা ছিল,Positive
হাসতে হাসতে পাগল হয়ে গেলাম,Positive
"দাদা তুমি সেরা , এত দিন পর পর ভিডিও না এনে মাসে একটা অন্তত ভিডিও দাও ।।",Positive
দাদা বেশি বেশি ভিডিও চাই,Positive
বাংলাদেশের মেয়েরা খুব সুন্দর হয় ভাই! লাভ ফ্রম বাংলাদেশ🇧🇩,Positive
হেসে হেসে পেট ব্যাথা হয়ে গেল দারুন হয়েছে  টা.......,Positive
"লাষ্টে যেটা নিয়ে কথা বলছেন  ছেলেটা পাগল না, পাগল এর ভাব ধরে  নানা সময় মহিলাদের, মেয়েদের ডিস্টার্ব করে",Positive
তুমি সেরা ছিলে সেরা আছো  পুরো ভিডিও টা সেরা,Positive
মজার হলেও কথা গুলো সত্যিই বল দাদা,Positive
"উফফফ দারুণ হয়েছে ভিডিওটা হাসতে হাসতে পেট ব্যথা হয়ে গেলোখুব ভালো লেগেছে ,এই রকম ভিডিও আরও চাই কিরণ দা",Positive
দাদা এরকম ভিডিও আরো বানাও পুরো ভিডিওটার প্রথম থেকে হেসে আসছি আরো ভিডিও চাই এরকম,Positive
হাসতে হাসতে আমি শেষ পুরো,Positive
অসাধারণ দাদা  সত্যি ভিডিওটা দেখে চোখে জল চলে এলো ....,Positive
"সবচেয়ে ভালো লাগলো ""বিরিয়ানি চা""",Positive
বাংলাদেশের মেয়েরা আসলেই অনেক সুন্দর,Positive
বাংলাদেশের মেয়েরা আসলেই অনেক সুন্দর হয়️,Positive
আপনি ভাগ্যবান শোনার পর আপনার  টা অসাধারন ছিল।।।,Positive
"দাদা, গরম খবর চরম খবর এর ১০০০ এপিসোড চাই বাংলাদেশ থেকে ভালোবাসা রইলো️",Negative
সবচেয়ে ফাস্ট পার্ট টা অনেক বেশি সুন্দর হয়েছে,Positive
", "" পুরো মাথাটা খাসির মাথা হয়ে গেছে .""",Positive
"প্রথমে একটু বোর হচ্ছিলাম, তবে তোমার ভিডিও বলেই পুরোটা দেখলাম। খুব হেসেছি...  ভালো লাগলো, এই ধরনের আরো ভিডিও চাই....",Positive
অসাধারণ হয়েছে দাদা হাসতে হাসতে পেট বেথা হয়ে গেল,Positive
কিরন মানেই বিনোদন,Positive
পুরোনো   ফিরে এসেছে,Positive
"এর সাথে যে লোকটা নাচ ছিলো, এই পার্ট টা দারুন লেগেছে..   টা দেখে খুব হেসেছিলাম, আর তোমার ভিডিও দেখে ইতিহাস হয়ে গেছে। আর আমি জানতাম এটা নিয়ে তুমি  ভিডিও বানাবে। যাই হোক, ভালো লেগেছে আমার ️️️",Positive
কিরন' ফাটাফাটি,Positive
হাসতে হাসতে অবস্থা খারাপ হয়ে গেছে,Positive
শব্দ বলা পার্ট টা সেরা ছিলো,Positive
সেরা  ছিল  4 মিনিট  এর সময়ে,Positive
"কিরণদা, নতুন ভিডিও কবে আসবে???",Positive
দাদা তোমার ভিডিও দেখে এক মিনিটও না হেসে থাকতে পারলাম না🫡,Positive
এই গরমে বড়সড় একটা সারপ্রাইজ ছিল ভিডিওটা ধন্যবাদ কিরণ দা,Positive
দাদা খুব ভালো হয়েছে।    ️। সময় পেলে আসবে । খুব সুন্দর জায়গা ।।,Positive
অনেক দিন পর দাদা  ভাল্লাগছে     ️️️,Positive
সেরা ছিল দাদা।  খুব মজা পেয়েছি।,Positive
দাদা আপনি সেরা,Positive
ব্যাপক,Positive
এই তো পুরনো কিরণ দা কে ফিরে পেয়েছি ️️ সেরা ছিল দাদা  টা,Positive
"খুব সুন্দর লেগেছে, পরের  এর জন্য অপেক্ষায় থাকলাম।",Positive
আমি ভাগ্যবান আমি ভাগ্যবান ।। ফাটাফাটি দাদা দাদা আজকে ভিডিও দেখে খুব হাসলাম।,Positive
ভাই তোমার ভিডিও ভালো লাগে অনেক। বাংলাদেশ থেকে বলছি।,Positive
এটাকি পলিটিক্যাল কোন ইভেন্ট ছিল,Positive
"অনেকদিন পর তোমার  এ একটা ভালো  দেখলাম। পুরোনো দিনের মত ছিলো, যখন  নিয়েই বেশি  ছিলে।   🫶",Positive
গুরু ফাটিয়ে দিয়েছে,Positive
দারুন হয়েছে,Positive
কোনো পার্টিকুলার পার্ট না তোমার বানানো পুরো ভিডিও টাই সেরা লাগে  বিশ্বাস করো মুড ঠিক করতে তোমার একটা ভিডিওই যথেষ্ট,Positive
কিরন দা  সত্যিই তুমি সেরা,Positive
কিরন ভাই বাংলাদেশের মেয়েরা খুব সুন্দর। তুমি একটা এসে নিয়ে যাও।,Positive
চুমু খাওয়া পার্টটা ভালো লাগলো,Positive
এর  এর মাঝে এমন ভিডিও দেখে সত্যিই   হয়ে গেল কিরণ দা,Positive
দাদা তোমার ভিডিও খারাপ হতেই পারেনা   ️️,Positive
সলিড ভাই,Positive
হাসতে হাসতে পেট ব্যাথা হয়ে গেল কিরণ দা....  4:26,Positive
ভিডিওটা দারুন দাদা    চাই,Positive
উফফ সেই ছিলো কত্ত দিন পরে হাঁসলাম তোমার ভিডিও দেখে  অসাধারণ,Positive
মাতাল শব্দেও মা আছে এটা সেরা ছিল,Positive
10:05 ও ভাই   হাসি  পুরাই  চুমু,Positive
খুঁজে খুঁজে বের করেছেন বটে,Positive
দারুণ লাগলো ... আরো  দেখতে চাই,Positive
কিরণ দা তুমি সেরা ছিলে সেরা আছো আর সরাই থাকবে,Positive
...11:45      - এটা কী  কোনো ... সেরা,Positive
কিছু দিন ধরে মন ত ভালো নেই আজ হঠাৎ মনে হলো  তে কিছু দেখি  খুলে তোমার ভিডিও দেখে এমনই মন ত চাঙ্গা হয়ে গেলো,Positive
হাসি থামাতে পারছি না,Positive
আসলেই বাংলাদেশের মেয়েরা সুন্দর,Positive
সব থেকে ভালো লাগলো নুন তেল সবই ঠিক ছিলো। শুধু মদ টা একটু কম লাগলো।,Negative
চোখ টা ঘষে দেখলাম স্বপ্ন দেখছি না তো...  এই রকমই ধারাবাহিকতা বজায় রাখতে হবে,Positive
কাকুর নাচ আর কৌশানীদির গানের গলা আমার সত্যি খুব ভালো লেগেছে,Positive
হাসতে হাসতেই শেষলভ  ইউ,Positive
শেষের কথাটা ঠিক বলছেন।বাংলাদেশের মেয়েরা খুব সুন্দর হয়,Positive
ভালো তো অবশ্যই লাগলো দাদা এমনি এমনি তো না নাম্বার ওয়ান ট্রেন্ডিং  ভিডিওটা,Positive
দাদা তুমি সব সময় সেরা,Positive
"দারুন ছিল দাদা ভিডিওটা, এই রকম আরো অনেক ভিডিও চাই",Positive
"দাদা তুমি একটা জিনিয়াস মাল,লাভ ইউ দাদা বাংলাদেশ থেকে",Positive
বাংলাদেশের মেয়েরা সত্যিই সুন্দর হয় ভাই   🇮🇳,Positive
কি আর বলবো এক কথায় অসাধারণ,Positive
কিরণ দা .... না মানে তুমি কি হাগতে বসে  দেখো।,Positive
চরম মজা পেলাম,Positive
এই রকম ভিডিও আবারো চাই,Negative
"ফাটাফাটি দাদা , এই গরমে তোমার ভিডিও দারুন ।।",Positive
এর মধ্যে একটা মিস করে গেলেন নতুন বেরিয়েছে এত স্বাদ ক্যান,Positive
পুরোটাই দারুণ হয়েছে দাদা,Positive
ওই চাইয়্যা থাকস ক্যান কি কবি ক অ অ অ অ....নতুন ভাইরাল গান ফ্রম বাংলাদেশ,Positive
দাদা আরও চাই। দারুণ দারুণ... চুমু চুমু চুমু,Positive
"চলবে দাদা, তোমার ভিডিও দেখলে খুব ভালো লাগে।",Positive
ভাইরে হাসতে হাসতে আমি শেষ,Positive
বাংলাদেশ থেকে দাদা এইরকম ভিডিও আরও চাই,Positive
যাই হয়ে যাক না কেন তোমার ভিডিও দেখার সময় জল খাওয়া যাবে না ।,Positive
কি সেই শব্দ   সেরার সেরা,Positive
জ্যোতিষী বিভাগটা দারুণ ছিল ।,Positive
এটা কিন্তু সত্যি বাংলাদেশী মেয়েরা খুব সুন্দর হয়,Positive
দাদা তোমার সঙ্গে দেখা করে তোমাকে একটা প্রনাম কড়তে চাই দাদা তুমি গূরুদেব,Positive
সেরা ছিলো দাদা লাভ ফ্রম বাংলাদেশ,Positive
দারুন দাদা অনেক দিন পর দেখলাম মন টা ভালো হয়ে গেল,Positive
8:21 ... এই পার্টটার জন্য অনেস্ট !,Positive
হুম..বাংলাদেশের মেয়েরা সুন্দর ধন্যবাদ কিরণ ভাইয়া,Positive
বাংলাদেশের মেয়েরা সুন্দর তোমার মুখ থেকে শুনে জীবনটা ধন্য হয়ে গেলো দাদা🫶,Positive
টা সেরা ছিলো,Positive
কোনো কথা হবে না এক কথায় অসাধারণ 🫶️,Positive
দাদা সেরা হয়েছে । অনেক দিন পর তোমার ভিডিও পেলাম । আর খুব ভালো লাগলো।,Positive
হাসতে হাসতে মুখ ব্যাথা হয়ে গেল দাদা...,Positive
দাদা পথম বার দেখলাম তোমার ভিডিও খুব ভালো লাগলো প্লীজ আরো পার্ট বেরকরও এই সিরিজ এর ️️,Positive
কিরন দার চরম ভক্ত ️,Positive
শব্দ টা কি দাদা । এটা সেরা ছিলো ।      ....,Positive
দাদা তোমার প্রতিকটা ভিডিও সেরা হয়,Positive
বিরিয়ানি চা  সেরা ছিল,Positive
বাংলাদেশের মেয়েরা অনেক সুন্দর বললে  তাই দাওয়াত থাকলো তোমার জন্য বংগাই     🇧🇩🇧🇩,Positive
দাদা ভিডিও টা অসাধারণ ছিলো,Positive
ভালোবাসা বাংলাদেশ থেকে। তোমার ভিডিও এর অপেক্ষায় থাকি,Positive
বাংলাদেশের মেয়েরা সুন্দর হয়। কথা সত্য দাদা,Positive
হাসতে হাসতে পুরো মাথা নষ্ট  মন খুলে হাসলাম ।সেরা ভাই তুই সেরা,Positive
সকালে একবার ভাত খেতে পারিনি দাদা। রামেন টা শেষ করে ভিডিও টা দেখবো। নাহলে রামেনের ঝোল গলায় বেধে গা****ড় ফেটে মরে যাবো️,Positive
আজকের ভিডিও টা জাস্ট সেই হয়েছে সেই এক মিনিট ও না হেঁসে বসতে পারিনি একদম সব কটা মনের কথা,Positive
"সেরা ভিডিও দাদা,,,,,,অনেকদিন পরে তোমার এত সুন্দর ভিডিও দেখলাম।।।।।  ,       .",Positive
দাদা দারুন লাগলো ️,Positive
দাদা গো তুমি সেরা ️,Positive
মারাত্মক,Positive
দুষ্ট তুমি যাতা করো  হাসতে হাসতে কৃমি মুখ দিয়ে বের হয়ে আসে,Positive
হাসতে মানা ️🇧🇩,Positive
"অনেক উন্নতি হয়েছে, দাদা। এই গরমে জিম থেকে এসে এখনও ভাত না পেয়েও(রাতে তো খাওয়া বারন) হাসছি।",Positive
অনেক দিন পর ফাটাফাটি ভিডিও দিলে...,Positive
একেবারে ফাটা ফাটি,Positive
আবার সেই পুরোনো কিরণ দা কে খুঁজে পেলাম️,Positive
এই রকম ভিডিও দেখেই ৫০ হাজার অবস্থায় সাবস্ক্রাইব করেছিলাম,Positive
ভিডিও দেখার সময় তোমার হাসিটা জাস্ট,Positive
আমিও বাংলাদেশের 🇧🇩পটে যাও,Positive
দারুণ অনেক দিন পর আবার হাসলাম...,Positive
বাহঃ    কে আবার দেখতে পেলাম। সত্যি খুব ভালো লাগলো। এভাবেই বেশি বেশি ভিডিও দিও দাদা।,Positive
খুব মজা পেলাম,Positive
দরকা 9:06 এই পাটা সেরা লেগেছে । আর যার এই পাটা ভালো লেগেছে লাইক কর,Positive
দারুন লাগলো দাদা আরো ভিডিও চাই,Positive
দাদা রেগুলার ভিডিও চাই  লাভ ফ্রম বাংলাদেশ,Positive
দারুণ লাগল,Positive
"বাংলাদেশের মেয়েরা অনেক সুন্দর হয়!',,,, বাংলাদেশে বিয়ে কর",Positive
"ভদ্র ভাবে কি ভাবে ভিডিও বানিয়েও হাসানো যায়, সেটার সেরা উদাহরণ তুই ভাই ️️️",Positive
শব্দ মানুষের জীবন পরিবর্তন করতে পারলে সে তো নিজেই পরিবর্তন হয়ে যেতো।,Positive
হাঁসতে হাঁসতে শেষ,Positive
অনেকদিন পর   এর ভিডিও দেখে ভালো লাগলো।,Positive
হাসতে,Positive
মারাত্মক লাগলো,Positive
ওঃ কি কবিতা ️,Positive
রান্নার রেসিপি গুলো সেরা  হাসতে হাসতে পেট ব্যাথা হয়ে গেল,Positive
হাহাহা  বাংলাদেশের মেয়েরা খুব সুন্দর।,Positive
হাসতে হাসতে আমি শেষ,Positive
তোমার  টা দারুন লাগে দাদা। বিরিয়ানি চা খাওয়ার ইচ্ছা রইল দাদা,Positive
এই ভিডিওটি আমার দৈনিক জীবনে 'মিরাক্কেল' পরিবর্তন এনে দিয়েছে,Positive
তোমার ভিডিও দেখলে মন ভালো হয়ে যায়,Positive
অসাধারণ কিরণ দা,Positive
দাদা আপনার ভিডিও আমাকে খুব ভালো লাগে,Positive
বাংলাদেশী মেয়েরা সুন্দরী হয়,Positive
🇧🇩 থেকে অনেক অনেক ভালবাসা,Positive
সত্যি বাংলাদেশের মেয়েরা,Positive
সেরা হয়েছে দাদা,Positive
আর  এর পার্ট টা সেরা ছিলআমি নিজেই ওদের এমন কামড়া কামড়ি দেখে অতিষ্ট হয়ে গেছি।,Positive
কৌশানি হিরো কে চেয়েছিল আমরা ছিলাম তবুও ওই কাকুকে ডেকে নিয়েছিল,Positive
এরকম ভিডিও চাইছিলাম দারুণ হয়েছে,Positive
অস্থির অস্থির,Positive
বিড়িয়ানি চা লাইনটা  দারুন ছিল দাদা,Positive
দারুন দারুন।    ..,Positive
দাদা ভিডিওটা অনেক সুন্দর হয়েছে,Positive
তোমার ভিডিও গুলো দারুন        ️,Positive
প্রথম দিন আপনার ভিডিও দেখে ই  হয়ে গেলাম দাদা,Positive
হ্যা-হ্যা করে হাসলাম,Positive
খুব ভালো লেগেছে আরও চাই কমিক।,Positive
মুরগি মরার আগে  বলেছিল নাকি আর স্নানের বালতি তোলো আর নামাও,Positive
হেসে হেসে শেষ,Positive
"সেরা হয়েছে দাদা, পলিটিক্যাল  এর টা সেরা,",Positive
পরিবর্তন,Positive
এটা মানুষে মানুষে লড়াই না ঠাকুরে ঠাকুরে,Positive
দাদা তোমার সাথে আজ কল্যাণীতে দেখা হয়ে খুব ভালো লাগলো,Positive
দারুন ️️ এরকম আরও ছাই দাদা ️,Positive
"স্নানের বালতি তলো নামাও, বাজারের ব্যাগ তোলো নামাও।।    এতে  তোমার অ্যাক্টিং টা দারুন ছেলো কিন্তু",Positive
...হেসে হেসে পেট ব্যাথা হইয়ে গেলো দাদা,Positive
সেই সেই ভিডিও হয়েছে   দাদা,Positive
খুব ভালো লাগছে,Positive
ওটা বর না অজগর  দারুন কিরণ দা  আদিম মানুষের মতন কুও কু কু কু,Positive
"অনেক দিন পরে এইরকম ভিডিও দেওয়ার জন্যে ধন্যবাদ,,,,,,",Positive
সেরা হাসলাম,Positive
বাংলাদেশ থেকে ভালোবাসা রইলো,Positive
প্রসনজীতের হাসি টা সেরা ছিল,Positive
দাদা আপনার নতুন ভিডিও কবে আসবে ️️️️,Positive
? বদ্দা রাগ করোনা তোমাকেও ভালো বাসি।রানু মণ্ডলের রোস্ট ভালই করেছিলে।কিন্তু  সূর্যের কিরণ আরাম দেয়।তার আলোকে একটু আলদা রেসপেক্ট ভালোবাসা থাকে চাঁদের থেকে।অ্যান্ড,Positive
বাংলাদেশের মেয়েরা সত্যিই সুন্দর হয়🇧🇩🇧🇩,Positive
অসাধারণ হইছে দাদা,Positive
অসাধারন দাদা,Positive
"কি কবিতা তাই না লিখেছ দাদা,     ......",Positive
সেই ছিল দাদা সেই ছিল। তুমিই,Positive
দারুণ লেগেছে,Positive
বাংলাদেশের মেয়েরা খুব সুন্দর হয় ওকে,Positive
বাংলাদেশের মেয়েরা সুন্দর হয়️,Positive
সেরা দাদা আরও চাই️️️,Positive
খুব সুন্দর হয়েছে দাদা ভিডিওটা,Positive
ফাটাফাটি দাদা,Positive
অনেক দিন পোর  অনেক হাসলাম,Positive
সেরা,Positive
দারুণ দাদা দারুণ। তুমি বাংলাদেশের এতো কিছু ফলো করো? ️,Positive
দারুণ হয়েছে...  ও কিন্তু চাই...  এর মাঝে মাঝে ওই হাঁসের ছবি দেওয়াটা কিন্তু বেস্ট,Positive
দারুন হয়েছে,Positive
বাংলাদেশের মেয়েরা খুব সুন্দর হয়,Positive
ভাই রে সেরা ওই থ্রি ম্যাজিকাল ওয়ার্ড টা ফাটাফাটি  হেসে গড়াগড়ি দেবার মতো অবস্থা,Positive
বাংলাদেশের মেয়েরা সুন্দর হয়,Positive
কারা কারা ওই দুটো মেয়ের হাসি দেখে ভয় পেয়েছে,Positive
অস্থির দাদা,Positive
কে কত দিসে জানতে চাওয়া আমার মন,Positive
দাদা সেরা লাগলো️️️️,Positive
বিরিয়ানি চা টা খেয়ে দেখতেই হচ্ছে,Positive
লেগেছে,Positive
দাদা তুমি সেরা উফফ,Positive
সেরা হয়েছে দাদা। হাসতে হাসতে জাস্ট পেট ব্যাথা হয়ে গেলো। বিরিয়ানি চা।,Positive
লেভেল,Positive
তোমার ভিডিও গুলো সব সময় সেরা বস,Positive
জ্যোতিষী ব্যাপারটা সেরা,Positive
পুরোনো ফর্মে দাদা ️,Positive
অনেক ভালো লেগেছে,Positive
আরো ভিডিও চাই,Positive
11:13  থাক দাদা গান নিয়ে কথা বল্লে আবার কোথায় কি হয়ে যাবে,Positive
"তুমি এতো কিউট কেনো  গো? 8:25-8:26 , 8:34-8:35 (যেভাবে তাকালে উফফ কি ), 10:17-10:33 , 13:13-13:17",Positive
অসাধারণ️,Positive
কিরণ দার হাসি টা দেখে আজ আবার  খেয়ে গেলাম,Positive
ভালো লেগেছে দাদা।,Positive
অসাধারন,Positive
আসলেই ভালো লেগেছে,Positive
ফাটা ফাটি,Positive
দারুণ,Positive
বাংলাদেশের মেয়েরা সুন্দর হয়,Positive
তুমি সেরা,Positive
নতুন এডিটর নিয়েছো নাকি ?   করেছে  এক মত হলে  করো,Positive
দারুণ হয়েছে দাদা,Positive
"সেরা,,সেরা,,সেরা,,",Positive
দারুন,Positive
8:00 ঠিকানা আর ফোন নম্বর টা দাও যাবো তাহলে,Positive
দাদা তোমরা একটু হেল্প করো দাদা আমরা তোমাদের কাছ থেকে খুব হেল্প চাই দাদা দাদা তোমরা একটু হেল্প করো,Positive
পাগলা,Positive
সাবান দাদু জিন্দাবাদ !!,Positive
গরম খবর চরম খবরের নতুন এপিসোড দাআআআআআআওওওওও,Positive
মা গো মা,Positive
আমিও বাংলাদেশি মেয়ে,Positive
দয়া করে কেউ খেতে খেতে এই ভিডিও দেখবেন না। পরে আমার মত সরকারি হসপিটালে গলা থেকে খাবার ছোড়াতে যেতে হবে,Positive
"আমি ভাগ্যামান, আমি ভাগ্যমান",Positive
দাদা ফেসবুকে দীন কৃষ্ণ ঠাকুর বলে একজন আছেন তাকে নিয়ে এরকম একটা ভিডিও করো প্লিজ,Positive
উফ কিরন দা তুমি সেরা,Positive
দাদা মাস তো একটা হয়ে গেলো  কি খবর  ভিডিও  খবর কি,Positive
7:37  বোধ হয় আমি ভুল শুনেছি,Positive
হা হা হা মামুর ব্যাটা একবার বাংলাদেশে আইসো বুঝতে পারবা বাংলাদেশের মেয়েরা কত সুন্দর ওরা শুধু সুন্দরী না একেক টা সাক্ষাৎ রাক্ষুসী ডাইনি।,Positive
ওদের ভূল হয়েছে ক্ষমা করে দিন,Positive
"অনবদ্য ,বিশেষ করে প্রসেনজিৎ ,  খুলে যাবে",Positive
ভাই বাংলাদেশ আসেন একবার,Positive
আমি ভাগ্যবান,Positive
ভালো লাগলো,Positive
আমি কর্পুর প্রায় ৩ বছর ধরে খাই অস্থির লাগে।,Positive
ভাই বুম্বা দা'র টা তো সেরা,Positive
বাংলাদেশের মেয়েরা খুব সুন্দর,Positive
দারুন,Positive
দারুন,Positive
আরে আবার একটা  !  পুরোই আগুন।,Positive
আমি মাধ্যমিক - এ পড়ি স্যার। বাবার শরীর খারাপ আমার 4000 মতো টাকা লাগতো শুধু সাইন্স পড়ার জন্য। প্লীজ স্যার একটু সাহায্য করতেন ।,Positive
দাদা তোমার প্রথম  ভিডিও টা আবার নতুন করে রিমেক করো প্লিজ,Positive
"বুড়ো কিরণ দা কে দেখতে চাই , কবে যে কিরণ দা একটু সুগার  হবে",Positive
দাদা #   কে নিয়ে একটা রোস্ট ভিডিও দাও️,Positive
দাদা   করতে গেলে  করতে হবে তো,Positive
এই যে ডুপ্লিকেট প্রসেনজিত এটা আমাদের এখানকার ছেলে,Positive
7:36  ছাগল এর কি?,Negative
দারুন,Positive
"!  . আমি তোমার ক্ষুদে  বড় ফ্যান। তুমি তোমার এক ভিডিও তে বলেছিলে তোমার বাড়ি ধুবুলিয়ায়।কিন্তু ধুবুলিয়ার কোথায়? আমার পিসিমনির বাড়ি ওখানে। তাই ওখানে আমার যাতায়াত আছে। দেখা হয়ে যাওয়ার একটা  ও আছে।আমার এই  এর  দিলে খুব খুশি হব।,  দিও।",Positive
ভারতের ছবি বাংলাদেশে মুক্তির ব্যাপারে আমার আপত্তি থাকলেও এই সিনেমাটি অবশ্যই বাংলাদেশের সমস্ত বড় পর্দায় দেখানো উচিত।,Negative
খুব খারাপ লাগলো বিক্রম রাথোরের স্ত্রীর ফাসির সিন টা যখন ছেলেকে তার মায়ের মরা-মুখটি দেখানো হলো,Negative
এগুলো শুধু সিনেমা তেই সম্ভব বাস্তবে এর একটি প্রতিফলন যদি ঘটত তাহলে দেশ টা অনেকটা বদলে যেত,Negative
প্রত্যেকটা দেশে তাদের নিজস্ব ভাষায় প্রকাশ করা উচিত এই মুভিটা ..,Negative
মুভি দেখাই ছেড়ে দিয়েছি কিন্তু এই 2023 এ এসে একটা অসাধারণ মুভি দেখলাম,Negative
"ভাইরে ভাই ভাবছিলাম ৪/৫ দিন পরে হলে গিয়ে দেখবো, এটা দেখে ফুল ছবির বর্ননা পেয়ে গেলাম।  এখন তো মনে হচ্ছে আজকেই গিয়ে দেখি",Positive
অ্যাটলি কুমার পরিচালিত মুভি মানেই পুরা আগুন,Positive
বর্তমান বাস্তব রাজনীতি,Negative
"ভাই, অসম্ভব ভালো লাগার একটা ছবি। প্রতিটি মূহুর্ত চোখ ফেরানো যাচ্ছে না। সব স্টারের এক মিলন মেলা ছিলো এই মুভিটিতে। আমাদের দেশের রাইটার বা পরিচালক কেন যে এমন মুভি করতে পারে না, বুঝিনা। ধন্যবাদ ভাই",Positive
অসাধারণ ব্যাখ্যা দিলেন ভাই  খুবই ভাল লাগল ️️,Positive
আপনি একজন মানুষ ও ভাই সবার আগে এই মুভির   দিলেন অনেক ধন্যবাদ আপনাকে,Positive
সাম্প্রতিক সমস্যা নিয়ে এই মুভি। এই সমস্যা গুলো আমাদের বাংলাদেশেও আছে।খুব সুন্দর মুভি।,Positive
প্রথমে ভাবছি কেমন না কেমন হবে।কিন্তুু আমাকে অবাক করে দিলো।অসাধারণ।,Positive
এত ভাল গল্প এবং এত ভাল অভিনয় কি বলব সব মিলে ১০০ তে ১০০,Positive
. এত ভালো আর নতুন একটা  আমাকে দেখার সুযোগ করে দেয়ার জন্য,Positive
"যিনি এত সুন্দর করে উপস্থাপন করেছেন তাকে অনেক ধন্যবাদ,তবে আমার কেন জানি মনে হচ্ছে তিনি এক জন বাংলাদেশি কারন একটা কথাই আমাদের ভারতীয়দের থেকে আলাদা বলেছেন,''সেটি হল ষাইট''' আমার সাথে কেউ কি সহমত পোষণ করবেন?",Positive
এক কথা আমি এই মুভিটার প্রেম  এ পড়ে গেছি। আমার কাছে এই মুভির উপরে আর মুভি নাই।অসাধারণ একটা বাসস্তবমুখী মুভি। মুভিতে না হয়ে যদি বাস্তব জীবনে হতো কি যে হতো....।,Positive
দারুণ ছিলো,Positive
"প্রথমে ভাবছিলাম কি এমন একটা ছবি ভালো নাকি কি হবে। বাট ছবি এক্সপ্রেশন দেখে আই অ্যাম দা অবাক,  আমাদের বাংলাদেশে এমন একটা  পরিবর্তন দরকার ছিলো,  ধন্যবাদ শাহরুখ ভাই",Positive
অসাধারণ মুভির গল্প  আপনি খুব সুন্দর এবং সহজ করে বলেছেন  ধন্যবাদ দাদা,Positive
এমন আজাদ আর বিক্রম আমাদের দেশে দরকার,Positive
এই সিনেমায় আমার সবথেকে ভালো লেগেছে নয়নতারাকে।,Positive
"বাস্তবে এটা হলে ভারত চেঞ্জ হয়ে যেতো,আসলে আমরা বিক্রম আর আজাদের জন্য অপেক্ষা করে থাকি,নিজেরা কিছুই করিনা",Negative
আসলেই বাস্তব কথা গুলোই আপনি তুলে ধরেছেন অনেক ভালো লেগেছে ধন্যবাদ এমন মুভি আমাদের মাঝে উপহার দেয়ার জন্য,Positive
"বাস্তবতা যদি এমন হতো, এমন একটা  সবার প্রয়োজন",Positive
মুভিতে না হয়ে যদি বাস্তবে হতো,Positive
বর্তমানে বাংলাদেশের রাজনীতির সাথে মিলে। বাবা! দরবেশ বাবা,Negative
"অনেক সুন্দর গল্পের একটা ছবি, সুন্দর ভাবে উপস্থাপন করার জন্য উপস্থাপক কে অনেক ধন্যবাদ।",Positive
"যারা বোঝেনা তাদের কে বোঝাবে,সিনেমা আর বাস্তব এক নয়।",Positive
এ রকম মুভি বাংলাদেশেও বানানো দরকার যাতে আম জনতা দেখতে পারে।,Positive
আল্লাহ আমাদের জন্য এমন ভাবে কাওকে পাঠালে--- আলহামদুলিল্লাহ।,Positive
অনেক তাড়াতাড়ি মুভি ব্যাখ্যা করে ফেললেন..আর একটু অপেক্ষা করার দরকার ছিলো..,Negative
বাংলাদেশ এ এমন একটা জওয়ান দরকার । যে কিনা সিস্টেম কে নাড়িয়ে দিবে,Positive
আমার কাছে এই মুভির উপরে কোন মুভি নাই আসলেই মুভিটা খুব সুন্দর এবং হৃদয়ের অন্তস্থল থেকে ভালোবাসা জেগে গেম মুভিটার প্রতি।,Positive
অনেক সুন্দর মুভি,Positive
যতই  দিন না কেন হল এ গিয়ে দেখার মজাই আলাদা,Positive
বিক্রম এর বউকে জেলের ভিতরে বলা কালির ডায়ালগটা ৩০ বছর আগেই কী বিক্রম স্বপ্নে পেয়েছিল নাকি ৩০ বছর পরে পেয়েছিল?!!,Negative
"মনে হইলো পুরো মুভি টাই দেখলাম।।। ️ ফ্রম ইউ,,,",Positive
"দেশের প্রতিটি নাগরিক যদি সচেতন হয়,আর দেশ্রপ্রেম থাকে,তাহলেই সম্ভব।",Positive
ভালো ছিলো! বাংলাদেশের বড় বড় পর্দায় এটা চালু করা উচিত রাজনিতি চিত্র খুবি সুন্দর ভাবে ফুটিয়ে তুলেছে।,Negative
"অনেক দিন ধরে এই চ্যানেলের সাথে আছি কিন্তু কখনো কমেন্ট করা হয়নি আজ করলাম, তাও আপনারই একটা কথা লিখতে, আমিও কখনো ভাবিনি যে যেসব মানুষগুলোর  র প্রতি বলতে গেলে আমি একরকম  তাদেরকে কখনো একই মুভিতে দেখতে পাবো। আপনাকেও অসংখ্য ধন্যবাদ, এতো দ্রুত  দেওয়ার জন্য। বলতে গেলে কাল থেকে যে কয়বার দেখলাম হা করে গিললাম আর কি। দেখি কবে  মুভিটা দেখতে পারি",Positive
দেশ ও সমাজের জন্য গুরুত্বপূর্ণ বার্তা।,Positive
সবই ঠিক আছে কিন্তু একটা জিনিস বলার ছিল তা হচ্ছে যে কপিরাইট এর এই এক উপকারিতা যা আমরা খুব তাড়াতাড়ি এই মুভিটার এক্সপ্লেনেশন পেলাম,Negative
বাস্তবতা খুব কঠিন ..............তবে এই কঠিন কাজটাই করতে হবে সবার আগে,Positive
মুভিটা দেখেছি আমি। আমার দেখা শাহরুখের বেস্ট মুভি এটা ️️️,Positive
আজকে লাইভে ফাস্ট সব ফ্রেন্ডরা মিলে  সিনেপ্লেক্স গিয়ে এই মুভি দেখে আসলাম। অস্থির একটি মুভি এন্ড সিনেপ্লেক্স গিয়ে মুভি দেখার দারুন একটা অভিজ্ঞতা হইল আজ।,Positive
"এই মুভি হিট না হয়ে কোথায় যাবে,বাংলাদেশের একটা মেন্টাল পরিচালক এটার মুক্তির বন্ধের দাবীতে রাস্তায় নামছে,ওর সারা জীবনে এরকম মুভি বানাতে পারবে।",Positive
অসাধারণ মুভি। কিছুই বলার নাই। সবাই দেখেন।শিক্ষনীয়।,Positive
ক্যামিও থাকার কথা বলেছিল সবাই মুভির রিলিজ করার আগে । এখন তো দেখলাম নাই  যাই হোক সুন্দর মুভি এবং বেস্ট প্লাবন,Positive
"অসাধারণ একটি বাস্তবমুখী মুভি, যা বলার উপেক্ষা রাখে না।",Positive
এই মুভিটা দেখতে বসে অনেক বার মানি হাইস্ট এর কথা মনে পরছে।,Positive
কাহিনীর কিছু অংশ ' মানি হাইস্ট ' এর মত মনে হল!,Positive
"বর্তমান বাংলাদেশের এমন অবস্থা    বাংলাদেশকে শান্তিমুক্ত করতে হলে আমাদের, তরুণ জওয়ানদের এগিয়ে আসতে হবে।",Negative
এই মুভিটা সব দেশের জনগণের জন্য একটা চিরকুট,Positive
ভাইয়া ভিডিওর কোয়ালিটি এরকম কেন,Negative
সত্যিই অসাধারণ মুভি,Positive
"জাওয়ান মুভি শুধু আলোচিতই নয়, বলিউডের সবচেয়ে বরো ব্লকবাস্টার হিট মুভি।",Positive
"অন্য লেভেল এর একটা মুভি ছিলো মুভির মেইন ক্যারেক্টর গুলো সবাই খুব পছন্দের অভিনেতা অভিনেত্রী  খুব ভালো ছিলো মুভি টা,,, দেশের রাজনৈতিক অবস্থা বা সরকার ব্যবস্থা বর্তমানে এইরকম ই",Positive
ভাইয়া তোর নাম কিরে ভাই? কি সুন্দর করে ব্যাখ্যা করে বুঝিয়ে দিলি।আবেগে ভাই ডাকলাম।বেষ্ট মুভি। এমন মুভি করা শাহরুখ এর পরম সৌভাগ্য। এরচেয়ে বেষ্ট কিছু নেইরে ভাইয়া।  তোকে অনেক ধন্যবাদ ভাইয়া।,Positive
ছবিটি সত্যি অসাধারণ ছিলো,Positive
বাংলাদেশ এই রকম মুভি বানানোর কথা তো দূরের কথা কোনো দিন ভাবতেই পারবে না এমন মুভি ও হতে পারে,Negative
"কত গুলো অভীনেতা বলে ও সেষ হবে না  ১,শাহারুক খান  ২/দিপিকা পাদুকোন  ৩, নয়ন তারা,  ৪, প্রিয়া মনি (পাঁচ জনের এক জন যে মারা যায়)  ৫,সঞ্জয় দত্ত, ৬,বিজয়  সাদুপতি যে মুভিটা তৈরি করলে, সে কি কম নাকি আটলী কুমার মুভিটা ফুল দেখলে মনে হয় আরো কয়েক জন অভিনেতার মুখ সামনে আসবে",Positive
"না দেখেই কমেন্ট করলাম,,,মুভি দেখে নয় আপনার প্রতি ভালোবাসা থেকে।  খুব ভালো লাগে আপনার  করা মুভি গুলো,,ক্রাইম সাস্পেন্স থ্রিলার ওয়াওজাস্ট।",Positive
জানিনা কি বলবো বলার  কোনো ভাষা নেই। মুভি টা খুব সুন্দর লাগছে।,Positive
একটা শিক্ষনীয় বেস্ট মুভি,Positive
"মাষ্টারপিস মুভি,,,এমন একটা লোক বাংলাদেশে দরকার",Positive
সেই রকম হইছে। পুরো মুভি দেখতে পারলে হয়তো আরো ভালো লাগবে,Positive
মুভি রিলিজের ৭ দিন না হতেই এক্সপ্লেইন দেয়া উচিত না।,Positive
বিশ্বাস করেন প্লাবন ভাইয়া আমার দেখা সেরা মুভি মুভিটা দেখে মনে হচ্ছিল হলিউড কোন মুভি দেখতাছি। এত সুন্দর করে আপনি এক্সপ্রেশন করছেন আরো ভালো লাগলো। ব্লকবাস্টার মুভি ব্লকবাস্টার হয়ে গেল,Positive
আছে বলে আমরা মুবি দেখতে পারি,Positive
বাংলাদেশের বর্তমান বাস্তব চিত্র।,Positive
অসাধারণ  এক মুভি,Positive
খুব ভালো লাগল,Positive
"অসাধারন বর্ননা,ভাল লাগ্ল,৯/১০",Positive
দারুন   দারুন,Positive
মুভি আর বাস্তব চিত্র সম্পূর্ণ ভিন্ন আমাদের বাংলাদেশে বর্তমানে জোয়ান মুভি মত হুবহুব হচ্ছে শুধু বাস্তবের একটা শাহরুখ খান নাই,Positive
প্লাবন! কি বলবো বলুন? আপনার কণ্ঠে এক্সপ্লেইন সত্যিই অসাধারণ লাগে  খুব ভালো লাগে আপনার এক্সপ্লেইন শুনতে আর মুভিটা সত্যিই খুব ভালো লেগেছে ধন্যবাদ আপনাকে প্লাবন আপনার কণ্ঠের প্রেমে পড়ে গেছি,Positive
এতো তারাতারি এক্সপ্লেনেশন পাবো ভাবতেও পারি নি,Positive
আমি কিছু শোনার জন্য আশা করছি না। কারণ আমি সিনেমা হলে গিয়ে ছবিটা দেখে ফেলেছি। এক কথায় ছবিটা অসাধারণ। মনে হচ্ছে জীবনে বেস্ট কিছু উপভোগ করেছি ছবিটা দেখে। চট্টগ্রাম চকবাজার,Positive
যে কনটেন্ট তাতে ইন্ডিয়ান মুভি না হলে দেশে রিলিজ পেতো না পুরাই আমাদের দেশের সিস্টেম দেখানো হয়েছে,Positive
অসাধারণ,Positive
বহুদিন  পর একটা মন মত সিনেমা  দেখালাম।,Positive
খুব ভালো লাগলো,Positive
এই একই কনসেফট মহেশ বাবুর একটা মুভিও ছিল৷ ওই মুভিও ভাল ছিল৷,Positive
অপেক্ষায় ছিলাম,Positive
এক কথায় অসাধারণ,Positive
মুভি টা  অবশ্যই   দেখবো । ছবির গল্প টা খুব ভালো লাগলো।,Positive
বাস্তবে যদি এমন হতো তাহলে বাস্তবটা অন্যরকম হতো।,Positive
সত্যি অসাধারণ মুভি টি এই সমাজের নির্মম নির্যাতনের সত্যি তুলে ধরা হয়েছে,Positive
মুভির গল্পটা অসাধারন।,Positive
যে যাই বলুক পাঠান মুভির চেয়ে অনেক গুণ ভালো। তারপর যদি হয় প্রিয় প্লাবন ভাই,Positive
কি জে বলেন ছ্যাপ খানের প্রিতমা নাটকের দর্শকরা এটাবুজবে কেমনে ওরা জেনো এই মুভি না দেখে,Positive
আমার দেশ মহান।দেশের সিস্টেম আরও  মহান,Positive
"আপনি তো জিনিয়াস,যে মুভি দেখার জন্য এত হাঙ্গামা সেই সময় আপনি এক্সপ্লেইন করে দিলেন",Positive
সিংহ  বুড়া হইয়া গেলেও সিংহ  শাহরুখ খান তার প্রমাণ,Positive
এক কথায় অসাধারণ একটা মুভি,Positive
অস্থির মুভি,Negative
"এরকম মুভি বাংলাদেশ তৈরি করলেও, ছাড়পত্র দেওয়ার ক্ষমতা কার কাছে যেতে পারে বলে আপনারা মনে করেন...?",Positive
দেশের পরিস্থিতি সাথে সম্পূর্ণ মিল,Positive
বর্তমানে রাজনীতির একই চিত্র,Positive
মুভিটা এক কথায় সেরা আর ভাইয়ার এক্সপ্লেইন ও অসাধারণ,Positive
ধন্যবাদ,Positive
বলার ভাষা হারিয়ে ফেলেছি সত্যি অনেক হৃদয়স্পর্শী মুভি ছিলো,Positive
আমার খুব ভালো লাগলো,Positive
অসাধারণ মুভি,Positive
টা দেখেছি তবুও আপনার এক্সপ্লেইন বলে কথা,Positive
ভাইয়া আমি খুঁজছিলাম সত্যি !,Positive
বর্তমান রাজনীতি দলের বাস্তব চিত্র,Positive
আপনার  এক্সপ্লানেশন আরো ভালো হয়েছে। ️,Positive
মুভিটা দেখেছি..... অনেক-অনেক ভালো লাগছে মুভিটা,Positive
জন্মের পর সন্তানদেরকে যেন বাবা নির্বাচন করতে না হয়। সমস্ত নারী জাতির প্রতি আমার রিকোয়েস্ট,Positive
"দোস্ত মাশাল্লাহ,,, তোমার কথা বলার ধরন খুব সুন্দর",Positive
তৃপ্তকর স্টোরি। ধন্যবাদ আপনাকে,Positive
আজকে দেখে এলাম হলে গিয়ে অসাধারণ হয়েছে মুভি টা,Positive
একদম বর্তমান বাস্তবতা,Positive
আনেক সুন্দর  মুভিটা,Positive
আমার খুব প্রিয় শাহরুখ খান,Positive
দারুন ️,Positive
খুব ভালো লাগলো,Positive
ওয়াও মুভিটা তো অসাধারণ,Positive
সুন্দর ভাবে বাংলা তে বুঝিয়ে বলার জন্য আপনার নাম দিলাম  জওয়ান,Positive
"জাস্ট ফাটিয়ে দিয়োছো গুরু  ,",Positive
বারবার দেখতে ইচ্ছা হয় এমন কোন মুভি না..,Positive
সত্যি অসাধারণ,Positive
১০০ তে ১০০ বলার মত মুভি,Positive
অসাধারণ একটি মুভি দেখলাম,Positive
অসাধারণ,Positive
অসাধারণ মুভি,Positive
অসাধারণ,Positive
অাপনার ভিডিয়োর জন্য অপেক্ষায় থাকি। অসাধারণ,Positive
এই সিস্টেম টা বাংলাদেশের জন্য নয়।,Positive
কে কে আমার মতো ভিডিও টি না চার্চ করে পেয়েছো,Positive
অনেক সুন্দর,Positive
নয়ন তারা আমার ফেভারিট,Positive
মারাত্মক মুভি।অসাধারণ!,Positive
ফালতু সিনেমা এরচেয়ে দক্ষিণের ক্রাইম থ্রিলার মুভি অনেক ভালো,Negative
অসাধারণ,Positive
শাহ্ রুখ খান মানেই শিক্ষনীয় মুভি,Positive
অসাধারণ গল্প,Positive
ভাই একটু ছোট (১৫-২০)মিঃ এর মধ্যে রাখলে ভালো হয়...,Positive
"বাস্তবতা নির্ভরশীল ছবি,,,অসাধারণ অসাধারণ",Positive
দারুন,Positive
খুবই  ভালো  ভাই পাঠানের  গল্পটা শুনতে চাই,Positive
"আমার অনেক  ভালো লেগেছে,,,",Positive
"ওফফফফ,,দারুন️️",Positive
সেই,Positive
মাস্টারপিস!,Positive
অসাধারণ লাগল,Positive
খুব ভালো,Positive
সুন্দর এক্সেপলেশন,Positive
অসাধারন,Positive
একসাথে সবাই অসাধারণ।,Positive
অসাধারণ অসাধারণ অসাধারণ,Positive
বাংলাদেশের সালমান ফজলুল হক।চরিত্র।,Negative
অসাধারণ একটি মুভি,Positive
হাসু আপার দলের বর্তমান অবস্থা,Negative
অসাধারণ একটা মুভি ছিল ভাই,Positive
অসাধারণ সিনেমা অসাধারণ গল্প সাথে অসাধারণ এক্সপ্লেনেইশান এই রকম বাস্তবিক সিনেমা হতে পারে তা কল্পনাও করা যায় না খুউব ভালো লাগলো সনেমাটি এক চটাক... এক ছটাক.....,Positive
খুব সুন্দর একটা মুভি  আমার অনেক ভালো লাগছে,Positive
দারুণ ছবি ভাই হলে না যেয়ে  আপনার মাধ্যমে ছবিটা দেখো ফেললাম,Positive
বাংলাদেশে এরকম আজাত আর বিক্রম দরকার তাহলে সমাজটা সুন্দার হবে,Positive
এই ভিডিও দেখে সিনেমার মজা কমে যাবে।,Positive
এটি একটি অসাধারণ মুভি,Positive
ছবিটি কালকে হলে গিয়ে দেখেছি।তাও আপনার ভিডিও দেখছি।ধন্যবাদ ভাইয়া।,Positive
এটা বাংলাদেশের সাথে অনেক মিল আছে,Positive
কাহিনী তো দুর্দান্ত!,Positive
অসাধারণ এক্সপ্লেনেশন @,Positive
তিরিশ বছর আগে বাপ পট্টি বাঁধা ছিলো। সেই পট্টি তিরিশ বছর পরে ছেলে পরলো কিভাবে।,Positive
"ওরে মুভিরে,পুরাই তুখোড়,আগুন",Positive
"গতকালকে দেখেছি মুভিটি। আপনার এক্সপ্লেনেশনও দেখলাম,বরাবরের মতোই ভালো। তবে মুভিতে নতুন কিছু নেই,নরমাল সাউথের মুভি। থালাপতি বিজয়ের আর আল্লু অর্জুনের মুভি মিলিয়ে একটা মুভি বানানো।তবে শাহরুখ খান আছেন বলেই সবার আগ্রহের কেন্দ্রবিন্দু মুভিটি।",Positive
বাংলাদেশও এমন করা দরকার,Positive
ঘটনা বহুল সিনেমা। ভালোই লেগেছে,Positive
"মুভি টা সিনেমা হলে গিয়ে দেখার অনুরোধ থাকলো জাস্ট অসাম মুভি, আমি আজকেই দেখে আসলাম",Positive
অসাধারণ ।,Positive
আপনার ব্যাখ্যার কৌশলটা আমার পছন্দ হয়েছে,Positive
"ভাই, আপনি বাড়িতে কি করেন ভিডিও যদি এত দেরি হয়। সপ্তাহে দুই তিনটা ভিডিও চাই",Positive
বলিউড মুভি মনে হয় নাই।  ভিডিও দেখতে দেখতে মনে হচ্ছিল সাউথের কোনো দুর্ধষ এ্যাকশন মুভি দেখছি।  এক্সপ্লেনেশন খুব সুন্দর হয়েছে।  আশা করি মুভিটাও সুন্দর হবে।,Positive
দারুণ,Positive
এরকম কোনো রাজনৈতিক কোনো মুভি বানালে বাংলাদেশের সিনেমার সেন্সর বোর্ড কখনোই মুক্তি দিতে দিতো না,Positive
বাংলদেশের আসল চিত্র।,Positive
অসাধারণ,Positive
প্রথম চিনটা  আমি মনে হয় কোন এক চায়না মুভিতে দেখেছিলাম।জাকি চেনের মুভিতে ছিলো।,Positive
সুন্দর,Positive
মুভির কাহিনী টা অনেক ভাল।পাঠানের থেকে অনেক ভাল জাওয়ান এর কাহিনী,Positive
আছে বলে আমরা মুবি দেখতে পারি,Positive
অস্থির মুভি,Positive
অনেক ভালো লাগছে,Positive
এক কথায় অসাধারণ,Positive
"সত্যি অসাধারণ মুভি,",Positive
"কমেন্ট এ সবাই বলছে, যদি বাস্তবে এমন হতো,,আমি বলব সেটা সে নায়ক বা দেশাত্মবোধে আপনিই  হয়ে জেগে উঠুন না,",Positive
দারুণ একটা মুভি,Positive
অসাধারণ  মুভি,Positive
এটা তো অনেকটা  এর মতো।,Positive
মুভিটা সুপার লেভেলের ছিলো,Positive
অসাধারণ একটা মুভি,Positive
এই মুভি আজকে আমি দেখতে জাবো হলে  আমি আমার হাজবেন্ডের কাছে আসছি বেরাতে ওমান ৯:০০ টায় শো,Positive
অসাধারণ একটা মুভি,Positive
ধন্যবাদ,Positive
রাজনীতিবিদদের জন্য মিসাইল  এই মুভি,Positive
নাইছ,Positive
এক চোখের প্রচারণা!,Positive
"আজাদ,,,,,নির্মলা বাহ,,খুব সুন্দর নাম",Positive
দারুণ দারুণ,Positive
বাংলাদেশের বাস্তব চিত্র এটা,Positive
ভাই রে ভাই অসাধারণ মুভি,Positive
অনেকগুলো পজিটিভ মেসেজ রয়েছে এই মুভিতে।,Positive
মনে হচ্ছে বাংলাদেশের বাস্তব চিত্র,Positive
অনেক সুন্দর একটা মুভি,Positive
বাংলাদেশের বতমান অবস্থা,Positive
যে গুটকার বিজ্ঞাপন দেয় সে আবার এসব মুভি বানাচ্ছে।।,Positive
এমন রাঝনিতিক মুবি বাংলা দেসে এলাও হবে না,Positive
"বলিউড মুভি হলেও, আগাগোড়া সাউথের ছাপ। ভালই লেগেছে",Positive
অনেক ভালো গল্প,Positive
ভাই আপনি একটু বুজতে ভুল করছেন লাস্টে যে গান কাজ করেনি সেটা কালী জানতো তাই বিক্রম কে তার স্মৃতি মনে করানোর জন্যে এছসা করে অমন করছে,Positive
আমাদের দেশের মতো একদম,Positive
এইটা অনেক আগেই দেখা হয়েগেছে,Positive
: 7aum  তামিল এ মুভির শুরুটা কাছাকাছি,Positive
উন্নয়ন এর মুভি,Positive
"গুটকাখোর নাকি সমাজ পরিবর্তন করবে ,, এটা হাস্যকর।।",Negative
"আপনার মুভি দেখার জন্যে বসে ছিলাম,,দেখেও নিলাম",Positive
ভালো মুভি,Negative
সিরিজ থেকে চুরি করা গল্প,Negative
এটা বাস্তব কথা,Positive
আমি কিন্তু জাওয়ান দেখার আগেই লাইক করে দিছি,Positive
সেরা লাগসে,Positive
দেখব পরে আগে,Positive
"বাহ,,, বাংলাদেশের কাহিনীদিয়ে ইন্ডিয়ান ছবি",Negative
এই মুভি ৭ তারিখে আসছে আজকে আমি দেখতে জাবো হলে আর এটা আমি এখনই দেখে ফেললাম ️,Positive
ভাইয়া আপনি কেমন আছেন।আপনার মুভি অপেক্ষাই ছিলাম,Positive
আসলেই মুভি টা খুবি সুন্দর,Positive
এটা তো বাংলা মহিয়া মাহির মুভি ওয়ার্নিং এর মতো,Positive
দেখার ইচ্ছে জেগে গেলো,Positive
বাংলাদেশের দরবেশ বাবা সালমান,Negative
কালির চরিত্রের সাথে আমাদের দরবেশ বাবার চরিত্রের মিল পাওযা যায়।।বি. দ্র.সৃজনশীল প্রশ্নের উত্তর দিলাম।।,Negative
অসাধারণ,Positive
"অসাধারণ লাগলো। তবে মনে হয়েছে কিডন্যাপ,  নিজেকে আড়াল থেকে সামনে আনা কোথাও কোথাও যেনো মানি হাইস্ট মুভির কনসেপ্ট ব্যবহার করা হয়েছে",Positive
ভাই এখন বাংলাদশে এই রকম কিছু ঘটেছে,Positive
ভাই আমার মতে কাহিনি টা ১০ এ ১০ পাওয়ার ক্ষমতা রাখে,Positive
খুবই সুন্দর হয়ছে।,Positive
"এতো দেখছি দেবীর উত্থান,,,, নারী নেতৃত্ব কৃত্বিতের গল্প",Positive
আমি আমার বাংলাদেশকে এমন করতে চাই,Positive
ধন্যবাদ ভাই,Positive
"দারুণ একটা মুভি,,,, ২০২৩ সালের সেরা মুভি।",Positive
অনেক থ্রিলার ও সাস্পেন্সফুল মুভি,Positive
কে কে সিনেমাটা দেখার পর এখানে এসেছে,Positive
আমি সকালে মুভিটা দেখছি কিন্তু  আমার কাছে তার  ভালো লাগেনি আসলে  ওনি মুভি  করছে নাকি মুভির বদনাম করলো একদম ফালতু লাগছিলো কিন্তু  মুভির আসল মাজাটা এখন পেলাম  আসল বিষয় টা এই সুন্দর মুভির জন‍্য সুন্দর ভাবে   টা ও সুন্দর ভাবে করার দরকার অনেক ভালো    হয়েছে আপনার  এইজন্যই  আমি আবার  ও দেখলাম আর এই বয়সে এসে ও শাহরুখ খান সেই আগের মতোই বরং  আগের থেকে বেটার মুভি করছে আসলে অন্য লেভেলের,Positive
অসাধারণ একটা মুভি,Positive
ভাই ওটা আজাদ ছিল আজাদ শাহরুখ খানের ছেলে ছিল শাহরুখ খানের ডবল রোল,Positive
কি দেখলাম,Positive
অনেক সুন্দর ভাইয়া,Positive
বেশ ভালোই লাগছে,Positive
সিনেমাটির নাম কি?  কেউ জানলে বলবেন প্লিজ।,Positive
মুভি দেখেও  দেখতে আসছি,Positive
ভাই আমিই প্রথমবাংলা দেশী  যে এই মুভিটা দেখলাম,Positive
হাহা,Positive
অনেক ভাল লাগল এই মুভি তাই  করলাম।,Positive
মাশআললাহ  বাসতোব এ যদি এমন সমভোব হতো,Positive
জাহিদ হাসানের মেড ইন বাংলাদেশের মতো,Positive
সব ঠিক আছে। তবে শুরু জায়গায় গুজামিল। যে নিজের পরিচয় জনে না খাট থেকে উঠতে পারে না। ভিলেন আসায়  একদম লাফিয়ে ফাইটিং করে ফেললো। তবে  কালার  ফাইটিং কমেডি  লুক একদম সেই লেভেল,Positive
রাইট,Positive
থেকে অনুপ্রাণিত গল্প।তবে অভিনয় ভাল ছিল।,Positive
অসাধারণ।,Positive
"আমি কমেন্ট করলাম, ভাল্লাগছে",Positive
ধন্যবাদ,Positive
ধন্যবাদ,Positive
250 টাকা খরচ হলো না। ধন্যবাদ।,Positive
এই ছবি টি কি 2  আসবে,Positive
দারুণ,Positive
কমন কাহিনী এতে এমন কি আছে যে মানুষ এতো বাহ বাহ দিচ্ছে,Positive
বাংলাদেশের ভিতরের খবর ওরা পাইলো কেমনে ভাই।,Positive
কোথায়,Positive
দারুণ,Positive
মানি হিস্ট ওয়েব সিরিজ কেউ একবার দেখলে এসব মুভি তার কাছে কিছুইনা,Positive
"বলিউড না, ডিরেক্টর সাউথ তাই মুভি এমন।",Positive
ভালো লাগল,Positive
দারুন ভাই,Positive
অসাধারণ এক্সপ্লেইন মুভিটি,Negative
এর কনসেপ্ট,Positive
দাদা আপনার এক্সপ্লেন দা একমাস পরে দিলে ভালো হতো কারণ মুভিটা দেখার ইন্টারেস্ট ফুরিয়ে যায়,Positive
অসাধারণ,Positive
সেই একটা মুভি,Positive
এতে ঘনঘন এড আসছে ঠিক মতো উপভোগ করতে দিলোনা,Positive
অসাধারণ,Positive
আগে দেখেছি তার পরেও দেখলাম,Positive
অসাধারণ ছিল,Negative
বাংলাদেশে হলে এই ছবি রিলিজ হতো না,Positive
কালী বাংলাদেশ এর সালমান এফ রহমান ওরুফে দরবেশ বাবা,Positive
ভাইরে এটা দীপিকা।,Positive
জাস্ট অসাধারণ,Positive
অসাধারণ,Positive
অসাধারণ,Positive
"ভাই এটার এক্সপ্লেনেশন এখন দেখবোনা,  আগে মুভি দেখতে হবে।",Positive
ভালোবাসা ভাই,Positive
দারুণ দারুণ দারুণ,Positive
এই মুভিটি কিছু কিছু স্টেপ রিয়েল,Positive
জটিল লাগলো,Positive
ভাবিনাই সবার আগে এই মুভির এক্সপ্লেইন করবেন,Positive
এই সবই তো হচ্ছে দুনিয়াতে,Positive
আপনার এক্সপ্লেইন অসাধারণ।  সব গুলাই দেখি।  তবে দু:খ জনক আমার চ্যানেলে মনে*টাই*যেষন অফ হয়ে গেছে ।   সবাই সহযোগিতা কাম্য। ধন্যবাদ,Positive
১০০ % এই সিনেমা সেরা হবে,Positive
৬০% কনসেপ্ট তামিল ছবি গডসে ছবির নকল      দেখলেই বুজবে...,Positive
এক চোখকেই কেনো রিপ্রেজেন্ট করতে হবে!!!,Positive
এতো নতুন মুভি দেওয়া ঠিক হয় নাই,Positive
অনেকটা ফাটা কেষ্ট টাইপের মুভি,Positive
এই রকম মূভি অনেক তৈরি হয়েছে,Positive
গ্রেট মুভি,Positive
আমার ও ভালোই লেগেছে,Positive
যত সোনাম ছড়িয়েছিল তত না।,Positive
শেখ হাসিনা এবং তার সাঙ্গ পাঙ্গকে দেখানো উচিত এই মুভি।,Negative
"গল্পটা কমন,পুরানো বাংলা সিনেমার কথা মনে করিয়ে দেয়।আপনার ভয়েস ভলো।পাঠান মুভি এক্সপ্লেইন করেন প্লিজ।",Positive
ভাইয়া আপনি বোললেন আপনি নাম বলবেন না আপনি তো বললেন তার নাম,Positive
জাওয়ান ২ আসবে,Positive
"আমি দেখি দীপিকা, আপনি বলেন ঐশ্বরিয়া।",Positive
মুভি নাম প্লিজ,Positive
কালি = দরবেশ বাবা,Negative
খুবি ভালো একটি ছবি,Positive
আপনি ভিডিওটি দুই দিন পর দিতে পারতেন সিনেমাটার ...............,Positive
আফসোস এইরকম শুধু সিনেমা তেই সম্ভব,Positive
এটা তো প্রায় গডসে মুভিটার মতো,Positive
সুন্দর মুভিটা,Positive
ভাই আমার কাছে আরো ভালো পিন-ট আছে,Positive
মুভিটা তো দারুন,Positive
এই মুভিটার একটা ফেমাস ডায়লগ বলে দিয়ে যাও প্লিজ,Positive
ভাই সেরা সেরা সেই লেভেলের,Positive
ভাই কোন মাইক্রোফোন দিয়ে রেকর্ড করেন,Positive
ভালই,Positive
বেশি  মজা পাই  লাম্না,Positive
"কি অসাধারণ উচ্চারণ আপনার,কার্টুন",Positive
সুন্দর হইছে ছবি দিতিয় পাঠ দিলে বইলেন,Positive
"লজিক ছাড়া অনেক কিছু দেখানো হয়েছে। কাহিনী এতোটাও ভাল লাগেনি, শুধু শাহরুখের নামের জোরেই মুভি হিট হয়েছে",Negative
আমাদের দরবেশ বাবা,Negative
বাংলাদেশে দরবেশ বাবাকে দেখেছি,Negative
ঐশরিয়া নারে ভাই এ দিপিকা আপনি নাইকা চেনার বেপারে উদাশীন/কাঁচা,Negative
ঐশ্বরিয়া নয় দিপিকা নায়িকার নাম।,Negative
এইটা কি  ছিল? এইটা তো  . আজাইরা .  ঠিক করেন।,Negative
নকল,Negative
অস্থির মুভি,Positive
মানি হেইস্ট এর কাহিনী অর্ধেক,Negative
"মু়ভি এক্সপ্লেন করে কি ভাই পোষায় নাহ,  জোয়ার সাইটের লগো কেন স্কিনে",Negative
বয়কট জাওয়ান,Negative
কাজটা এখনই না করলেও পারতেন।,Negative
তামিল মুভির থেকে নকল করছে,Negative
কয়েকটা ছবির মিশ্রন,Negative
দিপিকাকে ঐসেরিয়া বলে,Negative
বাংলাদেশের মুভি গুলো পাতে দেবার নয়,Negative
এক্সপ্্লেইন ভালো লাগলো না,Negative
এই ধরনের মুভি অনন্ত জলিলের মতো ছ্যাচড়া মার্কা কার্টুন কে দিয়া কখনোই হবে না!,Negative
দেখা হইলোনা,Negative
আমারতো দম বন্ধ হয়ে আসছিল?,Negative
অসাধারণ একটি গল্প নিয়ে ছবিটি  একটা কথা সবচেয়ে বেশি ভালো লাগছে   ভোট দেই  চিন্তা না করে প্রশ্ন না করে,Positive
এটা উচিত হইনি,Negative
বুরো বয়সে বীম রোথি,Negative
গুরু একেই বলে,Positive
থান্ডারক্যাটসের মামরা!!,Negative
শাহরুখ খানকে ফাইটিং সিন এ মানায় না,Negative
এসব কাল্পনিক কথা   আর্মি দের বন্দুক না চলে এটা কখন ও হয় না,Negative
মুভিটি নতুন তাই দেখলাম. আপনার গলার আর  এর কোয়ালিটি খুব বাজে .,Negative
হল প্রিন্ট,Negative
বাংলাদেশ অবস্থা,Negative
মুভির কাহিনি থেকে এই মুভির কাহিনি চুরি করা হয়েছে........,Negative
কমন কাহিনী,Negative
"এটলি করছে কি,,,,",Negative
"নয়নতারার ক্যারেক্টারের নাম নির্মলা না , নর্মাদা।",Negative
দিলাম   এর জন্য,Negative
অসাধারণ মুভি,Positive
অসাধারণ মুভি,Positive
"মুভিটা দেখেছি, কিন্তু হতাসযেমন ভেবেছিলাম এখন তেমন কিছু দেখা যায় না আগের মতো।যেমন শাহরুখ এর .",Positive
কে কে আমার মোত বার বার দেখতে আসো একটা মভির কাহিনি,Positive
মুভি দেখছি সালা,Positive
কপি মুভি ! মানি হাইস্ট থেকে প্লট চুরি করে কিছু মাল মসল্লা লাগিয়ে ছবি তৈরি করে ফেলেছে ! একদম বাজে,Positive
ফালতু একটা মুভি মেট্রোতে মুসলিম মহিলা কে মারলো কেন?,Negative
ভুয়া মুভি,Negative
আমার দেখা চরম ফালতু একটা মুভি,Negative
বাংলাদেশ এ সেম পেক্ষাপট,Positive
"প্রথম দিনেই মুভিটা রেডি ছিলো কিন্তু কপিরাইট প্রবলেমের কারনে পাবলিক করতে দেরি হলো সবি কপাল,,,! জানিনা আপনারা কেমন ভালোবাসা দিবেন ।",Negative
"প্রথম দিনেই মুভিটা রেডি ছিলো কিন্তু কপিরাইট প্রবলেমের কারনে পাবলিক করতে দেরি হলো সবি কপাল,,,! জানিনা আপনারা কেমন ভালোবাসা দিবেন ।",Negative
মা শিক্ষিত না হলেও মায়ের দেয়া শিক্ষা কখনো ছোট হয় না,Positive
অসাধারণ কাহিনী চোখে পানি চলে এসেছে। দেশটা বদলানোর জন্য শুধু কিছু উচ্চ পর্যায়ের লোকেদের চিন্তা ভাবনাই অনেক গুরুত্বপূর্ণ।,Positive
"এমন মুভির কাহিনী দেখার পরেও আমাদের দেশের প্রশাসন বিভাগের কিছুতেই হুঁশ হবে না,,, তারা সবাই অজ্ঞান  হয়ে থাকে আর বেহুশ হয়ে টাকার গুদাম বানাই লালে লাল হয়ে থাকে....",Positive
বাস্তবে যদি এমন যাওয়ান থাকতো তাহলে সাধারণ মানুষ এতো দরিদ্রতায় থাকতো না।,Positive
"শেষের কথাগুলো অনেক ভালো লাগলো,  আপনার কথার সাথে বাংলাদেশের রাজনীতির মিল আছে।( ৯৯%নেতার সাথে)",Positive
পৃথিবীর সবচেয়ে  বড় শিক্ষা হচ্ছে মায়ের শিক্ষা,Positive
বিক্রম যখন বলে এটা ও কি আমার বাচ্চা তখন অনেক হাঁসি পাইছে আর পুরো মুভিটা সেই ছিল অসাম,Negative
আমাদের সরকারের এঅবস্থা হলে সবচেয়ে বেশি ভালো হতো,Positive
মুভি টা দেখে হাসেছি এবং কেঁদেছি সত্যি অসাধারণ মুভি ধন্যবাদ ভাইয়া আপনাকে এত সুন্দর মুভি এক্সপ্লেইন করার জন্য,Positive
"সিনেমা দেখছি, ২ জনের এক্সপ্লেনেশন দেখছি। কিন্তু আপনার এক্সপ্লেনেশনে আলাদা একটা বেপার আছে। যার জন্য আবার দেখতেছি। শাহরুখ খান & আপনার ফ্যান বলে কথা।️",Positive
সেই অধিকার তার আছে এই কথা টা প্রতি ভিডিও তে বলবেন শুনতে অনেখ ভালো লাগে,Positive
যেমন মুভি  তেমন আপনার এক্সপ্লেনেশন ভাইয়া পুরাই অস্থির,Positive
মুভি মাধ্যমে বাস্তব তুলে ধরে কিন্তু আফসোস তারপর ও মানুষ এসব নেতাদের পিছনে ই থাকে বুজতে পারে না।যেমন টা বাংলাদেশে হচ্ছে।,Positive
আগেও আমি এই মুভির এক্সপ্লেন দেখছি কিন্তু আপনার জন্য অপেক্ষায় ছিলাম,Positive
"এতো সুন্দর  ইমোশন থ্রিল রোমান্স কি নেই এই সিনেমায়,,,,,ভাইরে ভাই  ছোটথেকে আমার পছন্দের অভিনেতা আই এই সিনাময় এই মানুষটাকে দিয়েই পূর্নতা পাইছে অনাকে ছাড়া অন্য কাউকে মানাতোই নাহ🥹",Positive
মিনিটে মিনিটে গায়ের লোম দাঁড়িয়ে যায় অসাধারণ মুভি আর অসাধারণ  এক্সপেইন,Positive
টা সুন্দর ছিল । আর   গুলোও ভাল লেগেছে,Positive
কি বলবো মুভির কথা লাভলী  আজকের মুভিতে আপনার ডায়লগ গুলো সেই ছিল পুরাই অস্থির  অসাধারণ একটা মুভি এক্সপ্লেন করার জন্য ধন্যবাদ,Positive
"ওয়াও,,এক কথায় প্রকাশ করা যাবে না,,, কি মুভি ইয়ার,,আমার দেখা বেস্ট মুভি ছিলো এইটা",Positive
"শরীরে কাটা দেয়ার মতো সিন আর কাহিনী,, অসাধারণ একটা মুভি,, ধন্যবাদ মুমিন ভাই  আর নতুন চ্যানেলে এসে সাবস্ক্রাইব করে গেলাম",Positive
এই মুভিটা অন্য চ্যানেলে দেখেছিলাম। তবে আপনার এক্সপ্লেনেশন সব থেকে আলাদা। এজন্য পুরোটা দেখলাম। আপনার এক্সপ্লেনেশন এর কাছে তার এক্সপ্লেনেশন কিচ্ছু না,Positive
"সব শেষ এ এটাই মুখ থেকে আপনাআপনি বের হলো ' এটলি এটা কি বানালো!!!!' সত্যি অসাধারণ গল্প, মুভিটা দেখার খুব ইচ্ছে আছে।",Positive
"ভাইয়া তুমার কন্ঠে এ মুভিটা শুনতে    অপেক্ষায় ছিলাম,, দোয়া করি ছোট বোন হিসেবে মন থেকে,, আল্লাহ তুমায় অনেক বড় করুক,, আমিন,,",Positive
অনেক চ্যালেনে এই মুভিটার এক্সপ্লেনেশন দিয়েছে বাট আপনার এক্সপ্লেনেশন এর অপেক্ষায় ছিলাম  অনেক ধন্যবাদ ভাইয়া ️,Positive
"আপনার ভিডিওর অপেক্ষায় থাকি,  আপনার এবং সিনেমা উইথ রোমানার ভিডিও নোটিফিকেশন আসলেই মনে হয় ভালো একটা মুভির ফিল নিতে পারব,, পরাই কঠিন,,",Positive
ওটা হলো   ওটার সাহায্যে  দেওয়া হয় যেসব  এর হঠাৎ করে   হয় তাদের বডি তে কোনো কারণে o2  হয় না তাদের কে বাঁচানোর জন্য এই প্রক্রিয়া করা হয়,Positive
ভাই আপনার তো অসাদারোন লাগে আর শারুখানের অভিনয়ে তুলনা নেই🇧🇩,Positive
"ভেবেছিলাম  জাওয়ান মুভি  এক্সপ্লেইন দেখবো না, সরাসরি  মুভি দেখার ইচ্ছা ছিল,   অথবা শুধু  আপনার মুভি এক্সপ্লেইন দেখার ইচ্ছা ছিল, কারণ আপনার মুভি এক্সপ্লেইন অস্থির।",Positive
"অনেক চ্যানেলের এক্সপ্লেইন চোখে পড়েছে, কিন্ত আমি আপনার  এর জন্য অপেক্ষায় ছিলাম।",Positive
প্রথমে আমার গায়ের লুম দারিয়ে গেছে শারুক খান কে দেখে অসাধারণ অসাধারণ অসাধারণ চোখে পানি দরে রাক তে পারিনি,Positive
"ইউটিউব এ  মুভির ভালো  পাচ্ছিলাম না, আপনাকে ধন্যবাদ  মুভি  আপলোড করার জন্য",Positive
যেমন মুভি তেমন আপনার এক্সপ্লেন  পুরাই অস্থির ভাইয়া। ধন্যবাদ।,Positive
অপেক্ষায় ছিলাম আর একটা কথা দেখতাম যে আপনি ভিডিও টা কতটুকু বড় করে দেন সেইটাও দেখতাম কারণ যে বড় করে দিবে তারটা দেখব  আপনি বড় করে ভিডিও টা দিছেন তাই ধন্যবাদ,Positive
"বস্... আপনার জন্যই অপেক্ষা করছিলাম,,এই মুভির জন্য,,,, লাভ্ ইউ  ভাই.... ️️️️️️",Positive
কামলারা মাঠে নেমেছে গরু চরাতে কথাটা সেই লেগেছে ভাইয়া অনেক সুন্দর লাগলো ধন্যবাদ,Positive
"কিছু বলার নাই,,, বস এর মুভি  জাস্ট ওয়াও",Positive
"পুরাই পয়াসা উসুল  মুভি রে ভাই, আর কে  কি বলবো     ..",Positive
আরো অনেকের এক্সপ্লেনেশন দেখেছি  কিন্তু মোমিন ভাইয়ের মতো এক্সপ্লেন আর কারো হয় না ️️️ মুমিন ভাইয়ের সাথে কারো তুলনাই হয় না,Positive
মুভিতে সম্ভব বাস্তবে নয়।বাস্তবে প্রতিবাদ করতে পারলে দেশ অনেক উন্নত হতো,Negative
"আপনার এক্সপ্লেন করা মুভি থেকে সত্যি অনেক শিক্ষা পাওয়া যায়,,,, এ কারনে অসংখ্য ধন্যবাদ আপনাকে,,",Positive
যদিও মুভিটা দেখেছি তাও তোমার  মিস করলাম না। লাভ ইউ বস️️️   .,Positive
দেখে সিনেমা টা দেখার ইচ্ছা দ্বিগুন বেড়ে গেলো ভাইয়া,Positive
"অনেক অপেক্ষায় ছিলাম আপনার কন্ঠে এই ছবিটা শুনার অপেক্ষার ফল পেয়ে গেলাম। ️ কিন্তু আমার একটা অবুঝ মনের প্রশ্ন আছে, আপনার বাসা কোথায়। প্লিজ জানাবেন৷",Positive
অস্থির লেভের মুভি,Positive
অসাধারণ যেমন মুভিটা তেমন আপনার এক্সপ্লেইনেশন,Positive
আরে ভাই মুভিটার কি রিএকশন  করলেন পুরাই ফাটাইয়া দিছেন,Positive
"আপনি তো মুভির ৩ ভাগের ১ ভাগ  করে দিলেন , এত সময় হলে কেউ দেখবে না , কম সে কম ১৫ / ২০ মিনিটের মধ্যে শেষ করতে হবে , প্লিস ক্ষমার চোখে দেখবেন",Positive
"আপনার এই চ্যানেলটা আজ কতোটা দিন খুঁজতাছি,, আজকে পেলাম আলহামদুলিল্লাহ",Positive
আগেও  শুনেছি তবু দেখলাম  আপনার  এক্সপেলন বেশি ভালো লাগে,Positive
আসলেই  অসাধারন ️‍️‍️,Positive
আপনার এক্সপ্লেইনে মুভিটা দেখার জন্য অধীর আগ্রহে অপেক্ষা করছিলাম।অসুস্থ্য শরীর নিয়ে মুভিটা দেয়ার জন্য ধন্যবাদ।,Positive
ভালো ছিলো গল্প টা,Positive
মুভিটা এক কথায় অসাধারণ ছিল,Positive
আপনার এক্সপ্লেইন দেখবো বলে এখনে কারে দেওয়া জাওয়ান মুভি দেখিনাই বাট আপনি অনেক দেরি করলেন।।।এখন থেকে তারাতারি দিবেন।।।।অনেক সুন্দর হয়েছে,Negative
"ও ভাই কি মুভি এতো ভালো লাগলো, আপনার বলার ইস্টাইল ও অনেক সুন্দর ছিলো সব মিলিয়ে অসাধারণ। মনে হলো হলে বসে ছবি দেখছি",Positive
অসাধারণ একটা মুভি  ছবি রিলিজ হওয়ার ২ দিনের মধ্যে দেখে পেলছি,Positive
"অসাধারণ  অসাধারণ   আপনার  আর ভিডিও নিয়ে যতো বলবো, ততো কম হয়ে যাবে।  এ আসার এক মাত্র কারণ আপনি,  এ তেমন কিচ্ছু দেখা হয় না, শুধুই আপনার ভিডিও আপনার ভিডিও ছাড়া মনে হয়  অসম্পূর্ণ।  সত্যিই অসম্ভব সুন্দর আপনার কথা বলার  আর অনেক শিক্ষনীয় কথা।  আপনার জন্য অনেক অনেক শুভকামনা রইল  সামনের দিনে অনেক ভালো করবেন। ️",Positive
এই মুভির এক্সপ্লেনেস্ন আগেই দেখেছি।তাও আবার দেখছি শুধু আপনার জন্ন্য।। ️️,Positive
অস্থির মুভি সত্যি খুবই সুন্দর মুভি শিক্ষিনিয় মুভি️️️,Positive
সত্যিই ভাই অসাধারণ মুভি দেখলাম আজ। অনেক ধন্যবাদ,Positive
আপনি এতো দেরি করে আসেন এই অধিকার কিন্তু আপনার নেই।।,Positive
ওহ ভাই অসাধারন শারিখ খানের কথা বলার কিছু নাই আর আপনার তুলনা হয়মা আর তাি অন্য চ্যনেলে দেখি নাই🇧🇩,Positive
অস্থির মুভিটা কি বলবো যাস্ট অসাধারণ,Positive
", অসম্ভব সুন্দর একটা মুভি। ভাই খুব সুন্দর এক্সপ্লেনেশন করছেন, আপনাকে অনেক ধন্যবাদ।",Positive
অসাধারণ  ভাই।  আপনার  শুনে আরে ভালো লাগল। আপনার ভিডিও ওর জন্য ওয়েট করেছিলাম। অসংখ্য ধন্যবাদ ভাই।,Positive
সত্যিই মুভিটা অসাধারণ,Positive
সত্যিই অসাধারণ️️,Positive
মুভিটা আরও অনেক চ্যানেলে এক্সপে্লনশন দেখেছি। কিন্তু কেউই আপনার মতো এত সুন্দর করে ব্যাখ্যা করতে পারেনি।,Positive
অনেক ভালো লাগলো। এমন গল্প আরও চাই,Positive
ভাই তোমার চ্যানেলে  দেখবো তাই কোনো  দেখিনি,Positive
এককথায় অসাধারণ জাষ্ট ওয়াও।,Positive
আপনার একশন ডায়লগ আর ইমোশন কোকিলের কন্ঠ পুরো প্যাকেজটা কে আমার আগুন মনে হয় আমার ভিতর থেকে একটা শিহরণ জেগে ওঠে সত্যি ভাই আমি আপনাকে অনেক মিস করি আই রিয়েলি মিস ইউ,Positive
না সিনামাটা দেখতে পারলাম না বর আজ বাড়িতে  পরে দেখমুনে আবার মনোও মানতাছেনা,Positive
অসাধারণ একটা কাহিনী ২ বার দেখলাম একসাথে,Positive
ভালো লাগলো। শেষের দিকে ধুম ছিনেমার সাথে একটু মিল আছে,Positive
আপনার অ্যাটেনশন ডায়লগ টা শুনে আমার মেয়ে তো হাসতে হাসতে শেষ।,Positive
অসাধারণ ভাই আপনার মুভি এক্সপ্লেনেশন টা আর মুভিটা খুব দুর্দান্ত ভালো হয়েছে,Positive
এক কথায় চমৎকার অসাধারণ খুব সুন্দর দারুণ লাগল ধন্যবাদ ।,Positive
অনেক সুন্দর হইছে,Positive
"ওহ কঠিন না,,কঠিন  দারুণ ভয়েস",Positive
"এজন্যই তো মানুষ বলে ব্র্যান্ড ,,,,  শাহরুখ খানের মুভি মানে আগুন",Positive
উফফফ ভাইয়া আপনার ভয়েস টা না সেই কঠিন কথা টা আমার সেই লাগছে,Positive
ভিডিওটা অনেক ভালোই হয়েছে  কিন্তু অনেক ডায়লগ  করেছেন ডায়লগ গুলো খুব ভালো ছিল তারপরেও আপনার  টাই অনেক ️,Positive
অনেক সুন্দর হইছে,Positive
অসাধারণ ভাইয়া,Positive
সুপার মুভি দেখা পর থেকে আমার মাথা নষ্ট কি দেখলাম এত সুন্দর মুভি প্রায় অনেক বছর পর এত সুন্দর একটা মুভি দেখলাম সুপার,Positive
এ মুভিটা আমি হলপিন ফুল দেখেছি কিন্তু বুঝতে পারি নাই। এখন তো আপনে পুরা বুঝাই দিছেন । ধন্যবাদ আপনাকে,Positive
অসাধারণ,Positive
অসাধারণ,Positive
"নো ওয়ে এখানো দেখবো বলে অপেক্ষায় ছিলাম,,,, ধন্যবাদ তোমাকে",Positive
ভাই তুমি ইই  সেরা,Positive
আপনার চেলেনের সবচেয়ে সুন্দর  মুভি চ্যালেন্জ,Positive
অনেক সুন্দর একটা সিনেমা। কিন্তু এখানে বিজয় থাকলে আরো বেশি সুন্দর হইতো,Positive
"অনেক সুন্দর,ধন্যবাদ বস্",Positive
অসাধারণ এক্সপ্লেইন করছেন বড়িয়া,Positive
"আমি তো ভুলেই গেছিলাম ভাই, এটা আপনার নতুন চেনেল। তাই তো খুজতেছি ইউটিবে পাই নি  এখন মনে পড়লো এটা নতুন চেনেল",Positive
দুই দিন আগে এই মুভির কাহিনীটি আন্য চ্যনেলে পাইছিলাম কিন্তু দেখতে মন চায় নি.. আপনার নোটিফিকেশন পাওয়া সাথে সাথে চলে আসলাম দেখতে,Positive
অসাধারণ অসাধারণ অসাধারণ অসাধারণ অসাধারণ,Positive
পুরাই আগুন,Positive
অসাধারণ একটা মুভি,Positive
ভিডিও দেখার আগে লাইক জানি ভিডিওটা সুন্দর হবে,Positive
অসাধারণ একটা মুভি দারুণ লেগেছে,Positive
"আপনার বোঝানো অনেক সুন্দর ভাইয়া, ধন্যবাদ",Positive
যাই বলেন ভিলেন হোক বা হিরো আমার তো ভিজেই সেথুপাতি কে কিউট লাগে️,Positive
অসাধারণ মামা মুভি টা অনেক সুন্দর হয়েছে,Positive
– নে খাহ–  —তোরা আমার কেপশনে রিয়াক্ট  দেস না— তোদের বেঁ'চে থাকার অধিকার নাই,Negative
আমি শাহরুখ খানের খুব বড় ফ্যান,Positive
অসাধারণ মুভি ভাই এমন মুভি আরো চাই,Positive
ভাই তোমার এক্সপ্লেইন সেরার সেরা এই মুভিটা আমি পুরোটা দেখেছি কিন্তু তোমার এক্সপ্লেইন দেখে চোখের পাতা টা একটু বেশি ভিজে ছিলো,Positive
খুব ভালো লাগলো,Positive
মুভি টা অনেক সুন্দর,Positive
দারুণ,Positive
"এত দেরি করে দিলেন কেন, আপনি জানেন অনেক গুলো চ্যালেনে দিয়েছিল মুভিটা, কিন্তু, আপনে দিবেন বলে এতদিন না দেখে বসেছিলাম",Positive
অসাধারণ কাহিনী চোখে পানি চলে এসেছে। দেশটা বদলানোর জন্য শুধু কিছু উচ্চ পর্যায়ের লোকেদের চিন্তা ভাবনাই অনেক গুরুত্বপূর্ণ।,Positive
ভাইয়া আপনার ছবি গুলো  খুব সুন্দর হয়।আমি আপনার ছবি গুলো খুব দেখি।,Positive
কি আর বলবো জাস্ট অসাধারণ,Positive
আপনাকে ও অনেক ধন্যবাদ,Positive
ধন্যবাদ দিয়ে ছোট করবো না এই মুভিটা দেখার পরে অনেক কিছু,Positive
তোমার জন্য ভালোবাসা অবিরাম,Positive
এতো বড় ভিলেন দেখিয়েছে কিন্তু তার শেষটা এতো সিম্পল?,Negative
"অসাধারণ অসাধারণ ভাবে বর্ণনা করা হয়েছে,,,",Positive
"আমার কাছে ছবিটা গতানুগতিক মনে হয়েছে।এর চেয়ে শাহরুখ স্যার,অন্য অভিনেতাদের  অনেক ভাল মুভি আছে।",Positive
মুভিটা ভালো লেগেছে কিন্তু আপনার ভয়েস পালটে গেছে।  আপনি কি অসুস্থ? ️️️️️️,Positive
ভাই সেই লাগছে মুভি টা,Positive
ধন্যবাদ ভাই,Positive
অস্থির মুভি বাই থ্যাঙ্ক ইউ,Positive
এটা শাহরুখ খানের বেস্ট মুভি,Positive
ভাই আমি আপনার কন্ঠো না সুনলে রাতে আমার ঘুম আসে না,Positive
ভাই আপনার বয়সের আশায় থাকি ভাই আপনি প্রতিদিন প্রতিদিন একটা করে মুখ রেখে দিলেন ভাই অনেক চ্যানেল আছে মুভি এক্সপেক্ট কিন্তু কোন চ্যানেল নাই ভাই দেখতে আমাদের ভয়েস ভালো লাগেনা এমন দিনে আপনার প্রেমে পড়ে গেছি আপনার মুভি এক্সপিরিয়ড না দেখলে আমার ঘুম আসে না,Positive
নাইচ ভিডিও,Positive
ভাই আমিও এই সিনেমাটা বগুড়া মধুবন সিনেপ্লেক্সে এ দেখছি,Positive
অনেক অনেক ধন্যবাদ ভাই।,Positive
কবে বগুরা আসবেন সেটা বলেন আমি বগুরাতে থাকি প্লিজ বলবেন,Positive
আমি  আপনার এই চেনেল টা চিন্তে পারি নাই  তাই তো দেখতে  এতো  দেরি করলাম,Positive
আমি আরেক চ‍্যানেল এ মুভিটার এক্সপ্লেন দেখছি কিন্তু অপেক্ষায় ছিলাম আপনি কখন এক্সপ্লেন করবেন,Positive
অস্থির মুভি ভাই।,Positive
খুব সুন্দর মুভিটা।।  ওই চ্যানেলে কি আর মুভি দিবেন না,Positive
এতো সুন্দর মুভি,Positive
ডিয়ার ব্রাদার আপনার কাজ ভালো এবং এক্সপ্লেন ভালো কিন্তু কি আর একটু আগে তো চেষ্টা করবেন কেননা আমরা আপনার সাথে প্লিজ একটু আগে তাও চেষ্টা করবেন,Positive
"অনেক চ্যানেল এর এক্সপ্লেইন এড়িয়ে গেছি আপনার চ্যানেল এ দেখবো বলে, দেখে ও খুব ভালো লাগলো, এভাবেই নতুন নতুন মুভির এক্সপ্লেইন দিবেন, আর আমরা দেখবো।",Positive
আপনি কিছু ফানি  কথা বলেছেন,Positive
ভাই  সেই,Positive
"সেই,ভাই,সেই",Positive
আমি মুভিটা দেখেছি গতকাল ! কিন্তু আপনার এক্সপ্লেইন না দেখলে কি হয় তাই বসে পড়লাম আপনার এক্সপ্লেইন দেখতে,Positive
অনেক ভালো লাগছে,Positive
শুভ কামনা রইলো,Positive
ঠিক ভাই দেক্লাম ভাই অস্তির,Positive
অসাধারণ এক্সপ্লেন,Positive
মুভিটা ভালো  কিন্তু আপনার বলার ধরনটা একটু বেশি ভালো,Positive
দারুণ একটা মুভি,Positive
ঘটনা একদম পচা,Negative
অনেক অনেক সুন্দর মুভিটা।।  আপনার এক্স‍প্লেনেশন অসাধারণ।,Positive
শাহরুখ খান সবার প্রিয় হলেও আমার নয়।।তবে মুভি মাঝে মাঝে দেখি,Negative
আপনার প্রফাইলের ছবিটি পাল্টানো দরকার। কান হেলাল এর মতো লাগে এই ছবিতে,Negative
ভাই আপনার ভয়েস টা অসাধারণ,Positive
সবার আগে দেখলাম,Positive
দুনটা চ্যানেল সাবস্ক্রাইব করে দিয়েছি আর আপনার কথাগুলো  অনেক সুন্দর লাগে,Positive
আপনার এক্সপ্লেইন জাস্ট অসাধারণ। তাই দ্রুত চলে আসলাম,Positive
ভাই বগুড়ায় কবে কোন সিনেমা হলে দেখবেন আমি আপনার সাথে দেখতে চাই আমি বগুড়াতেই থাকি,Positive
ভাই তুমি অনেক ভালো,Positive
"কারোর চ্যানেলে দেখিনি, আপনারটা দেখবো বলে, এমনকি হল এ গিয়েও দেখিনি",Positive
এট কি আপনার নতুন চেনাল নাকি ভাই য়া। অনেক ভালো লাগলো ছবি টা,Positive
এই মুভির বিলেনটা ওবাইদুল কাদের এর মতো লাগছে,Negative
এইসব মুভি এখন কেন দিচ্ছেন ভাই? মুভি না দেখে এইসব মুভির কি ফিল পাওয়া যায়? এমন কইরেন না।,Positive
"আপনাকে আমি খুঁজতেছি আর আপনি এইখানে লুকিয়ে আছেন,,আমি সবসময় আপনার ভিডিও জন্য অপেক্ষা করি",Positive
দেখেছি ভাই সেই,Positive
অসাধারণ লেগেছে মুভিটা,Positive
সিনেশন ও সিনেমা সংক্ষেপ ২ টি আপনার চ্যানেল নাকি ভাই,Positive
অসাধারণ ছিল মুভিটা ধন্যবাদ,Positive
"কেমন আছেন ভাইয়া,  আপনার ভয়েস অসাধারণ",Positive
অসাধারণ মুভি,Positive
মুভিটা আমি দেখেছি তারপরও আপনার এক্সপ্লেইন দেখছি ইউ আর বিগ ফ্রেন্ড ব্রো,Positive
অসাধারণ মুভি,Positive
অসাধারণ মুভি,Positive
অসাধারণ,Positive
যাষ্ট  ওয়াও,Positive
খুব ভালো লাগলো,Positive
খুব সুন্দর আমার কাছে অনেক ভাললেগেছে,Positive
ভাই অনেক চ‍্যানেলে এই মুভির এক্সপ্লেন করা হয়েছে কিন্তু আপনার এক্সপ্লেন দেখার জন‍্য একটাও দেখি নাই,Positive
মুভির খিব ভালো লাগে,Positive
এই মুভি টা মানি হাইস্ট এর কিছু কাহিনি মেরে দিয়েছে,Negative
কে সুন্দর লেগেছে,Positive
অস্থির মুভি,Positive
অস্থির ভাই,Positive
ওফ্ফ  কঠিন নাহ্ কঠিন,Positive
কোন জায়গায় বলা ভুল হয়েছে সঠিকটা জানো না আসলটা না দেখলে তুমি জানবে না আমি দেখেছি,Negative
এর জন্য মুভিটা দেখতে পারছিলাম না। আজ সিনেপ্লেক্সে দেখে এসে আপনার ভিডিও অন করলাম। এত দিন ইচ্ছে করে দেখি নি।,Negative
"এর কতো সিনেমা যে ফ্লাপ গিয়েছে তা এই জানে,এর কোনো ছবি আজো ভালো লাগে নি।এখন তামিল দের পাই ধরে ছবি করছে।",Negative
এর কিছুটা কপি,Negative
শাহরুখ খানের মুভি আর অস্থির হবেনা,Positive
ভূয়া ছবি।,Negative
পএ।ত ন।মগলহ,Negative
সালমান খানের দাবাং সিনেমার নামকে এমন ভাবে ইজ্জত মারা হয়েছে সালমান খান দেখলে নিজের মাথায় নিজেই গুলি করে মরে যাবে কে কে এক মত।,Negative
দাবাং নামের ইজ্জত শেষ করে দিল এই ছবিটি এজন্য মানুষ বাংলা ছবি খুব কম দেখে,Negative
"জায়েদের সব ছবিগুলো রোহিঙ্গা ক্যাম্পে দেখানো হোক, আশা করি রোহিঙ্গারা ছবিগুলো দেখার পরের দিনই বাংলাদেশ ছেড়ে নিজ দায়িত্বে মায়ানমার  ফিরে যাবে যাতে জায়েদের ছবির যন্ত্রণা সহ্য করতে না হয়।।।।।।",Negative
জায়েদ খানেকে দেখে আমাদের গরুর পুটকির কথা  মনে পড়লো,Negative
"জায়েদ খানের এক্সপ্রেশন, ডান্স,কথা বলার স্টাইল,মারপিট দেখে আমি ৩০ মিনিট অজ্ঞান ছিলাম,,যে এরাও নায়ক হয়আর আমরা??",Negative
জায়েদ খানের চেয়ে হিরো আলম ভাল একটিং করতে পারে,Negative
"অবশ্যই তুমি পাবে,  যা চলে গেছে তার চেয়ে উত্তম কিছু।   - [ সূরা আনফাল ]",Negative
বাংলার কালজয়ী সিনেমা..... অস্কার পাবে..... কোনো সন্দেয় নাই কিসের সাল্মান কিসের শাহ্রুখ কিসের রিত্তিক,Negative
মীরাক্কেল কে খুব মিস করছিলাম কিন্তু এই বই টা দেখে মীরাক্কেলের পুরো বিনোদন টা পেলাম,Negative
"কয় একদিন আগে আমি ডাক্তারে কাছে গিয়ে ছিলাম, আমার সময্যা ছিলো কিছুদিন যাবৎ আমার পায়খানা কশা ছিল, পরে ডাক্তার আমাকে বললো জায়েদ খানরে মুভিটা দেখার জন্য তার পর আরকি সব সময্যা সমাধান হয়ে গেলো --- কেউ হাসবেন না",Negative
"জাহেদ খান, দেখে হাসবো না কাঁদবো বুঝতে পারছি না অচে হির আলমের অভিনয় অনেক ভালো লেগেছে",Negative
ইজ্জতের ঘাম বের হইয়া গেছে।এই ধরনের মুভিতে দেশের মান সম্মান ইজ্জত গেছে।,Negative
জায়েদ খান এর মুভি দেখা আর লবন ছাড়া পান্তা খাওয়া একি কথা।,Negative
"এতোদিন জানতাম জায়েদ খান সিনেমা করেনি, এখানে দেখি শীর্ষ নায়িকাদের সাথে ভালো ভালো সিনেমা আছে।  ট্রলের স্বীকার না হলে আরো এগিয়ে যেতে পারতো।",Negative
এই ছবি দেখে যদি কেউ কোমায় চলে যায় তার জন্য আমি দায়ী নই।।,Negative
এটা কি সিনেমা  নাকি আমার পায়খানা। আমার পায়খানা এর চেয়ে বেশি সুন্দর।,Negative
"জায়েদকে দেখে আমার হাগু এসে গেছে, জীবনটা বদনা হয়ে গেছে",Negative
অথচ এই লোকের হাতে এখন পুরা সিনামা ইন্ডাস্ট্রির  দায়িত্ব  আধ মরা ইন্ডাস্ট্রির চল্লিশা হইতে আর বেশি দিন নাই বাকি,Negative
জায়েদ খান কে হিরো আলম এর এসিট্যান্ট বানানোর দাবি জানাচ্ছি,Negative
জায়েদের চাইতে অমিত হাসানের অভিনয় হাজার হাজার গুন সেরা,Negative
26:37 সেকেন্ড এ এটা কি হলো .....নিউটন এর গুষ্টি শুদ্ধো করে দিসে,Negative
দাবাং বললে ভুল হবে এই ছবির নাম দেওয়া উচিত আমার সোনার  চুল,Negative
বাপ্পি চৌধুরী + জাবেদ খান৷  বাংলাদেশের অহংকার৷ ওরা দুজনে থাকাতে বাংলাদেশের চলচ্চিত্র ধ্বংস হয়ে গেছে৷,Negative
এই নায়ক আর৷ হিরো আলম একি কথা,Negative
বাংলা ছবির এই অবস্থা মনটায় কয় এক গ্লাস পানিতে জাপ দিয়া মইরা যাই,Negative
"জায়েদ খানের অভিনয় এই প্রথম দেখলাম ।জায়েদ খান যদি নায়ক হয়ে থাকে, তাহলে তেলাপোকাও পাখি বলতে হবে।",Negative
ভাই সিনেমা কি ফোনের ক্যামেরা শুটিং করছে নাকি? এইটা সিনেমা নাকি পুলাপাইন শখ করে মোবাইল দিয়ে শুটিং করসে,Negative
এত নিচুমানের ভিডিওর ফিল্ম বাংলাদেশে আর আছে কিনা সন্দেহ আছে।,Negative
"কিছুক্ষণ ছ‌বিটা দেখার পর ম‌নে হল এটা কি অন‌্যগ্রহের ছ‌বি। চিন্তায় প‌ড়ে গি‌য়ে‌ছিলাম যে, জীব‌নে এত বা‌জে অ‌ভিনয় কি আ‌গে কখ‌নো দে‌খে‌ছি। যখন উত্তর পেলাম না দে‌খি‌নি সা‌থে সা‌থে ছ‌বিটা দেখা বাদ দি‌য়ে হি‌রো আল‌মের ছ‌বি দেখা শুরু করলাম।",Negative
জগন্য হয়েছে এই মুভিটা। কোনো কিছুতেই তাল নেই।,Negative
বাংলাদেশের সব নিম্ন মানের সিনেমার ভিলেন মনে হয় অমিত হাসান।,Negative
কমেন্ট গুলো পড়ার পর নিজেকে নিজে মাইরা ফালাইতে ইচ্ছে করতেছে,Negative
কেউ ছবি দেখতে আসেনি  সবাই গালি দিতে আসে,Negative
শত্রুদের জমিতে ফাটল ধরাতে না পারলেও মানুষের সংসারে ঠিকই ফাটল ধরিয়েছেন জায়েদ খান,Negative
"এই নায়ক আবার হিরো আলম কে অসম্মান করে,,,,, ওর অবস্থা তো হিরো আলমের চেয়েও খারাপ",Negative
জায়েদ খানের মুভিটা অনেক  ভালো লেগেছে,Positive
এই ছবিতে জায়েদ খানকে অভিনয় না দিয়ে হিরো আলমকে দিলে অনেক ভালো হতো,Negative
আমি এটা কি দেখলাম  গ্রাম বাংলার যাত্রা পালা মনে হলো।।  এটা কেমন নায়ক...?,Negative
এই ছবির থেকে বাংলা নাটক অনেক ভালো,Negative
"সেফুদা আরো ভালো অভিনয় করে,,,",Negative
জায়েদ খান নামে যে লায়ক আছে জানতাম না। কিন্তু নির্বাচনের গরমে জায়েদ খানের মুভি লিখে সার্চ দেয়া আমার মন,Negative
আজকে আমার মন ভালো নেই তাই আসলাম জাহেদ ভাইয়ে ছবি দেখে মন টা ভালো করা জন্য,Positive
"জায়েদের জায়গায় যদি হিরো আলমকে দেওয়া হত,,তাও অনেক সুন্দর অভিনয় করতে পারতো।।",Negative
বাহ ১. ডাবিং এ ত্রুটি ২. অভিনয় এ ত্রুটি ৩. এডিটিং এ ত্রুটি,Negative
যেমন লায়ক তেমন তার বন্ধু,Negative
আমার  জখন  কশা হয়  জায়েদ খানের  ছবি দেখলে ভালো  হয়ে  জায়,Negative
যেমন খুশি সাজো (সিনেমা),Negative
ছবিটা ভালোমতো এডিটও হয় নাই ছি,Negative
কমেন্ট গোলো পরে পুরাই মজা পেলাম এখনো পরা সেশ হয় নাই আবার ফেরে এশে পরবো মুভিটা দেখার চাইযে কমেন্ট পরতে মজা লাগতাছে,Negative
সত্যি কথা বলতে জায়েদ খান এর অভিনয় দেখে আমার নিজেরই লজ্জা লাগে,Negative
জাহেদ খান যে নায়ক তা আমি আগে জানতাম নি না,Negative
শিল্পী সভাপতি নির্বাচন ২০২২ এর ভোটে কারচুপি হওয়ার পর কে কে কমেন্ট পড়তে আসছেন?,Negative
এই মুভিটা সেরা হাইস্যকর একটা মুভি,Negative
এগুলো কি হচ্ছে বাংলাদেশের মান সম্মান সব শেষ,Negative
প্রিয় নায়ক জায়েদ খান,Positive
"এতেই জায়েদ খান নি,",Negative
জায়েদ খানের সিনেমা আগে কখনো দেখিনি যদিও বা তাকে আগে থেকেই চিনি । তাই আজকে দেখতে বসলাম দেখি কী দেখায় আমাদের পাতলা খান,Negative
মন খারাপ তাই  জায়েদ চাচার মুভি দেকতে আসা,Negative
বাংলার সালমান খান আমাদের দেশের গব,Positive
জায়েদ খা...... তুই অন্য কিছু চিন্তা কর ভাই অভিনয় তর লাইগা না,Negative
জায়েদ নামে কেউ যে একটা নায়ক ছিলেন যেটা দেখার জন্য আসলাম,Negative
যারা কষ্ট করে মুভিটি দেখেছেন জায়েদ খান এর পক্ষ থেকে তাদের সকলকে ফুলেল শুভেচ্ছা।,Positive
মানুষ কি হলে বসে পুরা মুভি টা দেখসে আমি তো বিষ খাইতাম,Negative
আজাদ ভাইয়ের ফ্যান হয়ে গেলাম,Positive
এই ছবি দেখার পরে আমার মনে হচ্ছে আমি কোন দুনিয়ায় আছি  পুরাই সার্কাস,Negative
এই সমস্ত ছবির জন্য বাংলাদেশের সিনামার এই অবস্থা। যত সব নষ্টামি,Negative
"ছবিটির এতো সুন্দর নাম, আর অভিনয় দেখলে মনে হয় জায়েদ খান বিশ্বের সেরা নায়ক।",Positive
জায়েদ খানের সবমবিগুলো আমারকাছে ভালোলাগে,Positive
"কমেন্ট পড়তে এসে একটা জিনিস শিক্ষা পেলাম """"সব নেগেটিভ কমেন্ট ""যেটা বাংলাদেশের সিনেমার পক্ষে সম্ভব,,ধন্যবাদ জায়েদ ভাঔ",Negative
আমার প্রশ্ন!  এ সব মুভি দেখে কারা? একটু খানি দেখে আমার নিজের চুল টেনে টেনে ছিড়ছি নিজেই,Negative
"বিশ্বাস করেন আপনার এই ছবি দেখার পর  আমি অনেক কান্না করেছি কি অসাধারণ, কি রোমান্টিক,কি দুঃখের ছবি। ব্লকবাস্টাড ছবি। থুক্কু ব্লকবাস্টার ছবি",Negative
"এই ছবি দেখছিলাম ছোট বেলায়, এখন বুজতাছি আমি কত বেক্কল ছিলাম",Negative
ইউটিউবে হাহা রিঅ্যাক্ট চাই,Negative
কমেন্টস পড়ে অনক মজা পাইছি যা ছবিটা দেখি পাই নাই।,Negative
এটা যে নায়ক আজকেই জানলাম আর মুভি সার্চ দিয়ে দেখতে আসলাম,Negative
জায়েদ খান আবার নায়ক কবে হবেসালার ছবির ছেয়ে হিরো আলমের ছবিতে ভিউ বেশি,Negative
আমার পায়খানা হচ্চিল না কয় দিন এই মুভি দেখার পর হাস্তে হাস্তে বের হয়ে গেছে,Negative
জায়েদ খান এবং হিরো আলম দুই স্টার এক মুভিতে দেখতে চাই।,Negative
এই গানটা দেখার পরে ২ঘন্টা পাগল ছিলাম,Negative
এগুলা দেখার চাইতে ভাদাইমার কমেডি দেখা বহুৎ ভালো এগুলারে বাংলা ছবি বললে লজ্জা লাগে বাংলা ছবি মারা 2010 এর আগে,Negative
এরা কি কোনো শিল্পী না নাকি অন্য গ্রহের প্রাণী???!! আমাদের দেশের ফিল্ম ইন্ডাস্ট্রি এখনও 100 বছর পিছিয়ে আছে.,Negative
আমার হেডার দাবাং,Negative
রানার ভিডও দেখে এখানে একটু মজা নিতে আসলাম,Negative
বাংলার শেরা নায়ক জায়েদ খান  এই সিনেমা অয়াস্কার দেয়া উচিত,Positive
এই ছবি দেখার চেয়ে কচু গাছের সাথে ফাঁস টানো আনেক ভালো,Negative
পাগলা জাহেদের মুভি মনটা ভালো করে দিয়েছে,Negative
চুলের নায়ক জায়েদ খান,Negative
আহ ও আহ বাংলা মুভি রে,Negative
সালমান খান আর দাবাং মুভি করবে নাহ.!,Negative
দেখে মনে  হচ্চে ইয়াবা সেবন কারি,Negative
রয়েল মালাবার থেকে সার্চ দিলাম জায়েদ খান মুভি দেখব বলে ।,Negative
"অনেক পটপটানি শুনেছি জায়েদ খানের তাই আজ একটু দেখতে আসলাম জায়েদ খান কেমন অভিনয় করে,সত্যিই ওর অভিনয় আমার মনের মতই হয়েছে।আমি যেমন মনে করেছিলাম ঠিক তেমন অভিনয় জায়েদ করেছে। শালার পুত এইসব অভিনয় দিয়ে আবার নিজেকে নায়ক মনে করে।",Negative
এই নি জায়েদ এর ছবি এত দিন খালি অর গপ্প হোনছি কইকি দেখি অর ছবি,Negative
হিটলারের হোগা মারা নামটা হলে ভালো হতো,Negative
এই ছবি দেখে চোখে পানি চলে আসছে       এই রকম ছবির জন্য বাংলা সিনেমা ধংশ  সিনেমা হলে গিয়ে এই ধরনের ছবি  দেখলে ১০ বছর কোন সিনেমা দেখার সখ মিটে যাবে,Negative
ছোট বাচ্চা পোলাপান এর থেকে আনেক ভাল  অভিনয় করে,Negative
জায়েদ খান একটা নায়ক গামছা একটা কাপড়,Negative
জায়েদ খান একদিন সুপারস্টার হবে৷৷  ভালো লাগলো,Negative
নায়িকাকি প্রেগন্যান্ট নাকি? খালি উঁচু পেট টাই দেখা যায়,Negative
জায়েদের ছবিটা ভালো লাগলো,Positive
ভালোবাসার আরেক নাম জায়েদ ভাই!  লাপ্পিউ ভাই!  আপনি বাংলাদেশের মান সম্মান অনেক উর্ধ্বে নিয়ে গেছেন!  স্যালুট বস!,Positive
"কোথায় রাজরানী, আর কোথায় বিছানায় মোতনি।",Negative
হায়রে সিনেমা ঘাড়ের লাগানো রশিটা পর্যন্ত দেখা যায়,Negative
হালারা,Negative
ছবিরে ধর্ষণ করি হালাইছে রে,Negative
আমিই মনে একমাত্র মানুষ যার কিনা ছবিটা পুরো দেখার ক্ষমতা হয় নাই টাইনা ৩ মিনিটে দেখা শেষ পুরো ছবি  আর রিভিউ  আমার দেখা সেরা বাজে ছবির মধ্যে একটা,Negative
"ডাস্টবিনের নায়ক জাহিদ, তার অভিনয় দেখে বর্মি চলে আসছে,",Negative
বিশ্ব বিখ্যাত  এডিটিং মাস্টার,Negative
"আমি বুঝতে পারিনা, এইসব ছবি বাংলাদেশের কোন মানুষ দেখে,",Negative
"ছবির সেরা আকর্ষণ দেবের পাগলুর আদলে আদলে কিং জায়েদ খানের সাথি গান।জাস্ট অসাম,আমি নির্বাক",Negative
এগুলি কি বাংলাদেশ টা কি পাগল ছাগলে ভরে গেলো নাকি......?,Negative
জায়েদ খান আল্লাহর দোহায় লাগে সিনেমা করা বাদ দে।  বাংলাদেশের সিনেমাকে আর ছোট করিস না। এই লোকের হাতে  আবার ও শিল্পী  সমিতির দায়িত্ব দেশের সিনেমার ... অনেক আগেই মারা গেছে বাকিটা এরা মারবে।,Negative
অমিত হাসানের অভিনয় সেই হইছে,Positive
বাংলার কিংবদন্তি দাবাং সিনেমার নায়ক জায়েদ ও হিরো আলম কে একসাথে দেকতে চাই,Negative
অনেক সুন্দর ছবি,Positive
এই মুভি দেখার চাইতে কার্টুন দেখা অনেক ভালো,Negative
লিটন ভাইকে অনেক ভালো লাগছে মারামারি করায়,Positive
এটাকে মুভি না বলে ছোট পর্দার নাটক বল্লেও বেসি হয়ে যাবে। মোবাইল দিয়েও এর থেকে ভালো নাটক বানানো যায়।,Negative
অনেক কষ্ট করে ১ ঘন্টা দেখলাম।বায় বায়,Negative
টোটাল সর্বোচ্চ 10 সেকেন্ড মুভি দেখেছি একটা দুঃখ আমার ইউটিউব কেন হাসির রিয়াক্ট রাখলো না,Negative
হায়রে লায়ক️️️️লিটন ভালো করছে।।।।,Negative
"অনেক খোঁজাখুঁজি করে, বিক্ষাত অভিনেতা জায়েদ খানের এই মুভিটা খুঁজে পেলাম",Negative
জায়েদ খান কে হিরো আলমের ক্যামেরা ম্যান হওয়ার সুজোগ করে দেওয়া হোক,Negative
জয়ের দোকানের একটা ফাটাফাটি মুভি দেখতে পেলাম যেটা দেখে শুধু প্রস্রাবে ধরে া,Negative
"আমরা জনগণ যাকে নিয়ে মজা করি তাকে কোনো দিক দিয়ে ছার দেয় না,",Negative
"শালার অভিনেতা অভিনেত্রী গুলা এতো ভালো অভিনয় করলো কিভাবে!!!!!????  অপূর্ব, অসাধারণ, মাইন্ডব্লোয়িং  এই ছবি ডাবল অস্কার পাওয়ার যোগ্য!",Negative
আমি টিক টক থেকে আসলাম,Negative
নাই কা দুটো কে মনে হচ্ছে ভোছপুরি থেকে আনা।,Negative
যেমন নায়ক তেমন ভিলেন,Negative
প্রসংগ যখন বিনোদনের তাহলে বলবো হাম্বা খানই সেরা,Negative
এই ছবিতে জায়েদ কন্ঠ কেমন কেমন লাগে,Negative
আজাদ দা গেট,Negative
"অভিনয় ,একশন, এডিটিং এ ১০০ তে ১০০০ নম্বর দিলাম।",Negative
এদেশে জায়েদ খাঁন ও নায়ক,Negative
এর থেকে বাংলা নাটক অনেক ভালো,Negative
অনেক ভালো হইছে,Positive
ভালো লাগলো মুভি সাকিব ফেল,Negative
পুরো ছবির টীম এর সবাই পাগল,Negative
"রয়েল মালামাল থেকে কিনেছি অই জায়েদ খান ভেবে দেখতে আসছিলাম,, পরে দেখি আরেকটা",Negative
অই আমারে কেও ২১শ খাওয়াও,Negative
জায়েদ খান যে নায়ক তা জানার জন্য সার্স দিসিলাম। বাকিটা ইতিহাস।,Negative
সব কটাকে অস্কার দেয়া উচিত উচিত,Positive
হায়রে মুভি বুমা ফুটে নাকি বম ফাটে হাসি পায় অনেক,Negative
"জায়েদ একটা নায়ক,কচু একটা তরকারি",Negative
মুভি টা দেখছি ভালো লাগছে,Positive
সত্যি নিজেকে অদ্ভুত লাগছে এর জন্যে যে আমি কিভাবে এই মুভি হলে দেখেছি,Negative
মানসিক টর্চার করার কাজে এই ছবিটা ব্যবহার করা যায়,Negative
শিল্পী সমিতির সাধারণ সম্পাদক নিবাচনের পরই আসলাম ছবিড়া দেখতে,Negative
এই সিনেমা হলে দেখতে গিয়ে দেখি দর্শক মোট দুইজন আমি আর দারোয়ান চাচা।সিনেমা শুরু হওয়ার ১৫ মিনিট পর পাগল হওয়া থেকে বাঁচতে পালিয়ে এসেছিলাম।,Negative
29:25 কুতকুত খেলা,Negative
জায়েদ খান বিড়ালের ছিকল গলায় দিয়েছে,Negative
আরে আমার অভিনয় রে,Negative
জায়েদ খান না থাকলে জিবনে আমরা উড়ন্ত বাইক দেখতাম না......!!,Negative
জায়েদ চাচ্চুর এমন অভিনয় দেখে আমি হতাশ,Negative
আমি গান দেখেই বোঝা হয়ে গেছে,Negative
এইসব সিনেমা করে প্রফেট করতে পারে,Negative
মোবাইপের শুট করে ভিডিও হইছে সিউর,Negative
মুভি দেখে আমি অবাক,Negative
বাঘ না বিড়াল বিড়াল দেখতে এসছি।,Negative
হা হা হা দেয়া চারা কিছু বলার নেই,Negative
"সত্যি অনেক দুঃখ পেলাম। ডাইরেক্টর আজাদ খান আপনি সত্যি আমাদের হতাস করলেন। জায়েদ খান হল একজন অভিনেতা, তাকে যদি ভালো ভাবে পর্দায় ফুটিয়ে তোলা যেতো সেও ভাল একজন নায়ক হতে পারত। কিন্তু এই আজাদ (ডাইলখোর) মার্কা পরিচালক এর জন্য যেমন চলচিত্র ধংস হচ্ছে তেমনি এসব অভিনেতারা হচ্ছেন হাসির পাত্র। যত নাটের গুরু এসব পরিচালকগুলো।",Negative
কি ছবি রে বাবা,Negative
অমিত হাসান এর অভিনয় দুর্দান্ত হৈছে  অমিত হাসান না থাকলে মুভি টাই দেখতামনা,Positive
৩ দিন বাথরুম হয় না জায়েদ খানের সিনেমা দেখে পেট ব্যথা শুরু হয়ে গেছে। দাড়ান সিনেমার বাকি অংশ বাথরুমের পরে দেখবো,Negative
মনথেকে বলছি হিরো আলম এর চাইতে ভালো,Negative
শান্তি মত একটু যে জাদু খানের মুভি দেখবো তা দেখতে পারি না।খালি মুতা হে।কি যে বিপদে পড়ছি,Negative
ছবিটা অনেক সুন্দর,Positive
সালমান খান এই মুভি দেখলে সোস্যাড করতো,Negative
জায়েদ খানের ছবি দেখে আমি হালকা করে একটু কেটে দিয়েছি,Negative
আমি ডিগ বাজি দেখতে আসছি,Negative
এইসব নাইকা থেকে আগের দিনের নাইকা দের পিছনে যে নাচতো তারা বেশি সুন্দর,Negative
এসব দেখে হাসি পাই,Negative
ছব দেখতে আসিনি। ইউটিউবে সার্চ দিয়েছি যায়েদখান কি আসলে নায়ক কিনা! পরে দেখলাম এই প্রেঙ্কভিডিওটা সামনে আসছে।,Negative
মাই নেইম ইজ আজাদ  আজাদ দ্য গ্রেট  এটা কোন ডায়লগ,Negative
"ছবিটা দেখার পর থেকে,মনে হল যে জীবনটা আমার  হয়ে গিয়েছে, সবাই  মিলে মজা  করলা,?",Negative
সস্তা দাবাং ইমোশনাল সিন গুলো দেখে বেশি হেসেছি...,Negative
শুপার,Positive
"2:11:44 ল্যাওড়া,এটা কি জম্বি সিনেমা নাকি?",Negative
ফাইন মুভি। একবার দেখলে বারবার মুন চায়,Negative
জায়েদ খান কিভাবে নায়ক হইলো এটা আমি বুঝতে পারলাম না,Negative
আমি ভাবছিলাম তামিল ছবি জাহেদ খান কে দেখে এখন আর ফোন চালাইতে মন চায় না,Positive
তিনদিন যাবৎ আমার হাগা আটকে ছিল এটা দেখার পর এখন ক্লিয়ার হলো,Negative
এর থেকে আমাদের ভারতে যাত্রা ভালো হয়,Negative
আমার দেখা সেরা ছবি এক  নম্বর বাজে,Negative
বাইক নিয়ে এই স্টান্ড কিভাবে করা যাবে,Negative
কি ভাই পরিচালক হিরো আলমের নায়িকা আছে দেখছি,Negative
১৩ ম্যাগাপিক্সেল এর ক্যামেরা এবং ক্যাপকাট দিয়ে এডিট করে মুভিটা তৈরি হয়ে হয়েছে,Positive
মুভিটা শুরুর থেকে বেশ ভালো ছিল দেখতে ভালো লাগলো চকলেট জায়েদ খানের এন্ট্রি হলো মনে হয় হিরো আলমের এন্ট্রি হলো হিরো আলমের থেকে বেশি বাজে খারাপ মুভি করা ফালতু,Negative
শাকিব সবার সেরা,Negative
আমি এসেছি পলির জন্য,Negative
বাংলাদেশের ডাইরেক তাদেরকে বলছি আপনারা বইয়ের নামে এরকম ছ্যাবলামি কেন করেন,Negative
চেহারা মাশাল্লাহ বাট এক্টিং পারেন ডান্স তো আরো আগে পারে না,Negative
যখন আমার বিনোদনের প্রয়োজন হয় তখন আমি মুভিটা দেখি,Negative
"সবার সব কমেন্ট দেখলাম, তাদের বলছি এটা কোনো নায়কয়ের দোষ না। এটা যে গল্প লিখেছে, পরিচালক,ডিরেক্টর, এর দোষ।কারণ তারা যেভাবে বলবে অভিনয় একশন সেভাবেই তো করবে।আর মেন বিষয় হলো এারা যেনে বুঝে এসব মুভি বানায় যাতে এসমস্ত নায়করা সুপারস্টার হতে না পারে।",Negative
হিরো আলম কে নায়ক মানা যায় কিন্তু  জায়েদ খানকে না,Negative
ভালো লাগছে,Positive
একেবারে খারাপ না মুভিটা,Positive
আমাদের এলাকার কাল্লু তো এর চেয়ে ভালো অভিনয় করে,Negative
এটা সিনেমা নাকি পুরাটাই টিকটক!! এটা দেখে অদূর ভবিষ্যতেও বাংলা সিনেমা দেখার ইচ্ছেটাই মরে গেল!! ঘৃণা করতেও রুচিতে বাঁধতেছে!!,Negative
"1:59:58 ছবির  এই অংশ সাদা পোশাক ধারি লোক্টার পাছায় একটা বোম দেখতে পাচ্ছি তবে দৌড়ানোর সময় সেই বোম টি ছিল না,,যাদু,,যাদু,যাদু",Negative
মজা পাইলাম,Positive
জায়েদ খান কি দেখেনা দশক কি লিখছে এর পরেও ছবি কেনো করে পরিচালক মেনটাল,Negative
এই কাংলাদেশের 🇧🇩 যাত্রা পালা মুভি দেখার মতন নয়,Negative
এখনো কার বাংলা ছবি হা হা,Positive
হিরো আলমের সাথে অনেক মিল আছে।,Positive
অনেক দিন পর তৃপ্তি সহ কারে  একটা মুভি দেখলাম,Positive
আমার ভুল হয়েছে আমাকে মাফ করে দিন। কেনে যে ইউটিউব এ ডুকলাম,Negative
আমি তো জানি সালমানের ছবি দাবাং।এই ভাবেই সালমানের মুভিটাকে রেব করে দিলি,Positive
চমৎকার ছবি,Positive
অমিত হাসান এর মত একজন শক্তিশালী  হরর অভিনেতার বিপরীতে একটা বিড়াল কে নায়ক বানানো ঠিক হয় নি।,Negative
"জায়েদের সব ছবিগুলো রোহিঙ্গা ক্যাম্পে দেখানো হোক, আশা করি রোহিঙ্গারা ছবিগুলো দেখার পরের দিনই বাংলাদেশ ছেড়ে নিজ দায়িত্বে মায়ানমার  ফিরে যাবে যাতে জায়েদের ছবির যন্ত্রণা সহ্য করতে না হয়",Negative
আজ জায়েদ খানের ছবি সার্চ দিয়ে দেখতে আসলাম কেন তাকে সবাই ঘৃণা করে। আমি একমুহূর্তের জন্য হিরো আলমের মাঝে হারিয়ে গেলাম,Negative
সেডার নায়ক,Negative
এই হলুদ দাঁতওয়ালা জায়েদ খানের বন্ধু,Negative
কারা কারা আমার মত ইউটিউবে ' জায়েদ খানের মুভি ' সার্চ দিয়ে দেখতে এসেছেন?,Negative
মাইরালাইছে গো,Negative
ধংস্স ধংস্স সালমান খান ধংস্স হয়ে গেল।ছবি টি দেখার পর,Negative
সোনালি যুগের সিনেমা এরাই ধ্বংস করেছে,Negative
হিরো আলমের মুভি এর থেকে অনেক সুন্দর,Negative
২ ঘন্টার ছবির ২২ মিনিট অথচ আমাদের নায়ক জায়েদ খানের কোন ছায়াও দেখলাম না ফানি ছবি মানেই জায়েদ খান,Negative
কি আর করার একটু কমেন্ট পড়ে যায়,Negative
একটা সিন দেখলাম একটা রিক্সা ভেঙ্গে দিলে কিন্তু সিনেমাটা বানিয়ে কি রিক্সার দামটা উঠবে?,Negative
বহু কষ্টে ৩৩ মিনিট পর্যন্ত দেখলাম এরপর আর সম্ভব হলোনা।,Negative
তোমার থেকে হিরোআলমের অভিনয় অনেক ভালো,Negative
"মানুষ কেন ভাদাইমা দেখে বুঝিনা,,এত সুন্দর মুভি থাকতে",Negative
মজা নিয়ে দেখলাম,Positive
হৈ ইইইইইই,Negative
কি ভাল্লাগে,Positive
"এটা কি ছবি, নাকি ভাদাইমার কৌতুক কিছু বুজলাম না",Negative
জায়েদ খাঁন এর মুভি দেখতে কে কে এসেছেন?,Negative
এ ছবির বাজেট ছিল ৮৫ হাজার টাকা,Negative
জায়দা কে হিরো আলমের কাছে অভিনয় শিখতে পাঠানো হোক,Negative
কমেন্ট করার জন্য ভাষা পাই নাই,Negative
ছবিটাতো সুন্দর,Positive
",ওরে বানাইছে নায়ক, পরিচালকরা পাঠা বড় পাঠা,ওরে দিয়ে আবার ছবি করে",Negative
জায়েদ জোকার,Negative
মজা পাইলাম,Positive
"‌পেঠওয়ালা নাইকা নিয়া মু‌ভি হা,হা",Negative
1:40:53 দেখুন জায়িদ খানের হাসি,Positive
"নাম দাবাং, গান পাগলু বাকী নয়ক নায়ীকা যে কি এক উপর ওয়ালাই জানে। পরিচালক জানলে এই হতো না!!",Positive
একটু কমেন্ট পরতে আসলাম,Negative
কমেন্ট দেখতে আসলাম,Negative
জীবনে৷ অনেক বড় ভুল করে ফেলছি জায়েদ খান এর মুভি দেখিয়া মুভি দেখার আগে মনে করতাম জায়েদ খান  অনেক ভালো মুভি করে ও মা এখন দেখি হিজড়ার মত কথা বলে আমার সুনার মত শুটিং করে,Negative
মঞ্চনাটকও এর চেয়ে শতগুণে ভালো,Negative
সাইড দেন কমেন্ট পড়বো,Negative
আমার ভুল হয়েছে ক্ষমা করে দেন,Negative
জায়েদ খান সভাপতি হলে চলচিত্রের কিছুটা উন্নয়ন হত। অনেক লস করল শিল্পী সমিতি!,Negative
চিনেমা তো না এক বার গু,Negative
মিঃ জায়েং খান,Negative
53:43 রাজ নয় জনি লিভার,Positive
যায়েদ কান দ্যা ভচ,Negative
ভালো লাগলে,Positive
আগে অভিনয় শিখে আসেন এবং অঙ্গভঙ্গি শিখুন,Negative
জায়েদ খানের  অভিনয় দেখা কেন যানি আমার খুব লজ্জা লাগছিলো,Negative
"ডন নম্বর  ওয়ান ছবির মতো,   এতো লো কোয়ালিটি  ছবি,,,   ছি ছি ছি  বাংলাদেশ  চলচিত্র  ধংসের  দিকে ,",Negative
"জায়েন ভাইর এন্ট্রি দেখে আমার হিসু ধরছে,, আমি মুতু আসি",Negative
কার্টুন দেখি,Negative
"জাহিদ খান এর এত নাম শুনে আমি তার একটা মুভি দেখতে এসে ছিলাম,,  ছবির ক্যারেক্টার দেখে আমি কি করব আমি নিজেই জানি না",Negative
ছবি তো নয় যেন জোকস্,Negative
এদের জন্যই  আজ বাংলা চলচিত্ত  এই অবস্তা,Negative
মেন্টাল টর্চার বলে যদি কিছু থাকে আর কি..,Negative
জায়েদের ছবি দেখা   আর  নিজের চোখ  ও সময়  ইচ্ছা করে নষ্ট করা এক কথা ।,Negative
রাজ নামের যে সাইড নায়ক আনা হইছে এর চেয়ে জনি লিভার আরও ভাল,Negative
হিরো আলম এর চেয়ে বেশি জনপ্রিয়,Negative
শিল্পী সমিতির নির্বাচনের ফলাফল দেখে সার্চ করলাম ছাগল খান নামে কোনো নায়ক আছে না কি।।।এই মুভিটি আসলো। এখন আমি ঘুমের ঔষধ খাবো।।,Negative
"এই মুভির থেকে আফরান নিশো,অপূর্ব স্যারদের  নাটক ১০০ গুণ ভালো... আমিও নায়ক হবো...হিরো আলম,জায়েদ খান হিরো হলে আমি কেন না....বিস্টার বিন্, চারলি চ্যালিন,থ্রি স্টুজেস,টম এন্ড জেরি দেখে যতোটা না মজা পাই, এর থেকেও বেশি মজা পেয়েছি....",Negative
খুজ করে জায়েদ খানের মুভি বের করে দেখতে এসেছি,Negative
"জায়েদ খানের ছবি গুলো রোহিঙ্গা ক্যাম্পে দেখালে যেমন রোহিঙ্গা মুক্ত বাংলাদেশ হবে, তেমনি বাংলাদেশের সীমানায় জায়েদ খানের ছবি দেখালে দূরবীন দিয়ে ও পাশ্ববর্তী দেশের জীবজন্তু খুঁজে পাওয়া যাবে না । আশাকরি বাংলাদেশের বডার গার্ডের   প্রয়োজন হবে না  চাইলে দেশের আয়তন ও খেয়াল খুশি মতো বৃদ্ধি করা যাবে।",Negative
পরিচালক এর হুদাই টাকা গুলো নষ্ট করলো,Negative
এ যেন আরেক হিরো আলম,Negative
"বাজেটলেস,,, কাহিনিলেস,, নায়কের দক্ষতালেস, পরিচালকের সম্মানলেস,, মুভি,,  বাংলার মানুষ এসব এখন খায় না ভাই,,",Negative
জায়েদ খানকে দেয়া গালি গুলা পড়তে এলাম কমেন্টে।,Negative
ভাই এটা ছবি না অন্য কিছু।,Negative
এইটা নাকি মুভি!,Negative
"এটা কুন  নায়িকা হল,",Negative
সভাই কি ডিপজল হতে পারে নিশা হতে পারে,Positive
বাংলাদেশের চলচিত্র ধ্বংসের অন্যতম কারণ হচ্ছে  এই সকল নিন্মমানের ছবি।,Negative
ওনারে কে নায়ক  বানাইচে,Negative
আমি সুনামির মতো জলোচ্ছ্বাস হয়ে শত্রুদের ভাসিয়ে নিয়ে যাব,Negative
গরীবের সালমান খান,Negative
জায়েদ খান নিয়ে কোন পরিচালক ছবি বানাই,Negative
এসব সিনেমাগুলোর কারণে  সিনেমা হল গুলো বন্ধ হইছে।,Positive
আমিও ছবি দেখতে নয় কমেন্ট পড়তে এসেছি,Positive
আমি ভাই,Negative
ছবি নাকি টিকটিক,Negative
বিচি টাচিং মুভি। ইমোসনাল করে দিছে,Negative
ইউটিউবে হাহা রিএক্ট চালু করার জন্য আমি জোর আবেদন জানাচ্ছি!,Negative
"সবাই শুধু জাহেদ খান করে এই জন্য তার একটা মুভি দেখি দেখার পর মনে হলো   সময়টা নষ্ট করলাম,, সত্যি বলতে বাংলাদেশের অভিনয়ের দিকে সাকিব খান নিখুঁত অভিনয় করে,,  তবে আমি বাংলা চলচ্চিত্র দেখিনা,, আমি তুর্কি ড্রামা সিরিজ দেখি তাদের অভিনয় অনেক নিখুঁত ও বাস্তব চিত্র  তুল ধরে।",Negative
মুভি  দেইখা ডাইরিয়া হইয়া গেছে,Negative
আমি আসলে জায়েদ খান কে সেটা জানতে এসেছি,Positive
আমি জায়েদ খান যে নায়ক এই জানলাম তাই তার মুভি দেখতে আইছি,Positive
সিনেমা নামটা বাংলাদেশে এসে ন্যাংটা হয়ে গেছে,Negative
"জায়েদ খানের এন্ট্রি দেখে ফিদা,,, সব হাসপাতাল আমাকে ফেরত দিচ্ছে মনে হয় আমি আর বাঁচবো না ,,, কেন এই মুভি দেখলাম,",Negative
"বাড়া, কি এটা, এর থেকে হিরো আলমের বাড়া ও দেখতে ভাল",Negative
হাহা রিয়্যাক্ট নাই ক্যান,Negative
খারাপ কিতে বালো অবিনায় করচে এতো টোল করো কেন অনার মতো আগে হইয়া লও,Negative
মানুষকে অবহেলা করা উচিত নয়,Negative
এর থেকে কাটুন ভালো অভিনয় করে,Negative
কোন মুখে বলেছিলো যে পাঠান বাংলাদেশে রিলিজ করলে জায়েদ খানের ছবি আমাদের ভারতে নাকি মুক্তি দিতে হবে। ওখানকার মানুষ দেখে না তা আমরা কিভাবে দেখবো।,Negative
হিরো আলম থাকলে ভালো হতো,Negative
এটা মুভি নাকি যাত্রা পালা,Negative
"হাহাহাহা গাজা হাহাহা হাসবো নাকি একটু মুতবো!!!  হাসি থামাইতে পারতেছি না, কি সব অসাধারন অভিনয় জায়েদের",Negative
1:58:12 হাস্তে হাস্তে শেষ,Negative
"বিরাট  নায়িকা জায়েদ খান।সিনেমাও সেই অস্কার  পাবে,হয়তো  নোবেলও পায়তে পারে।",Negative
জায়েদ খানের চেয়ে হিরো আলম ভাল একটিং করতে পারে,Negative
হাসির কিহলো জাহিদ ভাই এগিয়ে জান পিচনে কুত্তা ত গেউ গেউ করবেই  সারুক খান উপর অ পতম মানুস হাসচিলো,Negative
পাগলু দি,Negative
বুড়া বেডি একটা এইটা বলে নায়িকা হাহাহা জায়েদও একটা নায়ক হাহাহা,Negative
আসলেই কি এটা মুভি,Negative
বাংলাদেশের ফিল্মমের গোয়া মারা সারা,Negative
এর থেকে নাটক ভালো,Negative
সালমান খানের দাবাং সিনেমার নামকে এমন ভাবে ইজ্জত মারা হয়েছে সালমান খান দেখলে নিজের মাথায় নিজেই গুলি করে মরে যাবে কে কে এক মত,Negative
মুভিটা একটু সময় দেখার পর আমার হার্ট ব্লক হয়ে যাচ্ছিলো তাই দেখতে পারি নাই।,Negative
কেকে আমার মতো হাসতে এসেছেন এর চাইতে হিরো আলম ভালো মুভি করে,Negative
১৪ বছর পর বাংলা সিনেমা দেখতে বসছিলাম।এটা কি সিনেমা বানাইছে নাকি পাজলামি করছে বুজলাম না।,Negative
2:11:40 এর থেকে আমি অনেক ভালো এডিট করতে পারবো,Negative
নিকৃষ্ট।,Negative
পরিচালক আজাদ খান কি চা পান খাওয়ার মতো কিছু টাকা পয়সা পাইছিলো নাকি ভাইগন কেউ জানলে প্লিজ আমাকে একটু জানাবে ন,Negative
হায়রে কি অভিনয় রে  সত্যি ডিপ্রেশন আর কষা পায়খানা  থেকে মুক্তির জন্য এইসব মুভি দেখা খুব দরকার  আর অমিত হাসানের মতো একজন পুরাতন দক্ষ নায়কও আর কারো সাথে অভিনয় করার লোক পেল না,Negative
এটা কোনো নায়ক হল (হিরো আলমের ছবিইতো অনেক ভালো),Negative
গার্লফ্রেন্ড এর লগে ব্রেকাপ হইছিলো তাই মন খারাপ। এই ছবি দেখে মনে নেই আমার কি গার্লফ্রেন্ড ছিলো?,Negative
"অভিনয় নিয়ে সবাই বলছে..…. কিন্তু নায়িকা যে পোশাক পরেছে বাংলাদেশের কোথায়,কোন মেয়ে এমন পোশাক পরে অামার জানা নেই?",Positive
নায়কের মত লাগে না কি এটা,Negative
আর হাসতে পারছি না।পেট ব্যাথা হয়ে গেল,Positive
বাংলাদেশের টোকাইদের সিনেমা,Negative
"মাহফুজ থ্যারাপি,হিরো আলম থ্যারাপি এরপর জায়েদ থ্যারাপি",Negative
এটা কি মুভি,Negative
জাহেদ খান কে দেব এর মতো দেখায়,Negative
জায়েদ খান ডিগবাজি দিয়ে খুব ভাইরাল হয়ে যাচ্ছে তাই তার অভিনয় দেখতে এলাম সার্চ দিয়ে।,Negative
জায়েদ খানের চেয়ে হিরো আলম ভালো,Negative
হা হা হা,Negative
25:05 আপনি এ কাজটি করতে পারেন না,Negative
পাগলুর সুর দিতে জায়েদ এর মাথার গান বানাইছে৷ হেতের চৌদ্দ গুষ্টির মাথার গান নাচ,Negative
"গাজা খাইয়া সিনেমা বানাইছে, নাকি সিনেমা খাইয়া গাজা বানাইছে",Negative
"গুয়া মারা সারা,ছবি দেখে আমার বমি  আসিতেছে,",Negative
এটা ভারতের কপি মুভি,Negative
আমি খালি যায়েদ কে দেখতে এসেছি,Negative
জীবনের প্রথম দেখলাম যে কোনো মুভিতে লাইকের থেকে ডিসলাইক বেশী,Negative
২৩ মিনিট চলে গেলো কিন্তু স্বাদের হিরোকে দেখতে পেলাম না,Negative
2:11:53 লিজেন্ড দের চোখের পাওয়ার দেখতে চাই,Negative
মনে হচ্ছে এটা একটা নাটক,Negative
এডার মুভি,Negative
ওকি নায়ক না পাগলা,Negative
জাহিদ ভাইকে একটা অস্কার দেয়া হোক।,Positive
হাসমু না কানমু  ছবি দেখার পর কিছুই বুঝতে পারতাছি না।,Negative
আমি পেট কালি করতে আসছি,Negative
যখন নিজের বয়স ১০ থেকে ১১-১২ বছর ছিল তখন দেশে  অনেক নোংরামি ছবি বের হয়েছিল তখন লেখাপড়া ছেড়ে দিনর এই নোংরা ছবিগুলা দেখতাম এখন নিজেকে পাগল মনে হয়,Negative
সব শেষ,Negative
বাজে মুবি অমেদ হাসান সেই নানায়ক সে এখন করে ভিলেনের ক্যারেক্টার একটুও কি ভাল লাগে তাকে,Negative
এটা কি আসলে ছবি নাকি ফাজলামি,Negative
ছবি না ছাই।,Negative
কুত  কুত খেলা,Negative
পরিবার নিয়ে বসে ছবিটা দেখলে লজ্জা করে,Negative
ছবি একটুও ভালো লাগেনি,Negative
অস্কার জায়েদ খানের পিছনে গুজে দেওয়া হোক। পুরো মুভিটাতে এত বিনোদন  দেখে মনে হলো আমি নিজের হাতে অস্কার টা গুজে দিয়ে আসি।,Negative
জাহিদ কান নায়ক হিসেবে একবারে বাজে,Negative
মিথ্যে কথা মিথ্যে কথা মিথ্যে কথা,Negative
বাঙলাদেশ বলে এই বস্তাপচা সিনেমা গুলো চলে,Negative
হাসবো কাদবো না পাদবো তাই ভাবছি,Negative
"এদের লজ্জা নাই,,,,,,",Negative
পায়খানা করতে হবে।,Negative
এটা কি কোন ছবি হলো  ফালতু ছবি,Negative
হেন্ডার অভিনয়,Negative
জায়েদ কেমন নায়ক সবাই জানে আর সাথে খাজাখুর লইছে একটা,Negative
"সিনেমার সংলাপ জায়গা অভিনয় সবকিছু বাজে,,, এতো নিম্ন মানের ছবি, ফালতু ৬ মাস অজ্ঞান ছিলাম,, এখন একটু সুস্থ",Negative
"সবাই খারাপ বল্লেউ, এই মুভিতে জায়েদের অভিনয় ভালই ছিল এটাই সত্য",Negative
কমেন্ট দেখতে এলাম সাথে এই আবাল মার্কা মনু মিয়া কি করে দেখতে,Negative
"হে নাকি নায়েক না আছে অভিনয় করার কোনো প্রকার যোগ্যতা,না আছে চেহারা",Negative
গাজার মত নিশা ধরেছে,Negative
"ফালতু,নকলটাও ঠিক ভাবে করতে পারে না, এই কারণে বাংলাদেশের মুভি মানুষ দেখে না",Negative
অস্কার পাওয়ার মতো অভিনেতা .....  এর থেকে পর্ণ ভিডিওর অভিনেতারা ভালো অভিনয় করে।,Negative
"গাজাটি,",Negative
এটা বলে নায়ক! ছিঃ ছিঃ ছিঃ।,Negative
হাস্যকর মুভি,Negative
ছিনেমার বলদকার কইরা দিছে,Negative
সালা মান সন্মান সব,Negative
তোর মভি কোন হালায় দেহে,Negative
মেডিকেলেযেডি মাইর খাইয়া পরলো ওইডি আবার চিল্লাইয়া আসলো না কেনো?? হোয়াট আ আচুদা সিনেমা ভাই,Negative
শালার বাংলা ছবি আসছিলাম একটু দেখতে বমি করে বের হয়ে গেলাম,Negative
কি বালের সিনামা দেখলাম,Negative
হালারপু হালার গাঁজাখুরি পরিচালক নাটক বানানোর যোগ্যতাও নেই।,Negative
ভালো লাগে না,Negative
শাকিব সবার প্রাণ শাকিব ই - একমাত্র সুপার স্টার,Negative
আজাদ দা মাদার বোর্ড,Negative
হোগার মুভি,Negative
এই আবাল টারে কে নায়ক বানাইছে,Negative
ছি ছি ছি,Negative
ফালতু মভি সময় টাই নষ্ট,Negative
ফালতু হইছে,Negative
হেডা,Negative
পাগল,Negative
পাগল ছাগল নায়ক হয় কি করে,Negative
"ছোটবেলায় আমরা এমন সিনেমা সিনেমা খেলতাম, অভিনয় এর চেয়ে খারাপ ছিলো না।",Negative
সালার জাহেদরে,Negative
এই ইউ ভাঙ্গাচুরা,Negative
জায়েদ মানে ফালতু মুভি।,Negative
অখাদ্য,Negative
ফালতু নায়ক জায়েজ,Negative
ফালতু,Negative
ফাল্টু,Negative
ফালতু,Negative
বালের মুভি বালের এডিটিং বালের সংলাপ সবশেষে বালের ক্যারেক্টার বালের অভিনয়,Negative
বস্তাপচা সিনেমা,Negative
জায়েদার বাজে অভিনয়।,Negative
বা ** এর মুভি,Positive
বাংলার প্রত্যেকজন নায়কই দেশের সম্পদ,Negative
জায়েদ ভাই  অমিত ভাইয়ের মতো আমিও ৪০শা খাবতেহারি কইরেন গরু দিয়াএইখানে কারা কারা আমার মতো জায়েদ ভাইয়ের বন্ধুর ৪০ শা খেতে চাও,Negative
আবালললললললললললললললললললললল,Negative
আবাল জায়েদ,Negative
এই নি জায়েদ এর ছবি এত দিন খালি অর গপ্প হোনছি কইকি দেখি অর ছবি,Negative
হিটলারের হোগা মারা নামটা হলে ভালো হতো,Negative
এই ছবি দেখে চোখে পানি চলে আসছে       এই রকম ছবির জন্য বাংলা সিনেমা ধংশ  সিনেমা হলে গিয়ে এই ধরনের ছবি  দেখলে ১০ বছর কোন সিনেমা দেখার সখ মিটে যাবে,Negative
ছোট বাচ্চা পোলাপান এর থেকে আনেক ভাল  অভিনয় করে,Negative
জায়েদ খান একটা নায়ক গামছা একটা কাপড়,Negative
জায়েদ খান একদিন সুপারস্টার হবে৷৷  ভালো লাগলো,Positive
নায়িকাকি প্রেগন্যান্ট নাকি? খালি উঁচু পেট টাই দেখা যায়,Negative
জায়েদের ছবিটা ভালো লাগলো,Positive
ভালোবাসার আরেক নাম জায়েদ ভাই!  লাপ্পিউ ভাই!  আপনি বাংলাদেশের মান সম্মান অনেক উর্ধ্বে নিয়ে গেছেন!  স্যালুট বস!,Positive
"কোথায় রাজরানী, আর কোথায় বিছানায় মোতনি।",Negative
হায়রে সিনেমা ঘাড়ের লাগানো রশিটা পর্যন্ত দেখা যায়,Negative
হালারা,Negative
ছবিরে ধর্ষণ করি হালাইছে রে,Negative
আমিই মনে একমাত্র মানুষ যার কিনা ছবিটা পুরো দেখার ক্ষমতা হয় নাই টাইনা ৩ মিনিটে দেখা শেষ পুরো ছবি  আর রিভিউ  আমার দেখা সেরা বাজে ছবির মধ্যে একটা,Negative
"ডাস্টবিনের নায়ক জাহিদ, তার অভিনয় দেখে বর্মি চলে আসছে,",Negative
"আমি বুঝতে পারিনা, এইসব ছবি বাংলাদেশের কোন মানুষ দেখে,",Negative
"ছবির সেরা আকর্ষণ দেবের পাগলুর আদলে আদলে কিং জায়েদ খানের সাথি গান।জাস্ট অসাম,আমি নির্বাক",Negative
এগুলি কি বাংলাদেশ টা কি পাগল ছাগলে ভরে গেলো নাকি......?,Negative
জায়েদ খান আল্লাহর দোহায় লাগে সিনেমা করা বাদ দে।  বাংলাদেশের সিনেমাকে আর ছোট করিস না। এই লোকের হাতে  আবার ও শিল্পী  সমিতির দায়িত্ব দেশের সিনেমার ... অনেক আগেই মারা গেছে বাকিটা এরা মারবে।,Negative
অমিত হাসানের অভিনয় সেই হইছে,Positive
বাংলার কিংবদন্তি দাবাং সিনেমার নায়ক জায়েদ ও হিরো আলম কে একসাথে দেকতে চাই,Negative
অনেক সুন্দর ছবি,Positive
এই মুভি দেখার চাইতে কার্টুন দেখা অনেক ভালো,Negative
লিটন ভাইকে অনেক ভালো লাগছে মারামারি করায়,Positive
এটাকে মুভি না বলে ছোট পর্দার নাটক বল্লেও বেসি হয়ে যাবে। মোবাইল দিয়েও এর থেকে ভালো নাটক বানানো যায়।,Negative
অনেক কষ্ট করে ১ ঘন্টা দেখলাম।বায় বায়,Negative
টোটাল সর্বোচ্চ 10 সেকেন্ড মুভি দেখেছি একটা দুঃখ আমার ইউটিউব কেন হাসির রিয়াক্ট রাখলো না,Negative
হায়রে লায়ক️️️️লিটন ভালো করছে।।।।,Negative
"অনেক খোঁজাখুঁজি করে, বিক্ষাত অভিনেতা জায়েদ খানের এই মুভিটা খুঁজে পেলাম",Negative
জায়েদ খান কে হিরো আলমের ক্যামেরা ম্যান হওয়ার সুজোগ করে দেওয়া হোক,Negative
জয়ের দোকানের একটা ফাটাফাটি মুভি দেখতে পেলাম যেটা দেখে শুধু প্রস্রাবে ধরে া,Negative
"আমরা জনগণ যাকে নিয়ে মজা করি তাকে কোনো দিক দিয়ে ছার দেয় না,",Negative
"শালার অভিনেতা অভিনেত্রী গুলা এতো ভালো অভিনয় করলো কিভাবে!!!!!????  অপূর্ব, অসাধারণ, মাইন্ডব্লোয়িং  এই ছবি ডাবল অস্কার পাওয়ার যোগ্য!",Negative
আমি টিক টক থেকে আসলাম,Negative
নাই কা দুটো কে মনে হচ্ছে ভোছপুরি থেকে আনা।,Negative
যেমন নায়ক তেমন ভিলেন,Negative
প্রসংগ যখন বিনোদনের তাহলে বলবো হাম্বা খানই সেরা,Negative
এই ছবিতে জায়েদ কন্ঠ কেমন কেমন লাগে,Negative
আজাদ দা গেট,Negative
"অভিনয় ,একশন, এডিটিং এ ১০০ তে ১০০০ নম্বর দিলাম।",Negative
এদেশে জায়েদ খাঁন ও নায়ক,Negative
এর থেকে বাংলা নাটক অনেক ভালো,Negative
অনেক ভালো হইছে,Positive
ভালো লাগলো মুভি সাকিব ফেল,Negative
পুরো ছবির টীম এর সবাই পাগল,Negative
"রয়েল মালামাল থেকে কিনেছি অই জায়েদ খান ভেবে দেখতে আসছিলাম,, পরে দেখি আরেকটা",Negative
অই আমারে কেও ২১শ খাওয়াও,Negative
জায়েদ খান যে নায়ক তা জানার জন্য সার্স দিসিলাম। বাকিটা ইতিহাস।,Negative
সব কটাকে অস্কার দেয়া উচিত উচিত,Positive
হায়রে মুভি বুমা ফুটে নাকি বম ফাটে হাসি পায় অনেক,Negative
"জায়েদ একটা নায়ক,কচু একটা তরকারি",Negative
মুভি টা দেখছি ভালো লাগছে,Positive
সত্যি নিজেকে অদ্ভুত লাগছে এর জন্যে যে আমি কিভাবে এই মুভি হলে দেখেছি,Negative
মানসিক টর্চার করার কাজে এই ছবিটা ব্যবহার করা যায়,Negative
শিল্পী সমিতির সাধারণ সম্পাদক নিবাচনের পরই আসলাম ছবিড়া দেখতে,Negative
এই সিনেমা হলে দেখতে গিয়ে দেখি দর্শক মোট দুইজন আমি আর দারোয়ান চাচা।সিনেমা শুরু হওয়ার ১৫ মিনিট পর পাগল হওয়া থেকে বাঁচতে পালিয়ে এসেছিলাম।,Negative
29:25 কুতকুত খেলা,Negative
জায়েদ খান বিড়ালের ছিকল গলায় দিয়েছে,Negative
আরে আমার অভিনয় রে,Negative
জায়েদ খান না থাকলে জিবনে আমরা উড়ন্ত বাইক দেখতাম না......!!,Negative
জায়েদ চাচ্চুর এমন অভিনয় দেখে আমি হতাশ,Negative
আমি গান দেখেই বোঝা হয়ে গেছে,Negative
এইসব সিনেমা করে প্রফেট করতে পারে,Negative
মোবাইপের শুট করে ভিডিও হইছে সিউর,Negative
মুভি দেখে আমি অবাক,Negative
বাঘ না বিড়াল বিড়াল দেখতে এসছি।,Negative
হা হা হা দেয়া চারা কিছু বলার নেই,Negative
"সত্যি অনেক দুঃখ পেলাম। ডাইরেক্টর আজাদ খান আপনি সত্যি আমাদের হতাস করলেন। জায়েদ খান হল একজন অভিনেতা, তাকে যদি ভালো ভাবে পর্দায় ফুটিয়ে তোলা যেতো সেও ভাল একজন নায়ক হতে পারত। কিন্তু এই আজাদ (ডাইলখোর) মার্কা পরিচালক এর জন্য যেমন চলচিত্র ধংস হচ্ছে তেমনি এসব অভিনেতারা হচ্ছেন হাসির পাত্র। যত নাটের গুরু এসব পরিচালকগুলো।",Negative
কি ছবি রে বাবা,Negative
অমিত হাসান এর অভিনয় দুর্দান্ত হৈছে  অমিত হাসান না থাকলে মুভি টাই দেখতামনা,Positive
৩ দিন বাথরুম হয় না জায়েদ খানের সিনেমা দেখে পেট ব্যথা শুরু হয়ে গেছে। দাড়ান সিনেমার বাকি অংশ বাথরুমের পরে দেখবো,Negative
মনথেকে বলছি হিরো আলম এর চাইতে ভালো,Negative
শান্তি মত একটু যে জাদু খানের মুভি দেখবো তা দেখতে পারি না।খালি মুতা হে।কি যে বিপদে পড়ছি,Negative
ছবিটা অনেক সুন্দর,Positive
সালমান খান এই মুভি দেখলে সোস্যাড করতো,Negative
জায়েদ খানের ছবি দেখে আমি হালকা করে একটু কেটে দিয়েছি,Negative
আমি ডিগ বাজি দেখতে আসছি,Negative
এইসব নাইকা থেকে আগের দিনের নাইকা দের পিছনে যে নাচতো তারা বেশি সুন্দর,Negative
এসব দেখে হাসি পাই,Negative
ছব দেখতে আসিনি। ইউটিউবে সার্চ দিয়েছি যায়েদখান কি আসলে নায়ক কিনা! পরে দেখলাম এই প্রেঙ্কভিডিওটা সামনে আসছে।,Negative
মাই নেইম ইজ আজাদ  আজাদ দ্য গ্রেট  এটা কোন ডায়লগ,Negative
"ছবিটা দেখার পর থেকে,মনে হল যে জীবনটা আমার  হয়ে গিয়েছে, সবাই  মিলে মজা  করলা,?",Negative
সস্তা দাবাং ইমোশনাল সিন গুলো দেখে বেশি হেসেছি...,Negative
শুপার,Positive
"2:11:44 ল্যাওড়া,এটা কি জম্বি সিনেমা নাকি?",Negative
ফাইন মুভি। একবার দেখলে বারবার মুন চায়,Negative
জায়েদ খান কিভাবে নায়ক হইলো এটা আমি বুঝতে পারলাম না,Negative
আমি ভাবছিলাম তামিল ছবি জাহেদ খান কে দেখে এখন আর ফোন চালাইতে মন চায় না,Positive
তিনদিন যাবৎ আমার হাগা আটকে ছিল এটা দেখার পর এখন ক্লিয়ার হলো,Negative
এর থেকে আমাদের ভারতে যাত্রা ভালো হয়,Negative
আমার দেখা সেরা ছবি এক  নম্বর বাজে,Negative
বাইক নিয়ে এই স্টান্ড কিভাবে করা যাবে,Negative
কি ভাই পরিচালক হিরো আলমের নায়িকা আছে দেখছি,Negative
১৩ ম্যাগাপিক্সেল এর ক্যামেরা এবং ক্যাপকাট দিয়ে এডিট করে মুভিটা তৈরি হয়ে হয়েছে,Positive
মুভিটা শুরুর থেকে বেশ ভালো ছিল দেখতে ভালো লাগলো চকলেট জায়েদ খানের এন্ট্রি হলো মনে হয় হিরো আলমের এন্ট্রি হলো হিরো আলমের থেকে বেশি বাজে খারাপ মুভি করা ফালতু,Negative
শাকিব সবার সেরা,Negative
আমি এসেছি পলির জন্য,Negative
বাংলাদেশের ডাইরেক তাদেরকে বলছি আপনারা বইয়ের নামে এরকম ছ্যাবলামি কেন করেন,Negative
চেহারা মাশাল্লাহ বাট এক্টিং পারেন ডান্স তো আরো আগে পারে না,Negative
যখন আমার বিনোদনের প্রয়োজন হয় তখন আমি মুভিটা দেখি,Negative
"সবার সব কমেন্ট দেখলাম, তাদের বলছি এটা কোনো নায়কয়ের দোষ না। এটা যে গল্প লিখেছে, পরিচালক,ডিরেক্টর, এর দোষ।কারণ তারা যেভাবে বলবে অভিনয় একশন সেভাবেই তো করবে।আর মেন বিষয় হলো এারা যেনে বুঝে এসব মুভি বানায় যাতে এসমস্ত নায়করা সুপারস্টার হতে না পারে।",Negative
হিরো আলম কে নায়ক মানা যায় কিন্তু  জায়েদ খানকে না,Negative
ভালো লাগছে,Positive
একেবারে খারাপ না মুভিটা,Positive
আমাদের এলাকার কাল্লু তো এর চেয়ে ভালো অভিনয় করে,Negative
এটা সিনেমা নাকি পুরাটাই টিকটক!! এটা দেখে অদূর ভবিষ্যতেও বাংলা সিনেমা দেখার ইচ্ছেটাই মরে গেল!! ঘৃণা করতেও রুচিতে বাঁধতেছে!!,Negative
"1:59:58 ছবির  এই অংশ সাদা পোশাক ধারি লোক্টার পাছায় একটা বোম দেখতে পাচ্ছি তবে দৌড়ানোর সময় সেই বোম টি ছিল না,,যাদু,,যাদু,যাদু",Negative
মজা পাইলাম,Positive
জায়েদ খান কি দেখেনা দশক কি লিখছে এর পরেও ছবি কেনো করে পরিচালক মেনটাল,Negative
এই কাংলাদেশের 🇧🇩 যাত্রা পালা মুভি দেখার মতন নয়,Negative
এখনো কার বাংলা ছবি হা হা,Positive
হিরো আলমের সাথে অনেক মিল আছে।,Positive
অনেক দিন পর তৃপ্তি সহ কারে  একটা মুভি দেখলাম,Positive
আমার ভুল হয়েছে আমাকে মাফ করে দিন। কেনে যে ইউটিউব এ ডুকলাম,Negative
আমি তো জানি সালমানের ছবি দাবাং।এই ভাবেই সালমানের মুভিটাকে রেব করে দিলি,Positive
চমৎকার ছবি,Positive
অমিত হাসান এর মত একজন শক্তিশালী  হরর অভিনেতার বিপরীতে একটা বিড়াল কে নায়ক বানানো ঠিক হয় নি।,Negative
"জায়েদের সব ছবিগুলো রোহিঙ্গা ক্যাম্পে দেখানো হোক, আশা করি রোহিঙ্গারা ছবিগুলো দেখার পরের দিনই বাংলাদেশ ছেড়ে নিজ দায়িত্বে মায়ানমার  ফিরে যাবে যাতে জায়েদের ছবির যন্ত্রণা সহ্য করতে না হয়",Negative
আজ জায়েদ খানের ছবি সার্চ দিয়ে দেখতে আসলাম কেন তাকে সবাই ঘৃণা করে। আমি একমুহূর্তের জন্য হিরো আলমের মাঝে হারিয়ে গেলাম,Negative
সেডার নায়ক,Negative
এই হলুদ দাঁতওয়ালা জায়েদ খানের বন্ধু,Negative
কারা কারা আমার মত ইউটিউবে ' জায়েদ খানের মুভি ' সার্চ দিয়ে দেখতে এসেছেন?,Negative
মাইরালাইছে গো,Negative
ধংস্স ধংস্স সালমান খান ধংস্স হয়ে গেল।ছবি টি দেখার পর,Negative
সোনালি যুগের সিনেমা এরাই ধ্বংস করেছে,Negative
ভাইরে রুচির দুর্ভিক্ষ। মামুনুর রশিদ স্যার  ঠিকই বলেছেন। এই জঞ্জাল থেকে  আমাদের প্রিয় বাংলাদেশ মুক্তি পাবে কি?,Negative
"একদম সঠিক বলেছেন, একজন সুস্থ মানসিকতার মানুষ কখনও এই ছবি দেখতে পারবে না, কথায় আছে না বন্যেরা বনে সুন্দর শিশুরা মাতৃকোলে। সবাইকে দিয়ে সবকিছু হয় না, এটা শুধু আলমের মত কিছু লোক বুঝবে না  এই আইডিতে এটাই আমার ফার্স্ট টাইম এবং লাস্ট কমেন্ট। ধন্যবাদ।",Negative
মেয়েটা বাংলায় দুর্বল। আর ইংলিশ এ উইক।    তাইলে প্রশ্ন হলো সে মনের ভাব প্রকাশ করে কি চাইনিজ এ?,Positive
"মুহিব বাইচা আছে,,,,, মহিব ভাইয়ের ১২মিনিটে যা অবস্থা দেখলাম,,,,,,, আরো 12 মিনিট দেখলে মুহিব ভাই কে নিয়ে আইসিওতে ভর্তি করানো লাগতো,,,,,",Negative
হিরো আলম মানেই বিনোদন,Positive
ভাইয়া আপনার সব সিনেমা দেখতে গেলেই কি মাথা ব্যাথার নাটক শুরু হয়,Negative
হিরো আলম আর জায়েদ  খানের ছবি দেখতে দর্শকগুলোকে অস্কার দেওয়া উচিত,Negative
কাজী হায়াতের মত এত বড় একটা অভিনেতা ওর উপরে পরিচালক এরকম একটা সিনেমাতে অভিনয় করবে বা থাকবে এটা আমি কল্পনাও করি নাই,Negative
"আপনার সব ভিডিও আমি দেখি, কারন আপনার ভিডিও গুলো অনেক ভালো লাগে।ঈদুল আযহার মুভি গুলোর রিভিউ দেখার অপেক্ষায় রইলাম️",Negative
পুরান ঢাকায় অনেক বছর আগে ছিলাম। ২ বছর আগে শেষ গিয়েছিলাম। অনেক ভালো লাগে আলাদা টান আছে আমার  পুরান ঢাকার প্রতি।আর ইশান আর সাকিব।তোমাদের মধ্যে অনেক কুড়কুড়ি আছে ব্রো,Negative
ভাইরে ভাই সেই মজা পাইছি তোমাদের কথা শুনে তোমাদের ধৈর্যের তারিফ করতেহয়,Negative
এইরকম সচেতন মূলক ভিডিও বানানোর জন্য আপনাকে ধন্যবাদ,Negative
আমরা বন্ধুরা মিলে মুভিটা তো আমরা সবাই দেখছি আমাদের কাছে তো অনেক ভালো লেগেছে অসাম হিরো আলম মানে নতুন কিছু এখন যদি  মুভিটা দেখে আপনাদের শরীর জ্বালাপোড়া করে তবে এটা আপনাদের ব্যস্ততা ভালো থাকবেন ভাইয়া হিরো আলম মানে নতুন কিছু বিনোদন,Negative
ভাই আপনার ভিডিও অনেক ভালো লাগলো,Positive
হাসতে হাসতে শেষ,Negative
অসাধারণ ভাই,Positive
যে যাই বলেন হিরো আলম ভাই এগিয়ে যাবে।,Positive
ভাই আপনার ভিডিও দেখে অনেক অনেক মজাপাইলাম,Positive
টোকাই নামের যে একটা সিনেমা আছে আপনার ভিডিওটা না দেখলে জানতে পারতাম না  ধন্যবাদ আপনাকে ️,Negative
আলম ভাইয়ের সিনেমায় আর কিছু না থাকলেও দুইটা নায়িকা থাকা চাই,Negative
পাগাল. ভাই. . হাহাহ,Negative
দোষ তো ভাই আমাদেরই এদের সমালোচনা করতে গিয়ে ভিউ বাড়িয়ে দেই।কেউ খারাপ টাকে এড়িয়ে যেতে চাইনা।,Negative
আজকে দেখি আমার সব প্রিয় ইয়টিউবাররা একের পর এক ভিডিও আপলোড করছে,Negative
অস্থির বিনোদন,Positive
ভাই আমিতো গর্ভবতি হতে হতে বাঁচলাম।,Negative
দারূণ!!  2:36,Positive
ভাই ১২ ঘন্টা কাজ শেষ করে খেতে বসে আপনার ভিডিও দেখতে গিয়ে হাসতে হাসতে আর খেতে পারি নাই,Positive
মরে যাব তবুও সিনেমা দেখতে পারবনা...মাফ চাই..,Negative
হিরো আলোম কে নাকি বিএনপি  এমপি বানাবে রুমিন ফারহানা বলে  দুই জোন এক রখম,Negative
সে নাকি আবার এমপি হবে তাকে ভোট বিম্পি ছাড়া কেউ দেবে না।,Negative
p,Positive
"টোকাইর প্রসংগ বাদ, আপনারা আমাদের এলাকায় এসে ঘুরে গেলেন আগে জানলে তো আমিও চলে যেতাম টোকাই কে দেখতে টোকাইর উছিলায় আপনাদের সাথে সাক্ষাৎ তো হতো",Negative
ভাই পরিবেশ টা ওউ। সে ই লাগছে।,Positive
জারা হিরো আলমকে ছবি করতে উৎসাহ  দেয় বাহ বাহ করে এগিয়ে  যান  হিরো আলম ভাই তারাও হিরো আলমের  মতো বেসামাল  মানুষ,Positive
"নায়িকার ইংরেজি শুনে ১০ মিনিট অজ্ঞান ছিলাম,তারপর আবার কারেন্ট নাই বুঝেন অবস্থা টা",Negative
এ ল্যা*ও*ড়া গানটা কী লিখে সার্চ দিলে আসবে?,Negative
আরে একটা ভাল ডিরেক্টর পেলেই হিরু আলম ঠিক হয়ে যাবে। এ দেশের সিনেমার মান আগে ভাল ছিলনা। এখনো না। হিরু আলম এক সময় ওঠে যাবে। শুধু সময়ের বেপার।,Negative
আপনি বারো মিনিট ছিলেন আমি 12 সেকেন্ড তো থাকতে পারবো না,Negative
ছবিটা অনেক ভালো,Positive
ভাই দয়া কয়রা হিরু আলমরে পাবনা দিয়ে আসো না হয়লে সবায়রে পাগল বানায়া দিব,Negative
ভাই আপনার এই মুভির রিভিউ দেইখা আমার টয়লটের কথা মনে পড়ে গেলো বাসায় কোন বন্ধু যখন আইসা টয়লেটে যায় তার পর যখন আমি যাই🥹,Negative
ঠিক বলছেন ভাই,Positive
কনগাড়েচুলেশান আলহামচুদিল্লা ️️️,Negative
"ইদানিং কিছু ভালো মুভি বের হচ্ছে।  কিন্তু আলম,জায়েদ,আরো কিছু লোক আছে যাদের কারণে বাংলা সিনেমা ট্রল হচ্ছে।  এদের কে ব্যান কানো করতেছে না",Negative
মুভির রিভিউ দেখার পরে বুঝতে পারলাম পাগলের সুখ মনে মনে এই কথা হিরো আলমের ক্ষেত্রে ১৬ আনা খাটে,Negative
এটা কি ধরনের পাগলামি  0:39,Negative
এতো হতাশার মাঝে হাসানোর জন্য ধন্যবাদ ঈষান ভাই,Positive
হিরো আলমের জন্যই তোদের মত ইউটিউবাররা কামাই করে সংসার চালাতে পারে. কথাটা মনে রাখবে সব সময় ......,Negative
ভাই আপনার ভিডিও টাউ  হিরো আলমের মত বিরক্তিকর,Negative
হিরু আলমের ছবি দেখে পাবনার মেন্টালরা,Negative
টেলার দেখতেই আমার মাথা ব্যথা শুরু হয়ে গেছিলো ছবি দেখলে কি হবে,Negative
"হিরু হালুম, জায়েদা বেগম, জলিল ভাই এর সিনেমা ৩ ঘন্টা দেখা বিশাল কিছু ভাই, ধৈর্যের পরীক্ষায় পাশ",Negative
ভাইরে ভাই কেমনে সম্ভব আমিতো সিনেমার নাম দেখেই মাথায় পানি দিতে সি বাংলা সংস্কৃতি টাকে ধ্বংসের শেষ প্রান্তে নিয়ে গেছে আপনিতো সিনেমা হল পর্যন্ত গেছেন ধৈর্য আছে বলা যায় ধন্যবাদ  সিনেমার থেকে বেশি বিনোদন আপনার ভিডিওতে পাইছি।,Negative
এদের জ্বালায় দেশ ছেড়ে চলে যাব এই দেশের রুচির দুর্ভিক্ষ চলতেছে,Negative
দেশের অবস্থা খুবই করুন এবং ভয়াবহ!!,Negative
"ভাই টুকাই ছবির মত ডিপজলের সামনে বস্তাপচা ছবি সামনে আসছে, ভিডিউ চাই?",Negative
পাবনার রুগীদের জন্য এই ছবি পারফেট,Negative
7 মিনিটে সিনেমা দেখে তোমার  এ রকম মন্থব্য করা ঠিক হয়নি।,Negative
সিনেমা কম ফাতরামি বেশি,Negative
সাউয়ার বেটা এমন একটা ছবি করে দেখা।,Negative
"তুমি পারলে একটা ছবি করে দেখাও, আমাদের এই দেশে, নিজে কিছু করতে না পারলেও, সমালোচনা, করতে পারে,",Negative
"কেউ কেউ, অতি উৎসাহী আবাল মার্কা পাবলিক বলবে হিরো আলমের চুলের যোগ্যতাও না কি নাই।এ আবার নাকি জনপ্রিয়!",Negative
ভাই তোর চ্যানেলের রিপোর্ট করব আমি,Negative
তুই এত ভাষণ দিচ্ছিস আলমের  পায়ের যোগ্য হয়েছিস,Negative
হিরো যে কিছু করে তোরা করতে পারি,Negative
"আমি এদের বিরুদ্ধে মামলা করতে চাই,  ভালো একজন উকিলে সন্ধান কারো জানা থকলে আমাকে দেবেন",Negative
এটা কি হিরো আলমের ছবির রিভিও নাকি পুরান ঢাকাররিভিও,Negative
ভাই মুভির কথা বাদ দেন। আপনি এক ভিডিওতে কত রকমের রং দেখালেন৷।। বিভিন্নজন বিভিন্ন কাজে ব্যাস্ত,Negative
তবে আমি চো* লাগে গেলাম সিনেমা দেখে,Negative
অন্যকে হিংসা না করলে দিন কি যায়না?,Negative
এই সিনেমা দেখতে না গেলে আজকে আপনার পেটে দানা পরতো না।,Negative
মানুষ রুচির দূরভিখতে পরেছে,Negative
একটা  গান তিন থেকে চার মিনিট হয় আর আপনি সাত মিনিটে সব বুজে গেছেন পাগল,Negative
১২ ঘন্টায় ইংলিশ এর কোর্স করার পর যা হয় আর কি,Negative
মুভি রিভিও দেখতে ও খারাপ লাগতেছে,Negative
একটু বেশিই হয়ে গেল না আপনার মাথা ব্যথার বিষয়টা ?,Negative
"একটা মানুষের অভিনয় খারাপ হতেই পারে, আপনি একটু বেশি বলে ফেলেছেন।",Negative
কে বলছে ছবি দেখতে  ফাউল,Negative
বিনোদন,Positive
মানুষকে এত ছোট করে দেখাটা ঠিক না ভাই আপনি যে বলতেছেন যে হিরো আলমের ছবি দেখতে গিয়ে আপনাদের অবস্থা খারাপ আপনি যে ভিডিওটা বানাইছেন সেটা দেখতে গিয়ে আমারই তো মেজাজটা গরম হয়ে যাচ্ছে ঘরে শুয়ে যত্তসব ফালতু লোক আগে নিজের দিকে দেখেন তারপরে অন্যের দিকে ভাইবেন,Negative
কেন ভাই আপনার কি হিংসা লাগে,Negative
অবনতি ইন্টারনেট বাঙালিকে আরও অবনতি করেছে,Negative
হিরো আলম আছে বলেই তোরা খাইয়া বাইছা আছো,Negative
বল ভিডিওতে ভিউ বাড়ানোর জন্য ছবি দেখতে গেছিলাম আর তোরা আলমের ছবি দেখার যোগ্য টাকা ইনকামের জন্য সবকিছুই করতে পারিস তোরা,Negative
হিরো আলমের নামে কথা বলোস তোরা তো খারাপ মানুষ একটু চিন্তা ভাবনা করে কথা বলিস হিরো আলম তোদের মতন না তোরা কি করতে পারি মানুষের ভালো ঠা দেখতে পারিস না,Negative
"তুই একটা মুভি বানাইয়া আগে দেখা তার পর অন্য একটা মুভির সমালোচনা করিস,",Negative
আমি কখনো হিরো আলমের মত হতে চাইনা,Negative
"ভাই তোদের মুভি রিভিউ,এক্সপ্রেশন,কথা বলার ধরণ সব ই হিরো আলমের মুভির মতোই। হয় না একেবারে কোনো কিছুই হুদাই মানুষ কে জোর করে খাওয়াইতেছিস। এমন এক্সপ্রেশন ক্যা ভাই,মুখ চোখের ভংগি কাবিলার মতো ওভার এক্টিং এ ভরা। আমিও জোর কইরা ২:৪৬ সেকেন্ড তোদের রিভিউ দেখার দুহসাহস করছিলাম।পরিশেষে এইটাই বলার আছে,হিরো আলমের মুভি করা আর তোদের মুভি রিভিউ করা বাদ দেওয়া উচিত।তোদের দুইজনের ই কারো কিছু হয় না। (বি:দ্র: আমি নরমালি কোনো কিছু ভাল না লাগলে ইগনোর করি,কিন্তু এই চ্যানেল থেকে ২/১ দিন যাবত রিকমিন্ডেশন আসে।২/১ টা ভিডিও ২/৪ মিনিট দেখি।তারপর ভাই রে ভাই কি পরিমান ক্রিঞ্জ কথা বলার ধরণ আর টোন,যে কমেন্ট না করেই পারলাম না)",Negative
তুই একটা মুভি বানাইয়া আগে দেখা তার পর অন্য একটা মুভির সমালোচনা করিস,Negative
"আপনার এতো কিরকিরি কেন? আপনার চেয়ে হিরো আলম অনেক ভালো"""" তা যে কোন দিক ধরতে পারেন।",Negative
পাগল ছাগল পরিচালক দিয়ে আর যাইহোক সিনেমা হয়না। বাবুল রেজা কোনো পরিচালক হলো নাকি।,Negative
বিনোদন পাইলাম,Positive
তুমি কোন মুভি লাভারই না।  ফালতু ইউটুবার তুমি মুভি কেউ ৭ মিনিট দেখে ফুল মুভি রিভু কেমনে দেও।  একটা মুভি আগে দেখো তারপর মুভি রিভু করো যদিও কস্ট হয় মুভি দেখতে তারপর মুভিটা রিভু করতে তোমার ফুল মুভি দেখা উচিত ছিলো,Negative
"আপনি তো অনেক সাহসি ভাই, না এই চবি কেউ দেখতে যায়",Negative
তোমারে তো হিরো আলমের থেকে বেশি ভালো দেখায়,Negative
হিরি আলম কি বানায় নিজেই বুজেনা,Negative
মানুষ কতটা আজাইরা আর গাধা হইলে এই রকম কিছু বানায়,Negative
রুচির দুর্ভিক্ষ,Negative
আরে ব্যাটা তোরা তো সেটা ছাগলহিরো আলম তো আর হিরো নাম্বার ওয়ান,Negative
তুই যে মানুষকে নিয়ে রোস্ট করিস তোর তো রোস্টার হওয়ার যোগ্য নাই,Negative
তুই এত সময় পাইলি কই এইসব ছবি কোন লেভেলের লোকে রা ছবি দেখে কি আর কমু,Negative
তুই গেছত তর এই ফালতু ভিডিও  করার জন্য। আর একন এসে ফালতু ভিডিও করতাছচ,Negative
ভাই আপনার কোন কাজ কর্ম নাই। আপনী হিরো আলমের সমালোচনা কেনো করছেন?,Negative
বাটপারি ছারেন,Negative
যোগ্যতা নাই চেষ্টা করে কি লাভ উনার,Negative
এই বেটা তোর  এতো জ্বলে কেন?  পারলে তুই  একটা সিনেমা করে দেখা।,Negative
"শুন ব্যাট্টা এসব ভিডিও বানানো হতে বিরত থাক,, আর তা না হলে তোর এই চ্যানেল তো থাকবেই না,, সাথে সারাক্ষণ শুধু চিৎকার ও করবি। কথাটা মাথায় নয় মনে যেনো থাকে।",Negative
"তোর কাজেই হচ্ছে মানুষকে নিয়ে ট্রল করা, নিজেই একটা কিছু করে দেখা, ফালতু",Negative
এসব ইংরেজি আর এখন যে গরম মারবেন নাকি ভাই,Negative
বিনোদন,Positive
পাগল ছারা কেউ দেখেনা,Negative
নিজেরা কিছু করতে পারবি অন্য পিছনে বাস দিস,Negative
"হিরু আলমের মতো জনপ্রিয়তা আগে তৈরি করেন,, আর বললেন ২১০ টাকা নষ্ট করলেন সেটা ভুল বললেন,, আপনি ভিডিও বানাইয়া কয়টাকা পাইলেন সেটা বলেন,,",Negative
কাউকে এতো ছোট করা অচিত নয়,Negative
ভাই আমিতো গর্ভবতি হতে হতে বাঁচলাম।,Negative
দারূণ!!  2:36,Positive
ভাই ১২ ঘন্টা কাজ শেষ করে খেতে বসে আপনার ভিডিও দেখতে গিয়ে হাসতে হাসতে আর খেতে পারি নাই,Positive
মরে যাব তবুও সিনেমা দেখতে পারবনা...মাফ চাই..,Negative
হিরো আলোম কে নাকি বিএনপি  এমপি বানাবে রুমিন ফারহানা বলে  দুই জোন এক রখম,Negative
সে নাকি আবার এমপি হবে তাকে ভোট বিম্পি ছাড়া কেউ দেবে না।,Negative
p,Positive
"টোকাইর প্রসংগ বাদ, আপনারা আমাদের এলাকায় এসে ঘুরে গেলেন আগে জানলে তো আমিও চলে যেতাম টোকাই কে দেখতে টোকাইর উছিলায় আপনাদের সাথে সাক্ষাৎ তো হতো",Negative
ভাই পরিবেশ টা ওউ। সে ই লাগছে।,Positive
জারা হিরো আলমকে ছবি করতে উৎসাহ  দেয় বাহ বাহ করে এগিয়ে  যান  হিরো আলম ভাই তারাও হিরো আলমের  মতো বেসামাল  মানুষ,Positive
"নায়িকার ইংরেজি শুনে ১০ মিনিট অজ্ঞান ছিলাম,তারপর আবার কারেন্ট নাই বুঝেন অবস্থা টা",Negative
এ ল্যা*ও*ড়া গানটা কী লিখে সার্চ দিলে আসবে?,Negative
আরে একটা ভাল ডিরেক্টর পেলেই হিরু আলম ঠিক হয়ে যাবে। এ দেশের সিনেমার মান আগে ভাল ছিলনা। এখনো না। হিরু আলম এক সময় ওঠে যাবে। শুধু সময়ের বেপার।,Negative
আপনি বারো মিনিট ছিলেন আমি 12 সেকেন্ড তো থাকতে পারবো না,Negative
ছবিটা অনেক ভালো,Positive
ভাই দয়া কয়রা হিরু আলমরে পাবনা দিয়ে আসো না হয়লে সবায়রে পাগল বানায়া দিব,Negative
ভাই আপনার এই মুভির রিভিউ দেইখা আমার টয়লটের কথা মনে পড়ে গেলো বাসায় কোন বন্ধু যখন আইসা টয়লেটে যায় তার পর যখন আমি যাই🥹,Negative
ঠিক বলছেন ভাই,Positive
কনগাড়েচুলেশান আলহামচুদিল্লা ️️️,Negative
ভাই তোর চ্যানেলের রিপোর্ট করব আমি,Negative
তুই এত ভাষণ দিচ্ছিস আলমের  পায়ের যোগ্য হয়েছিস,Negative
হিরো যে কিছু করে তোরা করতে পারি,Negative
"আমি এদের বিরুদ্ধে মামলা করতে চাই,  ভালো একজন উকিলে সন্ধান কারো জানা থকলে আমাকে দেবেন",Negative
এটা কি হিরো আলমের ছবির রিভিও নাকি পুরান ঢাকাররিভিও,Negative
ভাই মুভির কথা বাদ দেন। আপনি এক ভিডিওতে কত রকমের রং দেখালেন৷।। বিভিন্নজন বিভিন্ন কাজে ব্যাস্ত,Negative
তবে আমি চো* লাগে গেলাম সিনেমা দেখে,Negative
অন্যকে হিংসা না করলে দিন কি যায়না?,Negative
এই সিনেমা দেখতে না গেলে আজকে আপনার পেটে দানা পরতো না।,Negative
মানুষ রুচির দূরভিখতে পরেছে,Negative
একটা  গান তিন থেকে চার মিনিট হয় আর আপনি সাত মিনিটে সব বুজে গেছেন পাগল,Negative
১২ ঘন্টায় ইংলিশ এর কোর্স করার পর যা হয় আর কি,Negative
মুভি রিভিও দেখতে ও খারাপ লাগতেছে,Negative
একটু বেশিই হয়ে গেল না আপনার মাথা ব্যথার বিষয়টা ?,Negative
"একটা মানুষের অভিনয় খারাপ হতেই পারে, আপনি একটু বেশি বলে ফেলেছেন।",Negative
কে বলছে ছবি দেখতে  ফাউল,Negative
বিনোদন,Positive
মানুষকে এত ছোট করে দেখাটা ঠিক না ভাই আপনি যে বলতেছেন যে হিরো আলমের ছবি দেখতে গিয়ে আপনাদের অবস্থা খারাপ আপনি যে ভিডিওটা বানাইছেন সেটা দেখতে গিয়ে আমারই তো মেজাজটা গরম হয়ে যাচ্ছে ঘরে শুয়ে যত্তসব ফালতু লোক আগে নিজের দিকে দেখেন তারপরে অন্যের দিকে ভাইবেন,Negative
কেন ভাই আপনার কি হিংসা লাগে,Negative
অবনতি ইন্টারনেট বাঙালিকে আরও অবনতি করেছে,Negative
হিরো আলম আছে বলেই তোরা খাইয়া বাইছা আছো,Negative
বল ভিডিওতে ভিউ বাড়ানোর জন্য ছবি দেখতে গেছিলাম আর তোরা আলমের ছবি দেখার যোগ্য টাকা ইনকামের জন্য সবকিছুই করতে পারিস তোরা,Negative
হিরো আলমের নামে কথা বলোস তোরা তো খারাপ মানুষ একটু চিন্তা ভাবনা করে কথা বলিস হিরো আলম তোদের মতন না তোরা কি করতে পারি মানুষের ভালো ঠা দেখতে পারিস না,Negative
"তুই একটা মুভি বানাইয়া আগে দেখা তার পর অন্য একটা মুভির সমালোচনা করিস,",Negative
আমি কখনো হিরো আলমের মত হতে চাইনা,Negative
ভাই নিজে বড়ো কিছু না পরলে  অন্যকে নীর উতসাহ করবেনা,Negative
তুই একটা মুভি বানাইয়া আগে দেখা তার পর অন্য একটা মুভির সমালোচনা করিস,Negative
"ভাই তোদের মুভি রিভিউ,এক্সপ্রেশন,কথা বলার ধরণ সব ই হিরো আলমের মুভির মতোই। হয় না একেবারে কোনো কিছুই হুদাই মানুষ কে জোর করে খাওয়াইতেছিস। এমন এক্সপ্রেশন ক্যা ভাই,মুখ চোখের ভংগি কাবিলার মতো ওভার এক্টিং এ ভরা। আমিও জোর কইরা ২:৪৬ সেকেন্ড তোদের রিভিউ দেখার দুহসাহস করছিলাম।পরিশেষে এইটাই বলার আছে,হিরো আলমের মুভি করা আর তোদের মুভি রিভিউ করা বাদ দেওয়া উচিত।তোদের দুইজনের ই কারো কিছু হয় না। (বি:দ্র: আমি নরমালি কোনো কিছু ভাল না লাগলে ইগনোর করি,কিন্তু এই চ্যানেল থেকে ২/১ দিন যাবত রিকমিন্ডেশন আসে।২/১ টা ভিডিও ২/৪ মিনিট দেখি।তারপর ভাই রে ভাই কি পরিমান ক্রিঞ্জ কথা বলার ধরণ আর টোন,যে কমেন্ট না করেই পারলাম না)",Negative
এতো মুভি দেখলাম কিন্তু এই মুভি টার মতো কোনো মুভি দেখিনাই এতো ভালো লাগছে মন ছুয়ে গেছে মনের মতো মুভি,Positive
দারুণ একটা শিক্ষামূলক সিনেমা। ধন্যবাদ  আপনাকে।,Positive
"অসম্ভব সুন্দর গল্পটা,একদম বাস্তব জীবন টা ফুটিয়ে তোলা হইছে।বাস্তব জীবন টা কখনো এত্ত সুন্দর হয় না আপু",Positive
সিনেমা টি ভীষণ সুন্দর। অনেকেরই জীবনের সাথে মিল খুঁজে পাবে। আর তোমার এক্সপ্লেনেশন খুব সুন্দর।,Positive
আর হ‍্যাঁ  এ আপনার কথা গুলো অসাধারণ ছিল আর একদম বাস্তবসম্মত ছিল । বাস্তববাদী কথা বলেন বলেই তো আপনার   গুলো এতো ভাল লাগে,Positive
"সব বোনদের বলবো যদি সামী ভালো না হয় পছন্দ না হয় তাহলে তালাক দিন,, তার পরে অন্য খানে বিয়ে করেন , কিন্তু পরকীয়া কইরেন না কারণ এটা অনেক বড় পাপ সামান্য এই একটু শান্তির জন্য পুরো আখেরাত নষ্ট কইরেন না,, জাহান্নাম অনেক কঠিন জাগা তাই ভাইবে করেন যা করেন। আর সামী আর বয়ফ্রেন্ড এক না এটা মনে রাখবেন।।।। আল্লাহ তাআলা সবাইকে হেদায়েত দান করুক আমিন।",Negative
ভালোবাসা সত্যি অসম্ভব সুন্দর। কিন্তু কিছু মানুষ আছেন যারা আবেগ/চাহিদায় এ পড়ে অন্য সম্পর্কে জড়ায় যা ক্ষণস্থায়ী । স্বামী-স্ত্রীর সবসময় একসাথে থাকা এবং প্রত্যেকটা মুহূর্ত কে উপভোগ করা উচিত। স্বামীর উচিত স্ত্রীর প্রতি যত্নবান হওয়া। স্ত্রীর স্বামীর সাথে সকল বিষয় শেয়ার করা। তাহলেই সংসার জীবন সুন্দর,Positive
"সত্যি শিক্ষনীয় একটা ভিডিও,,, খুব ভালো লাগছে আপনার ভিডিও টা",Positive
অসাধারণ প্রতিভাবান গুনি মানুষ শুভকামনা রইলো রোমানা,Positive
অত্যন্ত সুন্দর ও শিক্ষণীয় মুভি এবং আপনার মূল্যবান পরামর্শ।,Positive
"আমি সব স্বামীদের উদ্দেশ্য বলছি কেনো ভাই একটু দুষ্ট মিষ্টি খুনসুটি, রোমান্টিক করলে কি এমন ক্ষতি হয় এতে সংসারে শান্তি ও আসে স্বামী স্ত্রী সম্পক ও টিকে থাকে️",Positive
আপু তোমার বলা কথাগুলো একদম সঠিক আর অনেক ধন্যবাদ এরকম সুন্দর একটা মুভি   করার জন্য অনেক ধন্যবাদ,Positive
আপু আপনার সব ভিডিও আমার কাছে খুব ভালো লাগে,Positive
আমার তোমার কথাগুলো অনেক বেশি ভালো লাগে,Positive
এত সুন্দর গল্প উপস্থাপনের জন্য আপনাকে ধন্যবাদ,Positive
আমার মনের ভেতরের কথা গুলো আজ আপনার মাধ্যমে শুনতে পেলাম আপু। এটা সবার দেখা উচিৎ  অসম্ভব শিক্ষনীয় মুভির গল্প  আমার স্বামীও ঠিক এই বেটার মতো আনরোম্যান্টিক  মনে অনেক কষ্ট তবে ভুল পথ কখনও বেছে নেবনা আল্লাহর রহমতে ️,Positive
"আমার স্বামী আমার থেকে বয়সে দিগুন বড় কিন্তু মাশ আল্লাহ অনেক রোমান্টিক  আমাকে সবসময় বোঝে,,, আমাকে মাঝে মাঝে বাইরে ঘুরতে নিয়ে যেতে চায়,,আমি অনেক খুশি আলহামদুলিল্লাহ",Positive
অনেক ভালো লাগলো আমার তো কান্নাই চলে এসেছে।।।,Positive
চমৎকার লাগলো শিক্ষা মুলক গল্প টি ধন্যবাদ।,Positive
খুব ই অসাধারণ। কথাগুলো খুব ভালো লেগেছে।এ রকম এক্সপ্লেইন আরো চাই।,Positive
সত্যি অসাধারণ একসপেলন,Positive
"অসাধারণ একটা মুভি এক্সপ্লেইন,,,,,,",Positive
খুব সুন্দর .,Positive
অসংখ্য ধন‍্যবাদ আপু এরকম একটা সত্যিকারের গল্প শোনার জন‍্যে।,Positive
"সত্যি, অসাধারণ লেগেছে,অনেক অনেক ভাল লাগলো।",Positive
চরম বাস্তবতার গল্পটি,Positive
এক কথায় অসাধারণ,Positive
"আপু আমি তোমার সব ভিডিও দেখি কিন্তু আজ তুমি বাস্তবতা তুলে ধরলে , তার জন্য তোমাকে অসংখ্য ধন্যবাদ। আমার মনে হয় প্রতিটা মেয়ের না বলা কথা গুলো তুমি তুলে ধরলে এই ভিডিওর মাধ্যমে। আজ কাল তো পুরুষেরা পুরুষত্ব মনে করে টাকা কে । তাদের আবার প্রচলন কথাও আছে  "" টাকা না থাকলে ভালোবাসা জানালা দিয়ে পালায়"" আমার মনে হয়না কোন মেয়ে কখনো টাকার অভাবে পরকিয়া করেছে। তবে তোমার শেষের কথা গুলো অসাধারন ছিল।",Positive
আপু এই মুবিটা আসলে ওনেক সুন্দর আসলেই আমাদের সমাজে এই সব চলছে,Positive
"কথাগুলো সবগুলা ভালো লাগছে,,,, আপনি সবগুলো কথাই ঠিক বলছেন,,, আপনার মুভি গোলামী প্রায় গুলো দেখি,,,, ভালই লাগে আপনার মুভি",Positive
আমার আপনার কথা গুলো অনেক ভালো লাগছে ধন্যবাদ,Positive
দারুন লাগলো। সত্যিই এখন বাস্তবটা ঠিক এমনই। আপু তুমি খুব ভালোভাবে সেটা তুলে ধরেছো,Positive
অসাধারন সহ-অংশীদার শিক্ষাগ্রহণ সবর!!!আললাহকে ভয় কর,Positive
মুভিতে অনেক গুরুত্বপূর্ণ একটা দিক তুলে ধরা হয়েছে।কিন্তু বাস্তবতা এতো সহজ না।এসব কাজে জড়িয়ে পড়লে সহজে কেউ ফিরে আসেনা।আর বেশিরভাগ ছেলে মেয়ে পরকিয়ায় জড়িয়ে যায় চারিত্রিক দোষে। আর এখানে মেয়ের গাজা সিগারেট খাওয়ার বিষয় গুলো একটুও ভালো লাগেনি।  মাদক কখনো মানুষের সখ আহ্লাদ এর মধ্যে পরেনা।,Positive
আপু তোমার শেষের কথাগুলো অনেকবার শুনেছি  যত শুনি ততই ভালো লাগে ️,Positive
রোমানা আপুর ভিডিও মানেই অসাধারণ,Positive
খুব সুন্দর ছবি।তোমার কথাগুলো খুবই ভালো  লাগল।,Positive
চমৎকার লেগেছে ভালো খুব খুব ভালো লেগেছে।,Positive
আপনার কথা গুলো তো খুব সুন্দর মাশাআল্লাহ,Positive
"অনেক অনেক ভালো লাগল  মুভিটা ,, আর তার জন্য আপনাকে ধ্যানবাদ",Positive
"রোমানা তোমার শতশত মুভি এক্সপ্লেইন দেখেছি কিন্তু আজকের এটা এতটাই চরম বাস্তব যে আমি হতভম্ব।কারন আমি একজন লেখক মানুষ  বেশ কয়েক মাস থেকে পরকীয়ার বিষয়ে লেখার জন্য যখন বাস্তব অনুসন্ধান চালাতে শুরু করলাম তখন আমি এই মুভির মতোই বাস্তব অনেক ঘটনার খবর পেলাম। পরকীয়ার এই যে কারন গুলো ফুটে তোলা হয়েছে, আমার লেখা ""অবাঞ্ছিত ভূল"" নামক গল্পে একই কারন ফুটে উঠেছে। ধন্যবাদ তোমাকে,",Positive
বিবেক নাড়ানো যুক্তিময় অনুভূতি প্রকাশে সহযোগিতার জন্য ধন্যবাদ।  ভালো থাকা হয়ে যেনো...,Positive
আপনার ভয়েজ টা আমার খুব ভাল লাগে. দাম্মাম সৌদি আরব প্রবাসী.,Positive
সিনেমা হোক শিক্ষা ও জ্ঞানের আলো সিনেমা হোক সমাজ পরিবর্তনের হাতিয়ার তবেই তো বদলাবে আমাদের এই পৃথিবী কাউকে হাসিখুশি রাখাটাও অনেক বেশি সোয়াবের কাজ আসুন আমরা সকলেই নিজে হাসিখুশি ও অন্যকে হাসিখুশি রাখতে উৎসাহিত করি ধন্যবাদ,Positive
"প্রতিটা মেয়ে তার ভালোবাসার মানুষটার কাছে আসা করে, তবে সবাই সমান হয়না,",Positive
সত্যি খুবই ভালো লেগেছে আমার,Positive
অসাধারণ বাস্তব সত্যি বলেছেন আপু,Positive
এই মুভিটার থেকে অনেক কিছু শিখলাম অসংখ্য ধন্যবাদ আপনাকে ম্যাডাম,Positive
"তা ঠিক, প্রেমিক ও যখন বর হয়, তার মাঝে আর ভালোবাসা খুজে পাওয়া যায় না, সাথে তার পরিবারের গঞ্জনা তো আছে ই। তবুও এসব করি না, শুধু ধৈর্য ধরে আছি,",Negative
আপনার মুভি দেখার জন্য অপেক্ষায় থাকি।কয়দিন পর পর মুভি আপলোড করেন,Positive
"নাইছ এক্সপ্লেনেশন রোমানা আপি, ভিষন রকমের চমৎকার উপস্থাপন ছিলো ️️️",Positive
আপনি জে কথা গুলো বলেছেন ধন্যবাদ ভালো লাগে ছে,Positive
অনেক সুন্দর করে মুভিটা উপস্থাপন করার জন্য আপনাকে অসংখ্য ধন্যবাদ বোন।,Positive
"অসম্ভব সুন্দর হয়েছে, বাস্তব কাহিনী, কিছুটা আমার মতো কাহিনি",Positive
দারুন অনেক বড়ো উপহার দিলে,Positive
আপনার কথাগুলো অসাধারণ খুব ভালো  লাগছে বাস্তবের সাথে অনেকটা মিল আছে সাথে অনেকটা মিল আছে,Positive
ফাও জিনিস খাওয়ার জন্য সবাই এভাবেই পাম্প দেয়,Negative
আপু খুব সুন্দর হয়েছে মুভিটা ধন্যবাদ আপনাকে সেয়ার করার জন্য,Positive
"এটা আমার জীবন কাহিনী যেটা আট বছর ধরে।মনের মাঝে লুকিয়ে রেখেছি,আপনাকে অনেক অনেক অনেক অনেক অনেক ধন্যবাদ এমন একটা মুভি দেওয়ার জন্য এটা সত্যি আমার জীবন কাহিনী আপু",Positive
শিক্ষনীয় ভিডিও আপু,Positive
আপুকে ধন্যবাদ  এমন একটি মুভি  উপহার দেওয়া  জন্য  সত্যি  কথা বলেছেন,Positive
অসাধারণ একটি ফিল,Positive
ধন্যবাদ আপু আপনাকে,Positive
"আমার জীবনের  সাথে মিলে গেছে। কিন্তু আমি পরকীয়ায় জড়িয়ে পড়ে নি, নিজেকে মানিয়ে নিয়েছি।",Positive
সত্যি অসম্ভব সুন্দর। আমি একটি নতুন শিক্ষা পেলাম,Positive
এক কথায় অসাধারন,Positive
ধন্যবাদ আপু আপনার পরিবেশনটা অনেক সুন্দর হয়েছে এবং আপনার চেষ্টাটা অনেক সুন্দর আপনাকে ধন্যবাদ,Positive
অনেক সুন্দর লাগছে মুভিটা,Positive
কি??  কথায় স্পষ্ট বুঝা যায়নি!,Negative
খুব সুন্দর একটা মুভি।,Positive
আপনার কথা গুলো শেষ মজার,Positive
আপনার কথা গুলো মনছুয়ে গেলো,Positive
খুব সুন্দর লাগলো,Positive
"এমনই হওয়া উচিৎ,,,  পর্দায় রাখা অপরাধ না,,কিন্তু ভালোবাসা হীন জীবন অসম্ভব",Positive
ভিডিওটি আসলে অসাধারণ হয়েছে একটি শিক্ষনীয় ভিডিও,Positive
অসাধারণ সত্যি,Positive
আরো ভিডিও চাই এরক্ষম,Positive
অনেক ধন্যবাদ,Positive
দারুন একটি শিক্ষানীয় ভিডিও।,Positive
দারুন মুভির গল্প টা আর সুন্দর বলেছেন।,Positive
গল্পটা অসাধারণ। অনেক কিছু শেখার আছে এই মুভিটাতে।,Positive
পরের বউকে এতো সুন্দর চোখে দেখা যায় তবে আমার মনে হয় নিজের বউকে এতো সুন্দর নজরে দেখতে স্বামী দের এলার্জি আছে,Positive
আপনার কন্ঠ শুনলেই আবেগ উঠে যায়,Positive
এক কথায় বলব অসাধারণ হয়েছে। বলার ভাষা নেই,Positive
অসাধারণ একটা মুভিকে  অসাধারণ করে এক্সপ্লেনেশন করার জন্য ধন্যবাদ,Positive
অসাধারণ বোঝানোর ধরনটা খুব সুন্দর,Positive
অনেক সুন্দর হয়েছে. জীবন চলার পথে এসব শিক্ষার দরকার আছে ️️️,Positive
রোমানাএগিয়ে যান আগামী র পথে শুভকামনা রইলো,Positive
অসাধারণ একটা ছবি আপলোড করার জন্য আপনাকে ধন্যবাদ  ️,Positive
অনেক সুন্দর  একটা মূবি,Positive
একদম সঠিক কথা বলছো বোন। ধন্যবাদ জানাই বোন আপনি কে।,Positive
ধন্যবাদ আপু এত সুন্দর একটা মুভি এক্সপ্লেনেশন করার জন্য,Positive
"অসাধারণ সুন্দর করে বোঝালেন শুধু নয়, তুলনা করে দেখালেনও, মনের খিদেটাও যে বুজতে হয় আর সহমর্মিতা দিয়ে কাছে থাকতে হয়, সেটাই আসল। খুব ভালো লাগলো, -আমি কলকাতা থেকে।",Positive
সত্যিই অসাধারণ একটা মুভি ছিল আপু,Positive
"সব পুরুষ দের জন্য অনেক বড় একটা মেসেজ দিলো এই আপু টা, দুনিয়ার সব পুরুষ দের হয়ে আপনাকে ধন্যবাদ আপু",Positive
সত্যিই খুব খুব ভালো লাগলো,Positive
"ভিডিও অসাধারণ ছিল। আমি অনেকদিন যাবতই আপনার ভিডিও দেখি, এক্সপেরিয়েন্স গুলো অনেক ভালো লাগবে, হয়তো এভাবে লাইক কমেন্ট করা হয় না।",Positive
তোমার কথা গুলো অনেক সুন্দর,Positive
দারুন মুভি টি। ভালো লাগলো সত্যিই গল্প টা।। আপনার ঈশ্বর প্রদত্ত কণ্ঠে শুনে আরও বেশি ভালো লাগলো।,Positive
অনেক সুন্দর হয়ছে। অনেক মনোযোগ দিয়ে দেখলাম আর বুঝলাম এখন ভালোবাসা হরায় নাই। ধন্যবাদ আপু,Positive
আপু আপনার ভিডিও গুলা খুব ভালো,Positive
"চুলে বেনুনি করে দেওয়া আর টাইটানিক সিন টা অন্য লেভেলের ভালোবাসার প্রকাশ,সত্যি অনবদ্য",Positive
আজকের মুভিটা অনেক সুন্দর হয়েছে।। সম্পুর্ন  বাস্তবের সাথে মিল রয়েছে,Positive
অস্থির লেভেলের মুভি আপু সেই সুন্দর,Positive
ভিডিও টা দেখার সময় শেষের দিকে চোখে পানি চলে এসেছে। সত্যিই যদি সব পুরুষই বউকে ঠিক মত ভালবাসতো তাহলে পরকীয়ার হার কমে আসতো,Positive
সত্যি রোমানা ভিডিওটা অনেক শিক্ষনীয় আর আপনি জেই কথা গুলো বলছেন আমার কাছে রাইট মনে হয়েছে সত্যি বলতে আপনার এই ভিডিওটা অনেকের জীবন বদলে দেবে আপনাকে অসংখ্য ধন্যবাদ রোমানা আপু আশা করি আরো অনেক সুন্দর সুন্দর শিক্ষনীয় ভিডিও আমাদের উপহার দিবেন,Positive
আপনার ভয়েস টা অসাধারণ  আপু,Positive
অসংখ্য সুন্দর সমাধান ধন্যবাদ,Positive
আপু আপনার কথা গুলো শুনতে খুব ভালো লাগে।,Positive
আমি আপনার অনেক ভিডিওর এক্সপ্লেনেশন দেখছি। কখনো কমেন্ট করিনি। তবে আজকে কিছু না বলে পারলাম না। আজকের এক্সপ্লেনেশনের কথাগুলো হৃদয় ছুঁয়ে গেছে। মনে হচ্ছে কথাগুলো বুকের মধ্যে বাড়ি খাচ্ছে। অনেক কিছু বলতে ইচ্ছে করছে,Positive
মুভি না দেখেই কমেন্ট করলাম  মুভি দেওয়ার জন্য ধন্যবাদ আপু,Positive
আপনার মুভি গুলা অনেক ভালো লাগে,Positive
দিদি খুব সুন্দর বাখ্যা দিয়েছেন ।প্রত্যেক ছেলেদের এটা ভাবা উচিত ।,Positive
মুভিটি দেখে আমি মুগ্ধ সত্যিই এই মুভিটি দেখে অনেক কিছু শেখা যায়,Positive
অসাধারণ  প্রতিটি ছেলের এই সিনেমাটি দেখা উচিত। অনেক কিছু শেখার আছে,Positive
আপনার কন্ঠ  আমার অনেক ভাল লেগেছে।,Positive
আপা আপনি যেভাবে ভোজান অনেক ভালো লাগে,Positive
আই মিস ইউ   আমি তোমার সট মুভি দেখি  ভালো লাগে,Positive
অনেক ভালো লাগলো,Positive
দারুণ লাগলো,Positive
অনেক  সুন্দর হইছে কথা গুলো যা সবাই বুঝে না,Positive
তোমাদের চাওয়া সবকিছুতেই ১০০%,Positive
ও ম্যাডাম তোমার শিক্ষনীয় ভিডিও গুলো আসলেই দারুন হয়েছে ইসলামিক এবং শিক্ষনীয় ভিডিও তোমার কাছ থেকে সব সময় আশা করা যায়,Positive
"আলহামদুলিল্লাহ আমার ১৪ বছর হচ্ছে বিয়ে  হয়েছে আমার স্বামী আমাকে অনেক ভালো বাসে, আর আমিও চাই  সারাজীবন তাকে অনেক ভালো বাসতে",Positive
কথাগুলো  সঠিক বলেছেন  আপা আমার অনেক  ভালো লাগছে,Positive
আসলেই খুব ভাল লাগলো।বর্তমানের  সত্যি ঘটনা।,Positive
অনেক অনেক অনেক সুন্দর হয়েছে,Positive
খুব ভালো লাগলো এই মুভিটা,Positive
আপু অসাধারণ ছিল মুভিটা আমার কাছে খুব ভাল লাগছে এই মুভিটা সবার বিবাহ দম্পতি দের দেখা উচিত যে যায় বলুক আমার কাছে খুব ভাল লেগছে,Positive
খুব কান্না পাচ্ছে ।,Positive
গল্পটা বেশ সুন্দর,Positive
ধন্যবাদ আপু আপনাকে,Positive
"রুমানা আপু আপনার  বুঝিয়ে বলার ধরন এতো সুন্দর, সত্যি খুব ভালো লেগেছে ?",Positive
অনেক অনেক অনেক সুন্দর হয়েছে,Positive
এক কথায় অসাধারণ যুক্তি % এবং অসাধারণ মুভি ️,Positive
অনেক অনেক অনেক সুন্দর হয়েছে,Positive
তোমার বলার ধরন মানেই অসাধারণ,Positive
অনেক ভালো লাগছে,Positive
অনেক সুন্দর কথা বলেছেন,Positive
অনেক অনেক অনেক সুন্দর হয়েছে,Positive
এক কথাই অসাধারণ মুভি,Positive
অনেক অনেক অনেক সুন্দর হয়েছে,Positive
"প্রতিটা কোথায় বাস্তবতা ছিল , অনক সংসার আছে যেটা ভিতরে ভিতরে ভেঙ্গে যায় শুধু না বোঝার জন্য, একটা মে শুধু তার স্বামীর ভালোবাসা আর অ্যাটেনশন পাওয়ার আশায় থাকে , এটুকুই চাওয়া, যাক যে ছেলেরা বুঝবে তারা জীবনে সুখী হবে এটাই বাস্তবতা।",Positive
অনেক ধন্যবাদ রেমানা,Positive
আপু আপনার মুভি এক্সপ্লেনেশনের প্রেমে পড়ে গেছি। আপনি যখন এক্সপ্লেইন করেন সিচুয়েশনের সাথে আপনার কন্ঠে সে আবেগফুটে এটা আমার অনেক ভালো লাগে। যখন যেভাবে কথা বলা লাগে তখন সেভাবে বলেন। এটাই আমাকে আপনার ফ্যান বানিয়ে দিসে।,Positive
ভালো লেগেছে,Positive
অসাধারন,Positive
আসলেই এই মুভিটা প্রতিটা বিবাহিত পুরুষের দেখা উচিৎ।  কিন্তু আফোস আমি৷ সিঙ্গেল  হওয়ার জন্য  কপালে বউ নাই। সমস্যা নাই বিয়ের আগেই শিক্ষা নিয়ে নিলাম কিভাবে  হতে হয়,Positive
"রোমানা আপা, আপনার বলার ধরন এতই মিষ্টি যে ভয়ে আছি কখন না ডাইবেটিকস হয়ে যায়। যাই হোক ভালো থাকবেন। আর সুন্দর সুন্দর মুভি এক্সপ্্লেইন করে আমাদেরও ভালো রাখবেন। মুভির নাম টা কেউ না কেউ বলে দিয়েন প্লিজ।",Positive
মন ছুয়ে গেছে আজ,Positive
"আজকের খুব ভালো একটা শিখা পেলাম, ধন্যবাদ,,,,",Positive
নিষিদ্ধ জিনিসের ওপর সবসময়  বেশি আগ্রহ। কিন্তু এইটা যে কন্ট্রোল করতে পারবে সেই এহকাল এবং পরকালে সফল হবে।,Positive
"রোমানা আপু,,,কাহিনি শুনে আবেগে চোখে পানি এসে গেছে,, তবে এটাই বাস্তব",Positive
আমার খুব ভালো লেগেছে,Positive
ভালো মেয়েরা কখনো নাতো পরোকিয়া করে আর নাতো পর কিয়াকে সাপোর্ট করে। ভালো মেয়েদের মনে এসব নিয়ে চিন্তা করার সময়টাই থাকেনা।,Positive
সুন্দর,Positive
অসাধারণ সুন্দর,Positive
সত্যি কথা গুলো শুনতে খারাপ লাগলেও সত্যি কখনো মিথ্যা হবে না!!!  টা খুব সুন্দর তার থেকে  করার  টা তার থেকে অনেক সুন্দর,Positive
মুভির চেয়েও আপনার কথাগুলো অনেক সুন্দর ও গুরুত্বপূর্ণ,Positive
আপনি এতো সুন্দর করে এক্স প্লেন করেছেন যে বাস্তব জিবনের সাথে পুরোপুরি মিল রয়েছে আমি গল্প শুনে পুরো কান্না করেছি,Positive
দারুন,Positive
সমাজের বাস্তব কিছু বলার জন্য ধন্যবাদ,Positive
"অসম্ভব সুন্দর একটা কাহিনি,,  বাস্তবের কঠিন চিত্র তুলে ধরেছেন,, আবার রোমানা আপুর শেষের কথাগুলো আরও অসাধারণ লাগে।",Positive
অসাধারণ,Positive
অসাধারণ,Positive
অসাধারণ ️️️️,Positive
রোমানা আপু তোমার কণ্ঠস্বর খুব সুন্দর মাশাল্লাহ,Positive
এটাকে ১৮+ বলেনা আপু. এটাকে বলে শিক্ষা মুলক. যে ব্যাক্তির জ্ঞান থাকবে সে এই ভিডিও দেখলেই অনেক কিছু শিখবে,Negative
সত্যি এই মুভিটা সব মুভির থেকে বেস্ট রুমানা আপু মানেই অস্থির,Positive
মুভিটা সত্যি অসাধারণ লাগলো একদম বাস্তববাদী।,Positive
"আপু আপনি একদম বাস্তব কথা বলেছেন, সব পুরুষরা যদি সব নারীদের মন বুঝতো, তাহলে আর কারো সংসার ভাঙতো না,",Positive
"মনেক অপর্ণা কুয়া, যা কোন কিছু দিয়ে পূর্ণ করা সম্ভব নয়, এক আশা পূর্ণ হওয়ার সাথে সাথে অন্য আশা জন্ম নেয় মনে,তাই জীবন কি পরিবর্তন করতে মনকে নিয়ন্ত্রণ করতে শিখুন,",Positive
শতভাগ সত্য,Positive
অসাধারণ,Positive
"আজ জীবনের কঠিন সময় দাড়িয়ে ছিলাম ,এই ভিডিও টা খুব কাজে লাগবে",Positive
"আপনার এত গুলো এক্সপ্লেইন করা ভিডিও দেখলাম, কিন্তুু এত গুলো বিডিও মধ্যে এই বিডিওটা আমার কাছে সেরা মনে হইছে,",Positive
সুন্দর মুভি,Positive
সত্যিই আপু মুভিটা অনেক সুন্দর আমার অনেক ভালো লাগছে অনেক পছন্দ আসলে অনেক সুন্দর,Positive
পুরো মুভিটা কে আপনি যেভাবে এক্সপ্লেইন করেছেন আমি তো নিজেই আপনার প্রেমে পড়ে গিয়েছি কারণ আমি মাঝে মাঝে আপনার এই মুভিগুলো দেখি,Positive
মুভিটি সত্যিই অনেক শিক্ষণীয,Positive
দারুন গল্পঃ,Positive
অনেক ধন্যবাদ আপা,Positive
অসাধারণ,Positive
অসাধারণ,Positive
অসাধারণ একদম লা জাওয়াব।,Positive
সময়োপযোগী একটা মুভি খুব সুন্দর মুভিটা,Positive
এই গল্পে পরকিয়ার একমাত্র কারন স্বামীর রেসট্রিশনই না।ফেরদৌসের দুষ্টো মনের পরিচয় কী কারও চোখে পরেনি?,Negative
"ধন্যবাদ, সকল পুরুষের  চোখ খুলে দেয়ার  জন্য।",Positive
সত্যি অনেক সুন্দর করে বুঝিয়েছে মুভিতে।  আর রোমানা তোমার গলাই শুনলাম চার চাঁদ লেগে গেছে।।।।  সব মিলিয়ে দারুণ,Positive
আপু আপনার কথাগুলো খুব মিষ্টি,Positive
এমন ঘটনা আমাদের আশে পাশে অনেক হয়ে থাকে মুভির এই এক্সপ্লেনেশন টা অনেক বেশি অসাধারণ ছিলো আপু,Positive
এই প্রথম আমি আপনার ভিডিও তে কমেন্ট করলাম কারণ সত্যি  মুভি  শেষে আপনার বলা কথা গুলো আমার মন ছুঁয়ে গেছে   আগে  ভাবতাম কি কমেন্ট করবো কী বা লিখবো। আর হ্যাঁ লাইক ও করেছি,Positive
অসাধারণ,Positive
অসাধারণ আপু,Positive
আপনার ভিডিওটা দেখে আসলে আমি যেটা মনে ভাবছি সেটা ভাষায় প্রকাশ করতে পারছি না অসাধারণ সুন্দর প্লাস দেখেছি সেই সাথে শুনেছি আপনার কন্ঠ ক্লাস আপনার মানুষের বোঝানোর যে ধরা সেটা আমি খুবই পছন্দ করেছি আপনার মত স্মার্ট বা রোমান্টিক যে পেয়েছে সেই লাকি আপনাকে অনেক ধন্যবাদ এমন ভিডিও করার জন্য,Positive
আপনার ভিডিও গুলো খুব সুন্দর ও বুঝার মতো ভিডিও তাই আপনার আইডাটা সাবস্ক্রাইব করে দিলাম,Positive
সত্যিই পুরোটা দেখে মন ভরে গেলো  সবার দেখা উচিত,Positive
"রমানা আপু, প্রায় নিয়মিত আপনার মুভি দিটেইলস গুলো খুভ মনজোগ দিয়ে দেখি। এত ভালো লাগে বোলে বেজাতে পারবোনা",Positive
একদম সঠিক কথা,Positive
অসাধারণ নয় বাস্তব গল্প!খুব বাস্তব!,Positive
আপু আপনার কথাগুলো পুরোপুরি সঠিক। প্রতিটা ছেলের আপনার কথাগুলো মেনে চলা উচিত। তাহলে দাম্পত্য জীবন সুখের হবে,Positive
সবার প্রতি অনুরোধ আমরা যেন বেশি বেশি কুরআন হাদীস ও বেশি করে বিভিন্ন নবী রাসূল সাহাবা কেরাম ও মহিলা সাহাবাদের জীবনি পড়িও সেই অনুযায়ী আমল করার চেষ্টা করি ইনশাআল্লাহ তাহলেই আমাদের পারিবারিক জীবনে স্বর্গীয় সুখ শান্তি নেমে আসবে আল্লাহ আমাদের সবাইকে বুঝার তাওফিক দান করুক আমিন।,Positive
শুধু নিজেদের চিন্তা করলে হয় না মেয়েদের বিষয়ে কিছু চিন্তা তাইতো মেয়েদের মাথায় অবসর সময়টা অন্য কিছু নিয়ে ভাবায়া,Positive
অনেক অনেক অনেক  সুন্দর মুভীটা একদম আমার জীবনের        সাথে মিলে গেছে,Positive
"আমি আপনার প্রতিটা ভিডিও দেখেছি,, আপনার এক্সপ্লেন আমার অসাধারন লাগে,,,জিবনের কিছু কথা সিনেমাটাই আছে,কিন্তু কাউকে বলতে চাইনা,সবাই যে দূর্বল জায়গায় আঘাত করবে,,,আমি যে পুরানো আঘাতে জর্জরিত,নতুন আঘাত আর নিতে পারবো না,তবে আলহামদুলিল্লাহ সব কিছুর জন্য,,,আমার আল্লাহ চাইলে সব ঠিক হয়ে যাবে,,,",Positive
বাস্তবধর্মী একটি স্টোরি। ভালোই লেগেছে। আপু আমি আপনার ছবি এবং এর এক্সপ্লেইনেইর ভক্ত। আপনার পছন্দ করা মুভির মত আপনিও নিশ্চয়ই রোমান্টিক।  তবে আমি মনের কল্পনায় একটা অবয়ব একেঁছি আপনার। সেটা বাস্তবের সাথে মিল নাও হতে পারে। সরাসরি কখনে দেখলে বুঝতাম সেটা ভুল না সঠিক। ভালো থাকবেন।,Positive
রোমানি দিদি তুমি তোমার মুখ দেখাতে চাইছো না কারোন তুমি মোনে করছো যে মুখ দেখলে হয়তো আমি তোমার সাথে আর মুভি দেখবো কিন্তু এরোকম কোনো বেপার না আসলে আপনার গলার ভয়েস টা ভালো তাই আপনার মুভি দেখি  তো টেনশোন নেবেন টা মুখ টা দেখিয়ে দেন,Negative
আমার জিবনের সাথে মিলে গেছে এই গল্পটা,Negative
দোয়া করি আপনার স্বামী যেন একজন হুজুর হয়,Positive
সুন্দর সুন্দর সুন্দর  হিস্টরি,Positive
আপু আপনার কথার ভালোবাসাই,Positive
একটি মেয়ে তাই মেয়েদের মনের কথা বুঝতে পারেন ধন্যবাদ আপনাকে দিদি আমি ইন্ডিয়া থেকে আপনার বড়ো ফ্যান,Positive
আপু এই মুভিটা আমার মন ছোঁয়ে গেছে। এই ভিডিওটা দেখার সময় মাঝে মাঝে আমার অনেক কষ্ট ও লাগছে। আর আপু সাহিদ যখন হামিদকে লাস্টের দিকে একা নিয়ে বোঝা চ্ছিলো। তখন আমার চোখ দিয়ে জল এসে পরছে।সত্যি হাসবেন্ডরা অনরোমান্টিক হলে মেয়েদের অনেক কষ্ট লাগে।এটা আমি বোঝি কিন্তু আমরা সব কিছু সময়ে সাথে মানিয়ে নিয়ে চলি।,Positive
অনেক দিন প্রিয় কন্ঠ।,Positive
মুভিটা অনেক সুন্দর,Positive
কখনো কমেন্ট করি না কিন্তু এটা দেখে কমেন্ট করলে আপনার ভিডিও যত ভালো সব সময় আমি দেখি কিন্তু কমেন্টটা প্রথম করোলা অসাধারণ হয়েছে আমাদের জীবনের সাথে অনেকটা মিল,Positive
ভিডিওটি দেখার পর বৌকে বার বার কল দিচ্ছি বাট ওয়েটিং দেখাচ্ছে  দেশ ও জাতির __ মারা শেষ,Positive
আলহামদুলিল্লাহ আমি এরকম  আমার স্ত্রীকে রোমান্টিক ভাবে ভালোবাসি আমাদের জন্য সবাই দোয়া করবেন,Positive
"তোমার  কন্ঠে একটা জাদু  আছে, অজানা একটা টান অনুভব করছি। তোমাকে একান্ত ভাবে পাবার জন্য মনটা ব্যকুল হয়ে আছে।আমাকে একটু শান্ত করোনা গো!",Positive
আমার জিবনটা এমন,Positive
মেয়েদের মনের খবর কেউ রাখে না,Positive
অরুমনা মানেই মন ভালো করার ঔষধ,Positive
মুভিটা অতিরঞ্জিত লাগল।,Positive
অসাধারণ হয়েছে,Positive
অসাধারণ আপু,Positive
খুব ভালো লাগছে মুভিটা,Positive
"মুভিটা দেখে কেঁদে ফেলছি,, সত্যিই অসাধারণ একটা মুভি,,  অনেক চেষ্টা করেও সামির ভালোবাসা যত্ন পাইনি,,  আমার চোখের পানি তার বিরক্ত লাগে,, আমার চাওয়া পাওয়া তার ভালো লাগে না,, তার সাথে কথা বলে একটু সময় কাটাতে চেয়েছিলাম এতেই সে আমার উপর রাগান্বিত,,",Positive
এক কথায় অসাধারণ সিনেমা রোমানা  তোমার এই ভিডিও দেখে ভালো লাগছে আমি রাতে গিটার  বাজিয়ে অনেক মজা পেয়েছি ধন্যবাদ,Positive
"ছবিটা আমার জীবনের সাথে মিলে গেছে,",Positive
খুব ভালো লাগছে,Positive
আমার জিবনের কাহিনি,Positive
"সত্যি একটা কথা বলি, তিতা লাগবে। বৈবাহিক সম্পর্কটাই আসলে কৃত্রিম।",Positive
প্রথম দিকে মনে হচ্ছিল এটা যেন আমার জীবনের গল্প।,Positive
প্রত্যেকটা ছেলের জন্য এই মুভিটা দেখা উচিত,Positive
আমি একজন মেয়ে কিন্তু  তারপরও দেখলাম,Positive
পুরাটা ভিডিও দেখার পরে আমার মনে হয়েছে - যে আপনি পক্ষপাতিত্ব ভিডিও করেছেন | মেয়ে অপরাধ ও পর পুরুষের সাথে অবৈধ সম্পর্ক  করার পরেও | এটা পজিটিভ ভাবে দেখিয়েছেন  | অথচ একটা ছেলে সংসারের জন্য কত কাজ করে - এসব করতে গিয়ে ছেলেদের মন মানসিকতা সব সময় ঠিক থাকে না | এটা নিশ্চয়ই মেয়েদেরও বোঝা উচিত |  (কাজকাম বাদ দিয়ে রোমান্টিক হয়ে বসে থাকলে কি হবে) এই মুভির চরিত্রে আমি থাকলে লাথি মেরে - মেয়েটাকে ঘর থেকে বের করে  দিতাম  | বিদ্রোহ- মেয়েটা চরিত্রহীন ছিল?,Positive
তোমার কন্ঠ টা যে  এত মধুর না শুনলে বুঝার উপায় নেই।,Positive
সত্যি সুন্দর,Positive
"আপু সালাম জানবেন।আপনার এই মুভি এক্সপ্লেইন খুবই দারুন লেগেছে।অন্যগুলো ভালো লাগে।এই মুভিটি আপনি শুধু এক্সপ্লেইন করেননি আপনার জায়গা থেকে আপনি দারুন দায়িত্ব পালন করেছেন।জানিনা আপনি বিবাহিত কি না তবু যে এই বিষয়টা অভিজ্ঞের মত বলেছেন এজন্য ধন্যবাদ।স্বামী আর প্রেমিকের অবস্থান ভিন্ন,প্রেমিক সহজে পাচ্ছেনা তাই দুর্লভ জিনিসের প্রতি টান কিন্তু স্বামী পেয়ে গেছে তাই খেলনা ভাবছে।আবার প্রেমী দায়িত্ত্ব ছাড়া কিছু পাইছে তার তো লাভের ওপর লাভ।মেয়েদের জন্য মেসেজ হলো হাজবেন্ডকে পুরোটা দায়িত্ব হীন প্রেমিকের মতো ভাবলে হবেনা।প্রেমিক তার সুবিদার জন্য অনেক কিছুই করবে।অনেক অনেক ধন্যবাদ রোমানা আপু।",Positive
মন ভরে গেছে রোমানা আপু আপার কথা শুনে,Positive
আমার বউ সম্পূর্ন ফেরদৌসের বিপরীতে। রোমান্টিকতা কি এই টা সে জানেই না। পুরা মিলিটারি স্বাভাব। ফেরদৌস এর মতো এমন রোমান্টিক বউ পাইলে আমার জীবন ধন্য হতো।,Positive
১০০% সঠিক এবং অতি বাস্তব কথা গুলো।,Positive
আমার জীবনের সাথে ঘটে যাওয়া একটি গল্প,Positive
আপনার আওয়াজটা খুব ভালো লাগে,Positive
এই মুভিটা সবার দেখা উচিত,Positive
ভালো থাকবেন,Positive
রোমানা আপু প্রথম কথা হলো এটা কোনো শিক্ষামূলক ভিডিও না...আর আপনার শেষের কথা গুলা সব একদম ভুল বলছেন... যাস্ট প্রমান একটাই যেই নারী নিজের স্বামীকে রেখে অন্য পুরুষ এর মধুর মধুর কথা তার ভালো লাগবে... তাহলে সে একজন নারী না সে একজন পতিতা...নারীদের সম্পর্কে আরো কিছু বললে এখন লম্বা লাইন হয়ে যাবে...শুধু এটাই বলি যেই নারী বাস্তবতা বুঝে না শুধু তার যৌন চাহিদা বুঝে...তাহলে তার টিকানা একটাই জাহান্নাম...,Positive
"আপনার বলা প্রতি  টা কথা 100% বাস্তব,,, আর এটাও সত্যি যে মন ভাল থাকলে ইবাদতে ও মন বসে তাই সব  দের উচিত বউ দের মন থেকে ভালবাসা,, ভাল রাখা তাহলেই সংসারে,,ইবাদতে সঠিক ভাবে মন বসবে,,,আল্লাহ ও খুশি,,,হাসবেন্ড ও খুশি আর বউ ও ভাল থাকল,,সবাই সবাই কে অভিনয় নয় সত্যিকারের ভালবাসেন,,,জীবন সুন্দর হবে",Positive
চোখ দিয়ে পানি চলে আসছে,Positive
আপনি সঠিক কথা বলেছেন প্রিয়,Positive
সাহিদ ভালো মনের মানুষ জন্য ফিরদৌস এর জীবন থেকে চলে গেছে,Positive
"হায় আফসোস,,, আমার জীবনটা কখন বদলাবে,,বিয়ে প্রায় ৬ বছর চলছে,,জামায় তাকে বিদেশে,,একটা বেবি ও হয়নি ৪ বছর পর যখন সে দেশে ফিরলো তার মাঝে ও এমন কাহিনি,,কিছু বলতে গেলে ও তার কাছে মাইর আর বকা শুনতে হলো,,আমি আমার কষ্টা কাউকে বোঝেতে পারছি না,,মাঝে মাঝে মরতে ও যাই কিন্তু পারি না,,নিজের ফ্যমিলিকে ও বোঝাতে পারি না,,,যেই বয়েসে আন্দো করবো সেই বয়েসে এই ভাবে নিরালা বসে কান্না করতে হয়মেয়েরা এমনিতেই পরকীয়ার লিপ্ত হয়না",Positive
একদম বাস্তব কথা বোন,Positive
হামিদ এর ব্যবহার আচরণ  একদম আমার হাসবেন্ড  এর মতো বিয়ের আগে রোমান্টিক ছিলো অনেক ভালোবাসতো আর এখন শুধু চাহিদা শেষ পাত্তা দেওয়াও শেষ   তবে ফেরদৌস  এর মতো আমি অন্য কাউকেই বসাতে পারিনাই পারবোও না ধন্যবাদ রুমানা দিদি এমন  একটা মুভি উপহার দেওয়ার জন্য,Positive
ধনোবাদ আপু,Positive
তোমার কথা গুলো ঠিক আছে আপু,Positive
"বাহ্, কিভাবে পরকিয়া করা যায় সুন্দর করে শিখিয়ে দিলেন",Positive
সুন্দর গল্প,Positive
অসাধারণ লাগছে,Positive
এটা অনেকের মনের কথা,Positive
ভালো লগলো শুনে,Positive
তোমার ভয়েস টা অনেক সুন্দর,Positive
হাজারো মানুষের মাঝে আমার কি মল্য হবে,Positive
বাস্তব কথা,Positive
গল্পটা অসাধারণ ছিল,Negative
অসাধারণ গল্প,Positive
অনেক সুন্দর,Positive
"আমি রোমানার আপুর বিডিও ছাড়া দেখি না সত্যি বলছি, আর সবচেয়ে ভালো লাগে আপুর কন্ঠটা।",Positive
সত্যিই মুভিটা দেখে আমার চোখে পানি চলে এসেছে,Positive
খুব সুন্দর,Positive
এটা খুব সুন্দর  মুভি,Positive
ছবির কাহিনী টা আসলেই অনেক শিক্ষনীয় কিন্তু রুমানা আপুর ভয়েসটা অনেক মিষ্টি ও সুন্দর । না জানি রোমানা আপু টাও কত সুন্দর। দেখতে চাই আপু,Positive
আপনার ভাষা চয়ন অনেক ভালো।,Positive
", আপনি কথাগুলো যা বলেছেন, কিছুটা হলেও যে তা সত্যি,  এটা অস্বীকার করা অন্যায় হবে। তবে তার সমাধান পরকীয়া নয়। সোজা কান ধরতে না পারলে, নাক ঘুরিয়ে কান ধরার চেষ্টা করা উচিত ছিল।",Positive
খুব সুন্দর আপা আপনার বাসা কই,Positive
"আমি কোনো ভিডিওতেই কমেন্ট করিনা কিন্তু এটা দেখার পর আপনাকে ধন্যবাদ না দিয়ে পারলানা। আপনাকে অনেক ধন্যবাদ আপু,,,",Positive
আমি দেখতে চাই রোমানা আপাকে।উনার বিরাট বড় ফেন আমি,Positive
দারুন,Positive
আমার কাছে খুব ভালো  লাগছে আপুও আমার চাই এমন একটা ভালো বর  খুঁজে দিবেন আমার জন্য 🫠 আর নয় তোও দোয়া কইরেন আপুও  আমি ই এখনোও অবিহিত মেয়ে কিন্তু তবুও পুরো কাহিনি টা শুনলাম,Positive
অসাধারণ একটি মুভি যা অনেকের জীবনে ঘটে কিন্তু কেউ পাপের কাজে যাই আর কেউ যায়না,Positive
হায়য়য়য়য় আপনার কথার প্রেমে পড়ে গেছি,Positive
অসাধারণ,Positive
অসাধারণ,Negative
এই মোবাইল ফোন দ্যাসটাকে খায়সে।,Positive
আমি জানিনা আপনি ছেলে না মেয়ে কিন্তু আপনার ভিডিওটা আমার কাছে খুব ভালো ভিডিওটা বানিয়েছেন মেয়েদেরকে  ভাই ছেলেদেরকে নিয়ে একটি ভিডিও বানিয়ে ছেলেদের কষ্ট,Positive
নতুন মুভি কবে দিবেন,Positive
রোমান্স জীবনের একটা অংশ।কিছু নির্বোধের  কারণে জীবন সংগ্রামে ব্যর্থতা ডেকে আনে।,Positive
ও মেড্যাম আসোনা তোমার সাথে বলি বউতো নেই,Positive
নাইস আপু,Positive
থাকো টিকটকে ভিডিও পোস্ট করে আবার আসতাছি ️️,Positive
ঠিকই বলেছেন,Positive
নাইচ,Positive
সঠিক কথাগুলো,Positive
এই মভিটা আমার  চোখে পানি ুসে গেছে,Positive
"রোমানাতে  এ ভরা,",Positive
আপু তোমার কথা গুলো ভালো লাগছে,Positive
হায় রুমানা আপি,Positive
গল্প টা অনেক টা আমার সাথে মিল আছে,Positive
আসসালামুয়ালাইকুম আপু আপনাকে অসংখ্য ধন্যবাদ যদিও আমি আমার স্ত্রীর সঙ্গে সবকিছুই করি আপনার এই ভিডিওটা অনেক পুরুষেরই চোখ খুলে যাবে,Positive
মুভি টার নাম কি।,Positive
নাইস মুভি,Positive
হানডেট পারসেন শিওর,Positive
রোমানা আপু আপনার বাড়ি কোথায় আমরা আপনাকে দেখতে চাই,Positive
রুমানা  খুব মিস করি তোমাকে,Positive
"রাইট,  আমি একমত",Positive
চরম সত্য কথা,Positive
কথাটা সত্যি,Positive
এর ???,Positive
আমিকিআপনার পরিচয় পাবো কথায় বারিদয়াকরে জানাবেন আপনার ভিডিও অনেক দেখছি অনেক সুন্দর দোয়া করি এবং করবেন,Positive
কী জে লিখবো বুজতে পারছিনা,Positive
মুভির নাম কি,Positive
সঠিক কথা।,Positive
রুমানা আপু আই লাভ ইউ,Positive
ম্যাডাম আমার ভালো লেগেছে,Positive
মুভির নাম কি?,Positive
মুভির নাম কি?,Positive
মুভির নাম কি?,Positive
মুভির নাম কি?,Positive
মুভি টার নাম কি সেটা তো বলেন..?,Positive
এক।দম।সঠিক কথা,Positive
পরকিয়া এমনিতেই অনেক মজা,Positive
মুভির নাম কি ?,Positive
"গল্প গল্পই। ইহকাল সংকীর্ণ আর পরকাল সীমাহীন। মৃত্যু অনিবার্য, বেঁচে থাকা সম্পূর্ণরূপে অনিশ্চিত।",Positive
হ্যাঁ ভাইয়া এটা সব পুরুষেরই মহিলার প্রতি করার দায়িত্ব,Positive
মুভির নামটা কি??,Positive
মুভির নাম কি?,Positive
মুভির নাম কি?,Positive
মুভির নাম কি?,Positive
আলহামদুলিল্লাহ আমি রুমানা একজন হাফেজ সাহেবের স্ত্রী,Positive
মুভির নাম কি?,Positive
মুভির নাম কি,Positive
মুভির নামটা কি,Positive
মুভির নামটা লিখে দিলে কি হত ?,Positive
ঠিকই বলেছেন,Positive
মুভিটার নাম কি?,Positive
মুভির নাম কি,Positive
মুভির নামটা কি?,Positive
সিনেমার নাম কি?,Positive
টাইমলাইনে মুভির নামটা লিখে দিলে ভালো হতো,Positive
আসসালামু আলাইকুম  আপনার উপস্থাপনা অনেক ভাল। তবে মোভিটির  নামটি ভালভাবে বলেন নি যা বুঝা যায় না। সম্ভব হলে লিংক দিন এবং নামটি লিখে দিন।,Positive
মুভির নাম ডিস্প্লেতে শো করান  আপু,Positive
মুভিটির নাম কি?,Positive
মুভি টার নাম ভালো করে একটু বলে দিন,Positive
থ্যাংকস আপু ভিডিওটা আমার খুব ভালো লাগছে এই ভিডিওটা আমি আমার হাজব্যান্ডকে পাঠাইছি,Positive
মুভিটার নাম কি,Positive
মুভিটির নাম কি?,Positive
একদম।ঠিক,Positive
মুভি টার হিন্দি নাম কী?,Positive
মুভিটার নাম কি,Positive
মুভিটার নাম কি??,Positive
আপু আপনার কথা গুলো আমার অনেক ভালো লাগে  মাইন করবেন না আমি একটা মেয়ে ছেলে না,Positive
আপনার কথাগুলো ঠিক আছে তবে কিছু কিছু মেয়ের স্বভাবে ঐরকম থেকে থাকে সে যতই ভালোবাসা পাক না কেনো সে যেই ছেলেকে দেখবে সেই ছেলেকেই কাছে পেতে চাইবে কারন সে একজন দুশ্চরিত্র মেয়ে তাকে যতই ভালোবাসা দাও না কেনো তার মন পরিবর্তন করতে পারবেন না ।,Positive
‌প্রেমিক হওয়া খুব সহজ স্বা‌মি হওয়া সহজ নয় ম্যাডাম।,Positive
ছবির নাম কি?,Positive
মুভির নামই কি?,Positive
অনেক কিছু সেখার আছে,Positive
"আমি আপনার বড় প্রেন্ড,, আমি দেখতে চাই আপনাকে",Positive
ঠিক,Positive
আমার নাতনির নাম রোমানা তাই তো কথা বলতে নাই মানা। গল্গটা দারুন সুন্দর থাকুন সবাই আল্লাহ নির্ভর।,Positive
"জিনিয়াস,  ভিডিও কন্টেন্ট",Positive
প্রেমিক আর স্বামী এক না তারা চাইলেও সব কিছু করতে পারে না সারাদিন পরিশ্রম করে শরিলে এনার্জি ও থাকতে হয় সবার খাবার তাদের সন্তানের ভবিষ্যৎ সব কিছু চিন্তা করতে হয় স্বামীর,Positive
এটাই বাস্তবতা।।।।,Positive
স্বামী স্ত্রীর উভয়েরই কর্তব্য একে অপরকে মানষিক ও শারীরিক শান্তি দেওয়া।,Positive
মুভির নাম কি? কিছুতেই বুঝতে পারলাম না,Positive
আপু আপনার বাসা কোথায়?,Positive
"গল্পটা খুব সুন্দর, তবে যদি কোনো ছেলেরা শুনে তাহলে আমার মনে হয় উপকৃত হবে",Positive
গল্পটা আমার জীবনের সাথে মিলে গেছে তবে পরকিয়াটাই করলাম না।,Positive
এই মুভিটার নাম কি? একটু বলো কেউ প্লিজ,Positive
ছবিটি নাম লিখে দিলে বেশি ভালো হয়,Positive
মুবি নাম কি??,Positive
কি বলবো আর আমরা অপরাধীকে দোষী বলার আগে কেন সে অপরাধ করে সেটা দেখি না প্রতিটি মানুষই সম্ভাবনা নয়,Positive
নাম কি,Positive
রোমানা আপু একটু কথা বলবেন প্লিজ..?,Positive
সংসারে আগুন ধরিয়ে দেয়া মুভি,Positive
আসলে এই মুবি অনেক মানুষের ভীতরেই চেঞ্জ আনবে।,Positive
আমি ও দেখতে চাই,Positive
"মুভি টার নাম কি ভালো করে বলুন ,আপনার কথা ঠিক বুজলাম না ,জানাবেন প্লিজ।",Positive
"মুভি টার নাম কি ভালো করে বলুন ,আপনার কথা ঠিক বুজলাম না ,জানাবেন প্লিজ।",Positive
বাস্তবতার গল্পটি,Positive
"হায় রোমানা আপি, যদি পারেন ছবিটির লিংক দিবেন প্লিজ, ধন্যবাদ",Positive
নাম টা বুঝতে পারছি না লিখে দেন।,Positive
১০০% সঠিক ম্যাডাম,Positive
কিন্তু আপু আপনার কথা গুলি বেশি ভালো লেগেছে,Positive
"মুভির নাম টি কী কেউ বলতে পারবেন,,  মুভির নাম টা ঠিক বুঝতে পারলাম না",Positive
হিসাব দিতে হবে গাঁজার মার্কেটিং করার জন্য হলেও।,Negative
"যে মেয়ে সংসার করবে""তো করবেই হা এটিই বাস্তবতা 🇮🇳",Positive
মুভির লিংকটি দিন,Positive
মুভি এক্সপ্লেইনার খুব এক্সাইটেড,Positive
প্লিজ আপু  আমি আপনাকে একটু দেখতে চায়,Positive
"শোনেন এক্সপ্লেইন করেন ভাল কথা,  কিন্তু মুভিটার নাম দিলে টাইটেলে কি এমন ক্ষতি হত?",Positive
"আপু অসাধারন!    কিন্তু একটু জানার ইচ্ছা,  এই ভিডিও গুলি কি   ?   নাকি   দিয়ে করা ??",Positive
"ছবিটির নাম রিপ্লেতে লিখে দিবেন প্লিজ, ছবির নামটা কি বলছিলেন, আমি সেটা কয়েকবার শুনার পরও বুঝতে পারিনি। এটা বাস্তবতা 🫡",Positive
আমি ও চাই,Positive
এমন সাহিদদের ভালোবাসার জন্য ই ফেরদৌস রা পাগল থাকে।,Positive
পাগলে কিনা কয় ছাগলে কিনা খায়,Positive
সবাই যদি এমন হত তাহলে পরকীয়া হত না,Positive
"আস সালামু আলাইকুম, রোমানা আপু আপনি একজন নারী তাই আমি আপনাকে দেখার আবদারটা করব না, আপনার জন্য দোয়া করছি যেন আল্লাহ আপনার জীবনের সমস্ত পাপ মুছন করে নিস্পাপ করে দেন এবং ভবিষ্যতে আল্লাহ আপনাকে পাপ বা গুনাহ থেকে বেচে থাকতে সাহায্য করেন। এই ধরনের ভিডিও প্রত্যেক পুরুষের দেখা উচিৎ।",Positive
আমার স্বামী আমার সাথে খুনশুটি করে।তবে আপু আপনার কথা গুলো মূল্যবান ভালো লাগছে,Positive
আমার তো ডাবিং গার্লকে নিয়া লুটুপুটু করতে মন চাইছে,Positive
আপু দিলেন তো বিপদে ফেলে।বউকে তো আবার নতুন করে ভালবাসতে হবে?,Positive
আপনি কারেক্ট  একদম কারেক্ট,Positive
জীবন বড়ই বিচিত্র এমন ঘটনা ছেলেদের সাথেও হয়ে থাকে হুবহু।,Positive
মুভির নাম  অ্যাড করলে কি  কোন  প্রব্লেম হই নাকি? ফালতো |,Negative
ছবির চাইতে  আপনার একছাইটমেনট বেশি,Positive
ভিডিওতে তুমি মুভির নাম বলো না কেন,Positive
তোমাকে চাই,Positive
দিলে দেন না দিলে না দেন,Positive
ঘরের কথা পরে জানলো কেমনে। এই যে এমনে,Positive
আমারও খুব ভালো লাগে স্বামী রোমান্টিক হলে,Positive
"আপু জি আপনি খুব চালাক,,,  এতোটা চালাক যে, আপনি মুভির নাম টা যে ভাবে বললেন যে, ২০ বার সুনার পরও নাম টা ঠিক টা বুঝতে পারিনি,",Positive
প্রথম প্রেম কেউ ভুলতে পারে না ।,Positive
ভাইরে ভাই সত্যি বলতে অসাধারণ তাই কমেন্ট না করে ভাই পারলাম না।  যেমন ব্যাকগ্রাউন্ড মিউজিক তেমন সুন্দর গল্প আর অসাধারণ গলার স্বর + বলার স্টাইল।  সব মিলিয়ে একদম পারফেক্ট,Positive
"প্রথম প্রেমের অনুভুতি গুলো বার বার হৃদয়ে  আঘাত করে, পুরনো সৃতিগুলো মনে পরে গেলো",Positive
আমারো ঠিক  এমন একটা প্রেম চিলো,Positive
আসলেই প্রেম সবার জীবনে আসে না আর যার জীবনে আসে প্রেম সে এত সহজে ভুলে যেতে পারেনা। প্রথম প্রেম তো জীবনে একটা স্মৃতি হয়ে থাকে যা কখনো বলার নয়। বেঁচে থাকুক সবার জীবনে প্রথম প্রেম,Positive
"সত্যি অসাধারণ, কোনো মুভি দেখে বা  দেখে কখনো কমেন্ট করি না। কিন্তু মুভির কাহিনী টা আর আপনার সুইট ভয়েস কখন যে মুভির ভিতর হারিয়ে গেলাম। আর চেষ্টা করতে ছিলাম মুভিটা যেন শেষ না হয়ে যায়।",Positive
ভালোবাসা দূর থেকেই সুন্দর,Positive
আপনি খুব সুন্দর ভাবে ব্যাখ্যা দেন  আপনার কথা শুনলে বুঝতে পারি যে  প্রত্যেক টা ছোটো ছোটো জিনিস এ  আমাদের জীবনে  অনেক মূল্য রয়েছে,Positive
জীবনে প্রথম প্রেম মানে আলাদা এক অনুভতি,Positive
আমার ও মনে পরলো আমার সেই প্রথম প্রেম এর সৃতির কথা যা আজ হারিয়ে গেছে কিন্তু প্রথম প্রেম হয়ে  রিূদয়ে থেকে গেছে,Positive
এটা সত্যিই অনেক কিছু মনে করিয়ে দিলো️️️,Positive
"আনেক সুন্দর,,,,,,আর সব চেয়ে৷, আপনার বলার প্রতিটা কথা।",Positive
অনেক ভালো লাগছে ভাইয়া।পরের পার্টটা তারাতারি দিও,Positive
বলে বুঝাইতে পারবো না ঠিক কেমন লেগেছে ।  শুধু একটা কথাই বলবো হ্রদয় ছুয়ে গেছে ।।।।,Negative
কয়েকবার দেখছি। যতবারই দেখছি মনে একটা অজানা কষ্ট হয়। চোখে পানি আসে। এমন একজন মুভিটা দেখতে বলছিল যার সাথে হয়তো আর কখনো দেখা হবে না।,Negative
এমন স্টোরি দেয়ার জন্য,Positive
"ভাই প্রেম মানেই এখন অশ্লিলতা,,,,   কিন্তু এই মুভিটি মনের মধ্যে কেমন যেদ দাগ কেটে গেল,,, ভাই ছোট বেলার একটা ভাইব পেয়ে গেলাম,,, কাওকে আজ ভিষণ মনে পড়লো,,,,",Positive
এইরকম এক্সপ্লেইন প্রথমবার দেখেছি।  খুব ভালো হয়েছে,Positive
"গল্পটা সুন্দর, আর আপনার উপস্থাপনটা আরো বেসি ভালো লেগেছে, সামনেও এমন ভিডিও আরো চাই",Positive
খুব খুব খুব ভালো লেগেছে স্যার,Positive
আমরা যে মানুষটাকে মন থেকে একবার ভালোবাসি। সে নামটা হৃদয় থেকে কখনো মুছা যায় না,Positive
সত্যিই মন ছোঁয়ার মতো একটা গল্প,Positive
যতোবার ই দেখেছি ততোবার ই কেদেছি।  আজোও আবার কাদলাম।  ভালোবাসা এমন ই হয়।  অনুভুতি  কখনো পুরোনো  হয় না।,Positive
নতুন কিছু  করেছেন তাই এটা দেখে খুব ভালো লাগলো,Positive
গল্পটির কাহিনি আমার হৃদয়ে মিশে গিয়েছে,Positive
অনেক ভালো লাগছে  ভিডিও টা,Positive
অনেক কান্না করলাম মুভিটা দেখে,Positive
অনেক হৃদয়ছোঁয়া একটা গল্প। ️️,Positive
সত্যি অসাধারণ এরকম ভালোবাসা এই সময়ে আর নাই,Positive
"সত্যি গল্পটা অমাইক,",Positive
"অসাধারণ ভালো লাগলো, সত্যি কারের ভালোবাসা তুলে দরা হয়েছে,",Positive
"টাইটেল দেখে ভাবলাম কেমন হবে মুভি টা। কিন্তু সত্যিই অসাধারণ ছিলো,বিশেষ করে আপনার মুভি পরিবেশন করা টা বেশ ধারুন হয়েছে। ছোটবেলা টা মনে করিয়ে দিল সেই স্কুল লাইফের গল্প️",Positive
__ভালো থাকুক সে সকল ভালোবাসা গুলা  যে ভালো ভালোবাসা আজ ও সৃতি আর অপূর্নতার বাতাশ হয়ে গাঁয়ে লাগে! প্রিয় মানুষ টা যেখানে থাকুক ভালো থাকুক,Positive
"11 এর শেষের দিক....স্কুল জীবন প্রায় শেষ হতে চললো....কিন্তু এখনও মনে পড়ে আগের স্মৃতি গুলো যখন 8,9,10এ পড়তাম...কত সুন্দর ছিল সেইসব দিন...এই   দেখে আবার মনে পড়ে গেলো সেই ছোট্ট ছোট্ট মুহূর্ত গুলোর কথা....মনের স্মৃতিকোঠাই ধরে রাখলাম নানা অনুভূতি মেশানো স্মৃতি গুলো",Positive
এই রকমের গল্পঃ শুনে চুখে জল এসে গেল. এতো ভালো লাগলো গল্পঃ টা,Positive
এই মুভিটা আমার জীবনে দেখা সবচেয়ে সেরা মুভি। ️️,Positive
"ভাই খুব ই চমৎকার হইছে।   এটা দেখে,  ক্ষণিকের জন্য অতীতে চলে গেলাম।",Positive
অসম্ভব সুন্দর  আপনার এক্সপ্লোরেশন করাটা আরো সুন্দর,Positive
এই রকম বিডিও আরো দন ভাই প্লিজ প্লিজ প্লিজ প্লিজ,Positive
আসলেই এটা কোন মুভি নয় । এটা হলো একেকটা ভেঙে যাওয়া হৃদয়ের গল্প । হাজারো না পাওয়ার একতরফা ভালোবাসার গল্প ।।।,Positive
এইবকরের গল্প বলার ধরন টা আরো বেসি ভালো লেগেছে ভাই,Positive
"ভাইরে, সেরা৷ দারুন করেছো। অনন্য উপস্থাপনা।",Positive
দাদা আমার কান্না এসে গেছে গল্পে,Positive
মন টা ছুয়ে গেলো  সত্যি অসম্ভব সুন্দর ছিলো ছবিটা ️️️️️️️️️️️️️️️️️️️️️️️️️️️️️️️️️️️️️️️️,Positive
ভাইয়া অনেক সুন্দরভাবে উপস্থাপন করেছেন ভিডিও টা।আপনাকে অনেক ধন্যবাদ,Positive
ভাই খুব ভালো হয়েছে আমি অনেক আগে মুভিটা দেখেছিলাম খুবই ভালো লাগল,Positive
খুব খুব ভালো  লাগলো আমার ভালো বাসার কাহিনী টা অনেক টা এই রকম,Positive
পুরনো কথাগুলো মনে পড়ে গেল,Positive
অনেক ভালো লাগছে গল্পটা ৷ ভালো....র  মানুষ টা অসুস্থ আল্লাহ যেন তাকে সুস্থ করেন ৷,Positive
"সিরিয়াস তোমার ভয়েস ইয়ার ফোন শুনতে এতো ভালোছিলো ভাবতেই পারিনি, আলহামদুলিল্লাহ অনেক সুন্দর হয়েছে অভি ভাইয়া",Positive
অসাধারণ.. মুগ্ধ হয়ে গেলাম মিউজিক আর ভয়েস সবমিলিয়ে অসাধারণ এর চাইতে বেশি বলে বুঝানো যাবে না কতোটা ভালো লেগেছিল অন্য জগৎ এ চলে গিয়েছিলাম,Positive
খুব সুন্দর হয়েছে মুভিটা,Positive
খুব ভালো লাগছে আপনাদের সেই  সেরা লাভ স্টোরি।️️,Positive
সত্যিই খুব অসাধারণ ️️️️,Positive
ধন্যবাদ ভাইয়া। এ রকম একটা মুভির কাহিনি বলার জন‍্য। যে কাহিনী শুনে নিজের অজান্তেই চোখ ভিজে গিয়েছে। অবিরাম ভালোবাসা ভাইয়া।,Positive
অনেক সুন্দর কন্ঠ আপনার। ভিডিও গুলো দেখি শুধু আপনার কোকিলের কন্ঠ শুনার জন্যে,Positive
.. সত্যি গল্পটা অসাধারন! হৃদয় ছুয়ে গেলো!! এই রকম আরো গল্প শোনা র জন্য অপেক্ষায় রইলাম!,Positive
খুব সুন্দর একটা মুভি।।96,Positive
ভাইয়া    তাড়াতাড়ি দিন!!! ️️,Positive
"সময়ের অভাবে ছবিটা পুনরায় দেখতে পারিনা। কিন্তু আপনার ভিডিও টা তো দেখাই যায়,  মাঝে মাঝে এসেই দেখি,  অসাধারণ",Positive
ভাইয়া আপনি এই গল্প টা অনেক ভালো লাগছে আমার ️️️,Positive
"মনে হচ্ছে এটা আমার আর আমার প্রিয় মানুষের গল্প,এখন এক বাচ্চার মা তবুও কেনো জানি  গল্প টা দেখে কষ্টে বুক ফেটে যাচ্ছে",Positive
"আহারে অতীত আহারে স্কুল জীবন আহারে জীবন কত তাড়াতাড়ি পিছনে চলে যায়? আর আসে না,আর ফিরে আসে না,কখনোই না।",Positive
গল্পটা এখনও দেখিনি। কিন্তু এইটুকু বিশ্বাস আছে যে আপনার  এর  মানে সব  অসাধারণ।️ আমার মনে হয় আপনার কন্ঠ  গুলোকে আরো অসাধারণ করে তুলে।️ অনেক ভালোবাসা রইল বাংলাদেশ থেকে ️🇧🇩,Positive
না দেখলে মিস করতাম এত সুন্দর একটি গল্প   দাদা এত সুন্দর ভাবে  করার জন্য ধন্যবাদ।️️,Positive
কমেন্ট গুলো দেখলাম আর মনে হলো যে একবার এই মুভি টা দেখে আসি সত্যি অসাধারণ খুবই সুন্দর মুভি টা,Positive
আলহামদুলিল্লাহ অনেক সুন্দর,Positive
ভাইয়া খুব খুব সুন্দর লাগলো,Positive
কিছু বলার ভাসা নেই সুধু বলবো অসাধারণ,Positive
"এটা আমার লাইফ স্টোরি,,,,,  কিন্তু অনেক টা বছর পরে আমি নিজেও জানুর মতোই এগিয়ে যাওয়ার চেস্টায় আছি,,,,,  অনেক ধন্যবাদ, ভাই,,,  আর বিজয় স্যার কে ভালোবাসার আরেক টা কারন আজকে দেখালেন আপনি,,,",Positive
অসাধারণ বলার কোনো ভাষা নেই,Positive
অনেক সুন্দর ও ভালো লাগলো দেখে,Positive
অসাধারণ হয়েছে ভিডিওটা।,Positive
ভালোবাসা সত্যি অনেক সুন্দর,Positive
ভাই আমার লাইফ এর সবচেয়ে সেরা মুভি এটা️ দেখলেই কেন জানি চোখের এক কোনে পানি চলে আসে,Positive
খুব সুন্দর হয়েছে  গল্পটা  ️️,Positive
ভাই ভালোবাসা যে নিতান্তই পবিত্র সেটা 96 মুভিতে বলেছে। বর্তমানে ভালোবাসা কে বোঝানো হয় শরীরের নোংরা  ভোগ ও অশ্লীল চাহিদা  । কিন্তু ভাইরে ভালোবাসা যে ঠিক এর উল্টো।আমার কাছে  ভালোবাসা  পৃথিবীর সবচেয়ে সুন্দর একটি অনুভূতি।যে অনুভূতিতে শরীরের কোনো চাহিদা নেই নেই কোন নগ্নতা । আছে শুধু এক বুক ভালোবাসা যে ভালবাসা নিতান্তই পবিত্র র্নিদারুণ আর  অপেক্ষা । এই ভালবাসাটাকে কোনদিন বিবাহ কিনবা তথাকথিত  রিলাসনশিপ এআটকে রাখা যায় না। 96 তার একটি জলজ্যান্ত  প্রমাণ।  96 = 96 মানেই ভালোবাসা,Positive
"খুব সুন্দর লাগলো  , আর তোমার কণ্ঠোসুর খুব সুন্দর️️️️",Positive
সত্যি গল্পটা অনেক অসাধারণ ছিল একদম হৃদয় ছুঁয়ে গেছে অবশ্যই পরের বার্তা দেখব,Positive
অনেক ইমোশনাল মুহুর্ত ছিলো গল্প টাতে,Positive
ভাইয়া খুব ভালো লাগলো পরের ভিডিও টি তারাতাড়ি পাঠাও,Positive
আমি তো কেঁদেই ফেলেছি,Positive
অসাধারণ একটি মুভি।,Positive
অসাধারণ একটি মুভি।,Positive
মুভিটা  খুব সুন্দর হইছে,Positive
গল্পটা অনেক সুন্দর মনে পুরনো স্মৃতি দোলা দিয়ে যায়,Positive
96  মুভিটা অনেক আগেই দেখেছি... আমার খুব পছন্দের একটা মুভি...,Positive
আসলে ভাষায় কি প্রকাশ করব চমৎকার একটা মুভি চোখে পানি এনে দিল না দেখলেই হয়তো ভালো হতো এত কষ্ট পেতাম না,Positive
"অস্থির, আপনার    ️️️",Positive
তুমার বায় বলাটা খুব সুন্দর ছিল,Positive
খুব  খুব খুব  ভালো  লেগেছে,Positive
আমার হৃদয় ছোয়ে গেছে প্লিজ পরেটা দিবেন প্লিজ প্লিজ প্লিজ প্লিজ,Positive
পরবর্তী পার্ট কবে পাবো সেই অপেক্ষায় রইলাম।,Positive
"অসাধারণ, খুব ভালো লাগলো",Positive
"স্কুল লাইফের ভালোবাসাটা সুধু তারাই অনুভব করতে পারবে, যারা স্কুল লাইফে কারো প্রেমে পড়েছিলো।, এই অনুভুতিটা পুরো অন্যরকম।  2024.",Positive
অনেক সুন্দর ছিলো,Positive
পরের পর্বটা একটু তাড়াতাড়ি দিয়েন ভাইয়া...মুভিটার পরের পর্ব দেখার জন‍্য অপেক্ষা করবো....,Positive
প্রথম ভালোবাসা টা সবসময় ভুল মানুষের সঙ্গে হয়,Positive
অসম্ভব সুন্দর হইছে,Positive
অনেক কষ্ট লাগতেছে দেখে সেই পুরনো স্মৃতিগুলো মনে পড়তেছে আজও ভালোবাসি একজনকে আই লাভ ইউ দীপ,Positive
"ভাই তারাতাড়ি পরের পাট চাই,,অনেক অনেক ভালো লাগছে গল্পটা",Positive
সত্যি  গল্পটা অনেক সুন্দর,Positive
জাত অভিনেতাদের শারীরিক গঠন আর চেহারায় মাধুর্য থাকাটা জরুরী নয় বিজয় সেতুপত্তি তার জলন্ত উদাহরণ। একশ্যান রোমান্টিক সব ঘরানায় পারদর্শী সে। প্রিয় একজন অভিনেতা অসাধারণ একটি মুভি ধন্যবাদ   মুভিটিকে বাংলায় এক্সপ্লেইন করে সহজ সাবলীল ভাষায় আমাদের বুঝানোর জন্য,Positive
প্রথম প্রেম কেউ সহজে ভুলতে পারে না,Positive
সত্যিই অপূর্ব গল্পটা.. মন ছুঁয়ে গেলো......,Positive
গল্পটা খুব ভালোলেগেছে,Positive
ভাই  কাহিনি  টা অনেক ভালো লাগলো  মনের  অজান্তে  চোখে  জলে ভেসে গেল,Positive
বাস্তব জীবণ থেকে নেওয়া একটা মুভি,Positive
অনেক অনেক ভাল লেগেছে,Positive
"খুব ভালো লাকছে,",Positive
সত্যি ই আমার চোখের জল আর আটকে রাখতে পারছি না,Positive
"মুভিটা ১ বারই দেখিছি ২০১৯ সালে, দ্বিতীয় বার দেখার আর সাহস হয়নি আজ পর্যন্ত। আজকে আপনার রিভিউ দেখলাম",Positive
খুবই ভাল লেগেছে আর যখন সেটা অভি বলে তখন,Positive
বলার ভাষা নেই.... ️️️,Positive
একজন মানুষ তার ভালোবাসার মানুষকে এতটা ভালোবাসে ।এই মুভি টা না দেখলে জানতে পারতাম না। মন ছুয়ে যাওয়া র মতো মুভি টা।     2,Positive
বিয়ের আগে প্রেম ভালোবাসা বৈধ নয় তাই এটা কে আমরা পবিত্র বলতে পারি না,Positive
"অনেকদিন ধরে ভাবছি মুভিটা দেখবো, আজ দেখলাম কাহিনীটা৷ ধন্যবাদ ওর গপ্পকে ।",Positive
এ মুভিটা অনেক কান্না এসে পড়েছে  অনেক ভালো লাগছে,Positive
অসম্ভব সুন্দর লাগছে ভাইয়া,Positive
চমৎকার ভালোবাসা ️,Positive
এই মুভিটা অনেক আগেই দেখেছি ।।এত সুন্দর একটা মুভি যেখান থেকে এক মুহূর্তের জন্যেও চোখ সরাতে পারিনাই আর এতটা ইমোশন এ ঘেরা মুভিটি কি বলবো  ।।এই মুভিটা দেখে আমার মনে হয়েছে যে আসলেও এরকম হাজার হাজার ঘটনা মানুষের জীবনে ঘটে গেছে আমি নিজেও আমার সেই স্কুল লাইফ এর জীবনে যেনো চলে গেছি ।।  বাস্তবতা মানুষকে অনেক কিছু  করতে শেখায় যেটা যায় হোক না কেনো ।।।,Positive
মুভির  গল্প টা অসাধারন ভাইয়া গল্পটা দেখার পর মনে হল যেন গল্পের ভিতরে হারিয়ে গেলাম,Positive
সত্যি বলতে ভাইয়া আপনার কন্ঠ অনেক যাদু আছে  এতো শান্ত ভাবে বলেন যে আমার মনটা একদম ভরে যায়  লাভ ইউ ভাইয়া এভাবেই এগিয়ে যান সব সবসময় পাশে থাকবো ইনশাআল্লাহ,Positive
আমার দেখা সেরা মুভি এটা   জীবনেও ভুলবো না এর কাহিনী,Positive
সত্তিই মিল আছে সবার জীবনের সাথে।প্রথম ভালোবাসা এমনি হয়।  অনেক সুন্দর উপস্থাপনা করেছেন।️,Positive
"আমি মুভি দেখি না,, শুধু আপনার কথা গুলো শুনি ,, ভীষণ ভালো লাগে",Positive
মুভিটি দেখেছি  অসাধারণ একটি মুভি । স্কুল জীবনের কথাগুলো যেন বাস্তবে রূপ দিয়েছে,Positive
আমাকে গল্পটা খুব ভালো লাগলো আসা করে আবার পাবো গল্পটা,Positive
"অনেক অনেক ভালো লাগছে,",Positive
"অনেক,,,,,,,,,,,,,,,,,,,,,,সুন্দর ,",Positive
"প্রথম প্রেমের অনুভূতি গুলি ভাই ভুলার মতো না আমি ও একজনের প্রেমে পরেছিলাম ক্লাস ৮এ থাকতে কখনো বলতে পারি নাই, বাট সে জানতো যাই হোক এখন সে বিবাহিত, আমার জীবনে দেখা সবচেয়ে সুন্দরী",Positive
এক কথায় অসাধারণ। মনে হয়েছে আপনার নিজের ঘটনা বলেছেন।সত্যিই আমি মুগ্ধ,Positive
আমার দেখা সেরা লাভ স্টোরি,Positive
খুব  ভালো  লেগেছে,Positive
এরাকম ভিডিও আরো চাই,Positive
গল্পটা অনেক ভালো লাগলো আমি একদিন হঠাৎ করে হারিয়ে যাবো আর সকল ফ্রেন্ডদের মিস করবো,Positive
"জীবন টা আজব! আমি ২০০৪ সাল থেকে আজ পর্যন্ত বুকের ধুকধুকানি নিয়ে আছি,সে কোথায় কার হয়ে আছে কিছুই জানি না।",Positive
অপূর্ণ ভালোবাসাও কতটা সুন্দর।,Positive
অনেক ভালো লেগেছে,Positive
আপনার গলার ভয়েসটা..অসাধারণ ...অনেক ভালো লাগে আমার... ভিডিওর বেকরাউন্ড মিউজিক সাউন্ড টা...অনেক ভালো লাগে...বেশি বেশি করি আর ওই মিউজিক দিয়ে ভিডিও করবা..,Positive
",,  অনেকদিন পর আবার ৯৬ এর দেখার কথা মনে করিয়ে দেওয়ার জন্য",Positive
"সত্যি  গল্প টা সুন্দর, পরের এপিসোড  টা দেখাবেন।।",Positive
খুব।  ভালো। লেগেছে,Positive
"জীবনে এমন  একটা মুভি,,  এটার বাংলা ভর্সন দেখে রাতে কেঁদেছি খুব।",Positive
"লিখার মতো ভাষা হারিয়ে ফেলেছি,,,,,, ভালোবাসা সুন্দর 🫡",Positive
সত্যি আমি আজ প্রথম বার দেখছি এই মুভিটা এতো ভালো লাগল বলে বোঝাতে পারবো না,Positive
আমার জীবনের প্রথম একটা ভালোবাসা ছিল ‌। যোগাযোগ না থাকার কারণে প্রকৃতির নিয়মেই সেটা হারিয়ে গেছে,Positive
সিনেমাটা সারাজীবন মনে থাকবে..🥹,Positive
আপনার সুন্দর করে কথা বলা টা মন ছুঁয়ে যায় ধন্যবাদ,Positive
খুব ভালো লাগলো গল্পটা ।  ...#AD_Enter10,Positive
যদি সম্ভব হতো এক কোটি লাইক দিতাম। অসম্ভব সুন্দর হয়েছে। খুব দ্রুত ২য় পার্ট চাই,Positive
"ভাই  দ্বিতীয় পার্ট আসছলে একটু তাড়াতাড়ি দিন প্লিজ,,️️️",Positive
জীবনের  প্রিয় একটা মুভি,Positive
স্কুল জীবনের প্রেম সুধু স্মৃতি হয়ে থাকে।,Positive
অনেক বেশি ভালো লাগলো,Positive
"প্রথম ভালোবাসা সব সময় ভুল মানুষের সাথেই হয় আর প্রথম ভালোবাসা কখনো ভোলা যায় না এই টাই বাস্তব,,,",Positive
অপূর্ব অসাধারণ,Positive
আমার জীবনের দেখা সেরা মুভির মধ্যে একটা️,Positive
অসাধারণ একটি গল্প সত্যি বলতে আমার জিবনে শোনা সেরা গল্পগুলোর মাঝে এটি একটি ️️️️  প্লিজ নেক্সট পার্ট দ্রুত দিবেন,Positive
মন ছুঁয়ে গেল কাউকে হারিয়ে দিয়ে আবার কাছে পেলে তার খুশির অনুভব বলে বুঝানোর নয় ।,Positive
মুভিটা খুবই ভালো  লেগেছে,Positive
একটা বাজে জিনিস থাকলে সেটা হলো ভালোবাসা,Positive
আমি এটা অনেক আগেই দেখেছি আজ আবার  দেখলাম।।।।এটা মারাত্মক  এর মুভি।।।চোখে পানি এনে দিবে,Positive
অনেক ভাল লেগেছে।,Positive
কোথায় জেনো হারিয়ে গেছি অনেক অনেক সুন্দর বলার নেই,Positive
খুব ভালো লগল,Positive
মুভি টি অনেক বার দেখেছি কিন্তু আপনার আওয়াজে শুনার যা আনন্দ পাওয়া যায় সেটা ভেবে আবারো দেখছি,Positive
স্কুল জীবনে যারা প্রেমে পড়েছে তারাই এই মুভিটার প্রতিটা মুহুর্ত উপভোগ করতে পারবে।,Positive
আমার সাথে পুরাই মিলে জায়,Positive
অসম্ভব সুন্দর,Positive
মুভিটা অনেক সুন্দর ছিল দ্বিতীয় পাঠ একটু তারাতারি দিবেন প্লিজ ভাইয়া,Positive
জীবনের প্রথম প্রেম জীবনেরই একটি অধ্যায়। যদিও এটা ভুল মানুষের সাথে হয়। আজীবন এই সুখের কাঁটা বয়ে বেড়াতে হয়। হায়রে সর্বনাশা প্রেম। তুমি কি বড় জানতে ইচ্ছে করে।,Positive
আমি মুভিটা দেখে কান্না আটকে রাখতে পারলাম না। আসলেই কিছু কিছু মুভি আছে যা সেই ভালোবাসার মানুষের  সৃতি গুলো মনে পরিয়ে দায়,Positive
অনেক ভালো লেগেছে,Positive
_শূন্যতা অনুভব করা যদি ভালোবাসা হয়️‍   তাহলে আমি তোমায় প্রতিটা মুহূর্তে ভালোবাসি....,Positive
যখন মুভি টা প্রথম দেখেছিলাম তখন আমি এসএসসি পরীক্ষা দেই তো ভেবেছিলাম যে পুরোনো বন্ধুদের সাথে দেখা করার আনন্দ কিন্তু যখন  একজন কে ভালোবাসলাম তখন বুঝতে পারলাম ছবিটার আসল মানে একটা অসাধারন মুভি,Positive
ভাইয়া এখন থেকে সব ভিডিও এভাবেই দিয়েন প্লিজ।  খুব ভালো হয়েছে ।      ️,Positive
খুব ভালো লাগিছে,Positive
খুব ভালো লেগেছে,Positive
জীবনে দেখা সেরা একটা ছবি!️,Positive
"আপনার এক্সপ্লেন দেওয়ার আগেই, এ মুভিটা দেখেছি,তা ও আজকে আবার দেখলাম,, খুব ভাল লাগলো,আর মুভির ডিরেক্টরকে সেলুট  জানাই, এত সুন্দর মুভি উপহার দেওয়ার জন্য,",Positive
আবারও দখতে আসলাম,Positive
আমার চোখের পানি ধরে রাখতে পারলাম না,Positive
খুব সুন্দর হয়েছে,Positive
ভালোবাসার মানুষটাকে     বলতে না পারার কষ্টটা অনেক তিব্র হয় আমি কষ্টটা বুঝি,Positive
খুব সুন্দর দাদা ️,Positive
মুভিটা কয়েকবার দেখছি। অসাধারণ এক্সপ্লেইন। আলাদা একটা অনুভূতি ️,Positive
অনেক সুন্দর ভাবে উপস্থপন করেসেন  ভালোবাসা আসলেই সুন্দর ️ যদি মানুষ তা সঠিক হয়,Positive
সত্যিই অসাধারণ হয়েছে। মনে হচ্ছে যেন গল্পের চরিত্রের ভিতরে হারিয়ে গিয়েছি।,Positive
এক কথায় অসাধারণ,Positive
এই মুভি টা দেখে কেন জানি নিজের সাথে মিলে যাচ্ছে,Positive
মুভিটা দেখেছি। ভালো করেছেন।  গুলো সুপার্ব। ভালোবাসা কি সেটা এই মুভির  দেখে বুঝতে হয়। আমার দেখা সেরা রোমান্টিক মুভি।,Positive
খুব ভালো পরের পাট চাই,Positive
অসাধারণ ️️️,Positive
সত্যি অসাধারণ হয়েছে গল্পটা আমি আমার চোখের জল আটকে রাখতে পারিনি ।ভালোবাসা এত সুন্দর হয়  সত্যি এই গল্পের থেকে বোঝা যায়  । অনেক অনেক সুন্দর গল্প। পার্ট টু তাড়াতাড়ি দিবেন প্লিজ প্লিজ।,Positive
খুব ভালো লাগলো,Positive
বড় ভাই আমার সবচেয়ে পচন্দরে ছবি,Positive
স্কুল জীবনের কথা মনে করিয়ে দেয় এই মুভিটা,Positive
পৃথিবীতে অনেক জীবন্ত লাশ আছে যারা এখনও তাদের মৃত আত্মা টাকে খুজে বেড়ায় এটাই ভালবাসা সেই মুখটা যখন মনে পড়ে এখনও বুকের বা পাশটায় ব্যাথা অনুভব করি ভালো থেকো সব সময় আমার প্রথম ভালবাসা।( দীপা),Positive
"দারুণ একটা মুভি, আমি ২০১৯ সালে দেখেছিলাম, কিন্তুু মুভির কাহিনি এখনো মনে গেথে আছে",Positive
অসাধারণ,Positive
সত্যিই ভাই আপানার তুলনা হয় না।,Positive
অসাধারণ সততি অসাধারণ,Positive
সত্যি অনেক সুন্দর,Positive
টা যখন দেখেছিলাম তখন অনেক   হয়ে গেছিলাম আর এই  ব্যাপার টাই আলাদা️,Positive
খুব সুন্দর লেগেছে,Positive
বলার ভাষা নাই অসাধারণ মুভিটা,Positive
2য় ভালোবাসা সবসময় পাশে থাকে,Positive
অসাধারণ ️,Positive
", গল্পটা বাস্তবতাকে নিয়ে। এমনটাই হচ্ছে প্রতিনিয়ত",Positive
ভাই কিছু বলার ভাষা নাই মুভিটা দেখে আজকে তার কথা মনে পরে গেছে,Positive
"মুভিটা দেখছি কয়েক মাস হলো... মুভি টা দেখা মাত্র কেদেছি, আজকেও কাদলাম.",Positive
"এই মুভিটা আমি প্রথমে ফেসবুকে দেখি, তারপর ইউটিউবে এসে 2-3 বার দেখেছি, অনেক ভালো গেগেছে, মুভি দেখতে দেখতে ইমোশনাল হয়ে গেছি অনেক বার,আমার কাছে ইমোশনাল রোমান্টিক মুভি অনেক ভালো লাগে, কেমন যেনো একটা ফিল হয়,আজকে আবার নতুন করে আপনার মাধ্যমে দেখলাম, আপনি এতো সুন্দর করে কথা বলেন, আর ব্যাকগ্রাউন্ড মিউজিক টা আপনার কথার সাথে মিলে এক অন্য রকম ভালোলাগা সৃষ্টি করেছে ️  ️অনেক শুভ কামনারইলো আপনার জন্য ️",Positive
খুব ভালো️,Positive
অসাধারণ️,Positive
স্কুল জীবনের কথা মনে পড়ে গেল,Positive
এই মুভি দেখেই আমি বিজয় সেথুপাতি স্যারের মারাত্মক ফ্যান হয়ে গিয়েছিলাম। তার একটা মুভিও দেখা বাদ দিই নাই।লোকটা ভার্সেটাইল এক্টর।️,Positive
ভালোবাসা রং বদলায়,Positive
দাদা আমি কি ভাবে বোলবো জানিনা কিন্তু আমার  এর সব থেকে সুন্দর মুভি জোদি কোনোদিন দেখে থাকি তাহোলে সেটা হবে আজ️,Positive
সম্পূর্ণ নতুনভাবে উপস্থাপন করা মুভিটি দারুন হয়েছে...️,Positive
ছেলে একটা মেয়েকে বেশি ভালবাসতে পারে। তার জন্য একা থাকতেও পারে সারা জীবন। কিন্তু একটা মেয়ে কখনোই সারাজীবন সেই ছেলেটার জন্য একা থাকতে।,Positive
ভালোবাসার মানুষের এঁটো খাবারেও সুখ মিলে,Positive
অসাধারণ ইডিটিং। ক্লোজ সিন গুলো স্লোমোশান করে বিষয়টা আরো অসাধারণ হয়ে গেছে।,Positive
"আগের মানুষের মন অনেক সরল আর সুন্দর ছিল। এই সতের বছরের বয়সে তাই দেখলাম যে, এখনের যুগের তুলনায় পূর্বের যুগ শত গুণ শ্রষ্ঠ ছিল",Positive
"মুভিটা যখনই দেখেছি, তখনই চোখ দিয়ে জল পড় ছিলো, অনেকদিন যাবত কেন এখনো পর্যন্ত মুভি টার কথা মনে পড়লে মনের ভিতর কেমন জানি একটা অনুভূতি হয়।",Positive
আমি আগে একবার দেখছি এই মুভি টা কিন্তু আপনার মুখে আবার সুনলাম আনেক ভালো লাগলো ️️️,Positive
আমার জীবনের দেখা অসাধারণ একটি সিনেমা। এটা একটা অনুভূতি,Positive
"এই মুভিটা প্রথম দেখার পর,কখন যে চোখের পানি পরে গেছে আমি নিজেও জানি না।।",Positive
গল্প যাই হোক আপনার কন্ঠ ও উপস্থাপনাতেই আরো গল্পগুলোর প্রতি মুগ্ধতা বেড়ে যায় ️  আপনার কন্ঠ এক অদ্ভুত জাদু আছে যেটা সবাইকে মুগ্ধ করে তোলে ️,Positive
প্রথম ভালবাসা টা এমন যা কখনো ভোলা যায়,Positive
আপনার কন্ঠটা খুব সুন্দর,Positive
প্রথম প্রেম ভুল মানুষের সাথে হয়  যে প্রেম রাত জাগতে সেখায়  মিথ্যা কথা বলতে সেখায়  করতে সেখায়  আর শেষে  এক বুক  কষ্ট দিয়ে আর দুই চোখে জ্বল দিয়ে যাওয়া মানুষ টা হলো  প্রথম জীবনের ভালোবাসা,Positive
ভালোবাসা অবিরাম,Positive
আমার লাইফে দেখা সেরা মুভি 96 ।,Positive
মুভিটা অনেকবার দেখার পরেও আপনার মুখে শোনার লোভ সামলাতে পারি নি,Positive
এই মুভিটা আমি অনেক বার দেখেছি এই মুভি টা আমার অনেক অনেক অনেক  ভালো লাগে,Positive
টা প্রথমবার দেখে খুবই পছন্দ হয়েছিল ️ নিজের জীবন এর একটু ছায়া দেখলাম   খুব ভালো লাগে  টা ️,Positive
মুভিটা অনেক অনেক সুন্দর ভাইয়া আমি রিলেশন করিনা তা-ও মুভিটা আমার অনেক ভালো লেগেছে,Positive
আমি পরের পার্টের অপেক্ষায় থাকব । যখন মুভিটা দেখছিলাম তখন রামের মতো করেই আমার হার্ট টা কাপছিলো  .......  .,Positive
"আমি শুরু থেকেই তোমার প্রেমে পড়ে আছি। তুমি শালা আসলেই জিনিয়াস। দোয়া রইলো,,,,, অবশ্যই এগিয়ে যাবে আর আমরা তোমাকে সাপোর্ট দিয়েই যাবো",Positive
ঠিক প্রথম ভালোবাসা ভুল মানুষের সাথেই হয়,Positive
একটা ছেলে তার ভালোবাসার মানুষকে কখনো ভুলতে পারে না,Positive
"মুভিটার পার্ট 2  দেখে আমি অনেক কান্না  করে   ফেলেছি,, নিজের অজান্তেই ️️",Positive
অসাধারণ দাদা,Positive
"এই মুভিটা আসলেই মুভি নয়,ইমোশন। মুভিটা আমি যতবার দেখেছি চোখের কোনে একলাই পানি চলে এসেছে।  সত্যিই, ওই জায়গাগুলোতে আমি নিজেকে উপলব্ধি করতেছিলাম।   এক কথায় মুভিটা অসাধারণ",Positive
"এই মুভিটা লকডাউনে ১ম দেখেছি তারপরেও অনেক বার অন্য  এ ও দেখেছি,তখনও অনেক ভালো লেগেছে, কষ্ট হয়েছে কিন্তু আজকে এই  টা কেমন যেন অন্য রকম একটা  অনুভূতি সৃষ্টি করছে যা কাউকে বলা যায় না শুধু মাএ নিজের মধ্যেই রাখতে ভালো লাগে।যাই হোক  টা অনেক ভালো লেগেছে আর ভয়েস টা শুনতে এই   এর সাথে  ছিল।",Positive
ভালোবাসা কখনো ঠিক ভুল বিচার করে হয়না,Positive
ওনেক ভালো ছিল ছবিটা,Positive
"মভিটা দেখলে আমার আজও কান্না পায়,",Positive
তে দেখানো  খুব   ছিল। কিন্তু বাস্তব জীবনে এমন হয় না। সবাই   পেলে  সবাই কে ভুলে যায়।।,Positive
অনেক ভাল,Positive
"তোমায় আজও এত ভালোবাসি যতটা ভালবাসলে আর কখনও কাওকে ভালবাসা যায়না,,,",Positive
অসাধারণ ️,Positive
ভালো লাগছে ভাই,Positive
"আপনি আগেই বলেছিলেন মুভিটা মন ছুয়ে দেবে,,, সত্যি আপনার .  , আর মুভিটা আমার মন ছুয়ে গেছে,,,",Positive
এই মুভিটা আমি বহুবার দেখেছি । এটা আমার জীবনের সাথে অনেক মিল ।,Positive
আমি ১ম ২০২২ সালে এই মুভিটা ১ম দেখেছি।। তবে আমি এর রিমেক   দেখেছিলাম।। তাই আমার উপর ঐটার প্রভাব বেশি কারন রিমেক মুভির ক্ষেত্রে যে ১ম এ যেটা দেখে সেটার প্রভাব বেশি থাকে।।তবে পরে 96 দেখে প্রায় একই অনুভূতি হয়েছিল কারন    ..          1st             ..তবে আপনার এক্সপ্লেইন আর ভিডিও এরেন্জমেন্ট এতই ভালো ছিলো যে আমি একটুও নিরাশ হই নি এটা দেখে।। ২য় পার্টের অপেক্ষায় রইলাম।।আর একটা কথা আপনার  বলাটা অনেক সুন্দর।।,Positive
অসাধারন,Positive
এই মুভিটা সেকেন্ড পার্টটা আমরা খুব তাড়াতাড়ি দেখতে চাই দাদা।।আপনার গল্প গল্পগুলো সত্যি খুব দারুন লাগে।। সত্যি হৃদয় ছুঁয়ে যায়,Positive
অসাধারন,Positive
অসাধারন,Positive
মুভির ভিতরে মিউজিক গুলো গল্পটাকে অনেক রোমান্টিক করে তুলছে,Positive
আসাধারন,Positive
খুব ভালো করে বলছে,Positive
আপনার গল্প বলার ভঙ্গিটা অনেক সুন্দর,Positive
"মুভি টা দেখতে দেখতে কখন চোখের কোনে পানি চলে এসেছে বুঝতেই পারি নি  অসাধারণ একটা মুভি এক্সপ্লেইন এই ভাবে এগিয়ে যান এবং আমাদেরকে সুন্দর সুন্দর এক্সপ্লেইন দিতে থাকুন️   ,  🇮🇳🇮🇳",Positive
অনেক ভালো,Positive
প্রিয় ভালোলাগার ভাইয়া এতো তৃপ্তি মেলে আপনার মুভি এক্সপ্লেনেশন গুলো শুনে আর  আজ যে মুভির এক্সপ্লেনেশন টা দিলেন এই মুভিটার  আরেকটা সিকুয়েন্স আছে সেটা যে আমার কতটা প্রিয় বলে বোঝানো যাবে নাআর এই মুভির ভালোবাসার কাহিনী টা দেখে আমার চোখে পানি চলে আসেভালোবাসা নিবেন ভাইয়া🇧🇩,Positive
সত্যি কিছু বলার নেই  ১.অসাধারণ সুন্দর তোমার কন্ঠস্বর.. ২.অসাধারণ তোমার এডিটিং ৩.অসাধারণ তোমার  এক কথায় পুরো ভিডিও টা  অসাধারণ...পুরো মন ছুঁয়ে গেছে ।            .,Positive
অন্তর ছুঁয়ে যাওয়া গল্প,Positive
আলহামদুলিল্লাহ্     আমারও এই রকম হয় কিন্তু সে আমার ভালোবাসা বুঝতে ছায়না,Positive
"বিয়ের আগে একটি ছেলে আর একটি মেয়ে মাঝে ভালোবাসা বলতে কিছু নেই। সবই আবেগ আর বয়সের উত্তেজনা।  সত্যিকারের ভালোবাসা তো তখন শুরু হয় যখন দুজন দুজনের সাথে আত্মার বন্ধনে আবদ্ধ হয়। বিয়ের পরই বোঝা যায় প্রকৃত ভালোবাসা কি। যদি বিয়ের পর একে অপরের প্রতি শ্রদ্ধা,দায়িত্ববোধ,ভরসা আর বিশ্বাস প্রতিফলনে সচেষ্ট থাকে তাহলে তখনই ভালোবাসার স্বরুপ দেখা যায়।️",Positive
পথম ভালো বাসা ভুল মানুষের সাথেই হয়ে এটা বাস্তব,Positive
মুভিটা আমি আগে দেখেছি তবু তোমার মুখে আবার শুনলাম সত্যি মুভিটা অনেক সুন্দর   ️,Positive
এই মুভিটা দেখে সত্যি কান্না ধরে রাখতে পারছিলাম না,Positive
"চ্যানেলের ১০০ তম ভিডিও টা আমার জন্মদিনের দিনে দেওয়ার জন্য, অনেক অনেক ধন্যবাদ ভাই। ️ প্রথম থেকেই ছিলাম,  আছি, থাকবো, ইন-শা-ল্লাহ।    ️️",Positive
ভূল হয়ে ভালোবাসা এখন সেটাই চিন্তার বিষয়,Positive
হুম খুব ভালো,Positive
দ্বিতীয় পাঠ   কবে৷  আসবে,Positive
"প্রকৃত ভালোবাসা গুলো এমনি হয়,তবেঁ স্কুল জীবনের এতো গভীর ভালোবাসায় কোনোদিন ই বাদীনি যতটা ফেঁসেছি।",Positive
সবার ভালোবাসা পাবার অপেক্ষায় রইলাম ️,Positive
ভালোবাসা  এমন কেনো,Positive
"জীবনে কিছু জিনিষ বোধহয় না পাওয়াই ভালো ,,,,সব পেয়ে গেলে তো না পাওয়ার অনুভূতি গুলো সব মরেই যাবে ,",Positive
জীবনে ভালোবাসা মানুষকে কষ্ট দেয় সুখ দিতে পারে না এর থেকে ভালো যাকে পছন্দ হয় রিলেশন না করে বিয়ে করা উচিত ️,Positive
আসলে মুভিটা না দেখলে বোঝা যাবেনা। মুভিটা আসলে কত্ত  সুন্দর,Positive
অসাধারণ ভাই,Positive
সত‍্যিই মনেহচ্ছে ছোটবেলাতেই ফিরে যাই,Positive
"আপনার এই ভিডিও দেখে যা বুঝলাম আপনি বেশ রোমান্টিক। এত মায়া দিয়ে, ইফোট দিয়ে ভিডিওটা তৈরি করেছেন বলার বাইরে।",Positive
প্রথম পাট টা তারা তারি দিয়েন ভাইয়া,Positive
ভীষন সুন্দর,Positive
অসাধারণ লাগলো,Positive
আমার তো কান্না ছলে আসছে,Positive
"ইস এত কষ্ট ভালোবাসায়,দুইটা পাট ই দেখলাম,, খুব কষ্ট লাগলো।হায়রে না বলা কথা",Positive
এটা আপনার সব থেকে ভালো ভিডিও হয়েছে।।  আমি এখন পর্যন্ত কয়েক বার দেখলাম।। সত্যি অসাধারণ।। পরের অংশের জন্য প্রতিদিন আসি কিন্তু এখন ও দেন নাই কেন।। তাড়াতাড়ি দিয়ে দিবেন পরে অংশ অপেক্ষা করে আছি,Positive
ভালোবাসা মন থেকে হয় সেটা  ভালোবাসাই হক না কেনো । যাঁরা ভালোবাসার আসল মনে জানে তারা কখনো তার ভালোবাসার মানুষ  টকাবে নাহ । দূর থেকেও ভালোবাসা যায় । যদি সেটা সত্যিকারের লাভ হয় । দুয়া করি মহান আল্লাহ যেন সবার ভালোবাসার মানুষকে তাদের দিয়ে দেন । আমিই অবাগা,Positive
গল্পটা খুব সুন্দর সত্থি ভালো বাসা খুব সুন্দর হয়  আর  সেই প্রিয় মানুষ টা কথা খুব মনে পড়ে স্মৃতি ভালো বাসা খুব সুন্দর হয়,Positive
খুব সুন্দর,Positive
কারো কারো ভালোবাসার শুরুটা️ অন্য রকম বা শেষটা অন্য রকম হয়। কিন্তু ভালোবাসার মানুষকে আজীবন মনে রাখা সবার একি রকম হয় ️,Positive
"96 এর৷ ছোট বেলার জানু আমার ২০১২ জে এস সি ব্যাচ এর গালফ্রেন্ড এর মতো লাগলো  চোখএ পানি চলে এলো কখন যে,বুঝতে পারলাম না,,,",Positive
দ্বিতীয় পাঠ দিয়েন প্লিজ,Positive
ভালো লাগছে,Positive
খুব সুন্দর,Positive
খুব সুন্দর,Positive
অনেক  ভালো,Positive
অনেক ভালো,Positive
ওমর হওক সকল প্রেম।কষ্ট যেন না পায় কেউ। এ যে বড় যন্ত্রণা,Positive
খুব ভাল,Positive
ভালোবাসা ভালো না রে ভালো থাকুক প্রিয় মানুষটা,Positive
অপেক্ষা !!,Positive
অসাধারণ গল্প।  লিংকটা কেউ দিবেন,Positive
খুব ভালো,Positive
খুব ভালো,Positive
এর আসল মুভি টা আমার অনেক বার দেখা,Positive
অনেক ভালো লাগছে ভাই! আপনার ভয়েজটাও অনেক সুন্দর! আর কি মাইক ইউজ করেন বলবেন প্লিজ! ধন্যবাদ!,Positive
পুরপুরি থমকে গেলাম যেন,Positive
বুঝতে পারিনি কখন চোখের কোণে জল চলে এসেছে️,Positive
রাইট।,Positive
ভাই ঠিক,Positive
"ভালো থাকুক প্রিয় মানুষ গুলা,, আমি নাহয় কিছুটা কষ্ট সয়ে যাব,, একজীবনে সবকিছু পাইতে হবে এমন তো না,, সবাই কি আর স্বার্থছাড়া পাশে থাকে,, স্বার্থ যেখানে শেষ সেখানে আর কিসের ভালবাসা কিসের ভাল রাখা,, সবাই তো আর নিঃস্বার্থ ভাবে ভালবেসে পাশে থাকতে পারে না,,,,",Positive
"ভাই আরো একটু জোরে বইলেন,,,ফুল সাউন্ড দিয়েও শুনতে প্রব্লেম হয়",Negative
"জীবনের প্রথম প্রেম আবেগের হয়। আর সেটা ভুল মানুষের সাথে হয়। এটা আমি মনে করি, কিন্তু কারো শেষ ভালোবাসা হতে ভাগ্য লাগে যা সবার থাকে না,,",Positive
রাত ৪ টা ৯ মিনিট  চোখে পানি,Positive
প্রেম  এরকমই হয়,Positive
৯৬ মুভি আমার কাছে  মুভি অসাধারণ........?,Positive
"আমার জিবনের সাথে অনেক মিল। প্রথম প্রেমের সুখ সেটা এক অন্ন্য রকম অনুভূতি, ক্লাস 5 (২০০৫) দু জন দু জন কে পছন্দ করি, কিন্তু সরাসরি বলতে পারিনি, কেউ কাউ কে।   দেয়ার পরে একবার দেখি তাকে,কথা বলতে পারিনি তার পর অনেক খুজেছি পাইনি তাকে,২০১৯ সালে ফেসবুক কথা হয়, সেই দিন বুঝতে পারছিলাম আমি এখনো তাকে ভালোবাসি,আমার হার্টবিট অনেক হাই মুখদিয়ে কথা বের হচ্ছিলনা। আগের মত করে এখনো ভয় পাচ্ছি তাকে। সেই দিন বুঝতে পারলাম দুই জনের চাওয়া পাওয়া এক ছিল। এখনো না পাওয়ার আপসোস রয়ে গেল আমাদের।",Positive
ভালোবাসা সত্যি তুমি ধন্য কেও সুখি হয় কেও কেদে মরে,Positive
সবার জীবনে এমন গল্প আছে,Positive
এই মুভিটা দেখে আমার সেই প্রিয় মানুষটাকে খুব মিস করছি ।আমি কমেন্টটা এজন্যই করলাম যদি সে কোনদিন এটা দেখে,Positive
"এই  ব্যস্ততার দুনিয়াই   ভালোবাসা গুলো হয়তো এই ভাবেই শেষ হয়ে যায় । একটা সময় আসে তখন আর কাউরির কিচ্ছু করার থাকে । এই জীবনটা আজও থেমে , আজও অন্যসঙ্গি নিয়ে বেশ খুসিতেই আছি।️️হয়তো এটার নামই জীবন।",Positive
পরে পাট টি চাই,Positive
পরের টা কবে আসবে ️,Positive
"সত্যি বলতে আমি এই জন্যই লাভ স্টোরি মুভি দেখি না,,, পুরনো সব সৃতি মনে পড়ে গেলো ।",Positive
আমি পরের পাটটা দেখতে ছাই,Positive
এই মুভিটা দেখে আমার চোখ দিয়ে ঝল ঝল করে পানি পড়ছে সত্যি বলছি ভাইয়া,Negative
অসাদারন,Positive
অসাদারন,Positive
মুভিটা আমি কয়েকদিন আগে দেখছিলাম।  তিন চার দিন অন্য কোনো মুভি দেখার ইচ্ছেই করছিলোনা,Positive
পরের পাট দেন,Positive
টিক বলেছেন,Positive
"ভাই,,,,..   এই মুভিটার বাংলা এক্সপ্লেনেশান দিয়েন। প্লিজ.....",Positive
স্কুল লাইফ মনে পড়ে গেল,Positive
অসাধারণ,Positive
ভালো  থাক  আমার মানুষটা,Positive
তোমার কথা আজও মনে পরে!! খুব কষ্টে  আছি   জানিনা কবে তোমার সঙ্গে দেখা  হবে !!! আল্লাহ্ তোমার কাছে দুই হাত তুলে বলছি তাকে খুব দেখতে ইচ্ছে করে,Positive
খুব সুন্দর কিন্তু প্রথম প্রেম টা ভুল মানুষের  সাতে হয়  প্রথম খুব হাসাই শেষে খুব  কাদাই কিছু  ভুলা যায় না,Positive
ও নাইস,Positive
মুভি টার নাম কি,Positive
বুহু দিন পাচত  পাইলাম,Positive
ভাইয়া মুভিটা আমার এতটা ভালো লাগছে বলতে পারছি না,Positive
ইমোশনাল ইস্কুল লাইভ এর কথা মনে পরে গেল,Positive
কাঁচের মানুষকে কেউ কোনো দিন ও ভুলতে পারেনা  আর এই মুভিটার মত  অনেকের জিবন চলছে,Positive
আমার ইতিহাস টাও একদিন ঠিক এরকম হবে,Positive
আমি আপনার  চেলেন      করলাম আমার  নামের    আর আমার  তাই,Positive
"এই  ব্যস্ততার দুনিয়াই   ভালোবাসা গুলো হয়তো এই ভাবেই শেষ হয়ে যায় । একটা সময় আসে তখন আর কাউরির কিচ্ছু করার থাকে না । এই জীবনটা আজও থেমে নেই, আজও অন্যসঙ্গি নিয়ে বেশ খুসিতেই আছি।️️হয়তো এটার নামই জীবন।এই  ব্যস্ততার দুনিয়াই   ভালোবাসা গুলো হয়তো এই ভাবেই শেষ হয়ে যায় । একটা সময় আসে তখন আর কাউরির কিচ্ছু করার থাকে না । এই জীবনটা আজও থেমে নেই, আজও অন্যসঙ্গি নিয়ে বেশ খুসিতেই আছি।️️হয়তো এটার নামই জীবন।",Positive
ভললাগছে,Positive
মুভিটার নাম কি,Positive
"প্রথম প্রেম ভুলার মতো না,,,তবে সেই প্রেমটা ভুল মানুষের সাথে হয়",Positive
ভাই আমি পুরো মুভি দেখে নিয়েছি। অনেক দিন আগে।,Positive
2012 সালে শেষ দেখছিলাম তাকে,Positive
"আপনি এই মুভিটার এক্সপ্লেইন একদম করতে পারেন্নি,, আসলে মুভিটা আপনার বলার থেকেও ওনেক হার্ড,, যাদের কান্না করার ইচ্ছে মুভি দেখে তারা এই মুভিটা একবার দেখেন আমি কথা দিলাম, যারা দেখবে তারা একবার হলেও কান্না করবে",Positive
ভালো,Positive
কঠিন,Positive
ভাইয়া আপনার ব্যাকগ্রাউন্ড মিউজিকটার নাম কি,Positive
২য় পার্ট কই,Positive
লাভ স্টরি টা সেম আমার মতো,Positive
"মুভিটা অনেক সুন্দর, মুভিটা নাম জানলে প্লিজ বলেন",Positive
অনেক আগাত পাওয়া ছেলে এই ভাবেই থেকে যায়।,Positive
ভালো️,Positive
স্কুলের না বলা প্রেম সুসমিতার কথা মনে পড়ল..,Positive
এটা পার্ট ২ কই,Positive
হে আমি আপনার সাথে এক মত,Positive
"আচ্ছা সেইম কাহিনির এরকম আরো কিছু মুভি কেউ সাজেস্ট করুন,যেটা দেখে হৃদয় ছুয়ে যাবে,কান্না আসবে বুক চেপে!",Positive
"প্রথম প্রেমে আমিও পড়েছিলাম, ক্লাস সিক্স  এ ওকে প্রথম দেখেছিলাম ২০১৫ তে,, যদিও কোনদিন বলতে পারিনি কিন্তু ও জানতো আমি ওকে কতটা ভালোবাসতাম,,, যাইহোক এখন ও বিবাহিত,, কিন্তু প্রথম ভালোবাসা আজও ভুলতে পারিনি",Positive
ভয় লাগছে..,Positive
এতো সুন্দর করে না বোঝালে হয়তো চোখ দিয়ে জল আসতো না,Positive
পরে  পাট,Positive
ফুল মুভি নেই এইটার..?,Positive
মুভির  নাম কি,Positive
নাইচ,Positive
আমার সাথে মিলে গেলে কিছু টা,Positive
এই মুভিটা আমার প্রাক্তন আমার বিয়ের পর দেখতে বলছিলো আমাদের ও স্কুল জীবনের ক্লাস নাইন এর প্রেম ছিলো।প্রায় তিন বছরের।দুজন দুজনকেই হুট করে চাইতাম।কিন্তু পরিস্থিতি আমাদের আলাদা কইরা দিছে।এখন ও দুইজন দুইজনের প্রতি তীব্র অনুভূতি থাকার পর ও সে আমার ধরা ছোঁয়ার বাইরে কিছু ভুল বুঝাবুঝি আমার জীবন থেকে আমার প্রিও মানুষ আমার না ছবিটা দেইখা প্রথম বার ও কান্না করছিলাম।আজকে এক্সপ্লেনেশন শুইনা আবার তার কথা খুব মনে পড়তাছে,Positive
মুভিটার নামকি একটু জানাবেন,Positive
নাম কি??,Positive
জীবনের প্রথম পেম একটা ভুল মানুষের সাথে হয়,Positive
বিডিওটা এওো ভালো লেগেছে যা বলে বোজাতে পারবোনা,Positive
মুভির নাম টা কি,Positive
জীবনের প্রথম প্রেম রিয়েল হয় কিন্তু ভুল মানুষের সাথে হয়আমি যাকে অনেক বেশি ভালোবাসি সেই আমার প্রথম ভালোবাসা ছিলো কিন্তু সে আমার হলো না,Positive
এইগল্পটা দেখার পর আমার মনচায় আমিওআমারইস্কুলের বন্দুদের সাথে দেখা করি জানি না কেকোথায় কিভাবে আচে আল্লাহযেন সবাইকে ভাল রাখে,Positive
এর পরের পাঠ টা কোনদিন দিবেন,Positive
মুভির নাম টা প্লিজ বলুন,Positive
"যারা বাবা, মাকে ভালোবাসেন তারা ইনশাআল্লাহ লেখে দেয়",Positive
"২০১৯ সালে সে প্রথম আমার লাল গালের প্রেমে পড়ে। সেটি আমার স্কুল জীবনের অন্যরকম ভালোবাসা। স্কুল ছুটির পর একসাথে হাটা, ফুচকা খাওয়া ইত্যাদি। কিন্তু আমাদের সম্পর্ক এক বছরের বেশি স্থায়ী হইনি।    আজ আমার বিয়ে হয়ে গেছে। আমি সেদিনগুলোর কথা ভাবলে একাই হাসি আবার কাদিঁ।",Positive
মুভিটার নাম কি প্লিজ।,Positive
"এই মুভিটা আমি দেখছি ২০২২ সালে,,,আসলে মুভিটা দেখে অনেক কষ্ট হয়েছিলো আমার,,,আমার মনটা তিনদিন খারাপ ছিল,,,এটাই সত্যি কারের ভালোবাসা,,,️️",Positive
এই মুভিটার নাম কি...?,Positive
মুভিটির নামটা কি জানাবেন,Positive
"মুভি তাঁর নাম কি, কেউ একটু বলবেন প্লিজ",Positive
নাম কি মুভিটার??,Positive
ভাইয়া  টার নাম কি,Positive
ভাই মুভির নাম কী,Positive
মুভির নাম কি ভাই,Positive
এটা মুভিনারে ভাই অন্য কিছু! গত ৪ বছর কতশত বার যে দেখেছি হিসাব নেই!,Positive
ভাই আমি পাগল হয়ে যাবো,Positive
মুভির নাম টা কি ভাই,Positive
এই মুভিটার নাম কী ভাই,Positive
মুভিটার নাম কি বলবেন প্লিজ,Positive
এই মুভি নাম কি,Positive
মুভিটার নাম বলা যাবে প্লীজ???,Positive
প্রথম প্রেম কার জীবন থেকে  হারিয়ে গেছে..  ----------তাড়া একটু সাড়া দাও........,Positive
টার নাম কি,Positive
কান্দালি রে ভাই,Positive
"এই মুভি ৪বার দেখছি,, তাও মন ভরে না, অনেক মিস করি ইস্কুল লাইফটা, আজকে একটা মেসেন্জার গ্রুপ খুলছি ২০জন পাইছি ইনশাআল্লাহ সবাইকে একদিন নিয়ে আসবো, সেই লাইব্রেরির সামনে প্রিয় যায়গায়,,, আমাদের ইস্কুলের নাম   মুজাফ্ফরাবাদ, এন, জে উচ্চ বিদ্যালয়   চিটাগং, পটিয়া থানা️️️️",Positive
মুভির নাম কি,Positive
মুভির  নাম কি,Positive
মুভির নাম কি,Positive
সম্পর্কে অপর মানুষ টা সঠিক না হলে প্রথম আর দ্বিতীয় না সবাই বৈইমানি করে,Positive
মুভির নাম টা কি,Positive
টার নাম কি,Positive
এই মুভিটা দেখার পর আমি ডিপ্রেশনে চলে গেছিলাম ️️️,Positive
ছবিটার নাম কি বলবেন প্লিজ,Positive
এটা দেখার পর মন চাইছে কোনো বেস্টফ্রেন্ড কে জড়িয়ে ধরে ইচ্ছে মতো কাঁদি। কিন্তু কাছে কেউ নেই।এখন সবাই ব্যস্ত।,Positive
মুভিটার নাম কি,Positive
মুভিটার নাম কি,Positive
মুভিটার নাম কি,Positive
মুভিটার নাম কি,Positive
এই মুভিটা নাম কী?,Positive
এই  সিনেমা টা  দেখার পর অনেক কেঁদেছি,Positive
সরোজ তোমার আর আমার মতো গলপো তাই না। আমার খুব কস্ট লাগছে।,Positive
অনেক ভালোবাসি একজনকে।চুকেপানিচলেআসলো।,Positive
আমি  আমার  ১ম ভালো বাসা ভুলতে পারবো না,Positive
এটার দুইটা ভার্সন আছে আমি দুইটা এই দেখছি,Positive
এই টা আসল ফোন মুভির নাম কি প্লিজ বলেন ️,Positive
"হে,আমি,এক,মত,রিপন,মিয়া",Negative
ভালোবাসছিলাম একজনকে কিন্তু তার সাথে এখন আর কথ হয় না এখন আমি আমার মতো সে তার মতো আর থাকতে পারি নি তার সাথে ভালো থাকুক না মানুষ টা জিবনে মা বাবার ভালোবাসা দরকার কিন্তু জিবনে অন্য কেউর ও দরকার আছে?  আমি,Positive
মুভিটার নাম কি?,Positive
কে কে ২০২৩সালে দেখছ,Positive
মুভির নাম কি???,Positive
মুবিটার নাম কী,Positive
ভালো সুনে এসভ সুনার সমর আমার নেই ঝুলে,Positive
আমি একটা মানুষকে খুব ভালোবাসি৷ সে ও ভালোবাসে৷ জানিনা কখন ও তাকে ছুঁয়ে দেখা হবে কিনা৷ তবে আমার স্বপ্ন বিশাল তাকে নিয়ে জীবন পাড়ি দিব৷ জানিনা পাবো কিনা তবুও ভালো থাকূক আমার ভালোবাসা.........,Positive
আমি অনেক লাকি। প্রথম যাকে ভালোবেসেছি তাকে পেয়েছি। তাঁকে বিজয় করে নিয়েছি অনেক কষ্ট আর ভালোবাসা দিয়ে। পরিবার মেনে নেই নিয়।এখনো,Positive
.  দের নামে মানে হলো  আর  এর নামে হলো।,Positive
ভাই  টা কপি করা   এর মতো লাগে,Positive
প্রথম ভালো বাসা কাকে বলে বলে জানি না কারণ আমি এই তারিখ প্রেম করি নাই,Positive
যদি সে আমাকে বুঝত তাহলে আমি এখন এরকম থাকতাম না,Positive
"আমি আবার ক্লাস 7এ ফিরে যেতে চাই, ,",Positive
ক্লাস 6 থাকতে একজনের প্রেমে পড়েছিলাম । কিন্তু কখনো তাকে বলা হয় নাই।,Positive
এটার মতো আরো একটা কপি মুভি আছে আমি সেটা দেখেছি একই কাহিনী।,Positive
মেয়ে মানুষ এমনি হয়,Negative
কোন ভাষা পাচ্ছিনা লেখার জন্য,Positive
এর কপি,Positive
কিছু গল্প বাস্তবে মিলে যায়!,Positive
এ যদি রিয়েক্ট দেওয়ার অপশন থাকতো। তাহলে আপনি কোন রিয়েক্ট দিতেন।,Positive
কেউ কী কেয়াল করেছ বাহারাইন এর মানামার একটা সিন আছে,Positive
:   অনেক ভালো লাগার মতো মুভি ছিলো এবং শেষটা সত্যি বেদনাদায়ক,Positive
এতো সুন্দর করেও এক্সপ্লেইন করা সম্ভব,Positive
জীবনে আমার ঠীক এই রকম একটা ভালবাসা চিল আমার এখন বিয়ে হয়ে গেচে কীনতু সে এখন বিয়ে করি নী। কিন্ত সে আমাকে ধকা দীয়ে ছীল।তাই আমি কস্ট সর্য না করতে পেরে বিয়ে করে ফেলেচি।,Positive
আমারও একটা জানু ছিল ঠিক তেমন চোখদিয়ে জল বের না কোরলেও মনটা ছটফট ছটফট কোরে কেদে চলছিল।ধন্যবাদ ভাই,Positive
মুভিটার নাম কি,Positive
আপনি কথার দরন টা সুন্দর না মুবি টা অনেক সুন্দর বাট আপনি ঠিক করে বলতে পারেন না,Positive
কমেন্ট দেখে আসছিলাম ভালো লাগেনি সময় নষ্ট,Negative
ভালো লাগে নাই তেমন একটা,Negative
মোটেও ভালো হয় নাই,Negative
"প্রথম বয়সের ভালোবাসাকেই জীবনসঙ্গী হিসেবে পেয়েছি আলহামদুলিল্লাহ।।  কিন্তু এই মুভিটা দেখে চোখের পানি আটকাতে পারছি না,, আমার ভালোবাসার মানুষ টা কে হারালে আমি মরেই যেতাম।।",Positive
ভাষাহীন,Positive
ছি ছি কত বড় গোফ,Negative
আমি মনে করি স্কুল জীবনের ভালোবাসব গুলো ভুল ছাড়া কিছুই না,Negative
বালের গল্প,Negative
"আমার পার্সোনালি মুভিটি খুব একটা ভালো লাগে নি।গল্পের কোনো ফিনিশং নেই।রামের ছাত্রী রামকে পছন্দ করতো, কিন্তু মেয়েটি কই? তাকে তার দেখানো হলো না।এই মুভিতে অনেক কিছু ভুল আছে। প্রথমটা বলি, সেটা হচ্ছে মুভির শুরুতে রাম গাড়ি চালাতে পারে না বলে সে তার ছাত্রী কে ড্রাইভার হিসেবে নিয়ে যায় তার গ্রামে। কিন্তু মুভির শেষের দিকে দেখা রাম নিজে গাড়ি চালিয়ে তার বান্ধুবী কে বাসায় এবং জানুকে হোটেলে নিয়ে আসে। আপনারা যদি চান তাহলে আমি এই মুভির আরো ভুল তুলে দিতে পারবো। আমার এই কমেন্টে লাইক দিলেই বুঝতে পারবো আপনারা ভুল গুলো জানতে আগ্রহী। ধন্যবাদ",Negative
আপনাদের অসংখ্য ধন্যবাদ মুভিগুলি আপলোড দেওয়ার জন্য,Positive
সব কিছু হওয়ার পরেও আসলে দোষটা পরে মেয়েদের উপরেই লোভ লালসা হয় ছেলেদের বেশিরভাগ কিন্তু তাও এই অসুস্থ সমাজ না জেনে না বুঝেই অনেক মেয়ের চরিত্রে দাগ লাগিয়ে থাকে,Positive
"বাহ! দারুন, আসাধারন",Positive
প্লাবন ভাই আপনার এক্সপ্লেইন করা প্রত্যেক টা মুভি অসাধারণ।,Positive
সত্যিই এসব মুভি থেকে মানুষ ভালোটার থেকে খারাপটাই বেশি নেয়।,Positive
"অসম্ভব শিক্ষনিয় আর ঠিক এই মুহূর্তের জন্য খুব উপকারী একটা ভিডিও আমার জন্য। সবার আগে স্যালুট ওই শাশুড়ী আম্মাকে টাকে। উনিই মেয়েটার বল জুগিয়েছেন। কিন্তু সবার এমন ভাগ্য হয়না শ্বাশুরির যাইহোক,",Positive
অনেক সুন্দর মুভিটা,Positive
অসাধারণ.... ধন্যবাদ স্যার,Positive
অনেক ভাল্লাগসে ভাই।,Positive
মুভি টা অনেক শিক্ষনীয়....,Positive
তোমার মুভি চয়েস অনেক ভালো। এভাবে বেছে বেছে দারুণ দারুণ মুভি উপহার দিও।।।,Positive
সুন্দর একটি সিনেমা,Positive
অনেক ভালো লাগে গল্প গুলো,Positive
অসাধারন,Positive
খুব ভালো লেগেছে ভাই য়া,Positive
"সুন্দর ছবি, ধন্যবাদ ভাই আপনাকে এক্সপ্লেইন করার জন্য।",Positive
এত এক্সপ্লেইন দেখি কিন্তু আপনার ভয়েস এ শুনতে বেশি ভাল লাগে,Positive
আপনার বলা শেষ কথাগুলো খুবই যুক্তিযুক্ত,Positive
শাস্তি-টা দারুণ হয়েছে,Positive
খুব  সুন্দর  একটা  মুভি  আমার খুব  ভালো  লাগছে।,Positive
অনবদ্য মুভি। গল্পের গহ্বরে হারিয়ে গেছিলাম।,Positive
আপনার লাস্ট কথা গুলো যুক্তি পূর্ণ ছিলো,Positive
ভাইয়া আপনার ভয়েসটা জাস্ট ওয়াও,Positive
"সত্যি অসাধারণ একটা মুভি, ওয়েট করছি মুভির বাংলা সাবটাইটেল এর জন্য,  গুগলে সাবটাইটেল চলে আসলেই মুভিটা দেখে নেবো",Positive
দারুণ লাগলো,Positive
অসাধারণ একটা মুভি....,Positive
অসাধারন লাগলো,Positive
সুন্দর....,Positive
অনেক ভালো লাগলো,Positive
দারুন মুভি; অনেক শিক্ষার আছে,Positive
দাদা ️,Positive
আপনার শেষের কথাটা খুব ভালো লেগেছে,Positive
ছেলে গুলোকে মেরে ফেললে একদম ভাল হতো৷ আপনার বলা শেষ কথাগুলো অনেক ভাল লাগছে৷ এবং নিসন্দেহে সত্য কথা বলেছেন৷,Positive
খুব সুন্দর একটা মুভি খুব ভালো লাগলো,Positive
অসাধারণ মুভি ছিল ভাই,Positive
খুব সুনদর মুভি,Positive
অনেক কিছু  শিখলাম,Positive
এই সমাজের ভয়ে প্রতিনিয়ত নিজের সুখ গুলোকে কবর দিতে হয় .....,Positive
শেষের কথা গুলো খুব সুন্দর ভালো লাগলো।,Positive
মুভিটা অনেক সুন্দর ছিলো,Positive
নাইস ভালো লাগলো,Positive
অসাধারণ,Positive
ব্রো আমি ও এক্সপ্লেইন করি তবে তোমার ভিডিও না দেখলে মনে হয় কি মিস করেছি,Positive
প্রতিশোধের ধরন আমার ভালো লাগছে।।  আরো কঠিন শান্তি দেওয়া দরকার ছিলো,Positive
"এই রকম বুঝদার শাশুড়ী সবার নসিবে জুটে না,,,, অধিকাংশ স্বামী স্ত্রী র প্রয়োজনের সময় সমাজের চক্ষু লজ্জাকে আগে প্রাধান্য দেয় অথচ একজন স্ত্রীর প্রতিটা বিপদে একজন স্বামীরই সব সময় পাশে থাকা উচিৎ, একটা মেয়ে তার স্বামী কে জীবনের সবকিছু ভাবে। আর বাস্তবে তার উল্টোটা হয়।",Positive
আপনার মুভি দেখে অনেকে অনুপ্রাণিত হবে,Positive
সুন্দর গল্প,Positive
আমি  সবার  আগে   লাইক  করেছি,Positive
জোস,Positive
সুন্দর মুভি,Positive
ছবিটা সুন্দর হয়েছে ।ছবিতে অনেক কিছু শেখার আছে। যারা বুঝবে তারা ঠিকই শিখে নিতে পারবে ছবি থেকে সেটা স্টুডেন্ট হোক আর টিচার হোক। আর আমার সবচেয়ে বেশি ভালো লাগছে শাশুড়িটাকে সে যেভাবে তার ছেলের বউ কে সাপোর্ট করছে সাধারণত এমন সাপোর্ট কেউ করে না। আর খারাপ লাগলে জন্যই হাজবেন্ড তার নিজের বউয়ের মনের অবস্থা বুঝতে পারল না। আসলে সমাজে এমনই হচ্ছে ।আর আপনি খুব সুন্দর করে এক্সপ্লেইন করছেন এর জন্য আপনাকে ধন্যবাদ।,Positive
খুব সুন্দর,Positive
"বাস্তবে মুভি আর জীবন এক নয়, মুভির কাহিনীরে আর যাই হোক শেষটা সুন্দর হয়,কিন্তু জীবন এর শেষটা বিচিত্র।",Positive
আমার পছন্দের নায়িকা,Positive
নাইচ,Positive
আমার কাছে ভভয়ংকর লাগে এই ধরনের মুভি দেখতে,Positive
আমি দেরিতে নোটিফিকেশন পাই ক্যান? ।মাত্র নোটিফিকেশন আসছে,Positive
"ভাইয়া টাইটেল ঠিক করুন ""শিউরে"" হবে হয়তো ""গিউরে"" লেখা...চমৎকার এক্সপ্লেশান",Negative
মুভিটা আসলেশিখা মুলক আমিতো নিজেকে দিপিকার মোতন সকতো করার চেষ্টা করবো,Positive
নেটওয়ার্ক সমস্যার জন্য আগের ভিডিও গুলোতে কমেন্ট করতে পারিনি আজকে করলাম তাও দেরিতে আশা করি রিপ্লাই পাবো,Negative
আজ আমার ভালোবাসার মানুষ আমার তেকে অনেক দূরে ছলে গেছে,Negative
ভাই সব সময় ভিডিও তে ছবির নামটা দিবেন,Positive
মুভিটি কি হিন্দী ভাষায় পাওয়া যাবে?,Positive
বস মায়া শালিক সিরিজের এক্সপ্লেইন করবেন,Positive
হ্যাঁ ডিসিশনটা নিছি একদম ঠিক ডিসিশনটা নিছে গেছে তার ডিসিশনটা,Positive
"এই গীতা কি প্রিয়া ফাতিহা, বিজনেস উইমেন।",Positive
ওইটা কেটে দেওয়া উচিৎ ছিলো!,Negative
বেশি বেশি হয়ে গেলো না,Negative
অসাধারণ,Positive
অসাধারণ,Positive
এই জন্যেই ঘরের কথা কাওকে বলা লাগে না,Negative
ইশ আমাদের দেশে যদি ধর্ষন এর বিচার হইতো   একটা বিচারও হইনাই আজ পর্যন্ত পুলিশ গ্রেপ্তার ছাড়া,Negative
মোটে ও ভালো না এই মুভি গোলো থেকে মানুষ খারাপ টাই বেশি সিখে,Negative
"ভাই ওটা নান চাকু না,,, নান চাক্স",Negative
চাকরি না করে পদ্দা করলেই সবব সমাধান।,Negative
ভায়া এমনটা যদি আপনার বনের সাথে হয়। তখন কি করতেন । আর আইন নিজের  হাতে তুলে নেওয়া ও এক দন্ড  নিও আপরাদ।,Negative
"ভারগিস, ভিগিনেস, হেগ্রে,ডেভিড আর প্লাবন",Negative
ভাই মুভির নাম কি পিন কমেন্ট করে দিলে খুব লস হয়?,Negative
ওটা ওই চারজন এর বাচ্চা,Negative
আমাদের বর্তমান প্রজন্মের মন মাইন্ড এখন পজিটিভ দিক থেকে নেগেটিভ দিকটার দিকেই বেশি কাজ করে! তাই এসব ছবি না বানানোই ভালো।,Negative
এসব মুভি না বানানোই ভালো৷ মুভি তো সুন্দর৷ কিন্তু এখনকার টিনেজার দের মধ্যে এই ধারণা ঢুকে যাবে যে শিক্ষক কেও এই নজরে দেখা যায়৷,Negative
বাজে ফিনিশিং,Negative
"কোন মুভির লিংক দেয় না,,খালি ইতিহাস বললে হবে",Negative
ফালতু,Negative
মুভির নামটা লিখলে কি আপনাদের সমস্যা হয়?,Negative
মার তুলাদান,Negative
"ভাইরে আপনার বউকে এভাবে কেউ প্রেগনেন্ট বানালে,  আপনি এবোয়শোন করাতেন না? এগুলো সিনেমাতেই হয়।",Negative
এখানে ছেলে টা দোষ মেয়েদের বাইরে বার করতে নেই,Negative
সিনেমাটি দুবার দেখলাম।ভাষা হারিয়ে ফেললাম।এত সুন্দর দেশপ্রেমের সিনেমা আমাদের আরো দরকার,Positive
সত্যিই অনেক সুন্দ র,Positive
এক কথায়  অসাধারণ । ১০০ মধ্যে  ১০ জন মানুষ  যদি সত্যি এমন হতো ।,Positive
বলার ভাষা নেই অনেক ভালো লাগছে মুভিটা খুব কষ্টের,Positive
ধন্যবাদ রাইটার কে ধন্যবাদ পরিচালক কে ধন্যবাদ অভিনেতা-অভিনেত্রীকে সুন্দর একটা ছবি,Positive
সব নাগরিকের দেশের প্রতি এমন থেকে চেতনা থাকা দরকার,Positive
আমি বাংলাদেশ থেকে দেখলাম মুভিটা দেখে অনেক ভালো লাগলোধন্যবাদ প্রডিউসার যে এতো সুন্দর মুভি নির্মান করেছে,Positive
খুব শিক্ষানিয় একটা মুভি। ছবির পরিচালক কে অনেক ধন্যবাদ এতো সুন্দর মুভি উপহার দেওয়ার জন্য,Positive
খুব সুন্দর  । প্রত্যেক মানুষের দেখা উচিত,Positive
"এ মূভিটি শেষ পূর্যন্ত দেখুন, সব দেশেই এরকম হওয়া উচিত।",Positive
ছবিটা দেখে মুখের ভাষা হারিয়ে ফেলেছি।সত্যি অসাধারণ ছিল ছবিট,Positive
প্রথম অতো মুভিটা বেবেচিলাম কাহিনি নাই পরে দেকার পর বুঝতে পারছি এটায় এ দেশের পরিচিতি  অসাধারণ মুভি বাংলা দেশ,Positive
এক কথায় অসাধারণ। 100 মধ্যে  10 জন মানুষ যুদি এমন হতো..,Positive
মুভিটা দেখার পর অনেক কিছু শিকতে পারলাম।,Positive
"সত্যিই এই মুভিতে  অনেক কিছু শিখার আছে আমার দেশ প্রিয় বাংলাদেশ, আমার মায়ের দেশ",Positive
অনেক অনেক ধন্যবাদ। এরকম একটা সিনেমা দেওয়ার জন্য।,Positive
অনেক সুন্দর,Positive
"আমি বাংলাদেশ থেকে মুভিটা দেখলাম,,,,অসাধারণ একটা মুভি,,,সকল দেশ ভক্ত মানুষের জন্য কমেন্টটা করে গেলাম",Positive
"এই ছবি থেকে প্রত্যেক দেশ শিক্ষা নিতে পারে,খুব সুন্দর একটি মুভি",Positive
"অসাধারণ মুভি,,আমার দেখা বেস্ট মুভি,,আমার বাংলাদেশের জনগন আরো বড় অসহায়,",Positive
"এক কথায় অসাধারণ একটা মুভি,,,,,,️ আমাদের বাস্তব জীবনে যদি প্রত্যেকের চেতনা ঠিক এমন হতো,,,,,,,তাহলে আজকে আমাদের দেশ  অনেক  অনেক উন্নত হত, এবং দেশে কোনো দুর্নীতি থাকত না ️️।",Positive
বাংলায় ডাবিংকৃত এরকম মুভি আরো চাই,Positive
সব কিছুই ঠিক ছিলো। তবে শেষে ওকে ফাসি না দিলেও পারতো। তবে বাংলাদেশে কি হচ্ছে?,Positive
অনেক দিন পর একটা সচেতন মূলক মুভি দেখলাম। সত্যিই অসাধারণ।,Positive
তাকে ফাসি দিয়ে এটাই প্রমান করলো যে দুনিয়াতে খারাফ মানুষের জন্য যায়গা আছে। ভালো মানুষের জন্য না,Positive
সব নাগরিকের দেশের প্রতি এমন  চেতনা থাকা দরকার! দেশের মানুষ কে ভালোবাসতে হলে নেতা হবার প্রয়োজন নেই। মনে রাখবেন আপনি নিজেই রাজা আপনার মনের রাজত্বে। মনের কথাগুলো যখন সিনেমায় ফুটে উঠে।,Positive
সত্যি অসাধারণ একটি মুভি এই মুভির পরিচালক কে ধন্যবাদ দিয়ে ছোট করবো  না একটি কথা সত্য না বললেই নয় ভালো মানুষ দুনিয়াতে বাঁচার অধিকার নাই তাই এই মুভির পরিচালকের জন্য দোয়া রইলো 🇧🇩🇧🇩,Positive
"সকল কিছু বিবেচনা করে, ফাসি থেকে মুক্তি দেওয়া দরকার ছিলো...",Positive
পরিচালক কে ধন্যবাদ ।,Positive
"এই  ছবিটি  অনেক  বার  দেখেছি,, ধন্যবাদ",Positive
দুইবার দেখলাম মুভিটা অসাধারণ,Positive
আমার খুব কষ্ট হচ্ছে  ছবি টা দেখে,Positive
ভাই মুভি বাংলা করেন কিভাবে একটু বলেন ভালো হবে,Positive
সত্যিই পৃথিবীটা আর ভালো মানুষের জায়গা নয়!,Positive
চোখের পানি ধরে  রাখতে পারিনি,Positive
অতুলনীয় অনেক অনেক ভালো লাগলো,Positive
খুব ভালো লাগলো। এরকম দেশভক্ত খুব প্রয়োজন।,Positive
আনেক আগে দেখেছি। আধ্যনারি,Positive
"সত্যি অসাধারণ মুভি, এটা দেখে মনে হচ্ছে আমার বাংলাদেশের অবস্থাও এরকম",Positive
খুব মজা পেলাম মুভিটা দেখে,Positive
মহান পরিচালকের মহান মুভি পরিচালক কে আমি স্যালুট জানাই। মুভির হিরো কে স্যালুট জানাই।,Positive
শেষটা এরকম মর্মান্তিক হবে আমি ভাবতেও পারিনি।,Positive
মুভির শেষটা অনেক শিক্ষানীয়।,Positive
এরকম সৎএবং আদশ‌‌ো মানুষ পিথিবির পতিটি ঘরে ঘরে দরকার,Positive
আপনাদের সমস্যা কি পিকচার দেন একটা ছবি দেন আরেক টা,Positive
মুভির শেষ অংশ টা দারুণ শিক্ষা দেওয়া হয়েছে,Positive
সিনেমাটি আসাধারন হয়েছে,Positive
অসম্ভব সুন্দর।,Positive
"এই হচ্ছে আমাদের দেশের আসল চিত্র,যা খুব সুন্দর করে তুলে ধরা হয়েছে",Positive
ক্ষুদিরাম খুব কাঁদলাম লাস্টের সিন্ দেখে,Positive
ধন্যবাদ এত সুন্দর মুভি দেখার জন্য,Positive
এই টা কি মুভি ছিলো  বাপরে  এক কথায় অসাধারণ আমার চোখ দিয়ে একটু জল চলে আসছে,Positive
খুব ভালো অভিনয় করছেন।,Positive
পরিচালক  কে ধন্যবাদ  এমন ছবি  বানানো  জন্য,Positive
ভাই মুভির থাম মেললেই একটা মুভি দেন আরেকটা,Positive
শেষ টা সত্যি খুব কষ্টের ছিল,Positive
এমন    মুভি আমি আগে দেখিনি।সত্যি কান্না করে ফেলেছি,Positive
অসাধারণ দেশপ্রেমের মুভিটা,Positive
ছবিটা খুব মরমানিতক,Positive
ছবিটা দেখে আমি খুবই কষ্ট অনুভব করছি,Positive
"খুব কষ্ট পেলাম মুভিটা দেখে,",Positive
এমন দেশপ্রেম নিয়ে ছবি তৈরি করায় পরিচালক মহোদয় কে ধন্যবাদ। সত্যিই অসাধারণ,Positive
অসাধারণ একটা মুভি,Positive
"আমাদের দেশে এমন বীর ঘরে ঘরে থাকা দরকার,সেলুট জানাই",Positive
এই মুভিটা অনেক ভালো হচছে,Positive
বর্তমানে  বাংলাদেশের নেতাদের  চরিত্রের 90% মিল আছে।,Negative
সত্যিই দেশের অবস্থা এমন পর্যায়ে পৌঁছেছে  সৃষ্টিকর্তা যেন আমাদের দেশকে ঠিক রাখে ️,Negative
এই মুভি টা অনেক সুন্দর লাগলো,Positive
বাস্তবে যদি এমন দেশ প্রেমিক থাকতো,Positive
সুপার,Positive
সত্যি অসাধারণ ।,Positive
সব মিলিয়ে  অসাধারণ  একটা মুভি   চোখে  কোনে পানি চলে এলো,Positive
কে কে আল্লাহ কে ভয় করেন কমেন্ট করেন,Positive
খুব ভালো লাগছে মুভিটা,Positive
দেশ র জন্য সবাই ভালো কাজ করুন দেশের জন্য কিছু করুন,Positive
অসাধারণ একটি মুভি।,Positive
অসাধারণ। মুভিটা,Positive
শেষটা খুব কষ্টের ছিল,Positive
ছবিটা দেখে চোখের পানি ধরে রাখা যায় না,Positive
কুনু কাহিনী হলো শুদু খুন আর খুন প্রেম সংসার এসব কিছুই কাহীনি নেই,Positive
চোখের পানি ধরে রাখতে পারলাম না।,Positive
"ছবিটি দেখলে বুঝা যায় দেশমাতৃকার প্রতি ভক্তি কাকে বলে,,এমন বীর পুরুষদের প্রতি রইল,,আমার নিরন্তর শ্রদ্ধা ও ভালোবাসা। স্যালুট জানাই এমন দেশ প্রেমিকদের।",Positive
ভালো!ধন্যবাদ ও শুভকামনায়!,Positive
শিক্ষানীয় মুভি,Positive
সত‍্যি অনেক সুন্দর আর কষ্টের মুভি।।,Positive
"এই মুভি থেকে আমি কিছু টা শিক্ষা নিলাম,, চলুন আজ থেকে আমরাও দেশের জন্য কিছু একটা করি",Positive
ফাঁসি দেওয়া টা ঠিক হয় নি ওর ছোট বাচ্চাটা ও বাঁচতে দেই নি,Negative
মনটা বরে গলো  মুভিটা  দেখে,Positive
সত্যিই অসাধারণ,Positive
নাইস,Positive
দেশ আমার গর্ব আমার অহংকার আমার চেতনা এটাই আমার মাতৃভূমি দেশ আমার মা,Positive
সবাই যদি সাধু হয় তাহলে শয়তানটা কে হবে ?,Negative
সত্যি মুভিটা দেখে কান্না ধরে রাখতে পারলাম না,Positive
"শেষের কথাগুলো অসাধারণ সুন্দর হয়েছে, পরিচালক কে ধন্যবাদ, সুন্দর অভিনয় নায়িকা ও নায়ক চরিত্রে।",Positive
আমাদের দেশের এমন একটি নতুন মানুষ চাই,Positive
খুব সুন্দর একটা ছবি,Positive
বর্তমান যুগে ভালো মানুষের কোথাও দাম নেই,Positive
অসাধারণ একটা মুভি।,Positive
তামিল মুভি আমার খুব ভালো লাগে,Positive
কিছু বলার ভাষা নেই,Positive
সমাজে অর্ধ নারির মত সাহসী মানুষ প্রয়োজন।,Positive
খুব ভালো লাগলো ছবিটা অসাধারণ,Positive
অনেক ভালো লেগেছে,Positive
এই মুভিটা দেখার পর আমার দেশ এর প্রতি দেশভকতি  দিগুন হয়ে গেল,Positive
ভালো মানুষ দুনিয়াতে জায়গা নাই,Positive
আমার দেখা সব চেয়ে শেরা ছবি,Positive
এরকম একজন শিবকুমার বাংলাদেশ এর জন্য খুবই দরকার। ক্ষমতার অপব্যবহার সুন্দর ভাবে তুলে ধরার জন্য ধন্যবাদ।,Positive
দারুন ছবি,Positive
"মভিটা আমার কাছে অনেক ভালো লাগছে,,,",Positive
"মুভি দেখার অভ্যাস কোন সময় ছিলো না, আর দেখিও না, এখন আবার আমি একজন হুজুর মাওলানা সাহেব! তারপরেও কীভাব জানি দেখতে শুরু করে, সবটা দেখলাম,     মুভিটাতে আমার বর্তমান  বাংলাদেশের অবস্থা একদম মিলে গেছে,  বিশেষ করে নূরু ভাই।  এবং অনেক কিছু জানার বুঝার শিখার আছে মুভিটাতে।",Negative
শেষের অভিনয়টা অনেক সুন্দর হয়েছে,Positive
খুব সুন্দর মুভিটি আমার মনের মতো,Positive
"আজ প্রথম দেখেছিলাম,,,6/6/23",Positive
অনেক ভালো হয়েছে,Positive
দেশের জন্য ভালো কাজ করার পর এর ফাঁসি হয় তাহলে মানুষতো আর ভালো কাজ করবে না,Positive
"বাংলাদেশের মুভি হলে,নায়ক জেল থেকে বের হইতো। তবে সব দিকে বিবেচনা করে ফাঁসি কার্যকর হওয়া উচিত হয়নি।",Positive
সবাই ঝদি এরকম হতো দেশে কোনো অন্যায় অত্যাচার হতো না,Positive
ভোট. দেওয়া  ব্যক্তির অধিকার. আবার. না  দেওয়েয়ার. অধিকার,Positive
মু্বিটা অনেক ভালো লাগছে,Positive
আসলে খুব দুঃখ জনক গটনা,Positive
ভাল মানুষের দুঃখ বেশি,Positive
অসাধারণ ।।,Positive
সত্যি মুভিটা দেখে অনেক খারাপ লাগল শিভ কুমারের জন্য আসলে ই এই পৃথিবীতে ভালো মানুষের কোনো মুল্য নেই,Positive
অনেক সুন্দর তুমি,Positive
কি বলভ অসাধারণ একটি মুভি ছিল  চখের পানি ধরে রাখার মতন না,Positive
সব কিছু বাট পারি,Negative
অসাধারণ একটি মুভি,Positive
অসাধারণ একটি মুভি ।,Positive
অসাধারণ একটি মুভি,Positive
অনেক সুন্দর একটা মুভি।,Positive
অনেক অনেক সুন্দর একটা মুবি,Positive
অনেক সুন্দর ছবিটা,Positive
মুভিটা অসাধারণ হয়েছে,Positive
অসাধারণ মুভি।,Positive
অসাধারণ মুভি,Positive
মুবিটা দেখে আমা খুব কষ্ট লাগলো,Positive
শেষ কিছু কথা ১০০% রাইট,Positive
ছবিটা অসাধারন,Positive
ছবিটা আমার খুব ভালো লাগলো,Positive
খুব সুন্দর মভি,Positive
মুভিটা  অসাধারণ,Positive
অনেক  সুন্দর,Positive
পুরাতন মুভি,Negative
ভালো লাগলো মুভিটা,Positive
ভালো মুভি,Positive
অসাধারণ একটা মুভি,Positive
অসাধারণ একটা মুভি।,Positive
ভাই সবাই রিপোর্ট দেন এই চ্যানেলে,Positive
মুভিটা  আসলেই অনেক সুন্দর কিন্তু লাস্টের দিকে অনেক কষ্ট লাগলো,Positive
সুপার  দেশপ্রেম কি তা এই মুভি দেখে বুঝা যায়।,Positive
আমাদের ভোট অধিকার ফিরে পেতে চাই,Positive
আমি কমে দেখছি ১২ বার,Positive
"উপরে আল্লু অর্জুনের ছবি, ভেতরে কাল্লু অর্জুন",Positive
"এসন ছবি মানে দেশপ্রেম,,,,,",Positive
মুভি টা অনেক সুন্দর হয়েছে  কিন্তুু দেশ প্রেমিক হলে মরতে হবে এটা মানতে হবে শেষে এটায় বুঝায়ছে,Positive
তাকে ফাঁসি দিয়ে এটাই প্রমাণ করলো মে দুনিয়াতে খারাপ মানুষের জন্য যায়গা আছে। ভালো মানুষের জন্য না,Positive
জনগণ আইন তার নিজের হাতে তুলে নেয় তখনি যখন সে আইনের কাছে ন্যায় বিচার পায় না,Positive
একটু ভালোবাসার অভাব কেউ একটু ভালোবাসা,Positive
অনেক সুন্দর হইছে,Positive
"ফাঁসি  দেওয়া উচিত হয়নি,",Negative
"এক কথায় অসাধারণ,",Positive
একটা থামনেল দেন আর আরেক টা মুভি দেন,Positive
সত্যি মুভিটা অসাধারণ ছিলো,Positive
অসাধারণ,Positive
"মুভিটা অনেক ভালো লাগলো, শুধু খারাপ লাগলো রাষ্ট্রের জন্য এতকিছু করার পরেও রাষ্ট্র তাকে ফাঁসি দিলো৷",Positive
ভালো,Positive
এই ছবিটা বাংলাদেশের নেতাদের দেখাও উচিত,Negative
সত্যি অসাধারণ মুভি দেশ দরদী,Positive
অসাধারণ মুভি,Positive
অনেক সুন্দর,Positive
অসাধারণ,Positive
অসাধারণ একটা মুভি,Positive
অনেক সুন্দর একটা মুভি,Positive
সত্যি মুভি টা খুব সুন্দর লাগছে,Positive
আমার দেখা সেরা মুভি,Positive
ছবিটা খুব সুন্দর ছিলো,Positive
ভালো লাগছে খুব ভালো,Positive
কারা কারা মুভি চালিয়ে আমার মত কমেন্ট পড়তে আসেন?,Positive
খুব সুন্দর ছবি টা,Positive
সত্যি মুভিটা অনেক সুন্দর ছিল জীবনে অনেক মুভি দেখেছি এটা আমার শ্রেষ্ঠ মুভি দেখলাম আজকে অবিরাম ভালোবাসার টিমের জন্য,Positive
"খুব ভালো লাগছে,,, মুভিটা,,,,",Positive
মুভিটা অনেক সুন্দর হয়েছে। তবে ফাসি না দিলে আরো ভালো লাগতো।,Positive
এরকম মুভি আমার বয়েসেও দেখি নাই মুভিটা অনেক ভালো লাগলো দেশকে যারা ভালোবাসো তারা কমেন্ট করো 🇧🇩🇧🇩️️,Positive
দারুন ছবি,Positive
ঠিক শেষে এই পরিণতির টার জন্যই মানুষ সত্যিটা বলতে ভয় পায়।ডাস্টবিন থেকে ময়লা পরিষ্কার করতে গিয়ে যদি শাস্তি পেতে হয় তাহলে পরিষ্কার না করাই তো ভালো।,Positive
অনেক সুন্দর মুভি,Positive
এক  কথায়  অসাধারণ,Positive
আমাদের পৃথিবীতে শান্তি নেই।পৃথিবীটা একবারে শেষ হয়ে গেছে,Positive
সত্যি দারুন একটা মুভির,Positive
মুভিটা অনেক সুন্দর হয়েছে। তবে ফাসি না দিলে আরো ভালো লাগতো।,Positive
"ধারুন মুভি,",Positive
অনেক সুন্দর,Positive
খুব সুন্দর মুভি,Positive
মুভিটা অনেক সুন্দর হয়েছে। তবে ফাসি না দিলে আরো ভালো লাগতো।,Positive
অসাধারণ,Positive
সুন্দর অভিনয়,Positive
ছবি টা দেখে কাদার ইচ্চে হলো,Positive
অসাধারণ মুভি,Positive
অসাধারণ মুভি এটা,Positive
রাইট কথা,Positive
অসাধারণ একটা মুভি,Positive
অসাধারণ মুভি,Positive
খুব সুন্দর মভি,Positive
খুব সুন্দর মুভি,Positive
নাইস,Positive
গুড মুভী,Positive
খুব ভাল লাগলো,Positive
এই ছবিটা সরকারি লোক দের দেখা উচিত,Negative
শেষটা এমন না হলে পারতো। ভালো লাগলো না শেষটা,Negative
অসাধারণ মুভি।,Positive
মুভিটার নাম কি,Positive
একেবারে সঠিক কথা ও কাজ,Positive
এমন আইন কে গৃনা করি,Negative
ভালো  লাগলো,Positive
আমার দেখা  সেরা  মুভি,Positive
মুভিটা আমার সেই রকমের ভালো ঠেকছে,Positive
অসাধারণ,Positive
এমন দেশ ভক্ত দরকার নাই,Negative
আইনের চোখে অপরাধী মনে হলে ও আমার ভালো লাগে কারন বর্তমান দেশের আমলা দের দেখে,Negative
অনেক সুন্দর,Positive
চোখে পানি  চলে এলো,Positive
খুব ভালো লাগছে,Positive
একা  একা  নায়ক. গিরি  দেখালে  আ. সমাজ. বদলাবে  না  এর. জন্যে  সংঘটন. দরকার,Positive
খুব ভালো হোয়েছে,Positive
চভি কুব সুন্দর,Positive
নাইচ,Positive
এমন মুভির কয়েকটা নাম জানালে কৃতজ্ঞ থাকবো।,Positive
আমার প্রথম দেখা একটা সেরা মুভি নেতা দের এমন ভাবে মরা উচিত,Positive
"অসাধারণ ছবি, তাই যদি হয় তাহলে আমার বাংলাদেশে হাজার কোটি টাকার হিসাব নেই।সত্য বললে হয় খুন না হয় গুম।",Positive
সত্যি তামিল সিনেমা গুলো দেশ এবং জনগণের কথা বলে যেদিন থেকে আমি তামিল সিনেমা দেখা শুরু করেছি সেদিন থেকে আমি অন্য সিনেমা দেখা বন্ধ করে দিয়েছি সত্যিই অনেক শিক্ষণীয় ব্যাপার আছে,Positive
সত্যিই অসাধারণ মুভি,Positive
এটা কিন্তু টিকনা,Negative
ইন্ডিয়া মুভি কিন্তু  দেখে ভাবলাম বাংলাদেশের পরিস্থিতি  এমনি হচ্ছে,Negative
এমন বাংলাদেশ এ হচ্ছে এখন,Negative
অস্তথির মুভি,Positive
ফাজলামো করেন। পিক একরকম মুভি অন্য রকম।,Negative
সত্যি খুব কষ্ট লাগলো,Negative
বাংলাদেশের মতো হইছে,Negative
একে বলে দেশপ্রাম,Positive
শেষটা ঠিক হয় নাই,Negative
ফাসি টা মানতে পারলাম না,Negative
যাকে থাম মিলে দেখে মুভিটা দেখতে এলাম তাকে পেলাম না,Negative
ঠিক তাই পরুশ তো পুরুশ নয়,Negative
"থামনেল দিয়েছেন একটা, আর ছবি দেখালেন একটা ?",Negative
তাহলে পুলিশ ও সমান অপরাধী,Negative
তাকে মাফ করা ভালো হত। খুব খারাপ করল সিবের সাথে আইন।,Negative
শেসটা টিক হয়নি,Negative
এতো বড় ধোকা,Negative
মুভিটা খুব সুন্দর,Positive
কে কে এখানে ঘুরতে?? ঘোরাফেরা স্বাস্থ্যের জন্য ভালো।,Positive
"মুভি থামনেল একটা, আর মুভি আরেকটা।",Negative
তামিলরা ভালো মুভি তৈরি করে।,Positive
ভাল কাজ করে ফাসি। ভাল লাগলোনা।,Negative
আমার খুব খারাপ লেগেছে।শেষটা দেখে।,Negative
বাংলাদেশে ঠিক এমন একজন দরকার,Negative
পরিচালক মনে হয় মেয়াদোত্তন ও গাঁজা খাইছিল,Negative
পাসি দেওয়াটা টিকহয় নি,Negative
উনি যে কাজ করেছে উওম। তবে তাহাকে ফাঁসি দেওয়া টা ভূল হয়েছে,Negative
"শেষে ফাশি না দিলেও পারত,,,কেননা তার জন্যই তো দেশ থেকে খারাপ, দূর্নীতিবান লোক দূর হলো।।",Negative
মুভির থামেলার সাথে ছবির কোন মিল নাই,Negative
"সে যা করেছ তা আনলিগেল, কিন্ত ভুল নয়।। যা পুলিশ করতে পারেনি, তা সে নিজে করেছে।",Negative
আমি এই মুভি দেখে বলছি দেশের জন্য পাণ দিছে সে বাস্তবে কেউ এমন করতো আমার বলার ভাষা থাকতো না,Negative
দশটা চোরের সাথে একটা ভাল মানুষ কি করবে,Negative
এই বেযাদব রা ছবির মধ্যে নবীকে টানেন কেনো,Negative
দেখাশ একটা আর দেশ আর একটা জত সব,Negative
মুভির নাম অর্ধ নারী,Positive
পাগল🇧🇩,Negative
ফালতু নায়ক আর ফালতু মুভি,Negative
ফালতু,Negative
পালতু  ছবি,Negative
এমন একটা মুভি যে দেশের জন্য এই সমাজের জন্য সব কিছু করেও তার পরিনতি হলো ফাঁসি। আমি আমার জীবনে অনেক মুভি দেখেছি এমন মুভি এই পোথম দেখলাম।,Negative
বাংলা দেশের অবস্তা খারাপ,Negative
এটাতো বাটপারি,Negative
"চমৎকার, অসাধারণ, ওয়াউ, যা-ই বলিনা কেন, বস না থাকলে গল্পটা এতো সুন্দর হতো না। স্যালুট বস।",Positive
সত্যি অনেক ভালো  লাগলো ধন্যবাদ,Positive
মুভিটা না দেখেই কমেন্ট দেখতে আসলাম। সবাই বলে ভালো বাট এখন সময় নেই পরে দেখবো,Positive
দারুণ,Positive
অসাধারণ মুভিটা এরকম আরো মুভি দেখতে চাই,Positive
অসাধারণ এই মুভিটা দেখে মনটা ভালো লাগছে,Positive
সত্যের একটা অসাধারণ মুভি,Positive
আরো অনেক অনেক বাংলা ডাবিং থ্রিলার মুভি চাই,Positive
ভালহ,Positive
আমি বাংলাদেশ পিরিজপুর থেকে দেখছি,Positive
খুব সুন্দর মুভি,Positive
"আমি সহিদ বাংগালী,বাংলাদেশ টু ডোবাই।",Positive
অসাধারণ মুভি,Positive
আমার মন একেবারে জুড়ে গেছে,Positive
অসাধারন,Positive
সবাইকে অনেক ধন্যবাদ আমি এই ছবি গুলো দেখে মনে অনেক আনন্দ হচ্ছে,Positive
"খুব সুন্দর একটি ছবি, ভালো লাগলো।",Positive
বাংলা দেশ থেকে দেখলাম। ভালো লাগলো।,Positive
ইসলামে হচ্ছে পৃথিবীর একমাত্র শান্তির ধর্ম,Positive
খুব ভালো লাগলো মুভি টা এমন মুভি আর চাই ধন্যবাদ আপনাদের কে,Positive
সুন্দর,Positive
ভালো একটা মুভি এরাকম বাংলা ডাবিং সাবটাইটেল ভালো লাগে,Positive
সত্যি বাংলাদেশের মত হুবুহু মিল আছে,Positive
ধন্যবাদ ভাই,Positive
"অসংখ্য ধন্যবাদ ভাই এরকম মুভির দেওয়ার,জন্য",Positive
অসাধারণ একটা মুভি অনেক অনেক ধন্যবাদ,Positive
"সনাতন ধর্মই একমাত্র পৃথিবীর সেরা  ধর্ম,,,।",Positive
অনেক ভালো 44:30,Positive
সত্যিই খুব সুন্দর মুভি,Positive
মোঃ হৃদয় ইসলাম অসাধারণ একটি ছবি,Positive
সত্যিই ছবিটা অনেক সুন্দর,Positive
খুব সুন্দর একটা মুভি,Positive
আমি  ঢাকা রাম পুরা থেকে  দেখছি,Positive
অসাধারন,Positive
এই মুভিটা আমি ২ বার দেখেছি ভালো লেগেছে  আমার কাছে মুভিটা,Positive
অনেক  সুন্দর মুভি,Positive
ওনেক সুনদর একটা মুভি বিউটিফুল,Positive
খুব ভালো লাগছে মুভিটা+1,Positive
যারা কমেন্ট দেখে মুভি দেখেন তাদের জন্য মুভিটা,Positive
বোয়ালমারী থেকে দেখছি আমি,Positive
আমার কাছে অনেক ভালো লাগলো মুভি দেখে,Positive
শাহিন,Positive
আমি কোনাবাড়ি গাজীপুর থেকে,Positive
"হিরু না জিরু,,,,,ভিলেন এর যোগ্য রাখে।",Positive
সুপার মুভি টা সেই,Positive
অসাধারণ ছবি,Positive
বাগেরহাট জেলা  থেকে দেখছিহ,Positive
মাই ফেবারিট হিরো,Positive
এই মুভিগুলো যারা করে তারা ইসলামবিরোধী স্পষ্টই বুঝাগেলো। ইসলাম কোন দেশ বিরোধী নয়। ইসলাম একটি শান্তির ধর্ম।,Positive
আমি নগর কান্দা থেকে দেকছি মভি,Positive
আমি ঢাকা হাজারীবাগ থেকে দেখেছি,Positive
সত্যি খুব উপভোগ করছি,Positive
অসাধারণ মুভি ভালোই লাগলো,Positive
খুব সুন্দর মুভি ধন্যবাদ,Positive
অসাধারণ মুভি,Positive
সত্যি আইন যদি এভাবে ছলাতো তাহলে সব দেসর মানুষ শান্তিতে বসবাস করতো আর বাংলাদেশের আইনতো মাশাআল্লাহ ফুল মুভিটা দেখলাম আর লাষ্টৈ একটা কমেন্ট না করে পারলাম না সত্যি অসাধারণ একটি ছবি আসসালামু আলাইকুম,Positive
আমি দেখতেছি রসুল পুর থেকে,Negative
খুবই ভালো লাগছে মুভিটা,Positive
আমি আরিফ বাঙ্গালী  এখন দেখছি,Negative
খুব সুন্দর মুভিটা,Positive
বন্ধু সবাই হতে পারে কিন্তু ঝরিয়ে ধরে কান্না করার মতো বন্ধু কেউ নেই  এমন একটা তুমি চাই  যে শুধু আমাকে বুঝবে,Positive
আমাদের দেশ টাকেও এরকম করে রেখেছে,Positive
সত্যি কথা বলতে সত্যি ই্ই আমি খুব হাপী,Positive
"টর্চার  সিনটা ভালো হয়েছে, হা হা হা",Positive
আমি সোদি দেকে দেকতেছি,Negative
নাইছ,Positive
অসাধারণ একটা  মুভি,Positive
অনেক ভালো,Positive
ভালো ছিলো অনেক,Positive
সুপার,Positive
আমি ও দেখছি,Positive
সুন্দর একটা মুভি,Positive
পুরোটাই কাল্পনিক এই ধরনের বাস্তবে কিছু হওয়া সম্ভব না,Positive
ভিডিও আগে দেখেছি সুন্দর ২৫/৪)২০২৩ দেখলাম,Positive
ভালো লাগতাছে,Positive
নাইছ মুভি,Positive
সুন্দর মুভিটা,Positive
অসাধারণ,Positive
"মুসলিম, দের, ছোট, করার জন্য, এই, ছবি",Negative
সত্যি বলছি। ছবি।টা। অসাধারণ,Positive
মুভি টা ভালো লাগছে,Positive
খুব সুন্দর মুভি,Positive
বিউটিফুল,Positive
অস্তির মুভি,Positive
অনেক সুন্দর,Positive
খুব সুন্দর একটা ছবি,Positive
খুব সুন্দর মুভি   খুব সুন্দর মুভি,Positive
ইন্ডিয়ান প্রতিটা মুভিতে কেনো প্রতিটা টেরোরিস্টকে একজন মুসলিম হিসাবে ‍উপস্থান করা হয়। এর দ্বারা মুসলিম বিদ্বেস ছড়িয়ে দেওয়া হচ্ছে গোটা ভারতে যা খুবই দু:খজনক।  এরজন্য একদিন ভারতবর্ষকে হয়তো চরম মূল্য ‍দিতে হতে পারে।,Positive
ভালের মুভি। ভন্ডামি ছাড়া আর কিছু নাই।,Positive
সাম্প্রদায়িক দাঙ্গা লাগানোর মুভি।,Positive
নাইছ,Positive
নাইস,Positive
সুপার মুভি।আই লাইকড,Positive
একের ছবি।,Positive
নাম কি মুভির,Positive
ভালো,Positive
"ধন্যবাদ বস,এবং ভাবি",Positive
হজআমক,Positive
আমার মুভি খুবে পছন্দ,Positive
খুবই ভালো লাগছে মুভিটা,Positive
অসাধারণ,Positive
অসাধারণ মুভি,Positive
অনেক ভালো,Positive
হুম,Positive
অসাধারণ,Positive
ফালতু,Negative
ঘৃণা করি ইন্ডিয়ান ছবি সব সময় মুসলমানদের বিরুদ্ধে মুসলমান যদি ইচ্ছা করত অন্য কোন ধর্ম ইন্ডিয়ায় থাকত না।,Negative
ণ,Positive
এই মুভিটার নায়ক ভালো লাগেনি,Positive
ইসলাম কে ছোট করে এমন মুভি কি করে ভালো হয়,Positive
ফদসঁ,Positive
বুঝতে অনেক সুবিধা বাংলা করাতে,Positive
হ,Positive
কমেন্ট পড়ে মুভি দেখা লোক আমি,Positive
দেশদ্রোহী বলতে কি শুধুই মুসলিম?,Positive
"সন্ত্রাসী মানে মুসলিম,ইন্ডিয়ার প্রতিটি সিনেমায় এই ধারণা দেওয়া হয়।এইজন্য ইন্ডিয়া সিমেমা আমি ঘৃণা করি",Positive
আমার মত কে কে সবাই কমেন্ট পড়তে এসেচেন,Positive
এটা এমন একটা জিনিস সবাইকে ভালোবাসা যায় আমি আমার আল্লাহকে ভালবাস,Positive
১ ঘন্টার মধ্যে ১০০ জন আল্লাহ প্রেমিক চাই,Positive
আলহামদুলিল্লাহ আমরা সবাই ইসলাম এর পথে চলার চিষ্টা করবো,Positive
আমরা সবাই ইসলাম এর পথে চলার চিষ্টা করবো,Positive
আমি জিন ও মানব জাতিকে সৃষ্টি করেছি একমাত্র আমার ইবাদত করার জন্য,Positive
আল্লাহ  আপনাদে হেদায়েত  করুন আমিন,Positive
কালেমার দাওয়াত দিয়ে গেলাম লা ইলাহা ইল্লাল্লাহু মুহাম্মাদুর রাসুলুল্লাহ (সাঃ),Positive
খুব ভালো লেগেছে,Positive
ইনশাআল্লাহ  আল্লাহর পথে চলতে সেষ্টা করব,Positive
রাসূল (স) আমাদের আদর্শ,Positive
খানে দেহি সব আমার প্রাণ প্রিয় নিবিজীর উম্মত,Positive
আমাদের দিন ইসলাম আমাদের রব আল্লাহ 🇸🇦🇸🇦,Positive
অনেক সুন্দর হইছে ধন্যবাদ,Positive
অসাধারণ একটি মুভি অনেক আনন্দ পেলাম ধন্যবাদ,Positive
সবাই নামাজ পরি আল্লাহ তায়ালার সেবা করি,Positive
আমি তোমায় ওনেক ভালোবাসি আল্লাহ,Positive
খুব সুন্দর,Positive
আজতেকে সিজার ভাই সরাইল উপজেলার এমপি️️️+লাভ ইউ️️️,Positive
লা ইলাহা ইল্লাল্লাহু মুহাম্মদুর রাসুলুল্লাহং,Positive
এই নায়কের আরো বাংলা মুভি চাই প্লিজ,Positive
ইনশাআল্লাহ আমরা সবাই আল্লাহ পথে চলে বো ।,Positive
অনেক ভালো লাগলো ️,Positive
অসাধারণ,Positive
রাসূল (স) আমাদের আদর্শ,Positive
আজতেথে সবাই কে অনেক ভালো বাসি ️️️,Positive
আমার সবাই ইসলামের পথে চলার চেষ্টা করবো।,Positive
এই নায়কের আরো বাংলা মুভি চাই,Positive
নবীর উম্মত বেচে আছে,Positive
আলহামদুলিল্লাহ,Positive
আমার মা বাইরে কে অনেক মিস করি,Positive
আল্লাহ আমি  তুমাই অনেক ভালো বাসি,Positive
অসাধারণ,Positive
"বেশ, ভালো চিনামা ভালো লাগলো। ধন্যবাদ। এমন সিনেমা চাই।",Positive
মাশাআল্লাহ আলহামদুলিল্লাহ,Positive
চলে আসুন বন্ধুরা ইসলামের পথে হে বন্ধুরা সবাইকে বলছি,Positive
আমি মুছলিম আমাৰ ধৰ্ম ইছলাম এটাই আমাৰ পৰিচয়,Positive
আল্লাহ মহান,Positive
হে আল্লাহ আপনি আমাকে ঈমান সাথে যেন চলতে পারি তৌফিক দান করুন আমীন,Positive
সুন্দর ছিল,Positive
ভালো আছে,Positive
সেই অসাধারণ,Positive
"আমি,তোমায়,ভালবাসি",Positive
ভাই আপনি লাহর কবে যাবেন অপেক্ষায় আছি,Positive
নাইস,Positive
যতক্ষণ তুমি তোমার জীবনের চেয়ে বেশি ভালবাসতে পারবে না ততক্ষণ তুমি আমার উম্মত না এ কথাটা কার বলেন তো???????,Positive
রাসূল (স),Positive
সবাইকে ইসলামের দাওয়াত রইল,Positive
নাইছ,Positive
কমেনস গুলো ভালো,Positive
পাঁচ  ওয়াক্ত নামাজ পড়ুন  আলাহ কে সরন করুন,Positive
হ্যালো আসসালাম ভাইয়া কেমন আছেন তো আপনার নাম্বারটা কি দিতে পারবেন আপনার সাথে একটু কথা বলব,Positive
মুভিটা ভালো লাগলো,Positive
আলহামদুলিল্লাহ,Positive
মুভি দেখতে এসে আল্লাহর নাম নিচ্ছ    মুভি দেখতে  এসছো  মুভি দেখ আল্লাহর নাম কেন নিচ্ছো,Positive
আমরা শেষ নবীর উমমত,Positive
অনেক অনেক সুন্দর হয়েছে,Positive
আমি ও তোমাকে  ভালো  বাসি  আল্লাহ্,Positive
ইয়া রাসুলুল্লাহ,Positive
ছবিটা দারুন,Positive
মুভির নাম কি,Positive
শেষটা শেষ হলোনাহ,Positive
সুন্দর মুভি,Positive
খুব ভালো,Positive
বাংলাদেশ ছবি,Positive
অনেক সুন্দর হয়ছে,Positive
জয় বাংলা জয় বাংলা,Positive
নিউ রেলিজড,Positive
আসলেই ভাই যা দেখলাম,Positive
জা বাক সবাই চল গোয়ে আসি,Positive
দাওয়াত দিতে গেলে তাবলিগেজা মোভিতে নয়,Positive
নবী মোহাম্মদ সঃআঃ এর দেখানো পথে যেনো চলতে পারি আল্লাহ,Positive
কালেমার দাওয়াত দিয়ে গেলাম লা ইলাহা ইল্লাল্লাহু মুহাম্মাদুর রাসুলুল্লাহ (সাঃ),Positive
এখানে দেহি সব আমার প্রাণ প্রিয় নিবিজীর উম্মত,Positive
আলহামদুলিল্লাহ আমরা সবাই ইসলাম এর পথে চলার চিষ্টা করবো,Positive
খুব ভালো লেগেছে,Positive
রাসূল (স) আমাদের আদর্শ,Positive
আজতেথে সবাই কে অনেক ভালো বাসি,Positive
সিনেমা হলে দেখি আল্লাহ প্রেমিকের অভাব নাই আমিতো অবাক কমেন্ট পড়তে পড়তে আমি শেষ,Positive
অসাধারণ,Positive
নাইস,Positive
রাসূল (স) আমাদের আদর্শ,Positive
নবী মোহাম্মদ সঃআঃ এর দেখানো পথে যেনো চলতে পারি আল্লাহ,Positive
নবী মোহাম্মদ সঃআঃ এর দেখানো পথে যেনো চলতে পারি আল্লাহ,Positive
নবী মোহাম্মদ সঃআঃ এর দেখানো পথে যেনো চলতে পারি আল্লাহ,Positive
এখানে দেহি সব আমার প্রাণ প্রিয় নিবিজীর উম্মত,Positive
এখানে দেহি সব আমার প্রাণ প্রিয় নিবিজীর উম্মত,Positive
নবী মোহাম্মদ সঃআঃ এর দেখানো পথে যেনো চলতে পারি আল্লাহ,Positive
এখানে দেহি সব আমার প্রাণ প্রিয় নিবিজীর উম্মত,Positive
খুব সুন্দর একটা মুভি,Positive
আমি জানি না যারা ইসলামের কথা বলে তারা এ  সব  দেখে কেন?,Positive
"ধন্যবাদ এতো  সুন্দর একটা মুভির এক্সপ্লেইন দেয়ার জন্য ,,,আমার উডবি ও একজন সৈনিক,,,, এই মুভিটা দেখার পর তার প্রতি শ্রদ্ধা  আরও বেড়ে গেল",Positive
আপনি কঠিন একটা লোক  এটা বলার অধিকার আমার আছে,Positive
অনেক সুন্দর  একটা মুভি পরিবার  নিয়ে দেখা যায়। অনেক ভালো লাগলো। মহেশবাবু খুব প্রিয় নায়েক।দারুণ খুব ভালো মুভি।,Positive
মুভির চেয়ে আপনার কথাগুলো সুন্দর লাগে ভাই ️,Positive
ভাই রে ভাই জীবনের প্রথম কোন ইউটিউব ভিডিও দেখে কমেন্ট করলাম।পুরাই অস্থির ছিলো আপনার ভিডিওর বর্ননা টা,Positive
আপনি এতো সুন্দর করে বলেন কি বলবো।অভ্যাস হয়ে গেছে আপনার এক্সপ্লেনেশন শুনার।,Positive
সে-ই ছিল মুভিটা  অস্থির ️থ্যাংক ইউ।,Positive
সত্যিই আপনি যখন বলেছিলেন গায়ের লোম দাঁড়িয়ে যাবে তখন ঠিকই আমার শরীর শিউরে উঠলো। কেমন একটা অনুভূতি হলো।,Positive
"সত্যি বলতে মুভিটা হাসাতে হাসাতে কাঁদিয়েছে আবার হাসিয়েছে, আর এডিটিং টা খুবই ভালো ছিলো।",Positive
"আমি একটা ছবি দুই তিন বার দেখি, আপনার কথা শোনার জন্য, আপনার কথা খুব ভালো লাগে ভাইয়া....️️️️️",Positive
ধন্যবাদ ভাই। যা পাওয়ার অধিকার আপনার আছে ️️️,Positive
ও ভাইয়া এতো সময় গালফ্রেন্ড এর জন্য ওয়েট করি নাই। যে সময় আপনার ভিডিও জন্য করি।। অবশেষে পেলাম,Positive
তোমার মুভি এক্সপ্লেইন এর অপেক্ষায় থাকি। তুমি মানেই আলাদা কিছু। যতোই হোক আমার এলাকার মানুষ বলে কথা,Positive
"আমার সব থেকে বেশি মজার লেগেছে পুলিশ কে উকিল টা যখন ভিডিও পাঠায়েছে,, আর আপনার বলা সেই মুহূর্তের কথা",Positive
তোদের পরিবারকে রক্ষা করার জন্য একটা পুরুষ দরকার এখন।।। কথাটা কলিজায় লাগলো। আল্লাহ আমার পরিবার কে জেনো ভালো রাখে।।,Positive
অস্থির একটি মুভি এত সুন্দর করে বুঝিয়ে দেয়ার জন্য অনেক অনেক ধন্যবাদ আপনাকে,Positive
পুরো মুভিটা দেখছি কিছু দিন আগে আবার রিভিউ দেখলাম,Positive
"অনেক বেশি ভালো লেগেছে,যত প্রশংসা করিনা কেনো,তাতেও কম হয়ে যাবে।",Positive
"সত্যিই ভাই,স্যালুটের সময় লোম দাড়িয়ে গেছিলো। ️️",Positive
আহা আমার ড্রিমম্যানের মুভি! পিচ্চিকাল থেকে তার জন্য ফিদা ৷ ধন্যবাদ ধন্যবাদ,Positive
আপনাকে অসংখ্য ধন্যবাদ ভাইয়া..  আমি এই মুভিটা তামিল না যেনো তেলুগু ভাষায় দেখছি কিন্তুু ঠিক মতো বুঝতে পারি নাই ধন্যবাদ,Positive
আপনার সকল মুভি এক্স প্ল্যাইন গুলাই দেখি এবং খুব ভালো লাগে,Positive
আপনি বাংলাদেশের!  আপনার কন্ঠের প্রেমে পড়ে গেলাম,Positive
"অসাধারণ কাহিনী,,আর তার চেয়েও অসাধারণ আপনার  ব্যাখ্যা করার ধরণ,,,",Positive
তামিল মুভিগুলো সত্যিই অসাধারণ। বিশেষ করে মহেশ বাবুর মুভি মানেই আলাদা কিছু।,Positive
মুভিটি আগেই দেখেছি আজ আপনার এক্সপ্লেশন  অসাধারণ মুভি দেশের জন্য একটা মেসেজ ছিলো ️,Positive
"তামিল মুভিগুলো কোন না কোন বাস্তবতার ভিত্তি  নিয়ে তৈরি। প্রতিনিয়ত এই মুভির বাস্তবতা আমরা হারে হারে টের পাই। আর এই বাস্তবতা যখন মুভির মাধ্যমে আপনার কণ্ঠ শুনি,তখন সত‍্যি অসাধারণ লাগে। ধন‍্যবাদ....",Positive
একটা কথাই বলবো ভাই অস্থির হইছে মুভিটা,Positive
"মুভিটা দেখছি অনেক আগেই,কিন্তু আজ আপনার ভিডিওটা দেখে নিলাম ভালো লাগছে",Positive
এই এক্সপ্লেনটি অনেক খুজেছি আজ পেলাম ধন্যবাদ ভাই,Positive
আপনার বলা কথা অনেক সুন্দর আর মার্জিত এক কথায় অসাধারণ খুব ভালো লাগলো,Positive
আমি আপনার সবগুলু মুভির এক্সপ্লেনেইশন দেখেছি,Positive
"আমি এই মুভিটি দেখেছি আমার খুব ভালো লেগেছে, এখন আবার দেখছি, মহেশ বাবুর ছবি অনেক ভালো লাগে,,,,,",Positive
ধন্যবাদ এরকম নিয়মিত থাকবেন ️️️,Positive
"মুভিটা তো সুন্দরই, আপনার এক্সপ্লান তো আরো বেশি সুন্দর",Positive
ভাই আমি এই মুভি ইিন্দতে দেখেছি আপনার ইস্কপ্লেন খুব ভালো,Positive
"এক কথায় অসাধারন, কোন কথা হবেনা।",Positive
মা যখন ছোট ছেলের মৃত্যুর খবর টা পেলো ঐ মূহুর্তে চোঁখে পানি চলে আসছিলো  ।,Positive
"অসাধারণ কন্ঠ, প্লিজ একটা রিপলাই দেন ভাই",Positive
এক কথায় অসাধারণ মুভি অনেক অনেক ধন্যবাদ ভাইয়া,Positive
ধন্যবাদ  এরকম  একটা  মুভি সুন্দর   করে উপস্থাপন  করার জন‍্য,Positive
"অস্থির একটা মুভি, এক্সপ্লেইন অস্থির করে বুঝায়ছেন।",Positive
আপনার এক্সপ্লেনেশনটা বেশি ভালো লাগছে ভাইয়া!!️,Positive
"খুব সুন্দর,, ধন্যবাদ আপনাকে ️️️",Positive
"বস অসাধারণ আপনার কথার বন্ধু হয়ে গেলাম, আপনার কথা গুলো অনেক ভালো লাগল",Positive
দারুণ কাহিনি  সাথে দারুণ উপস্থাপন,Positive
সত্যি অনেক ভালো লাগছে,Positive
ভাইয়া আমি মুভি দেখতে আশি কি না জানি না কিন্তু আপনার কথার আমার খুব ভালো লাগে আপনার কথা প্রেম পরে গেছি তাই সব কিছু ছেড়ে আপনার কথা শুনি  খুব ভালো লাগে ধন্যবাদ আপনাকে,Positive
ভাইয়া আপনার কথা অনেক ভালো লাগে ️,Positive
"আমি আগেই দেখেছি। তবে আপনি আপলোড করেছেন বলে, পুরো টা আবার লক্ষী মেয়ের মতো বসে শেষ করেছি  ভাই ২ দিন পর পর হলেও একটা করে ভিডিও আপলোড করবেন। তাহলে আপনার ভিউ ও বাড়বে আর আমরা ও খুশি থাকবো।",Positive
অনেক ভালো লাগছে,Positive
শেষ টা দেখে চোখের পানি চলে আসছে,Positive
অনেক ভালো লাগছে ভাই আর কথা গুলো অনেক সুন্দর করে বলেন,Positive
অসম্ভব সুন্দর একটা ছবি আর মহেশ বাবু মানেই হিট।,Positive
আপনার কথা গুলো ভালো লাগলো,Positive
সত্যি অসাধারণ ️️️,Positive
"সত্যি,,,, শরীরের সব লোম দাঁড়িয়ে গেছে।।।। এরকম মা আজকাল আর দেখা যায় না",Positive
"ভাইয়া আপনার এক্সপ্লেইন খুব সুন্দর।আমি নিয়মিত দেখি।বাট একটু ধীরে ধীরে এক্সপ্লেইন করলে আরেকটু সুবিধা হতো,প্লিজ নেক্সট টাইম ধীরে সস্থিতে এক্সপ্লেইন করবেন,ধন্যবাদ",Positive
খুব ভালো লাগলো আপনার কথার ভঙ্গি গুলো,Positive
আমি ইউটিউবে ঢুকলে আমি মুভিগুলাই বেশি দেখি আমার অনেক ভালো লাগে থ্যাঙ্ক ইউ বেস্ট ফ্রেন্ড,Positive
আপনার কন্ঠ অসাধারণ  ️️,Positive
জাস্ট অসাধারণ মুভি। কিছু বলার নাই অসাধারণ মুভি ️️,Positive
ভাই আপনার মুভিগুলো দেখতে আমার অনেক ভালো লাগে কিন্তু আপনি রেগুলার মুভি কেনো আপলোড দেন না,Positive
ভয়েস অসাধারণ ️️,Positive
বাহ খুব সুন্দর এক্সপ্লেইন,Positive
খুব ভালো লেগেছে ধন্যবাদ,Positive
"এ কথাই অসাধারণ,,,,,,,,",Positive
"গরিবের কথা কাকে বলি, কথাটি খুব ভাল লাগল ভাই",Positive
আনেক ভালো লাগলো,Positive
ভাই দয়া করে এত সুন্দর করে কথা বলবেন না।প্রেমে পড়ে যাব আপনার ।,Positive
"অসাধারণ আপনার কথা গুলো, আরো নতুন ভিডিও চাই",Positive
আমার প্রিয় নায়কের মুভি দেওয়ার জন্য ধন্যবাদ,Positive
এতো ভালো লেগেছে যে আপনাকে  বোজাতে পারবোনা,Positive
সত্যিই মায়ের প্রতি স্যালুটে শরীরের লোম দাড়িয়ে গিয়েছে,Positive
কঠিন,Positive
"এমন একটা অজয় আমাদের বাংলাদেশের জন্য খুবি জরুরি,,",Positive
"আগে দেখেছি,  আবার দেখলাম  ,মহেশবাবুর ছবি গুলো  ভালো হয়।",Positive
অসাধারণ,Positive
অনেক সুন্দর একটা ছবি।,Positive
অস্থির অসম্ভব সুন্দর একটা মুভি,Positive
ভাই আপনার কঠিন কথাটা ভালো লাগে।,Positive
মুভিটা অসাধারণ চিলো ভাইয়া,Positive
অসাধারণ!!!!!!,Positive
ভাই আপনার কন্ঠটা অনেক সুন্দর,Positive
মহেশ বাবুর সিনেমার ভিডিও আরো চাই  মহেশ বাবু আমাদের সবার পছন্দের হিরো️,Positive
সত্যিই অসাধারণ,Positive
মুভি যতই দেখা হোক। মহেশ বাবুর মুভি আপনার কন্ঠে শোনা মিস করবো না ভাইয়া।,Positive
সত্যি শরীর এর লোম শিউরে ওঠেছে,Positive
অসাধারণ,Positive
অস্থির অস্থির অস্থির গল্প।,Positive
অস্থির মুভি,Positive
অসাধারণ একটি মুভি খুব ভালো লেগেছে ধন্যবাদ আপনাকে,Positive
মুভিটি খুব ভালো লেগেছে,Positive
ভাইয়া আপনার এক্সপ্লেইনেস্ন এত সুন্দর হয়েছে আমার ত হাসতে হাসতে পেত বেথা হয়ে গেছে,Positive
অসাধারণ একটি ছবি,Positive
মহেশ বাবু মানে একের ভিতর সব,Positive
খুবই ভালো লাগছে বয়েচটাতো অসাধারণ,Positive
অসাধারন,Positive
অনেক অনেক অনেক অনেক অনেক অনেক অনেক অনেক অনেক অনেক সুন্দৱ,Positive
অসাধারণ একটি মুভি,Positive
শুধু ভালো নয় খুব ভালো মুভি ছিল এটা,Positive
কমেন্টস করার ভাষা খোঁজে  পেলাম না। আলহামদুলিল্লাহ্,Positive
অসাধারণ মুভির ভাইয়া আপনার ভয়েজ টা অনেক সুন্দর ️️️️ অনেক ভালো লাগছে মুভিটা,Positive
বালাম সামে বালাম সামে   মজার ছিলো।,Positive
ভাই অস্থির হয়ছে️️,Positive
"এগুলো যদি বাস্তব হতো,,, প্রত্যেকটা দেশ কতো সুন্দর হতো,,, বিষেশ করে বাংলাদেশ",Positive
খুব সুন্দর হয়েছে মুভিটা,Positive
অনেক সুন্দর একটা মুভি দেখতে  অনেক  ভালো লাগে,Positive
আসলেই খুব ই সুন্দর,Positive
এক কথায় অসাধারণ ছিল,Positive
হাই আপনার বানানো মুভি আমার অনেক অনেক ভালো লাগে ধন্যবাদ এত সুন্দর সুন্দর মুভি বানানোর জন্য,Positive
মুভি অনেক সুন্দর সাথে এক্সপ্লেইন ও,Positive
আমার ছবি টা অনেক ভালো লাগছে। ️️,Positive
অনেক সুন্দর কাহিনী,Positive
অসাধারণ একটা মুভি,Positive
ভাইয়া আপনাকে এই মুভিটা দেয়ার জন্য ধন্যবাদ ভাইয়া,Positive
ভাইয়া আমাদের দেশটা যে কবে এরকম হবে আল্লাহ জানে,Positive
নাইছ ভাইয়া আমরা এরকমই মুভি চাই,Positive
এ টা দেখা অনেক সুন্দর লাগে,Positive
সেই লাগতাছে ভাই আপনার জন্য কামনা করি,Positive
কী বলবো বলার ভাষা নাই।,Positive
জটিল মাম্মা।,Positive
অসাধারণ ভালো ছিলো,Positive
চ্যানেল এর পাশে আছি ভালো লাগে,Positive
আপনার কথাগুলো সুন্দর,Positive
ভাইয়া অনেক ভালো লেগেছে,Positive
আর উপস্থাপনা দারুণ ছিলো,Positive
সুন্দর এক্সপেইন,Positive
খুব সুন্দর দারুন।,Positive
ভাই আপনার ভিডিওর জন্য অনেক অপেক্ষা করছি,Positive
মুভিটা দেখে ভালো লাগলো,Positive
অনেক সুন্দর মুভি,Positive
খুবই  সুন্দর,Positive
ওয়াও অস্থির,Positive
ধন্যবাদ ভাই,Positive
খুব সুন্দর একটা মভি,Positive
ধন্যবাদ  ভাই,Positive
এক কথায় অসাধারণ,Positive
শেষটা অনেক ভালো লেগেছিলো,Positive
নাইস,Positive
ভাই আপনার সব ভিডিও দেখি আরো বেশি বেশি ভিডিও চাই,Positive
একদম ঠিক কথা,Positive
অস্থির দাদা ভাল্লাগছে,Positive
অসাধারণ,Positive
এই সিনেমা দেখেছি হিন্দিতে,Positive
সত্যি অসাধারণ,Positive
ভাই তুমার ভিডিও  অসাধারণ,Positive
আমি প্রথম  কমেন্ট করছি,Positive
অসাধারন মুভি,Positive
অসাধারণ,Positive
ভালো মানুষের সাথে এরকমই হয়ে আসছে যুগের পর যুগ।আমরাও অপেক্ষায় আছি ওদের মতো আমরাও একদিন হবো। কিন্তু এই জনমে পিটন খেতেই যাবে।পরের জনমে ওদের মতো হবো।,Positive
খুব সুন্দর মুভি,Positive
আপনার এই কঠিন শব্দ টা ভালো লাগে,Positive
সেই হইছে ।,Positive
মুভির চেয়ে আপনার কথাগুলো খুব মিষ্টি ভাইয়া,Positive
অস্থির,Positive
সেরা ভাই,Positive
শেষে ২ মিনিটে আমার চোখ কেনো ভিজে গেলো? এর জন্য কি আপনি দায়ী নন?,Positive
দারুণ ️,Positive
কঠিন,Positive
মুভিটা খুব সুন্দর,Positive
দারুন,Positive
অস্থির,Positive
নাইস,Positive
দারুন,Positive
দারুণ ছিলো,Positive
মুভি খুব সুন্দর,Positive
ভাই আমি আপনার মুভিগুলো নিয়মিত দেখে  ভাই রামচরণ টাইগার শ্রফ উনাদের মুভি গুলো দেন না কেন,Positive
অসাধারণ,Positive
অসাধারণ,Positive
"আমি  আপনার সব মুভি গুলো,,,দেখে ফেলেছি,,,আমি আপনার বিগ ফ্যান,,,,,আপনার মোবাইল নাম্বার টা দেন,,,",Positive
হেব্বি মুভি,Positive
সবাই খালি কিউট আর সুইট চাই তাহলে আমাদের কি হবে,Positive
মাঝে ফালতু কমেডি সিন রেখে মুভির কোয়ালিটি ডাউন করে দিয়েছে,Negative
বালামসামে বালামসামে,Negative
আপনার মুদ্রা দোষ আছে,Negative
"সংস্কৃতি উচ্চারণে সমস্যা , এর ও উচ্চারণ সুবিধা লাগবে  বাঙালি হইছো কি করতে ভাই !!",Negative
ভারত বাংলাদেশে সেম রাজনীতি চলে দেখি।,Negative
কচু,Negative
ফালতু মুভি,Negative
একদম ফালতু একটা মুভি,Negative
প্রথমেই বলে রাখি আমাদের উদ্দেশ্য শুধুমাত্র আপনাদের বিনোদন দেওয়া। কোনভাবে কোন ধর্ম কে অপবাদ দেওয়া বা হেও পত্রিপন্ন করা নয়।ভিডিওটা অনেকেই নেগেটিভ ভাবে নিচ্ছেন কিন্তু এখানে সিনেমাতে পিকে শুধুমাত্র মানুষকে ধর্ম সম্বধে সঠিক নির্দেশনার কথা বলেছে। সম্পূর্ণ ভিডিওটা দেখলে আপনি বা আপনারা আমার মেসেজটা বুঝতে পারবেন আশারাখছি। ভুল ত্রুটি ক্ষমার দৃষ্টিতে দেখার অনুরোধ রয়লো।,Positive
প্রথমেই বলে রাখি আমাদের উদ্দেশ্য শুধুমাত্র আপনাদের বিনোদন দেওয়া। কোনভাবে কোন ধর্ম কে অপবাদ দেওয়া বা হেও পত্রিপন্ন করা নয়।ভিডিওটা অনেকেই নেগেটিভ ভাবে নিচ্ছেন কিন্তু এখানে সিনেমাতে পিকে শুধুমাত্র মানুষকে ধর্ম সম্বধে সঠিক নির্দেশনার কথা বলেছে। সম্পূর্ণ ভিডিওটা দেখলে আপনি বা আপনারা আমার মেসেজটা বুঝতে পারবেন আশারাখছি। ভুল ত্রুটি ক্ষমার দৃষ্টিতে দেখার অনুরোধ রয়লো।,Negative
মুসলমান হোতে গেলে এক আল্লাহ্ কে বিশ্বাস করা অবশ্যই জরুরী।,Positive
এই সিনামাটি মজার ছলে সত্যি কথা গুলো তুলে ধরেছে।,Positive
"পিকে আমার জীবনে দেখা অন্যতম প্রিয় সিনেমা,মাস্টারপিস ️ আর হবেই বা না কেন,রাজকুমার হিরানি আর আমির খানের যুগলবন্দী বলে কথা!এই দুজন একসাথে মানেই অসাধারণ কিছু হবে️️",Positive
সত্যি ভারতে আমির খান এর সিনেমার মত কোনো যুক্তি ওয়ালা  কেউ করেনা আমির খানের সিনেমায় অনেক জ্ঞান থাকে,Positive
আলহামদুলিল্লাহ আমি একজন মুসলিম হিসেবে এজন্য আমি আমার ইসলাম ধর্ম নিয়ে গর্ব করি... আর সুন্দর একটা মুভি আমির খানের...আল্লাহ এক আমরা মুসলমানরা এক আল্লাহকে বিশ্বাস করি...আমিন,Positive
"চমৎকার, চমৎকার, চমৎকার।  অনুবাদটি অসাধারণ হয়েছে । আর এ মুভির নিগূঢ় রহস্য প্রকাশ করার জন্য আপনাকে ধন্যবাদ। যদিও কিছু জায়গায় ভুল হয়েছে, কিন্তু এটা কিছু না। বলতে গেলে ভালোই হয়েছে।",Positive
"পি কে  এই চমৎকার মুভিটা দেখার পর আমার ২ টা হিন্দু বন্ধু ইসলাম ধর্মগ্রহণ করেছে, আলহামদুলিল্লাহ-|",Positive
এই সিনেমাটি আমি অনেক বার দেখেছি কিন্তু এই সিনেমাটি যে এতো শিক্ষণীয় তা আমি আজই বুঝতে পারলাম।,Positive
এটি আমার দেখা সেরা সিনেমা গুলোর মধ্যে একটি ছিল।,Positive
আল্লাহ তুমি মহান এবং তোমাকে অনেক ধন্যবাদ যে তুমি আমায় মুসলিম করে পৃথিবী তে পাঠিয়েছো,Positive
মুভিটা একাধিকবার না দেখলে এর ফিলিংসটা বোঝা যাবেনা সোনার থেকেও 100 গুন ইন্টারেস্টিং মুভি এটা,Positive
সব থেকে সেরা এবং সেরা শিক্ষণীয় সিনেমা 🇮🇳,Positive
যেমন নায়ক তেমনি পরিচালক,Positive
"অসাধারণ মুভি,,, ভালোবাসা অবিরাম ভাইয়া ️️",Positive
"আপনাকে ধন্যবাদ দেই,, এই কারণে যে,, অল্প সময়ে  সিনেমার সারমর্মটা আমাদের বুঝিয়েছেন,,আমাদের অনেকের সময়ের অভাব,হিন্দ,ইংরেজী ভাষা সহজে বুঝতে পারি না,, আপনি শিক্ষণীয় সিনেমা গুলো আমাদের প্র্যাকটিকেলি ফিল করাবেন।।",Positive
৬৩ বছরের মধ্য যিনি একটা মিথ্য কথা ও বলেন নাই তিনি হলেন আমাদের প্রিয় নবী হযরত মোহাম্মদ (সা:),Positive
মুভি এক্সপ্লেনেশন এ বেশ কিছু ভুল আছে তবে মুভিটাকে ভালোভাবে বুঝতে গেলে 2থেকে 3বার দেখা লাগবে আপনি এটি করেননি এটি একটি অসাধারণ মুভি ছিল তার পরেও আপনাকে ধন্যবাদ,Positive
ইসলাম মানে শান্তি সব কিছুর সমাধান,Positive
সব কিছুই ঠিক আছে কিন্তু একদম শেষ দৃশ্যের কথা গুলো তো বললেন না যেটা সবচেয়ে গুরুত্বপূর্ণ এবং দুঃখজনক ছিল যে   কে প্রচন্ড ভাবে ভালোবেসে ফেলে ছিল যা সে সর্বশেষ অবধি পর্যন্ত  কাছে প্রকাশ করে নি.,Positive
ইসলামের প্রধান স্তম্ভ হলো আল্লাহর প্রতি বিশ্বাস।,Negative
ভাই আগেত নিজে ভালো ভাবে বুঝেন তার পর  করেন আপনি অনেক কিছু মিস করে গেছেন  এই ছবিটি কোন ধর্মের নয় বরং বাস্তব বিষয় বস্তু তুলে ধরেছে আর আমি মনে করি শুধু হিন্দু ধর্মের লোকজন নয় সকল ধর্মেরও মানুষ এই ছবিটি দেখে সঠিক ধর্ম চিনে নেক  আল্লাহ আকবর,Positive
খুব ভালো লাগলো। কথাই সত্যি।তবে অনেক সংখেপে বলেছেন। ভালো করে ছবিটি কেউ যদি দেখে ও শোনো তবে অবশ্যই তার  আসবে।,Positive
মাশআল্লাহ সেরা মুভি,Positive
আপনার উপস্থাপনা অনেক ভালো হয়েছে।   .,Positive
"প্লিজ ধর্ম নিয়ে বাড়াবাড়ি করো না,,নিজ নিজ ধর্ম পালন করো,,, যাদের উপর আল্লাহর রহমত বর্ষিত হবে একমাত্র তারাই সত্যের পথ খুঁজে পাবে,, তাছাড়া কখনো সম্ভব না।এইটাই বাস্তবতা,,, সবাইকে ধন্যবাদ",Positive
সঠিক ধর্ম ইসলাম  মুভির মাধমে এটাই বোঝা গেল,Positive
আমরা মুসলিম হয়ে গর্ব করি,Positive
চমৎকার,Positive
"অনেক ইনফরমেশন মিসিং আছে ভাইয়া, নতুন হিসেবে শুভকামনা",Positive
"অভ্যাসকে জয় করাই পরম বিজয় । — হযরত আলী (রাঃ)  যা তুমি নিজে করো না বা করতে পারো না তা অন্যকে উপদেশ দিও না । — হযরত আলী (রাঃ)  উহাই শ্রেষ্ঠ দান যাহা হৃদয় হইতে উৎসারিত হয় এবং রসনা হতে ক্ষরিত হয়ে ব্যথিত এর ব্যাথা দূর করে । — আল হাদিস  সত্য লোকের নিকট অপ্রিয় হলেও তা প্রচার করো । — আল হাদিস  আল্লাহ তা’আলার ভয়ে তুমি যা কিছু ছেড়ে দিবে, আল্লাহ তোমাকে তার চেয়ে উত্তম কিছু অবশ্যই দান করবেন । — আল হাদিস",Positive
সৃষ্টিকর্তা সর্বশক্তিমান,Positive
অসাধারণ,Positive
আমি খুবই গর্বিত আমি একজন সনাতন ধর্মের অনুসারী হতে পেরে,Positive
আমি গর্বিত কারন আমি মুসলিম....! ️,Positive
সেরা সিনেমা,Positive
এক্সপ্লেনিংয়ে প্রচুর ভুলে ভরা,Positive
মুক্তি একমাএ পথ ইসলাম ️,Positive
"আমি এক আল্লাহ্ তে বিশ্বাষ করি, মহান আল্লাহ্ সৃষ্টিকর্তা এই বিশ্বের আর সমস্ত আরশের মালিক, সুবাহানল্লাহ্,  আলহামদুলিল্লাহ্, লা ইলাহ ইলল্লাহা, আল্লাহু আকবর",Positive
"কথা রেখেছি বাবা,সিনেমটি আপনাকে কাঁদতে বাধ্য করবে ://./PW3zmvLRlfs",Positive
"ভুল তথ্য দেন কেন ,, পিকে এখানে ভুলবসত থেকে যায়নি । সে এসেছিল এই প্লানেটে রিসার্চ করতে ।",Positive
মুভি টি অনেক ভালো লাগলো,Positive
"সবাই কে ঈদের অগ্রিম ঈদ মোবারক,,,",Positive
এই ধরনের মুভি দখলে ধর্মের সম্পর্কে জানতে পারা যায় এবং একটা চিন্তা করলে সঠিক ধর্ম খুজে পাওয়া যায়,Positive
মুভিতে সঠিকটাই দেখানো হয়েছে।,Positive
পিকে কিভাবে মানুষের মতো কথা বললো সেইটা বলা উচিত ছিলো।আমি পুরো মুভিটা দেখেছি,Positive
অসাধারণ বিশ্লেষণ,Positive
এই মুভিটি আমি অনেক বার দেখেছি,Positive
মুভিটার মধ্যে সঠিক ধর্ম সম্বন্ধে ধারণা দিসে,Positive
"ইয়ে মানে সব ই তো বুঝলাম । শুধু এটা বুঝলম না যে 3  মুভির ফারহান এর বাবা আর রাজুর মায়ের কিভাবে বিয়ে হলো। যেহেতু ফারহান এর কোনো বোন ছিল না ,কিন্তু রাজুর একটা বোন ছিল কাম্মু, তাহলে কি কাম্মু বড় হয়ে জাগ্গু হয়ে গেলো । এই  টা বোঝা বড়ো মুস্কিল।।।",Positive
ধন্যবাদ ।,Positive
প্রিয় ক্রিয়েটর আপনি কাহিনির অনেক কিছুই ঙ্কিপ করেছেন এটি উচিৎ নয়  গল্পটা পুরোপুরি বলা এবং উচিৎ ছিলো  তারপর ও ধন্যবাদ,Positive
"ওয়াও,অসাধারণ মুভি",Positive
একটা লকেট এর জন্য কতই না কষ্ট করল।,Positive
অসাধারণ একটা মুভি,Positive
গল্পটার মাঝে অনেক বড় ভুলের একটা সংশোধন পাওয়া যায় বিশেষ করে হিন্দুদের জন্য অন্যান্য জাতির জন্য আমাদের মুসলিম জাতির জন্য নয়,Positive
এই রকম মুভি দরকার,Positive
"লাইফে অনেক পিছিয়ে গেছি,,",Positive
পিকে মুভিটা অসাধারণ,Positive
অবশ্যই ইসলামই আল্লাহর(স্রষ্টার)নিকট একমাত্র দ্বীন/ধর্ম,Positive
খুব সুন্দর হয়েছে।,Positive
খুব ভাল,Positive
আল্লাহু আকবার,Positive
খুব সুন্দর লাগছে ভাই,Positive
ভালো,Positive
আপনি লাগে রাহো মুন্না ভাইয়ের   দিন প্লিজ,Positive
জগতের সের্ মুভি,Positive
অনেক কিছু বাদ পড়ে গেছে ভালোভাবে এক্সপেলেন হয় নাই,Positive
ইসলামের পথে আসোন,Positive
এই সিনেমার লেখকে ধন‍্যবাদ।,Positive
"তোমার ভিডিও সুন্দর হচ্ছে, শুভকামনা রইল।",Positive
মুভি দেখে মুসলিম হইছে।এমন একজনের গল্পঃ জানি।,Positive
ভাইরে ভাই হাসতে হাসতে শেষ,Positive
নাইছ,Positive
আজকে আমার মন ভালো নেই...!,Positive
আচ্ছা  মানে কি,Positive
মিথ্যা একদিন বিলুপ্ত হবেপ  সত্য যে দিন প্রকাশ পাবে। কাঠ পাথরের মূর্তি কে পুজো করা ঠিক না এক সৃষ্টিকর্তা মহান আল্লাহকে,Positive
ধন্যবাদ ভাই এই মুভির জন্য অপেক্ষায় ছিলাম,Positive
ভাই অনেক ভুল করেছেন ভিডিও তে,Positive
খুব সুন্দার হইছে বাট কিছু জাগায় একটু একটু বুল হইছে এই মুবিটা ১০ বার উপারে দেখছি,Positive
সরফরাজ নাম বদলে ইউসুফ করে দিলেন..,Positive
"*সমপূর্ন  ইসলামি  কালচার  আছে যেখানে, শান্তি সেখানে ,।  ইসলামি  কালচার নেই  যেখানে, অশান্তি সেখানে* ।এইজন্য  ইসলামিক কানট্রি গুলোতে অপরাধ নেই বললেই চলে ।",Positive
"কিন্তূ ওর নাম  ইউসুফ ছিলনা ওর নাম ছিলো সারফারাজ এছাড়া  আর ও অনেক কিছু ভুল আছে ,আগে ভালো করেন মুভি টা দেখেন ,দেখে বুঝেন তার পর মুভির  করেন",Positive
ভাই      এক্সপ্লেশন করবেন,Positive
মানে কি,Positive
হাস্যকর,Positive
মুভি নিজের মনগড়া কেন বলছেন??,Positive
ধন্যবাদ আপনাকে,Positive
ভুলবশত এলিয়েন পৃথিবীতে থেকে যায় এতে তো আপনি কই পাইছেন ?,Positive
"আপনার মুভি এক্সপ্লেইনটা ভালো হয়নি অনেকগুলো বিষয় মিস্টেক করেছেন, তাপসির ভবিষ্যৎবানি আগে    বলেননি, এইরকম বেশ কিছু বিষয় মিস্টেক করেছেন।",Positive
ফিনিশিং এর একটা সিন দেখান নি,Positive
অনেক  ভালো লাগল,Positive
মানে কি,Positive
ভাই ছবিটি আমার খুব প্রিয় ছিলো এটার আমি বাংলা ডাবিং খুজতেছি পাই না কারও কাছে থাকলে লিংক টা দিয়েন,Positive
খুব ভালো মুভি।,Positive
আলহামদুলিল্লাহ,Positive
ফুটেজ আটকান কেন,Positive
আমি গর্বিত আমি হিন্দু  তার থেকেও বেশী গর্বিত আমি ভারতীয়। জয় হিন্দ ।,Positive
এই মুভিতে এটাই বোঝানো হয়েছে ঈশ্বর এই এবং অদ্বিতীয় বিজ্ঞানের ভাষায় কসমীক এর্নাজি য়ে য়েই জাতীয় হক ভগবান এক য়ে য়েই নামেই ডাকি য়ে য়েই ধর্ম পালন করিএটাই বঝানো হযেছে আমার মনে হয়েছে মানুষও য়দি জিরো থটে য়েতে পারে ওই আমির খানযেই চরিত্রে অভিনয় টা করেছে এই রকম হতে পারা য়ায়,Positive
আপনি ভালো কে বলতে পারে না. কিভাবে কথা শিখল এইটা বলে নাই...,Positive
"ভাই, ফুল মুভি বাংলায় ডাবিং করে আপলোড করা যাবে?",Positive
"মেয়ে টি হিন্দু ছিলেন, খ্রিস্টান ছিলেন না,",Positive
মুভি এক্সপ্লেইন কর প্লিজ প্লিজ,Positive
ব্যাটারি শেষ হয়ে গেছে. ...  এই সিনটা দেখতে খুবই মজা লাগছিল,Positive
পাকিস্তান জিন্দাবাদ,Positive
খুব একটা সোজা না দাদা,Positive
এলিয়েন বলতে কিছু নেই।  সব ভূয়া,Positive
কোন ধর্মেই বলে নাই লোক দেখানো আমল বা ধর্মের নাম ব্যবসা  সামর্থ চেয়ে বেশি চাপিয়ে দেওয়া এগুলো কোন ধর্মে নাই এগুলো মানুষ তৈরী ব্যবসা  সত্য ধর্ম ইসলাম যেখানে বলা হয়েছে  আল্লাহ্ বিশ্বাস + সকল সৃস্টি ভালবাসা মায়া দয়া করা,Positive
বিশ্বের সেরা ধর্ম হচ্ছে ইসলাম ধর্ম ।,Positive
অনেক কাহিনী বলেন নি! সম্পূর্ণ কিভাবে হলো???,Positive
সবথেকে সেরা সিনেমা,Positive
সবটা মন গড়ানো। এখানে  মুসলিম ধরমকে সঠিক  বানানোর চেষ্টা করা হয়েছে। বাজে ছবি,Positive
আচ্ছা ভাই এই ছবিটার লিংক টা দেন,Positive
এমুভি র মধ্যে ইসলামকে সর্ব শ্রেষ্ঠ ধর্ম হিসেবে ফুটিয়ে তোলা হয়েছে।,Positive
এক্সপ্লেনিংয়ে প্রচুর ভুলে ভরা,Positive
ধন্যবাদ।,Positive
৬৩ বছরের মধ্য যিনি একটা মিথ্য কথা ও বলেন নাই তিনি হলেন আমাদের প্রিয় নবী হযরত মোহাম্মদ (সা:),Positive
শুশান্তের নাম ইউসুফ না। শুশান্তের নাম সারফারাজ।,Positive
অনেক ভুল এক্সপ্লেন,Positive
মুভির নাম কি?,Positive
দাদা মুভির  ভয়েস ওভার কি ভাবে দিব দাদা।,Positive
সৃষটিকর্তা কোন ধর্মেই মুর্তি পুজা করতে বলেনি,Positive
"আপনার,,, ভিডিও র সাউন্ড খুব কারাপ,,,",Positive
এলিয়েন প্রশাব করে হাস্যকর,Positive
"ইউসুফ না ভাই, সরফরাজ",Positive
ন,Positive
ছবির নামকি,Positive
ফালতু মুভি,Positive
ইউসুফ না সরফরাজ সরফরাজ খ্রিস্টান ছিল না মুসলমান ছিল,Positive
আল্লাহ,Positive
অসারন চবি দেকে যা বুজিনি আনার কতায় অনেক কিচু বুজেচি,Positive
ভাই মুবির নাম টা কি বলবেন,Positive
"প্রত্যেক হিন্দু গুলোর,, এই সিনেমা টা দেখা উচিৎ",Positive
যাগ্গু খৃষ্টান ছিল না হিন্দু ছিল,Positive
ছবিরনামকি,Positive
"একটা জিনিস আমরা বারবার ভুল করি স্রষ্টাকে সৃষ্টিকর্তা বলে চালিয়ে দেয় এটা অনেক বড় ভুল, তাই এখন থেকে আমরা সৃষ্টিকর্তা না বলে ষষ্ঠ বলার অভ্যস্ত হই",Positive
ইসলামই একমাত্র ধর্ম যেখানে সত্য এবং মিথ্যার সুস্পষ্ট বর্ণনা রয়েছে অতএব ফিরে এসো আশ্রয় নাও ইসলামের সুশীতল ছায়াতলে,Positive
মুলা না গাজর ওটা,Positive
ভালো হয়নি,Positive
আপুনি  কুন ধৃম,Positive
পাপ করলে পাপের দিকে পা বাড়াতে আর ভাবতে হয় না। পরকীয়ার মতো জঘন্য কাজ থেকে আল্লাহ্ সবাইকে রক্ষা করুন।,Positive
"আমার অনেক বেশি কষ্ট লেগেছে,  বুড়ো বয়সেও যে ভালোবাসা শেষ হয় না সেটাই এর প্রমান",Positive
বুড়ো হলেও যে ভালোবাসা শেষ হয়না️এটা দাদু প্রমান করেছেন ️,Positive
কদমফুল টা,Positive
"আপু তোমার মুভি গুলো অনেক ভালো লাগে,  তোমার ভিডিও ছাড়ার অপেক্ষা থাকি আমি,",Positive
"পরকীয়ার শুরুটা অনেক আনন্দের, শেষটা ভয়াবহ",Positive
লা ইলাহা ইল্লাল্লাহু মুহাম্মাদুর রাসুলুল্লাহ,Positive
"কুট্টিচানের আর অর বউয়ের প্রতি ভালবাসা দেখে চোখে পানি চলে আসছে,,,, খুবই সুন্দর একটা মুভি,,,,,,",Positive
শেষ মুহুর্তে চোখে জল আসার মতো অবস্থা। সত্যি রোমানা আপু আপনার অন্য সবার সাথে তুলনা হয় না।আর আজকের কমেন্টটাই আমার প্রথম কমেন্ট।ধন্যবাদ আপু এমন একটা সিনেমা আমাদের মাঝে উপস্থাপন করার জন্য,Positive
আপেক্ষায় ছিলাম আপনার মুভির জন্য আপু ( আপনার জন্য ভালোবাসা অবিরাম আপু,Positive
"আসলেই এটি সাংঘাতিক একটি হৃদয়বিদারক ঘটনা ছিল,পরকীয়ার বলি হচ্ছে আমাদের বাংলাদেশেও প্রতিনিয়ত বহু মানুষ,মানুষ একটা পাপকে ঢাকতে গেলে আরও দশটা পাপ করে ফেলে,এই ছবিটি তারই একটি প্রমাণ,অনেক ধন্যবাদ বোন রোমানা তোমাকে ভালো থেকো।",Positive
সত্যি খুব ভালো লেগেছে বুড়া বুড়ির ভালোবাসা দেখে ধন্যবাদ রুমানা এতো সুন্দর মুভি দেয়ার জন্য,Positive
খুবই সুন্দর একটা গল্প। ধন্যবাদ,Positive
এতো আত্মত্যাগ আপনি তার জন্য করুন যার কন্ঠ শুনে আপনার সারাদিনের কষ্টের কথা ও ভুলে যাওয়া যায়  খুব ভালো থাকবেন সবাই।।।।।।।।,Positive
সত্যি অনেক কষ্ট লাগলো।এমন মৃত্যু মানা যায় না।,Positive
কষ্টের ছিল শেষ পর্যন্ত । অসাধারণ অভিনয় ধন্যবাদ ।,Positive
শিক্ষণীয় সিনেমা। ধন্যবাদ রুমানা।,Positive
কুট্টি চানের একশোন ছিনটা জোছ ছিলো,Positive
"রোমানা আপুর ভিডিও জন্য অপেক্ষা করতে করতে শেষ হয়ে গেলাম, ধন্যবাদ আপু,,,, আপু অপেক্ষায় রইলাম  আরো ভিডিও জন্য, তোমার ভয়েস না শুনলে মন ভাল  হয়না",Positive
অসাধারণ মুবি ধন্যবাদ ।,Positive
রোমানা মানে সেই লেভেলের টুইষ্ট অসাধারণ একটা সিনেমা ধন্যবাদ রোমানা,Positive
আপনার কথা শুনার জন্য আসছি শুধু। আপনাকে অনেক ভালো লাগে।️️️️,Positive
কতদিন তোমার কন্ঠস্বর শুনিনি দিভাইআজ সাসপেন্স টা সত্যি অসাধারণ,Positive
কুট্টিচানের তার ব‌উয়ের প্রতি ভালোবাসা দেখে চোখে পানি চলে আসছে,Positive
মাশাল্লাহ আপনার কন্ঠ আরও বেশি মিষ্টি,Positive
দিদি আপনার ভয়েস খুব সুন্দর আপনার এক্সপ্লেইন করার টেকনিক টাও খুব সুন্দর।। আর মুভিটা সত্যিই খুবি অসাধারণ।। আর সত্যিই খুবই ঝটকা দায়ক মুভি।। ধন্যবাদ এরকম মুভি এক্সপ্লেইন করার জন্য।।,Positive
"বাস্তবতা তুলে দরার জন্য ধন্যবাদ,,,,,, আপু তুমি অনেক সুন্দর করে কথা বল,,,, শোনতে শোনতে অনেক চেনা মনে হয়,,,,,",Positive
সত্যিই অসাধারণ ভীষন ভয়ংকর,Positive
অসাধারণ একটা ভিডিও খুব ভালো লাগলো,Positive
আপুর সব ভিডিও গুলো ভালো লাগে,Positive
অসাধারণ কন্ঠ শুনে আমি  মুগ্ধ,Positive
কান্নায় চোখ ভিজে গেল বুড়ো বয়সেও এতোটা ভালোবাসা দেখে।,Positive
সত্যি  এই পরকীয়ার ঘটনাটা দেখে আমার পূরো সরীর শিহরিত। কতই না ভয়ংকর পরকীয়া। আল্লাহ আমাদের সকলকে হিফাযত করুন আমীন,Positive
সত্যিই দারুণ লেগেছে,Positive
তুমি প্রতিদিনই একটি করে ভিডিও আপলোড করো। তোমার ভয়েজ খুবই ভালো লাগে,Positive
আপু আপনার কন্ঠ অনেক সুন্দর,Positive
মুভিটি এত সুন্দর করে বানানো হয়েছে যে  যেন একেবারে বাস্তব। ভালোবাসা কতটা সুন্দর ও ভয়াবহ হতে পারে সেটা এই মুভির দারা বোঝানো হয়েছে। মুভিটা খুব সুন্দর হয়েছে।,Positive
স্বামী স্ত্রীর ভালোবাসা তো এরকমই হওয়া উচিত,Positive
এমন জঘন্য পরকীয়া থেকে আল্লাহ আপনি আমাদের সবাইকে বাঁচান।,Positive
"উফ রুমানা আপু এই রকম সত্যি ঘটনা নিয়ে মুভি, আর সাথে আপনার এক্সপ্লেইন জাস্ট অসাধারণ",Positive
অনেক ভালো লেগেছে,Positive
বুড়ো বয়সে যে ভালবাসা দরকার সেটা এই মুভি দেখে বুঝা যায়।সবাই যেন এরকম  হয় তাহলে পৃথিবীতে ভালবাসার  অভাব হবে না,Positive
একজন ভালোবাসার টানে প্রেমিকার সাথে অন্যায় কাজ করছে একজন অসহায় ব্যাক্তিকে মারলো আরেকজন ভালোবাসার টানে নিজের স্ত্রীকে বাঁচানোর চেষ্টা করছে। ভালোবাসা মানুষকে দুই রকম বানায় ।,Positive
সত্যি খুব সুন্দর ছিলো মুভিটা,Positive
অসাধারণ একটি মুভি। ভালোবাসা অবিরাম,Positive
"লাইক চাওয়ার ধরনটা ভাল লাগল,তাই লাইক ও সাবস্ক্রাইব দিয়ে দিলাম,এবং সত্যিই গল্পটা অসাধারণ",Positive
অসাধারণ পাগল হয়ে গেলাম,Positive
"কুট্টিচাঁন আর ওনার স্ত্রী কাহিনি টা কষ্টদায়ক খুব। পাপ ফলাফল সম্ভব নগদে হওয়াই ভালো। তাহলে মানুষ পাপ করতে একটু হলেও চিন্তা করতো মাকে দেখে রেখো কাহিনি টা বুঝলাম না,মা কি তাহলে বেঁচে ছিলো?",Positive
সত্যি অনেক সুন্দর মুভি,Positive
"শিক্ষা নিও মুভি, অনেক ভালো লাগলো",Positive
দেখার আগেই লাইক করে দিলামজানি বরাবরের মতোই ভালো হবে,Positive
খুব সুন্দর হয়েছে ভিডিওটা। আসলে তোমার মুভি এক্সপ্লেইন সত্যি খুব সুন্দর,Positive
সত্যিই অসাধারণ একটা মুভি... আর তার সাথে তোমার এক্সপ্লেনেশন আরোও অসাধারণ... আপি..,Positive
"শত ব্যস্ততার মধ্যে মনটা যখন খুব বেশি ক্লান্ত হয়ে যায়,, তখন যদি আপনার মুভি দেখি তাহলে,এক মুহুর্তের মধ্যেই মনটা ক্লান্তি ভুলে যায়,ও, মানসিক শান্তি পায়,,, ধন্যবাদ আপু",Positive
এ কাম সারছে।এ লে। এটা ভালো ছিলো।,Positive
"নতুন বছরে নতুন কাউকে নয়, নতুন বছরেও আমার সেই পুরনো রূমোনা আপুকেইটাকেই চাই।️",Positive
সত্যি অসাধারণ মুভিটা,Positive
আপু আপনার মিষ্টি কন্ঠে একটা মিষ্টি গান শুনতে চাই,Positive
এই শীতের মাঝে আপনার মুভির অপেক্ষাই ছিলাম,Positive
ভীষণ ভালো লাগলো সত্যি ঘটনা,Positive
কাহিনী টা শুনে কলিজা কেঁপে উঠলো,Positive
আপনার কন্ঠটা আসলেই সেই যে কেও প্রেমে পড়ে যাবে,Positive
তোমার মুভির জন্য অপেক্ষায় থাকি,Positive
দাদা দাদুর ভালোবাসা টা অসাধারণ ছিলো,Positive
খুব ভালো লাগছে,Positive
"আহ,এক্সপ্লেইন জাস্ট ওয়াও",Positive
পরকিয়া প্রেম সব শেষ করে দেয়,Positive
"অসাধারণ মুভি,,  আপু তুমি নিজেও অসাধারণ ভাবে তুলে ধরেছো",Positive
আমি একটা লাইক দিছি আপনাকে আমি এগুলো শুনে আপনার কন্ঠ ভালো লাগে সেই,Positive
আপু পরকীয়ার ভয়ংকর পরিণতি নিয়ে আরোও কিছু মুভি আছে সেগুলোও এক্সপ্লেইন কইরেন  তাতে কিছুটা হলেও সমাজের মানুষ সচেতন হবে,Positive
স্বামী স্ত্রীর এই ভালোবাসা দেখে খুবই ভালো লাগলো,Positive
সত্যি অসাধারন লাগলো,Positive
অনেক ভালো লাগলো। আবার অনেক কষ্ট লাগলো,Positive
ওমা এই সময়ে মুভি আই এম তো অবাক,Positive
চমৎকার,Positive
আমার কাছে বুড়ো বয়সে দাদুর ভালোবাসাটা অনেক ভালো লাগলো,Positive
প্রতি দিন সন্ধ্যায়  লাইনে  এসে আপনার নোটিফিকেশনের অপেক্ষায়  থাকি,Positive
খুব সুন্দর,Positive
কত দেরি করে মুভি দিয়েছেন আপু তবুও খুশি হলাম মুভি তো দিয়েছেন এটা দেখে,Positive
সুন্দর মুভি,Positive
"খুব ভালো লাগলো মুভিটা, আর দিদির গলাটায় খুব সুন্দর।",Positive
"কি মর্মান্তিক  কাহিনী ,,,",Positive
পরকিয়ার পরিনতি যে কতটা ভয়ংকর.. তার বাস্তব চিত্র,Positive
আপু আরও বেশি করে মুভি দেও,Positive
"সত্যি কান্না ও চলে আসছিলো আর নিজের বউ কেই ভালোবাসবো আল্লাহ কে শাককি রেখে বলছি তারপর ও অন্যের বউ না,",Positive
আপনার কন্ঠ টা অনেক সুন্দর,Positive
খুব ভালো  লাগলো,Positive
"সত্যিই  টা আমার এত ভালো লেগেছে বুজাতে পারবোনা, আর বুড়ি কে মারার দৃশ্য টা দেখে কান্না টা আটকাতে পারিনি",Positive
"অনেক সুন্দর হয়ছে, শেষেটা কান্না করে দিচি",Positive
আপনার কণ্ঠ আমাকে অস্থির করে ফেলছে,Positive
ভালোবাসা সত্যি সুন্দর,Positive
গা শিউরে উঠা ঘটনা।আল্লাহ মাফ করুন এমন ঘটনা যেনো আর কারো পরিবারে না ঘটে আমিন।,Positive
এক কথায় অসাধারণ,Positive
সুন্দর উপস্থাপনা,Positive
আমি পুরো মুভি না দেখেই কমেন্ট করছিলাম যে বুড়োর ভালবাসার প্রমানের কথা কিন্ত মুভি পুরোটা দেখে বুঝতেছি যে ভালবাসার সাথে সাথে পরকিয়ার যে হিংস্র রুপ তা এই মুভি দেখে বুঝা যাচ্ছে।সব মেয়েদের এই পরকিয়া থেকে আল্লাহ দূরে রাখুক আর নিজের সংসার নিয়ে সুখে থাকার তৌফিক দান করুক আল্লাহ। সবাই কে হেদায়েত দান করো আমিন️️,Positive
"চোখের পানি টলটল করে পড়ছে,,",Positive
যা হক বাস্তব এর সাথে একদম মিল আচে একদম,Positive
"এটা দেখে খুব ভালো লাগলো বুড়ো  বয়সে পিয় মানুষের জন্য জীবন বাজি রেখে যুদ্ধ করে,এটা দেখে খুব কষ্ট লাগল",Positive
অপেক্ষায় চিলাম মুভির জন্য,Positive
দারুণ,Positive
রোমানাই বেস্ট,Positive
খুব সুন্দর,Positive
"কি গো আফারা আজ কি আমি একাই দেখবো, কই তোমরা তাড়াতাড়ি চলে আসো",Positive
অসম্ভব সুন্দর একটা মুভি,Positive
দাদুর ভালোবাসা দেখে চোখকে পানি এসে গেলো,Positive
আপনাকে কি বলে বড় করব আমার জানা নাই।আপনার আর মুমিন ভাইর মুভি এক্সপ্লেইন এত সুন্দর যা সবার মন কারে।,Positive
ও মাই গড আমি এরকম একটি ভয়ংকর মুভি জীবনেউ দেখিনি,Positive
আপনার কন্ঠ টা মারাত্বক সুন্দর,Positive
চোখের পানি আটকানো অসম্ভব,Positive
"আমি তো আপনার ভয়েস আর কথা বলার ধরন শুনি,খুব মজা করে বলেন আপনি,",Positive
"আসলে ইসলামে যা হারাম,তা কখনোই কোন মতের মানুষকেই সত্যশান্তি ও ন্যায়ের আনন্দ দিতে পারেনা।""আল হাদী"" মহান আল্লাহ সুবহানাহু তায়ালা আমাদের সহীহ বুঝ দান করুক, আমীন।",Positive
মুভিটা সত্যি অসাধারণ আপু,Positive
"সত্যি  এককথায়  বলা  যায়  খুব সুন্দর একটা মুভি,,,,  আমার অনেক ভালো লাগছে।।",Positive
অনেক সুন্দর একটি মুভির কাহিন,Positive
আপু আপনি ভিডিও দিতে দেরি করেন তাই আমি আগের ভিডিও গুলো বার বার দেখি দয়া করে তাড়াতাড়ি ভিডিও দিবেন,Positive
মুভিটা নিয়ে কিছু বলার মতো ভাষা আমার জানা নেই। কিন্তু মানুষ এতটা অমানবিক কিভাবে হতে পারে !,Positive
সত্যিই ভালোবাসা ভয়ংকর সুন্দর,Positive
আল্লাহ আপনাকে হেদায়েত দান করুক ।  আমিন,Positive
আমি আপনার কন্ঠের প্রেমে পড়ছি,Positive
এটা শুধু ইন্ডিয়াতে নয় এখন বাংলাদেশেও এরচেয়ে ভয়ংকর পরকিয়া চলতেছে..!!,Positive
"এই মুভির নায়ক কুট্টিচান আসলেই সেই লেভেলের একজন হিরো তার অভিনয়,একশন, মন কেরে নেওয়ার মতো। সত্যিই মুভিটা দুর্দন্ত লাগলো। এই মুভিটা মুভির মতো ছিলো। ধন্যবাদ রুমানা আপু এমন একটা মুভি আমাদের এক্সপ্লেন করে দেওয়ার জন্য ।",Positive
এইটা কি সত্যিই সত্য ঘটনা হায় আল্লাহ,Positive
রুমানা আপুর এক্সপ্লেশন আমার অনেক ভালো লাগেআর আপু তোমার কন্ঠ টা অনেক মিষ্টি,Positive
সৃষ্টি কর্তা যেনো সায়নীর মতো বউ যেনো কোনো ঘরে না দেয়।,Positive
কুট্টিচানের তাঁর বৌ এর প্রতি ভালোবাসা দেখে আমার দাদী ও দাদু কথা মনে পরে গেল  তাঁদের মধ্যে ও এমনই ভালোবাসা ছিলো,Positive
সব গুলা কমেন্টের মদ্দে লাভ রিয়েক্ট দেখে ভালো লাগলো আপু,Positive
বিয়ে করে বউয়ের শাথে থাকতে না পারলে বিয়ে কেনো করবি?,Positive
অসাধারণ,Positive
সত্যি কুট্টিচান এর তার স্ত্রীর প্রতি ভালোবাসা দেখে চোখে পানি চলে আসলো,Positive
লাইক দিয়েছি কমেন্ট করেছি,Positive
আল্লাহ আপনি হেদায়েত করেন।,Positive
এই মুভি দেখে    তো অবাক,Positive
কুট্টিটানের বউ সত্যি খুব ভাগ্যবতী,Positive
ভালোবাসা সুন্দর  যদি মানুষটা সঠিক হয়,Positive
লাভ ইউ রোমানা,Positive
আপনি খুবই ভালো মুভি দিয়ে থাকেন আপু,Positive
সত্যি এই বয়সে এতো ভালো বাসা দেখে দাদির মিএ টা আমার খুব কষ্ট লেগেছে,Positive
দাদুর ভালবাসা দেখে চোখ জলে ভরে উঠেছে,Positive
দাদুর কঠিন অভিনয়,Positive
তুমি কি কন্ঠ সুন্দরী,Positive
"ভালো সবাই বাসতে পারে,, কিন্তু ভালো রাখতে পারে কর জন",Positive
অসুস্থ বউকে এত ভালোবাসে তাহলে আলাদা ঘরে শোয়ার কি দরকার??,Positive
আপনার কাহিনি আমার খুব ভালো লেগেছে আপু ️‍,Positive
বিয়ের আগে প্রেম ভালোবাসা মানেই পরকিয়া।,Positive
কুট্টি চানের বউয়ের প্রতি ভালোবাসা সত্যিই আমাকে মুগ্ধ করেছে,Positive
আসলেই খুবই কষ্টদায়ক ছিলো এটা,Positive
"নেই কোনো যোগাযোগ, নেই কোনো অভিযোগ, তবুও বলি হারিয়ে যাওয়া মানুষটির কোনো ক্ষতি না হক",Positive
কুটটিচানের ভালোবাসায় মুগ্ধ,Positive
বলার মতো কিছু নাই,Positive
খুবিই ভালো লাগলো,Positive
স্বামী হলে এমনই প্রেমিক স্বামী হওয়া উচিত।,Positive
সত্যি মুভিটা ভালো,Positive
মুভিটা দেখে চোখে  কোনে পানি চলে এলে,Positive
চাচামিয়ার মত লোককে স্যালুট। আর পরকিয়াবাজদেরও এমন পরিস্থিতি হোক,Positive
"আপু সত্যি চোখের জল চলে আসছে,,,,",Positive
রোমানা আপুর কন্ঠের প্রেমে পড়ে গেছি,Positive
সত্যিই অনেক সুন্দর মুভি,Positive
🇧🇩🇧🇩আমি কোরানের হাফেজা হইছি সবাই দুয়া করবেন*️,Positive
আপনার জন্য দোয়া রইলো বোন হিসেবে আরো এগিয়ে জান আর আমাদের সাসপেন্স থিলার মুভি দিবেন ধন্যবাদ আপু,Positive
কান্না পাইলো,Positive
আপু তুমাকে অনেক ভালো লাগে,Positive
এইতো আগের সেই সাসপেন্স রুহানা দিদি ফিরে এসেছে যুগ যুগ জিও  । অনেক বছর পরে একটা এমন মুভি পেলাম অনেক ধন্যবাদ । তুমি তো এমন আর মুভি বানাও না,Positive
কুট্টিচান তার স্ত্রীর যেমন খেয়াল রেখেছে  রাজীব কি তার স্ত্রীর তেমন খেয়াল রেখেছিল?,Positive
উফফ কঠিন ️,Positive
"জীবনে এই প্রথম মানুষের কন্ঠে প্রেমে পড়লাম,,,,,  সত্যি বলতে আপনার কথাগুলো এত মিষ্টি লাগে  মনে হয় যে সব সময় শুনি,,,",Positive
মুভিটা আসলেই খুব সুন্দর,Positive
আপু আপনার কন্ঠ টা অনেক সুন্দর   আই লাভ ইউ,Positive
রুমানা আপু আপনি আমার খুব  ভালো  একজন ফেন্ড আপনার ইউটুব চেনেলটি চালিয়ে যান,Positive
আল্লাহ কারো সাথেই যেনো এমন না হয় …হে আল্লাহ আমার বাবা মা কে জান্নাতের বাসিন্দা করে দিও আমিন..আর দুনিয়ার সকল বাবা মা কে হেফাজতে রেখো আমীন️,Positive
আল্লাহ যদি আমার জীবনে এমন একটা জীবন সঙ্গি মিলিয়ে দিতো। তাহলে আল্লাহ কাছে এই জীবনে কিছুই চাইতাম না। তবে রোমানা আপুর  প্রশংসা না করে পারলাম না আপনার প্রতিটা মুভি আমার ভালো লাগে,Positive
অসাধারণ,Positive
ভালোই ছিলো মুভি টা,Positive
খুব ভালো লাগলো,Positive
ধন্যবাদ,Positive
এটা বাস্তব পরকীয়া কখনও সেটা ভালো ফল দেয় না,Negative
অসাধারণ একটা মুভি,Positive
অসাধারণ ভিডিও আপু,Positive
চমৎকার,Positive
মুভিটা ভালো লাগলো,Positive
"ভালো লাগেনি। একটুও ভালো না। এত কষ্টের মুভি,এমন সত্যি ঘটনা চাই না।",Negative
"চমৎকার পরকীয়া গুলো এরকমই হয় যে এক স্বামী ছেড়ে  অন্যকে খুঁজে, তার জন্য অগণিত পুরুষ দরকার।",Negative
খুব ভালো লাগছে,Positive
অসাধারণ আপু,Positive
লাশ কথাটা বলতে ভুল করে ফেলছেন অন্য পুরুষ নয় নিজের স্বামীকে সময় দেন।,Negative
তোমার মুভি এতো দেরিতে কেনো দাও মুভিটা ভালো,Negative
অনেক সুন্দর,Positive
"এটা বাংলাদেশে ও হয়েছে কাছাকাছি ঘটনা।  সেই  "" আমি দোষী, নির্দোষ দাবি কেন করব , তখন আমার আবেগ কাজ করছে,বিবেক কাজ করে নাই""",Negative
কুট্টি চান এর জন্য অনেক কষ্ট লাগছে।।।।। সবাই যদি তার ভালোবাসার মানুষটিকে এই ভাবে আগলে রাখতে চাইতো মরার আগ অবদি,Negative
কুট্টি চান ও তার স্ত্রী র ভালবাসা দেখানোর জন্য কি সাইনিকে এতোটা বাজে চরিত্র দেখানো হয়েছে? এই মুভির মেইন ভিলেন হচ্ছে কুট্টিচানের ছেলে রাজিব।  সাইনিকে একটা অসুস্থ পরিবেশে রেখে মানসিক ভাবে অসুস্থ করে দিয়েছে।,Negative
"অন্যের বউয়ের খেয়াল রাখাটাও নিজের দায়িত্বের ভিতরে পড়ে,, প্রতিবেশীদের পাশে থাকা উচিত",Negative
"বউ নাই,, বৌদি ও নাই,, পরকীয়া করবো ওই সাহস ও নাই,, তার চাইতে বড় কষ্ট হচ্ছে ২১ বছরেও আমার কোন গার্লফ্রেন্ড নাই",Negative
পরকিয়ায় অনেক জীবন ধ্বংস করে দিচ্ছে।,Negative
এত সুন্দর মুভি দেয়ার জন্য ধন্যবাদ আপু আপনি কেমন আছেন জানাবেন প্লিজ প্লিজ প্লিজ প্লিজ প্লিজ প্লিজ প্লিজ প্লিজ প্লিজ প্লিজ প্লিজ প্লিজ প্লিজ প্লিজ প্লিজ প্লিজ প্লিজ প্লিজ প্লিজ প্লিজ প্লিজ প্লিজ প্লিজ প্লিজ,Positive
মহিলা টা অসাধারণ বাজে  সম্মান জানাই ঐ বয়স্ক দম্পতি কে ️️,Positive
অস্থির পুরা,Positive
আমার দেখা বেস্ট কাহিনি,Positive
ভালো লাগছে,Positive
দারুন দারুন দারুন মুভি,Positive
পরকিয়া  এই জিনিস টা ধ্বস করে দেই জিবনকে,Negative
"হায়রে পরকীয়া,,,,,",Negative
অসাধারণ মুভি,Positive
সত্যিই অস্থির মুভি কিন্তু বন্ধু টা শুধু শুধু মারার গেলো,Positive
দারুণ,Positive
ও মাই গড,Positive
ধন্যবাদ,Positive
কি পরকিয়া রে ভাই কি সাঙ্গাতিক,Negative
তোমার ভয়েজ সুনে আমার মাল বের হয়ে গেছে,Negative
সুন্দর,Positive
ছেলেরা রাত দীন কাজকরে পরিবার সুখে রাখা যন্য সেই কিছু কিছু মে,Negative
আমি আপনাকে ভালোবাসি,Positive
বাংলাদেশটা   মুভি,Positive
পরকিয়ার পরিনাম কখনও ভালো হতে পারে না,Positive
চোট্টা রোমানা  পরকীয়া করে,Negative
"আমার মতে এই মুভির নায়ক হলো কুট্টিচাদ,,অসাধারণ অভিনয়",Positive
কেউ প্রেম করবা আমার লগে আই নোয়াইল্লা হোলা,Positive
পরের বউ খেলার জালা আছে?,Negative
নাউজুবিল্লাহ,Negative
গলা এত পছা কে আপনার,Negative
"আপু 18 প্লাস মুভি দেখে আপনার খারাপ লাগে না। আপনার শরীরে অস্বস্তি বোধ হয় না। দয়া করে সত্যি বলবেন, আর আপনার এক্সপ্লেন গুলো অনেক সুন্দর।",Negative
১৮+ মুভি ছাড়া আর কোনো মুভি কি আপনার চোখে পড়ে না??,Negative
লুচ্চ আছে,Negative
"আপনার উচ্চারণ ঠিক করেন। ছেলের উচ্চারণ  না,  হবে। করছে এর উচ্চারণ  না,  হবে।",Negative
আপনার সব মুভি ১৮ + আপনি খুজে খুজে খারাপ মুভিগুলার  করেন। সবাই ধান্দানাজ,Negative
"চোর পুলিশ খেলা টা অনেক ফানি ছিলো,হাসতে হাসতে পেট ব্যাথা",Positive
"চোর পুলিশ খেলা টা অনেক ফানি ছিলো,হাসতে হাসতে পেট ব্যাথা",Positive
"রোমানা আপু বিশ্বাস করবেন কিনা জানিনা,সত্যি বলছি আপনার এক্সপ্লেইন করা মুভি বিহার এর পাথর কেটে রাস্তা বানানোর মুভি দেখে ফ্যান হয়ে গেছিশুভেচ্ছা রইলো আর হ্যাঁ আরেকটি আবদার পারলে সত্যি ঘটনা নিয়ে মুভি আমাদের মাঝে উপহার দিবেন️",Positive
"অনেক ভাল লাগলো,সত্যি কথা বলতে দূরত্ব মানুষকে অনেক কষ্ট দেয়।",Positive
দারুন দারুন কিছু বলার নেই জাস্ট ফাটাফাটি লাভ ইউ বনু,Positive
"চোর পুলিশ খেলাটা খুব লেগেছে,",Positive
"বেবি হবার আগে প্রিয় মানুষ টার সাথে অনেক ঝগড়াঝাটি হতো। কত কান্না করেছি, দুজনেই সে আমায় বুঝতো না, আমিও তা কে না, প্রবাস জীবন ও অনেক কষ্টের।  এখন আলহামদুলিল্লাহ ভাল আছি। গত ২ বছরে তার সাথে কোন কারনেও আমার ১ফোটা চোখের জল ও ঝড়েনি। আলহামদুলিল্লাহ  ভালো আছি দোয়া করবেন।",Positive
"সত্যি খুব ভালো লাগলো এই মুভি টা ওয়াও সো সুইট একটা স্টোরি, লাভ ইউ আপু এতো সুন্দর একটা এক্সপ্লেইন শেয়ার করার জন্য",Positive
"মুভিটা অনেক অনেক ভালো লেগেছে, তার চেয়ে বেশি ভালো আপনি বলার ধরন️",Positive
"️️️️️আপু তোমার মুখে কথাগুলো শুনে যেন আমি নিজের সান্তনা খুজে পেয়েছি তাইতো তোমায় এত ভালো লাগে, তোমার প্রতিটা মুভি খুব ভালোভাবে আমি বুঝতে পারি অনুভব করতে পারি কারণ তুমি সেই ভাবেই বলে দাও ️️️",Positive
অনেক  ভালো লাগলো️     আর কিছু শিখিয়ে দিল                         আপনার মুভির আশায়                 অপেক্ষায় থাকি ️,Positive
অসাধারণ অসাধারণ অসাধারণ ..... ️,Positive
অনেক সুন্দর হয়েছে ধন্যবাদ আপনাকে এত সুন্দর একটা মুভির দেওয়ার জন্য,Positive
ওরে ভাই তোমার মুভি এক্সপেরিয়েঞ্চ বলার ধরণ সেই,Positive
নতুন করে কিছু বলার নেই আপু । আপনার  এক্সপ্লেইন অসাধারণ ।,Positive
খুব ভালো ও লাগছে আবার খুব কষ্ট ও লাগছে। মনে অজান্তেই চোখের কোনে পানি চলে আসছে,Positive
দিদি তোমার কথা গুলো সত্যিই খুব  খুব খুব ভাল লাগে..... ️️️️️️,Positive
আপু তোমার ভিডিও সব গুলো দেখি। অনেক সুন্দর ভাবে বুঝিয়ে দেও।,Positive
সত্যিই মুভিটা খুব ভালো লাগলো কিছু সময়ের জন্য আমি নিজেকে ফিল করছিলাম  সত্যিই প্রিয় দুরে থাকা অনেক কষ্টের আমি জানি কারণ আমি এই মেয়েটার মতোই একজন,Positive
আপনার ভয়েজে প্রেমে পড়ে গেলাম আপু,Positive
"কি বলবো মুভি দেখে বলার ভাষা হারিয়ে ফেলেছি,,, বোঝার মতো মন দিয়ে বুঝতে পেরেছি তাই মুভিটা অনেক ভালো লেগেছে,,",Positive
মুভিটা অসাধারণ লেগেছে। ধন্যবাদআপু,Positive
আমি আপনার কণ্ঠের প্রেমিক।।অনেক শুভকামনা সাথে দু আ রইলো আপনার জন্য।।,Positive
রোমানা... তুমি খুব দুষ্ট....  কন.... কি একটা অবস্থা..  তোমার এই ডায়লগ টা আমার খুব ভালো লাগছে🫣🫣,Positive
হাসতে হাসতে আমি শেষ এক কথায় অসাধারণ মুভি আপনার কথাগুলো অনেক সুন্দর,Positive
ইউটিউবে যত ভিডিও দেখছি আপনার এই ভিডিওটা আমার সবচেয়ে বেশি ভালো লাগছে আমার লাইফে  আপনাকে কি বলব সে ভাষা আমার নেই,Positive
অনেক হাসি লাগলো প্রথমে,Positive
 দাদুর কথা গুলো সত্যিসত্যিই অসাধারণ ছিল!,Positive
আপু আমি আপনার কণ্ঠের প্রেমে পড়ে গেছি,Positive
"মেয়েরা সব জায়গায় অসহায়,,, এক জন স্ত্রী সব সয্য করতে পারে যদি তার স্বামী তার পাশে থাকে,,",Positive
মুভিটাতে দাদুর সেই কথা গুলো খুব ভালো লাগলো।,Positive
সত্যি কথা বলতে কি আপু প্রত্যেক ভিডিওগুলো দেখে খুবই ভালো লাগে কমেডি মুভি,Positive
"মুভিটা এত ভালো লাগছে, মুখের বাসায় বোঝানো যাবেনা। এবং আপনে মুভির কতা গুলো খুব মজা করে বলছেন।",Positive
বাহ্ চমৎকার একটা মুভি।  আর এক্সপ্লানেশনটাও অসাধারণ হয়েছে,Positive
ভিডিওটা আমি এইমাত্র দেখলাম অনেক সুন্দর তোমার ভিডিওর অপেক্ষায় করি আমি ️,Positive
সব চেয়ে ভালো লাগলো চোর পুলিশ খেলা। অসাধারণ,Positive
"মুভি টা অনেক সুন্দর। সত্যি কথা এই মুভি গুলো দেখে  অনেক কিছু শিখা যায়,ভালো লাগছে অনেক।",Positive
অসাধারণ গল্প অনেক সুন্দর চমৎকার,Positive
অনেক অনেক ধ্যানবাদ আপু এত তারা তারি মুভি দেওয়ার জন্য,Positive
অনেক সুন্দর হয়েছে আপু,Positive
আপনার গল্পগুলো অনেক সুন্দর,Positive
পুরাই অসাধারণ সিনেমা,Positive
এরকম সুন্দর মুভি আরো দেখতে চায় আপু ️️,Positive
হ্যালো ম্যাম আপনার কথাগুলো খুব সাজানো গোছানো  যে কেউ একটুতেই বুঝে যাবে। খুব ভালো লেগেছে।,Positive
"মনের মানুষটাকে পেয়েছি আপনার কারনেই।  আপনাকে কিভাবে চিনলাম সেটা না হয় এই কথার মাধ্যমে বুঝে নিয়েন,,",Positive
সত্যিই আপু ভালো উপস্থাপনা করেছেন আপনি মুভিটা খুব ভালো লাগছে,Positive
খুব ভালো লাগছে।ধন্যবাদ,Positive
"চোর, পুলিশ  খেলাটা খুব মজা পাইছি",Positive
মুভিটা আসলেই দারুন!,Positive
অসাধারণ,Positive
অনেক ভালো লাগলো...,Positive
দারুন লেগেছে গল্পটা,Positive
"আমি আজ   করছি দিদি, আর আমি আপনার  অনেক দিন আগেই  করে রেখেছি , আপনার কথা বলার ধরন খুব ভালোলাগে,, আজ এই   দেখছিলাম যখন,, তখন দেখি আমার শাশুড়িমাও পাশ থেকে হাসছে এই   শূনে",Positive
ভালো লাগল,Positive
"আপনার  দেখার জন্য অপেক্ষাই থাকি আপু,,,",Positive
"আপু সত্যি বলছি, আপনার এক্সপ্লেইন অসাধারণ লাগে আমার, আপনে যেই ভাবে এক্সপ্লেইন গুলো করেন, সত্যি আপনার প্রশংসা করে শেষ করা যাবে না, আপনার কথায় জাদু আছে।",Positive
আমাকে স্যালুট করার জন্য ধন্যবাদ আপু,Positive
আপু তোমার ভিডিও অনেক ভালো লাগে,Positive
অসাধারণ একটা মুভি আপু তোমার ভয়েজ অপুর্ব,Positive
আপনার ভিডিও গুলো খুব সুন্দর করে উপস্থাপন করার জন্য আপনাকে ধন্যবাদ,Positive
ওরে  দুস তুর কথা গুলো অনেক অনেক ভালো লাগেরে  মনটায় কয় তুর কথা গুলো ডগ ডগ করে গিলে খাই সু নাইস বন্ধু,Positive
খুব সুন্দর লাগছে মুভিটা। আর তার চেয়েও ভালো লাগছে আপনার ভয়েস,Positive
*বাইক স্টার্ট দেওয়া হলো না  *চোর পুলিশ    *সাথে তোমার হাসি মাখা কন্ঠটা সেই ছিল  লং ডিস্টেন্স সম্পর্ক গুলো আসলেই কষ্ট দেয়,Positive
খুব খুব খুব সুন্দর লাগলো তোমার বাছাই করা প্রত্যেকটি সিনেমার এক্সপ্লানেশন গুলো দারুন লাগে,Positive
খুব খুব খুব ভালো লেগেছে,Positive
আপনার৷ বয়েচ টা একেবারেই আগুন।।,Positive
"মুভিটা এক কথাই অসাধারণ,,,,,,,, ,,,,,,,",Positive
আপু তোমার সব গল্প গুলোই অনেক সুন্দর হয় এতো সুন্দর করে বলো জে অনেক অনেক ভালো লাগে ধন্যবাদ,Positive
আপু আপনার ভিডিও গুলো অনেক ভালো লাগে,Positive
"প্রতিটা ম্যাচই অসাধারণ ছিল,",Positive
বাসর রাতের বাইকের ব‍্যাপার টা খুব ভালো লাগছে রুমানা আপু,Positive
খুব ভালো লেগেছে,Positive
আমাদের ডিভোস হয়ে গেছে লং ডিসটেন্স এবং দুজনের ভুল  বোঝাবুঝির জন্য। কিন্তু মুভিটা বেশ ভালো লাগছে। এক কথায় মন ছুঁয়ে গেছে। প্রত্ত্বনের জন্য অনেক অনেক ভালবাসা ও শুভ কামনা রইল,Positive
আমি জানি না কেনো সেষটা দেখে আমার খুশির চেয়ে কান্না বেশি পেলো,Negative
"আপু কি বলবো ভাষা খুঁজে পাচ্ছি না, এক বছর ধরে আমার থেকে দূরে আছে, আমি যেন প্রত্যেক সেকেন্ডে প্রত্যেক নিঃশ্বাসে তাকে মিস করি, তবে এখন দূরত্বটা অনেক বেশি হয়ে গেছে, অনেক ঝামেলায় চলছে আমাদের মাঝে তবে এই মুভিটা দেখার পরে, দাদুর কথাগুলো আমার নিজের কাজে লাগবে অসংখ্য ধন্যবাদ আপু এত সুন্দর একটা ছবি দিয়ে আমার মন ভালো করে দেওয়ার জন্য দোয়া কর আমাদের জন্য যেন সময়ের সাথে আমাদের সবকিছু ঠিক হয়ে যায় আমি যেন ধৈর্য ধরে রাখতে পারি ️️️️",Positive
"মুভিটার সাথে আমার রিলেসন শিপের পুরোপুরি সম্পর্ক আছে,,, তবে মেয়েটার মত এত ধর্য্যশীল আমি নয়,,আমি প্রতিদিন তাকে মিস করি একা থাকি বাট সে আমাকে মিথ্যে বলে ঠিকই অনেক ভালো থাকে,,,,,আমার ভালো লাগা খারাপ লাগা কোনো কিছুরই গুরুত্ব নেই তার কাছে,,,,, নিজের জীবনটার সাথে দিনের পর দিন মনে হচ্ছে যুদ্ধ করে যাচ্ছি,,,, এখন সব কিছু ছেড়ে দিয়েছি আল্লাহর হাতে",Positive
সেই হইছে আপু আপনাকে ধন্যবাদ এতো সুন্দর একটা মুভি উপহার দেওয়ার জন্য,Positive
আমি আপনার বড় হলে   ️️ তাই এখন,Positive
অসাধারণ আপু️️,Positive
অসাধারণ,Positive
বাহ মাশাল্লাহ খুব সুন্দর,Positive
কাহিনী দারুন ছিলো,Positive
আপু একমাত্র আপনার ভিডিওগুলো আমার অনেক ভালো  লাগে তাই   দেখি  আপনার ভয়েসটা অনেক সুন্দর,Positive
অসম্ভব সুন্দর অস্তির নাইছ              আমির খুব ভালো লেগেছে,Positive
"আমার খুব ভাল লাগে আপনার কথা গুলি  ,",Positive
"মুভিটা খুব সুন্দর, বাস্তবতার সাথে অনেক মিল",Positive
"দুই চাকায় সমান হাওয়া থাকতে হয়,, (অস্থির)  বলার স্টাইল টা ও অস্থির  লাগছে ।  অস্থির  ,,,,,,,,,,,,,,,,",Positive
পুলিশের সিনটা ভালো ছিল,Positive
"এই ছবি টা আমার জিবনের সাথে অনেক টা মিলে জাই ,",Positive
সত্যি অসাধারণ আপি আমার মনের প্রিয় মানুষটি অনেক দূরে থাকে কিন্তু পরশু তার সাথে প্রথম দেখা হবে আমি তার সাথে তোমার এই মুভি দেখবো,Positive
হুম কিছু সময় রাস্তা ভুল দিকে নিয়ে গেলেও শেষমেষ কিন্তু ভালোই হয়।,Positive
আমি খুবই খুশি হলাম দেখে  মজা পেলাম।,Positive
আসথীব় কথাটি খুব ভালো লাগলো,Positive
বলার মাঝে যে বাড়তি কথা সংযোগ করা হয় সেগুলো অনেক মজার।,Positive
রোমানা তুমি এত দুষ্ট কেনো???,Positive
আপনার কন্ঠের প্রেমে পড়ে আপনাকে দেখার খুব ইচ্ছা হচ্ছে আপু,Positive
হে দুষ্টু মিষ্টি আপু আজকে কমেন্ট না করে থাকতে পারলাম না আসলে আপনি আরো বেশি বেশি ভিডিও দেন আপনার ভিডিও দেখলে ডিপ্রেশন ভালো হয়ে যায় মন ফ্রেশ ফ্রেশ লাগে একটু প্রাণ খুলে হাসা যায় ধন্যবাদ হাসানোর জন্য,Positive
মুভি দেখে  অনেক ভালো  লাগল,Positive
হোম আপু এটা সত্যি যে ভালোবাসা কেউ এই পাড় থেকে আর ঐ পারে থেকে ভালোবাসাটা কন্টিনিউ করতে গেলে অনেক কষ্ট হয় কোনো চাওয়া-পাওয়া পূরণ হয়না দা কিছু চাইলে সেটা পূরণ হলো কারণ একটাই একজন এই প্রান্তে আরেক প্রান্তে,Positive
খুব ভাল লেগেছে মুভিটা।,Positive
সেই লেগেছে মুভিটা,Positive
আপনি একজন কঠিন ট্যালেন্ট মেয়ে যা আপনার কথা শুনলে বুঝতে পারি,Positive
অনেক কথার মাঝে সত্যি কথা হলো আপনার ভিডিও না দেখে আমি যেতে পারি না আপনার ভিডিও দেখলে আপনার কথা শুনতে পাই তাতে আমার খুব ভালো লাগে,Positive
দারুণ একটা মুভি,Positive
"আসলে আমরা যখন দূরে ছিলাম,তখন খুব কষ্ট হয়, যখন থেকে কাছাকাছি সব দুঃখ শেষ",Positive
"জানিনা কবে আমাদের দূরত্ব শেষ হবে,এইভাবে আর পথ চেয়ে থাকা মুশকিল হয়ে যাচ্ছে",Positive
সত্যি মুভিটা মন ছুয়ে যাওয়ার মত!,Positive
"মুভি যাইহোক, আপনার এক্সপ্লেইন আমার অনেক ভালো লাগে",Positive
সত্যি  ভালোবাসা  মানুষ এর থেকে দুরে থাকা অনেক বেশি কষ্টের তবে কথায় আছে না ভালোবাসা দূরত্বে কেও হার মানাতে পারে  আমাদের মাঝে এতো টা দূরত্ব থাকা সতেও এতো বছরে আমাদের  ভালোবাসা একটুও কমে নি     অনেক সুন্দর হয়েছে আপু,Positive
নতুন ভিডিও দেয়ার জন্য অনেক ধন্যবাদ আপু,Positive
ভালো লাগলো,Positive
কন্ঠটা খুব চেনা চেনা লাগছে আপু,Positive
অসাধারণ বাচনভঙ্গি,Positive
মুভিটা দেখে অনেক ভালো লাগছে বলে বোজাতে পারবো না,Positive
"আমার প্রিয় মানুষটাও প্রবাসে থাকে, তবে সে আমাকে অনেক ভালো বুঝে, আমি পড়াশোনা করছি আর সে প্রবাসে থাকে আমার মত তারও স্বপ্ন আমাকে একজন নার্স হিসেবে দেখার, আমরা ভালোই আছি আর তুমার মুভি এক্সপ্লেইমটাও অনেক ভালো হইছে আপি",Positive
মুভিটা খুব সুন্দর আর তোমার  টা ও খুব সুন্দর ️,Positive
কাছের মানুষ যখন দূরে চলে যায় তখন আনেক কষ্ট হয়,Positive
আমার স্বপ্ন সবাইকে সুন্দর করে পারফেক্ট ভাবে বুঝিয়ে বুঝিয়ে কুরআন শিক্ষা দেওয়া।আসলে আমার মনটা খারাপ থাকলে এমন হাসিমাখা মুভির এক্সপ্লেইন দেখি।সত্যি আমিও কেঁদে ফেলেছিলাম।,Positive
মুভিটা দেখে চোখে জল এসে গেল,Positive
সত্যিই খুব সুন্দর  মুভি,Positive
বিয়ে করবেন জীবনের সব গুরুত্বপূর্ণ  কাজ শেষ করে।বিয়ে করে চলন্ত বাইকে ফেলে রেখে দূরে থেকে জীবনের মূল্য কোথায়? প্রিয় মানুষ কে দূরে রেখে কিসের ব্যস্ততা!!,Positive
"এই যে ললনা, তোমার সাথে কি কখনোই কথা বলতে পারবো না আমি, মুভির থেকে তোমার কন্ঠ বেশি শুনি। তোমার কন্ঠের প্রেমে পড়ে গিয়েছি",Positive
আমিও একটা     আছি দুই বছর হয়ে গেছে এখনো একে অপরকে সামনাসামনি দেখিনি খুব ইচ্ছে হয় কিন্তু উপায় নেই  কিন্তু আমরা একে অপরকে বুঝার চেষ্টা করি।,Positive
সুন্দর ব্যাখ্যা,Positive
"আপনার এক্সপ্লেনেশন আর শুনব না, যখন ও কানে আপনার ভয়েস যায় ফিদা হয়ে শুনতে থাকি। ১০ টা থেকে এই পর্যন্ত শুনলাম ই মন্ত্রমুগ্ধ হয়ে। এত সুন্দর কেন আপনার ভয়েস। বিশেষ করে কেন, দিচ্ছি এই দুইটা শব্দ অনেক ভাল লাগে।",Positive
ছালিয়ে যাও ম্যাডাম আমি ও আপনার প্রেমে পড়েছি।,Positive
তাদের কথা বুঝতে বলতাছেন আপু আজকে ২ বছর ৬ মাস হয়ে গেলো আমার কাবিন বিয়ে হয়েছে একটা বার ও তাকে সরাসরি দেখা হয় নি এখন সে বিদেশ জেলে আছে আমি তার অপেক্ষায় আছি কবে জানে দেখা হয় তার সাথে  আর আমি একা সম্পর্কটা একতরফা ভাবে টিকিয়ে রাখার চেষ্টা করছি,Positive
সেই লেগেছে মুভিটা,Positive
অনেক সুন্দর ছিল।,Positive
খুব আনন্দ পেয়েছি,Positive
মুভিটা সত্যি ই খুব হাসির আল্লাহ রে,Positive
এত হাসছি এত হাসছি বলার মত না,Positive
আপু অপনাকে অনেক ভালোলাগে আমার  আমি আপনার সব মুভি দেখি,Positive
আমি তো আপনার কন্ঠের প্রেমে পড়ে গেলাম,Positive
"অপূর্ব তোমার এক্সপ্লেন, মুভি দেখার প্রয়োজনই পড়ে না।",Positive
ভাইরে ভাই তোমার মিস্টি হাসির কথা খুব ভালো লাগে,Positive
ভালোবাসা সৃষ্টিকর্তার এক চরম বিস্ময়।,Positive
আমরা অনেক ভালো ভাবে আল্লাহর রহমতে দূরে থেকেও ভালোবেসে যাচ্ছি কিন্তু ভালোবাসার মানুষকে কাছে না পাওয়া অনেক কষ্টের,Positive
"আপনার মুভি আসায় থাকি।।।। কিন্তু  মাঝে মাঝে খুব দেরি করে মুভি,,,,,,, দেন।।।।।",Positive
আসলে জীবনে সফল হতে মায়া ত্যগ করতে হয়,Positive
এই বিষয় নিয়েই আমার সংসার জীবন এমন,Positive
আপু আপনি খুব রোমান্টিক তাইনা।আপনার উপস্থাপনা খুবই সুন্দর।,Positive
এখনো সফলতা পাই নি তবে আপনাদের আশির্বাদ ও ভালোবাসায় অনেক দুর আসতে পেরেছি ৭০০ জন সদস্য হয়েছে আমার পরিবারে। আপনাদের সবাইকে অনেক ধন্যবাদ,Positive
মীনাকসী সুন্দর কে অনেক বেশি ভালবেসেছে,Positive
শিক্ষণীয় মুভি,Positive
আসসালামু আলাইকুম আপু আপনার কন্ঠে প্রেমে আমি পড়িয়ে গেছি ️️,Positive
এই রকম মুভি আরো চাই,Positive
আজকের মুভি খুব ভালো লাগছে,Positive
দুই বছর দরে অপেক্ষা করতেছি কবে ভালবাসার মানুষের  কাছে যাবো,Positive
অনেক সুন্দর একটি মুভি।  আপু তোমার ভয়েসটা অনেক সুন্দর।,Positive
আপু তোমার ভয়েয খুব কিউট,Positive
আপনার কন্ঠশুনে মনে হচ্ছে আপনি যথেষ্ট তেলের মালিক।,Positive
ঠিক কথা বোলছেন আপু  আর মুভি আরও তারাতারি  চাই,Positive
আমার হাজব্যান্ড ও আমার থেকে অনেক দূরে থাকে দুই  মাস হয়ে গেল আমাদের দেখা হয়নি। আমাদের বিবাহিত জীবনে আড়াই বছর হয়েছে।,Positive
আপু তেমার কথা আআমার অনেক ভালো লেগেছে।,Positive
অসাধারণ,Positive
অসাধারণ ️,Positive
খুব ভালো লাগলো,Positive
খুব ভালো হয়েছে,Positive
অসাধারন   আপু,Positive
অনেক অনেক ধন্যবাদ,Positive
আপু তোমার ভয়েয খুব কিউট,Positive
অসাধারণ মুবি এটা দিদি,Positive
অনেক ইনজয় করলাম আপু এই মুভিটা দেখে ধন্যবাধ তোমাকে আপু এইরকম মুভি অপহার দেয়ার জন্য,Positive
খুব'ই সুন্দর,Positive
আপনাকে ধন্যবাদ সুন্দর  মুভি  জন্য,Positive
ভিডিওটি দেখে খুব ভালো লাগলো কিন্তু আমার বিবাহিত জীবন নষ্ট হয়ে গেছে মন খারাপ হয়ে গেল ভিডিওটি দেখে,Positive
"আপনার কন্ঠ না শুনলে আমার একদম ভালো লাগে না,,, কি কন্ঠ আহ,,মন কেরে নেওয়ার মতো",Positive
সত্যি অসাধারণ একটা মুভি,Positive
আপু তোমার দেওয়া সব মুভি খুব সুন্দর,Positive
আপনার একটা   না দেখলে ঘুম হয না,Positive
প্রতিটি গল্প বেশি সুন্দর হয়ে ওঠে শুধু তোমার কন্ঠের কারণে,Positive
কন এটা কোনো কথা  /এই কথা টা শুনতে খুব ভালো লাগে,Positive
আমি মুভিটা দেখে অনেক এনজয় করছি অনেক হাসছি অনেক ভালো লাগছে,Positive
আপু আপনার মুভির জেগে আপনার কথা বলার স্টাইল খুব ভালো লাগে,Positive
নাইচ  জীবনের  কিছু অজানা কথা,Positive
আপু আপনার ভিডিও গুলো আমি দেখি আমার কাছে ভালোলাগে,Positive
"বাংলা ভাষায় একটা হিন্দি মুভির সংক্ষিপ্তসার বর্ণনাকারিনী সত্যি সত্যিই অতুলনীয়া!তার বাচনিক ভঙ্গি এবং বর্ণনার রূপমাধুর্য্যে বিমুগ্ধ হতে হয়!পুরো একটা মুভিকে না দেখেই পরিপূর্ণভাবে উপভোগ করলাম ব'লে মনের মধ্যে একধরণের অপরিসীম তৃপ্তি অনুভব করলাম!ধন্যবাদ দিয়ে খাটো করবোনা, বিনম্র প্রীতি ও অভিনন্দন রইলো!",Positive
আমার সেইম অবস্থা আপনার প্রায় বিডিও ওই দেখি আর আপনার  টা সেই,Positive
খুবই ভালো লেগেছে,Positive
আপু আমি আপনার এক্সপ্লেন গুলো দেখি আমার খুব ভালো লাগে।।। আজ একটা আবদার নিয়ে ফাস্ট কমেন্ট করলাম। আশা করি আমার কথা রাখবেন।  মুভির সব পার্ট গুলো এক্সপ্লেন করার অনুরোধ রইলো ️,Positive
তোমার ভয়েচটা সেই গো,Positive
আমার অনেক ভালো লাগে,Positive
মুভিটা সেই ছিলো আপু,Positive
আপু তোমার কন্ঠ অনেক সুন্দর,Positive
আপু আমি ও বিবাহিত কিন্তু গল্পে যে কাহিনীটা দেখানো হয়েছে আমার টা ও সেম আর আমার হাসবেন্ড এর সাথে আমি অনেক ডিস্টেন্স এ আছি আসলে এটা যে কতটা কষ্টের আমি বুঝতেসি মুভিটায় কেন জানি আমি নিজেকে দেখতেসি,Positive
"খুব সুন্দর মুভি,,, সাবাস সোনামনি",Positive
"ভালোবাসা তোমার রং কি....?সাদা না কালো,,,,?কারো জীবনে আধার নামাও,কারো জীবন করো আলো,,হাজার কষ্টের মাঝেও,,মুখে হাসি রেখে,,থাকতে চাই ভালো,,কারন আমি যে প্রেমিক মানুষ,,বাসতে জানি ভালো......এই লাইন কইটি,,,আমার ভালোবাসার মানুষটার জন্য  উতর্সগ করলাম..... ....",Positive
সত্যি  অনেক কিছু  শিখলাম আপু এই ভিডিও  থেকে,Positive
হাই আপনার কন্ঠের প্রেমে পড়ে গেছি আমি,Positive
ধন্যবাদ,Positive
অসাধারণ মুভি ছিল আপু,Positive
অনেকদিন পর দেখতে এলাম।,Positive
অসাধারণ এক্সপ্লেইন,Positive
এ রকম মুভি আরও চায়,Positive
"আমার লাইফেও এখন মুভিটির মতো সেম সময়টা চলতেছে,বিয়ে হয়েছে কয়েক মাস, আমি পড়াশোনার কারনে আর সে চাকরি, ক্যারিয়ার এসবের কারনে এখন দুই জন দুই জায়গায় আছি,অথচ একজন কে আর একজন ভালো করে এখনও চেনা জানা বা বোঝাই হলো না,আর আরও একটি মজার বিষয় মুভির সাথে মিলে যায় তা হলো সেও ইঞ্জিনিয়ার ও আমাদের দুজনের স্বভাব চরিত্র ও মুভিটির মতই, যদিও মুভিটি দেখে আমার একটু উপকারই হলো কারন সেও এই রকম সবসময় ব্যাস্থ থাকে ।আর আপনার কথা বলার ধরনটাও আমার সবসময় খুব ভালোই লাগে,ভালোবাসা রইল আপনার জন্য",Positive
কাছের মানুষ থেকে দূরে থাকা অনেক কষ্টের।ছবিটি  অনেক সুন্দর।,Positive
"আপনার এ, মুভিটা দেখে আমার চোখে পানি এসে পড়েছে আপু",Positive
আপু অনেক ভালো লেগেছে কিন্তু অনেক কষ্ট লাগেছে।,Positive
আপনি এতো সুন্দর করে কথা বলেন কেমনে,Positive
চোখে জল আনার মতো মুভি,Positive
আপু খুব সুন্দর লাগছে মুভি টা,Positive
অনেক সুন্দর একটা মুভি,Positive
"আরো জলদি বিডিও দিতে হবে,,,,।।",Positive
অপু আপনার ভিডিও আসার অপেক্ষায় আছি,Positive
#ওগো আমার এক্সপ্রেশন তুমি এত সুন্দর বলতে পারো,Positive
আরো  অনেক  এরকম মুভি  চাই,Positive
খুব সুন্দর একটা মুভি আমার অনেক ভালো লাগছে মুভি টা,Positive
আমিও আপনার একজন পাগলা ভকতো,Positive
রোমানা তুমি কিন্তু অনেক কিছু বুঝ টুট টুট,Positive
আপু আপনার কথা বলাটা আমার অনেক ভালো লাগে আর আমি একটা মেয়ে,Positive
আপু আপনার কন্ঠ খুবই ভালো,Positive
বক বক গুলো শুনতে ভালোই লাগে,Positive
আপু চাকরির কি হলো সেটাতো দেখাইলো না তবে আপনার বলা সব মুভিই আমার কাছে ভালো লাগে,Positive
যার কন্ঠ ও উপস্থাপনা এতো সুন্দর না'জানি  সে কতো সুন্দর। তোমাকে খুব দেখতে ইচ্ছে করছে।,Positive
"আপু,, আপনার ভিডিও দেখে ভালোই হলো,,অনেক কষ্ট হয়,,বলে ভুজানো যাবে না।",Positive
আপু আপনার কথা বলাটা আমার অনেক ভালো লাগেআর আমি একটা মেয়ে,Positive
আপু মুভি শেষে  কথা গুলো শুনে আর চোখ এ জ্বল ধরে রাখতে পারলাম না  প্রিয় মানুষ এর জন্য আজকে তিনবছর অপেক্ষা,Positive
আপুর শার্টের সাথে রোমান্স করার বিষয়টা পছন্দ হয়েছে মনে হচ্ছে,Positive
"সত্যি বলছেন আপু দুরের রিলেশনশীপ টা খুব কঠিন,,",Positive
খুব ভালো।,Positive
অসাধারণ,Positive
অসাধারণ আপু,Positive
ধন্যবাদ আপু,Positive
অনেক ভালো লাগলো,Positive
অপুর্ব,Positive
সুন্দর মুভি‌ ছিল,Positive
ভালো  লাগল,Positive
খুব সুন্দর মুভি,Positive
"নাইস,,",Positive
জাস্ট দারুণ মুভি,Positive
আমি পুরোটাই অবাক!,Positive
"মুভিটা,খুব,ভালোলাগলো",Positive
আপা আপনার কাছে একটা অনুরোধ আমি মুভির মত একটা সিচুয়েশনে আছি আমার গার্লফ্রেন্ড বাহিরে থাকে অপেক্ষায় আছি তিন বছর যাবত খুব ভালো লাগছে আজকের এই মুভিটা  অসংখ্য অসংখ্য ধন্যবাদ,Positive
আমার খুব ভালো লাগছে।,Positive
. আমি আপনার কথার উপর ক্রাশ খেয়ে গেছি।,Positive
এসব লং ডিস্টেন্স রিলেশন অসহ্য লাগে আমার কাছে! প্রেমিক হিসেবেও কাছে ছিলাম স্বামী হিসেবেও কাছে আছি। আলহামদুলিল্লাহ।,Positive
আমিও একটা      আছি আমার জীবনে পাওয়া সেরা গিপ্ট বা স্পেশাল জিনিস হল আমার    আমাদের   টা অনেকটা টম & জেরির মত শত ঝগরা অভিমান রাগা রাগির  পরেও দুজন দুজনকে বুঝি বুঝার চেষ্টা করি দিন শেষে আমরা দুজন দুজনের।  জানিনা ও কি মনে করে কিন্তু আমার কাছে ও আমার মানসিক শান্তি। দোয়া করি আল্লাহ জেনো আমাদের বন্ধুত্বের মধ্যে  কখনো বিচ্ছেদ না করায় সবাই দোয়া করবেন জেনো আমরা সব সময় এক সাথে থাকতে পারি          ছেরে জাস না।,Positive
এই মুভিগুলো সাধারণত মেয়েদের কাছে ভালো লাগবে। তবুও আমি একটা ছেলে হয়ে দেখছি। কারণ আপনার রিঅ্যাকশন অনেক সুন্দর,Positive
"মুভি টা দেখতে দেখতে কান্না আটকিয়ে রাখতে পারছিলাম না,যেন আমি আমার স্বামী এই মুভির চরিত্র এতো দূরে থেকে একজন আরেকজনকে বুঝতে পারা, খুশি রাখা, ভালো রাখতে পারা সব টা না পারলেও কিছু টা খুশি নিয়ে মন কে শক্ত করে থাকতে হয়,,",Positive
মুভিটা সেই,Positive
এর আগে মুভি টাও খুব ভাল লেগেছে।।।,Positive
অশাধারন মুভি,Positive
সত্যি অনেক সুন্দর মুভি,Positive
আর আপু ভুলে যাবেন না আমি কিন্তু আপনার অনেক বড় ফ্রেন্ড,Positive
আপনার প্রেমে পড়ে যাওয়ার মতো অবস্থা,Positive
তোমার ভিডিও তোমার কন্ঠের মতোই সুন্দর আমি মেয়ে হয়ে তোমার কন্ঠের প্রেমে পরেছি,Positive
জীবনে কিছু করতে গেলে দূরে চলে যেতে হয় মায়া তেক করে কিন্তু মিথ্যার আশ্রয় নেওয়া ঠিক না এটা মানুষের জীবন ধ্বংসের পথে নিয়ে যায়🇧🇩🇧🇩🇧🇩🇧🇩🇧🇩 বাংলাদেশ থেকে বলছি মুভিটা অসাধারণ ছিলো,Positive
লং ডিস্টেন্স কষ্টে আছি ট্রাষ্ট মি,Positive
থ্যাক ইউ,Positive
এমন একটা সম্পর্কে সবার হোক!,Positive
হাই আমি শাহিদ আখতার আপু আপনার নতুন ভিডিওটাও দেখলাম স্বপ্ন দেখিনি সুন্দর বাট মনে হচ্ছে কথা যে আর সুন্দর তার অনেক সুন্দর মাশাল্লাহ বাট যদি মনে হয় এই বইটাকে একটু মনে করেন প্লিজ আপনার বড় একজন ভক্ত আমি বড় একজন ফ্রেন্ড,Positive
আপু আমি প্রথমে হাসতে হাসতে হাসতে কাপর নষ্ট করেনি কিন্তু পেট ব্যথা হয়ে গেছে,Positive
"এতো সনদুর ....হা হা..,আপনি পারেনও বটে...",Positive
আপু ভালো আছে,Positive
প্লিজ আপু দৈনিক একটা করে ভিডিও ছাড়বেন,Positive
"আপু আমি তো তোমার ভয়েসের প্রেমে পড়ছি,, কি করি এখন। সব ভিডিও দেখা শেষ।",Positive
আপু আমি তোমার ভিডিও ছাড়া আর কারো ভিডিও ভালো লাগেনা,Positive
অসাধারণ মুভি,Positive
আসলে একটা প্রবাসি  জানি  দূরে থাকার কষ্ট,Positive
আমি মুভি দেখে চুম্মাচুম্মি শিখেছি,Negative
নাইস,Positive
সুন্দর বর্ণনা যা  দেখেও  করা যায়না,Positive
এই মুভির মতো আমার জীবন টা এটার শেষ টা সুন্দর আমার শেষ কি হবে আল্লাহ ই ভালো জানেন,Positive
রুমানা আপু নতুন মুভি দাও তোমার পুরাতন পোস্ট দেখছি,Positive
নাইচ,Positive
সুন্দর,Positive
আপু সারা জীবন দেখিসি উপর থেকে নিচে পড়ছে কিন্তু মীরাখির চুরী নিচে  থেকে অপরে ওরতে এই পথম দেখ লাম নাইছ,Positive
শেষটা দেখে অনেক  কষ্ট  লাগলো,Negative
"আপু আপনি এই ভাষা কিভাবে বোঝেন,এবং বলতে পারেন। আমার খুব ভালো লাগছে।",Positive
আমি তো আপনার কণ্ঠের প্রেমে পড়েছি,Positive
রোমানা আমার গার্লফ্রেন্ডের নাম ছিল,Positive
এত দেরি করে ভিডিও ছাড়েন কেন   আপনার ভিডিও ছাড়া ভালো লাগেনা,Positive
আপু রিপ্লাই চাই,Positive
এই মুভিটা আর আমার জীবন এর গল্প পুরোপুরি মিল আছে আহারে আমি আমার সামি কে কত কষ্ট দিয়েছি একটা হারামজাদা র জন্য,Positive
আইলাভ ইউ  বড় আপুরা,Positive
আমার ও ভালো বাসার মানুষটি অনেক দূরে আছে তাকে ছারা একটুও ভালো লাগেনা খুব  করি তাকে অবস্য আমাদের লাভ মেরেজ  আজ ১বছর ৯দিন চলছে আর ও আছে অনেক দূরে আল্লাহোর কাছে  সবায় দোয়া করো সে যেনো অনেক ভালো থাকে,Negative
হার জিত তো পরিনাম কিন্তু চেষ্টা করাই তো আমাদের কাম,Positive
আপু আপনি কি নতুন কোনো মুভি দেননি,Positive
বাইকের তেল শেষ হলো কি ভাবে।বাইকে চাবি দেওয়ার আগেই ত মেসেজ আসলো,Positive
ওই শালীর লাভ রেড দিলে কিন্তু প্রেম করতে হবে,Negative
রোমানা তুমি একটু বদমাইশ আছো,Negative
"না চাইতেও লং  হল,,,,,, রাগ জমা করতেছি,বিক্রি করা গেলে আমি বিলিনিয়ার হতে পারতাম",Positive
কিছু  দিন পর আমাদের দুজনের মাঝে ও আনেক দূরত্ব  বেরে যাবে  আমাকে সেরে সে বিদেশে  চলে যাবে,Positive
আমিতো মাসকান থেকে দেখে হাসতে হাসতে সেশ,Positive
"আমি তো মুভির কাহিনী থেকে উপস্থাপিকার কথা,  কথা বলার ভঙ্গি  তে পিডা হয়ে গেলাম",Positive
তোমার কন্ঠটা আমার কাছে খুব ভালো লাগে তাই আমি তোমার সাথে ফোনে এক মিনিট কথা বলতে চাই,Positive
ম্যাডাম আপনি মনেহয় অনেক রোমান্টিক,Positive
অনেক  মঝার একটা মুভি,Positive
মুভিটা দেখার ইচ্ছে নাই।   কেননা আমি এখনো সিঙ্গেল,Negative
কি বলব।আপনার রোমান্টিক মুভি দেখে ভালবাসার মানুষটির কাছে দৌড়ে যাইতে মন চায়।কি আর করার আমিও যে জব করি।,Positive
"আমাদের বিয়ে চার বছর হয়েছে একটা ছেলে আছে ঐই চার বছরের মধ্যে আমার বর আমাকে রেখে কোনদিনই একা কোথাও যাইনি কিন্তু গত দশ দিন হলো আমার বর আমাকে ছেড়ে বাইরে কাজে গেছে কারন এখন অনেক টাকার প্রয়োজন ছেলের ভালো পরাশোনা করানোর জন্য ঐই প্রথম আমরা দুজন দুজনকে ছাড়া আছিখুব কষ্ট হয় কিন্তু উপায় না থাকার কারণে আমাদের আলাদা হতেই হলো  , কিন্তু ও সবসময়ই আমার আর আমার ছেলের খোঁজ নেই তাই দূরে থেকেও মনে হয় ও আমার সাথেই আছে  সত্যি বলতে যাওয়ার দিন ও আমাকে কিছু বুঝতে না দিলেও ট্রেনে বসে যখন আমাকে ফোন করে খুব কান্না করেছিল কিন্তু ও যাতে ভেঙে না পরে সেই জন্য আমি ওর সামনে কান্না করতে পারিনি, তবে ও চলে যাওয়ার পরে খুব কান্না করছি খুব ভালো বাসি তাকে",Positive
কেমন আছেন রোমানা আপু,Positive
আমি তো তোমার প্রেম পড়ে গেছি,Positive
আপু তোমার গলায় মধু আছে,Positive
আমারও মন খারাপ থাকলে খুদা ও ঘুম  লাগে,Positive
"কমেন্ট করাম,,তোমার মুখ দেখতে চাই",Positive
আমি তো আপনার ফ্যান তো আপনি কি বলবেন,Positive
আপা.....কয়েকটা ভিওর জন্য এরকম টাইটেল না দিলেও পারেন,Positive
আপু কেমন আছেন,Positive
মুভির চেয়ে তো আপনার ভয়েজ টা আরো সুন্দর ।।,Positive
"রোমানা আপু আমি সুধু ইউটুবে ২ জন ব্যাক্তির ভিডিওই দেখি সে হলো আপনি আর প্লাবন ভাইয়ার,আর আপনারা দুজনেই আজ কত দিন যাবত কোন সাসপেন্স থ্রিলার মুভি ছারেনা,যা আমার পছন্দ বলেই আপনাদের ভিডিও দেখি তাই জদি না পাই এসব ছবিতে কি মন বসে বলেন?কি হয়েছে আপনাদের আপনারা কোথায় হাড়িয়ে গেছেন নতুন মুভি ছারেন না কেনো???",Positive
কেমন আছে বোনটি,Positive
আমরা নারী আমরা সব পারি ️️,Positive
সিনেশন চ্যানেলের দেখে শিখছেননমনে হচ্ছে।।।।,Positive
আমার লাইফে গটে জাওয়া দিন গোলো খুব মিছ করি,Positive
আমিও আপনার পাগলা ফ্রেন্ড।,Positive
বিশ্বাস করো আপু মনটা এতো খারাপ ছিলো যা বলার মত নাহ   কিন্তু চোর পুলিশ খেলা দেখে এতো হাসি পাইলো যা বলার মত না,Positive
"আশা করি কেও ধর্ম নিয়ে ব্যবসা কে সাপোর্ট করবেন না,,",Negative
"ফোনে কথা বলেও মনে মানুষের অনুভূতি বুজা যায়,,,, ঐ গাদা টা বউয়ের প্রেমে পড়ে নাই তাই বুজে নাই",Positive
মেয়েদের বিয়ে হয় কিন্ত ছেলেরা বিয়ে করে,Positive
"কিরে মনি ছবির নাম দেস না কেনো?? কি ছবি এক্সপ্ল্যানেইন করছস মানুষ বুঝবো কেমনে,,,,",Negative
"রুমানা,তুমার সাথে আমি ১৮+ কিছু করতে চাই।বিশ্বাস করো তুমার কন্ঠ শুনলেই আমার হাত মারা লাগে।",Negative
আমি মেলা ফলো করে দেখেছি আপা আপনি খালি নোংরামো ছবিগুলো পছন্দ করেন আরে স্পেন করেন বাড়ি থেকে বাপ ভাই নাই আপনার,Negative
ছেলেরা সব সময়  তার বাবা পহ্ম হলেই কথা বলবে।  ছেলেরা কখন ও বউকে বুঝবে না।,Negative
আপু আপনি কি কলিকাতা নাকি বাংলাদেশি কিছু বুঝতে পারলাম না।,Positive
"মুভি নিয়ে কোন কমেন্ট করব না, কমেন্ট টা তোমাকে নিয়ে করব, তুমি দিনে দিনে আরো বদমাশ হয়ে যাচ্ছো, 9:38 বাইক স্টার্ট রেখে পড়তে চলে গেল,",Negative
আপনার হাসি মোটেও ভালো না চেষ্টা করবেন না হাসার,Negative
"তোমার মুখের ভাষার কি ছিরি,  তুমি কি চটিতে অনার্স করেছ নাকি!",Negative
আপু তোমার কণ্ঠ শুনে মনে হয় তুমি কতটাই না সুন্দর।,Positive
শালা আমরা সিঙ্গেল হয়ে মরবি,Negative
"সিনেমা টা দেখিনি কিন্তু গল্পটা শুনেই মন ভরে গেল, শেষের অংশ টি বিশেষ করে শাহরুখ খান এর বক্তব্য শুনতে শুনতে চোখে জল এসে গেল, যাইহোক সিনেমা টি নিশ্চয়ই দেখবো, বিবরণ কারি কে অশেষ ধন্যবাদ।",Positive
"কে বলেছে মুভি টা ভালো না। ,  অসাধারণ চোখে পানি চলে আসলো",Positive
বন্ধুত্বের কথা শুনলেই চোখে জল চলে আসে । বন্ধু ঋণ কখনোই শোধ করা যায় না,Positive
সত্যিই অসাধারণ লেগেছে। চোখ থেকে পানি চলে আসলো।  আর আপনার এক্সপ্লেনেশন ও খুবই চমৎকার হয় সব সময়।,Positive
ইরফান খান বেঁচে নেই কিন্তু সারাজীবন তার অভিনয় বেঁচে থাকবে।,Positive
"মুভিটা দেখে চোখের পানি ধরে রাখতে পারলাম না,,, একটা হার্ট টাচিং মুভি",Positive
"মুভিটা,,, জাষ্ট অসাধারণ ছিলো,,,। প্রথমে,, অনেক হাসলাম,,,।। কিনতু মুভির শেষে, চোখের পানি ধরে রাখতে পারলাম না",Positive
ভাইরে ভাই... এত সক্ত মন ওয়ালা মানুষ হয়েও আজ ছখের পানি জোর করেও ধরে রাখতে পারিনি। বি:দ্র: আমার এত সহজে কান্না আসেনা..বছরকে বছর কান্না ছাড়া আছি,Positive
শাহরুখের প্রায় সব মুভি গুলোই হলো শিক্ষনীয়  আমার কাছে “বিল্লো” মুভির এক্সপ্লেইনটি অনেক ভালো লেগেছে।,Positive
"কে বলে-- এটি ""সাধারণ ছবি""?... এটি ""অনন্যসাধারণ মানবিক-মূল্যবোধে সিক্ত"" একটি ছবি।  এমন একটি 'কাহিনি-চিত্রে'র সঙ্গে পরিচয়-করিয়ে দেবার জন্য, আপনাকে আন্তরিক ধন্যবাদ।  ভালো থাকবেন।",Positive
অনেক সুন্দর একটি  উদাহরণ। ধন্যবাদ আপনাকে।,Positive
"আমরা প্রায়ই বলে থাকি , মানুষ স্বার্থপর হয়ে গেছে ,নিজেরটা ছাড়া কিছুই বোঝে না , হৃদয়বোধ বলতে কিছুই নেই, হিংসায় ভর্তি   ইত্যাদি ইত্যাদি। কিন্ত এই মুভি দেখে এত মানুষের অশ্রু বিসর্জন, আটকাতে পারছেন না এমন কান্না , মনের মাঝে হাহাকার  কোথা থেকে আসে ? তার মানে পৃথিবী আজও বসবাস যোগ্য,  আজও এখানে বাঁচার অনেক উপকরণ রয়ে গেছে। আজও কোন নার্সিংহোম  বা ক্লিনিকে অন্যের  ছোট গুটি গুটি পায়ে হাঁটা বাচ্চাদের কোলে নিয়ে আদর করতে ইচ্ছে করে। নানারকম মুখ ভঙ্গী করে সেই বাচ্চাদের হাসাতে ইচ্ছে হয়। তার মানে আমরা বেঁচে আছি।",Positive
"অসাধারন, আপনার কথা গুলো শুনতে শুনতে চোখ দিয়ে জল গডিয়ে পডেছে,",Positive
আমার মনে হয় জীবনের প্রথম কমেন্ট করতে আছি তাও আবার রুমানা আপুকে আমি বাংলাদেশ থেকে হাজারো বাগানের লাল গোলাপের শুভেচ্ছা জানাচ্ছি ️️️️,Positive
"কি কান্ড আমার যে যে মুভি খুব পছন্দ ঠিক সেই সেই মুভি পর পর পাইলাম,অসম্ভব ধন্যবাদ রোমানা আপু,বারবারা",Positive
এই মুভিটি যাদের ভাল লাগে না অথবা লাগবেনা আমার মনে হয় তাদের মধ্যে মন বলে কোনো জিনিসই নাই অথবা তাদের জীবনে কোন সত্যিকারে বন্ধুই ছিলনা অসাধারণ একটা সিনেমা পুরো মন ছুয়ে গেলো তার সাথে তোমার গলার স্বর টাও,Positive
শেষ করলাম আরেকটা অসাধারণ সিনেমা। যা চোখের পানির মাধ্যমে।,Positive
খুব ভালো লাগছে এগিয়ে যান বহুদুর শুভকামনা রইলো আপনার জন্য,Positive
মুভির শেষের দিকে চোখের পানি ধরে রাখতে পারিনি,Positive
মুভির সাথে রুমানা আপুর গলা সেই,Positive
"মুভিটা এতোটাই ভালো লাগছে যে কি বলে প্রকাশ করবো বুঝে উঠতে পারছি না,,, শেষ টায় তো আমি কান্না করতে করতে চোখ ফুলে গেছে",Positive
মানুষের কন্ঠও এতো সুন্দর হতে পারে।।মাশায়াল্লা।,Positive
দিদি আপনার গলার আওয়াজ টা অনেক সুন্দর মুভির কাহিনীটা অনেক সুন্দর সুন্দর,Positive
ছবিটা কতবার দেখছি তার হিসেব নেই৷ যতবার দেখি ততবারই চোখ থেকে পানি বের হয়ে যায়৷,Positive
প্রথম দিকে ভালো লাগেনি কিন্তু শেষ টা চোখে পানি নিয়ে আসলো,Positive
"মুভি টা যে ভাবে উপস্থাপন করেছেন তাতেই ইমোশনাল হয়ে গেছি,, আর যদি মুভি টা বাংলায় ডাবিং করা দেখি আশা করি, চোখের জল আটকে রাখা অসম্ভব।     তবে আপনার এইরকম সুন্দর উপস্থাপনায় আপনার  ফ্যান হয়ে গেলাম আজ থেকে!     আশা করি একটা উত্তর পাবো!   ইতি সজিব",Positive
খুবখুব খুব ভালো লেগেছে । অতি সুন্দর ওকটি কাহিনি ।,Positive
খুব ভালো লাগলো কিন্তু বিল্লু কে দেখে খুব কষ্ট হচ্ছিল কারণ মানুষটা আজ আর বেচে নেই,Positive
খুব ভালো লাগলো দারুণ একটা কাহিনি কার কার জীবনের সাথে মিলে যায়।,Positive
আপু ফাস্ট কমেন্ট ফাস্ট লাইক ️আমি তো হঠাৎ করে  দেখে একটাই চিৎকার দিয়েছে,Positive
আপু অনেক ধন্যবাদ আপনাকে সরতি অনেক ভালো লাগলো চোখে জল চলে আসছে,Positive
অসাধারণ  আপু আপনার কন্ঠ    আর আজকের  এই মভিটাও,Positive
সত্যি অনেক ভালো লাগলো ধন্যবাদ আপু,Positive
প্রথমে মুভিটা দেখার তেমন আগ্রহ হয়নি। পরে মনে হলো রোমানা আপুর এক্সপ্লেনেশন মানে ভালো কিছুই হবে আর তাই হলো শেষ মূহুর্তে চোখের পানি ধরে রাখতে পারিনি।,Positive
সত্যি অনেক ভালো লাগলো। মন খারাপ থাকলে এই অনুবাদ করা ছবির গল্প শুনলে মন ভালো হয়ে যাবে।,Positive
অনেক অনেক ভালো লাগছে। একরকম আরো ছবিগল্প শুনতে চাই,Positive
চোখে জল আসার মত মুভি। সেই হয়ছে রুমানা আপু।,Positive
আমি এখন আর কোন সিনেমা দেখিনা কিন্তু বিল্লু বারবার আমার অনেক ভালো লাগে তাই দেখলাম ।  ধন্যবাদ ।,Positive
ভাই সেরা চয়েস ছিল  শেষ সিন দেখে তো চোখে পানিই চলে আসছে  এমন গল্প নির্ভর ছবি আরও চাই! এতো সুন্দর সিনেমা অথচ তেমন কোনো নামই শুনলাম না!,Positive
কে বলছে ভালো লাগে না জোছ লাগছে জোছ এক কথায় আসলে বন্ধুত্ব জিনিসটা এমনই হওয়া উচিত ️️️️️️️,Positive
অনেক অনেক ভালো লাগলো। এই রকম বন্ধু যেন সবার হয়,Positive
সত্যিই আপনার এক্সপ্লেন আর মুভির কাহিনী অসাধারণ ছিল,Positive
আমি অনেক বার দেখেছি  আর চোখের পানি ছরিয়েছি।,Positive
অনেক অনেক ধন্যবাদ এই মুভিটা আমার অনেক প্রিয় কতবার যে দেখছি গুণে শেষ করতে পারবো না তারপরও আবার এক্সপ্লেন টা দেখলাম খুব ভালো লাগলো আবারো আপনাকে ধন্যবাদ।,Positive
মুভিটি আগেই দেখেছি। তারপরও রিভিউ শুনলাম। প্রিয় মুভি।   আপনি বেশ সুন্দর করে বলেন,Positive
কাল থেকে অপেক্ষায় ছিলাম ভিডিও জন্যঅবশেষে দিলেন ভিডিওধন্যবাদ আপনাকে এত সুন্দর ভিডিও দেওয়ার জন্য,Positive
আপনার চমৎকার উপস্হাপনায় সত্যিই ভাল লাগে। আমি মুভিটায় শেষ মূহুর্তে চোখে পানি এসে গিয়েছে। ধন্যবাদ আপনাকে,Positive
এই ফুল মুভিটা আমি দেখেছি তখন আমার চোখে জল আসেনি আপনার মুখ দেখে শুনে একটা সময় আমার চোখ বেয়ে জল এসেছে মুভিটার অনেক কাহিনী বুঝতে পেরেছি,Positive
খুবই ভালো লাগছে... মুভির কাহিনিটা অসাধারন ছিলো,Positive
মুভিটা দেখে আর আপনার এক্সপ্লেনেশন শুনে খুবই ভালো লেগেছে আপু আপনাকে অনেক ধন্যবাদ এতো ভালোভাবে এক্সপ্লেইন করার জন্য,Positive
সুন্দর বর্ণনা  ধন্যবাদ পাওয়ার যোগ্য!  অনেক চেষ্টায় ফসল!,Positive
মুভিটা ভীষণ ভীষণ ভালো হইছে আমার অনেক পছন্দ লাগছে দেখে ভালো লাগলো,Positive
শাহরুখ খান আমার সারা জীবনের সেরা নায়ক ছবি টা দেখে কেঁদেছি।,Positive
"ছবির কাহিনি যেমন ভালো লেগেছে, তোমার কণ্ঠও দারুণ লেগেছে। ধন্যবাদ।",Positive
কাহিনী শুনে আমার চোখের জল বেরিয়ে এলো। অত্যন্ত ভালো লাগলো।ধন্যবাদ।,Positive
এমন মুভি গুলো দেখলে মন ভরে যায় 🥹আপু এমন অসাধারণ মুভি গুলো বেশি বেশি  করবা,Positive
"আমি কখনো কমেন্ট করি না তবে আজকে আর না করে থাকতে পারলাম না,, এই ছবি টা দেখে মনের অজান্তেই চোখ দিয়ে পানি চলে আসছে,, কিছু খনের জন্য মনে হয়ে ছিলো ,, এটা বাস্তব কাহিনি,, সত্যি ছবিটা অসাধারণ",Positive
মুভিটার লাস্ট সিন দেখে পুরা ইমোশোনাল হয়ে গেছিলাম সত্যিই মুভিটা অনেক সুন্দর,Positive
পুরোই অস্থির️,Positive
ব্যাতিক্রম ধর্মী মভি ভাল লেগেছে। ধন্যবাদ,Positive
আপনার এক্সপ্লেশন টা অনেক শুন্দর হয়েছে আপবার কাঁদো কাঁদো কণ্ঠে তাই সাক্সক্রাইবার করলাম,Positive
"এই সিনেমা যত বার দেখছি ততবার আমি আবেগে কেঁদেছি,এই এখন ও চোখ দিয়ে পানি বের হয়ে আসছে। দশটা সেরা সিনেমার তালিকার ভিতর একটি সিনেমা বিলু বার বার",Positive
সত্যি অনেক ভালো লাগলো ধন্যবাদ আপু,Positive
"পুরনো সৃথী গুলো মনে পরলো আবার, ধন‍্যবাদ রোমানা ম‍্যাডাম।",Positive
অসাধারণ  বিল্লু ভাই।,Positive
এক কথায় অসাধারন আর কিছু বললাম না।,Positive
"রোমানা আপু,,,অনেক ধন্যবাদ",Positive
আমার এই মুভিটাকে সবচেয়ে বেশি ভাল লেগেছে।ধন্যবাদ রোমানা আপু।,Positive
রুমানা তোমার ভয়েচ তো মাশাল্লাহ  তোমার ভয়েচ শুনে প্রেমে পড়ে গেলাম গো,Positive
বন্ধুত্ব অদ্ভূত সুন্দর।,Positive
অসাধারণ  একটা মোভি দেখলাম,Positive
"অসাধারণ একটা মুভি আপু আপু এমন মুভি আরো অনেক চাই️ছবির লাস্ট টা খুব সুন্দর ছিল চোখে পানি এসে পড়েছে ,, সবারই ব্যক্তিগত একটা লাইফ আছে যে যত বড়ই হোক না কেন আর এটিই বাস্তব ️️️ধন্যবাদ আপু এত সুন্দর ভিডিও দেওয়ার জন্য ️️",Positive
অসাধারণ একটা সুন্দর ভিডিও দেওয়ার জন্য ধন্যবাদ। আমি অনেক দিন আগে এই সিনেমা টি দেখেছিলাম। অনেক সুন্দর সিনেমা।  আর রুমানার এতো সুন্দর করে  আলোচনা করে সিনেমাটির আবেদনময়ী করে তুলেছে। শুভেচ্ছা ও শুভকামনা রইল।,Positive
মুভিটা না দেখেই ভিডিও তে লাইক কমেন্ট করে দিলাম আমি জানি সিনেমা উইথ রোমানা দিদিভাই মানে তো পুরোই অস্থির  আর এতো তাড়াতাড়ি ভিডিও উপহার দেওয়ার জন্য ধন্যবাদ,Positive
এরকম গল্প আরো চাই,Positive
"সত্যি আপু কি বলবো ভাষা হারিয়ে ফেলেছি,অসাধারণ, এমন ভালোবাসার ঘটনা ও আছে আমি জানতাম না,",Positive
অতুলনীয় আপনার উপস্থাপনা সত্যি অতুলনীয়,Positive
"আপনার বর্ননা খুব সুন্দর সহজ সরল, মন ছুঁয়ে যায়",Positive
এসব হল গল্প।এক কথায় অসাধারন,Positive
খুব ভাল লাগলো ছোখ দিয়ে পানি ছলে এসেছে __,Positive
তোমার সব মুভিই অনেক ভালো লাগে আমার,Positive
আল্লাহ আপনাকে একটা ভয়েজ দিয়েছে সত্যি অসাধারণ,Positive
চমৎকার ফিল্ম ছিলো এটি,Positive
কন্ঠ শুনলে মন ভরে যায়। ️️️,Positive
আমার খুব ভালো লেগেছে সত্যিই আপু তোমার এক্সপ্লেনেশন সত্যিই অসাধারণ,Positive
অনেককক ভালো লেগেছে এবং চোখে জ্বল এসে গেছে দারুণ মুভি,Positive
"এই মুভিটা কাহিনিকার কে ধন্যবাদ, ভিষণ ভালো লাগলো",Positive
আপনার মুভিগুলো সত্যি অনেক সুন্দর এবং ভালোবাসা ভরা,Positive
"শেষের ৫ মিনিট দেখে কান্না চলে আসছে,",Positive
মুভিটা গল্পটা অসাধারণ। পুরো মুভি তার গল্প শুনে সত্যি কথা আমার চোখে জল এসে গেছে সত্যি খুব সুন্দর।,Positive
খুব ভালো লাগলো। ধন্যবাদ,Positive
আপু মুভির কাহিনীটা কিন্তু সুন্দর ছিল। ধন্যবাদ আপনাকে..,Positive
"মুভি এতটা অসাধারণ হতে পারে এসব ছবিগুলো না দেখলে বুঝা যায় না, ধন্যবাদ ️",Positive
এতো  তারা তারি ভিডিও দেওয়ার জন্য তোমাকে অনেক ধন্যবাদ আপু,Positive
অনেক ভালো ভিডিও ধন্যবাদ ভাই,Positive
১০-১১ বছর আগে মুভিটা প্রথম দেখেছিলাম। তারপর আরও দুই-তিন বার মুভিটা দেখেছি। লাস্ট দেখেছিলাম ইরফান খান মারা গেলে। মুভিটা প্রতিবারই আমাকে ইমোশনাল করেছে।,Positive
অনেক সুন্দর হয়েছে আপু চোখে পানি চলে আসছে,Positive
"অসাধারণ মুভি, রিভিউ টা অনেক সুন্দর হয়েছে",Positive
প্রথম বার আমি প্রথম কমেন্ট করলাম ধন্যবাদ তারাতাড়ি মুভিটা দেবার জন্য,Positive
এক কথায় অসাধারণ ️,Positive
আপু আমি তোমার সবগুলো ভিডিও দেখে আমার অনেক ভালো লাগে মোটামুটি সময় পেলেই মানে ফোন হাতে আসলেই তোমার সবগুলো মুভি দেখি অনেক বেশি ভালো লাগে  ধন্যবাদ আমাদেরকে এত সুন্দর ভাবে মুভিগুলো উপস্থাপনা করে দেওয়ার জন্য️,Positive
দেখতে চলে আসলাম,Positive
ভারি সুন্দর মুভি খুবই ভাল লাগল।,Positive
খুব ভালো লেগেছে আপনার ভিডিও শুনে,Positive
অনেক অনেক ভালো লাগল,Positive
খু্বই ভালো লেগেছে।,Positive
মুভিটা ইমোশনাল করে দিলো,Positive
আমার ছোট্ট বেলার আবেগ এই মুভি টা,Positive
"আপু অপেক্ষায় থাকি,,সব সময়,,,আপনাকে যদি একদিন দেখতে পেতাম,,এতো সুন্দর কন্ঠ আপনার,,,মাশাআল্লাহ",Positive
সত্যি অনেক সুন্দর হইছে,Positive
খুব ভালো লেগেছে। ধন্যবাদ,Positive
অনেক ধন্যবাদ আপনাকে ভালো লাগছে,Positive
"কান্না করে দিয়েছি, আপু আরো চাই এমন বিডিও",Positive
আপু সবার কাছে এমন মুভি কেমন লাগে তা জানিনা কিন্তু আমার কাছে বেস্ট,Positive
"এমন টাইপের মুভিগুলোই ভাল লাগে আপু, আপনাকে অনেক ধন্যবাদ",Positive
খুব ভালো লাগলো ধন্যবাদ,Positive
অনেক সুন্দর হয়েছে রুমানা আপু,Positive
আমার তো কান্না শুরু হয়ে গেছে,Positive
সত্যি অসাধারণ অনেক ইমোশনাল হয়ে পরেছি আপনার ভিডিও টা দেখে ️️️️,Positive
খুব দারুন গল্প,Positive
অনেক ভালো লেগেছে  বিশেষ করে শেষটা আরো অনেক ভালো লেগেছে।,Positive
এত সুন্দর বর্ণনা করা র জন্য ধন্যবাদ।,Positive
খুব সুন্দর ভাবে বললেন খুব ভালো লাগলো আপু ধন্যবাদ,Positive
অসাধারণ একটা সিনেমা আর আপনার জন্য দেখা সিনেমার গল্প আবারও শোনলাম ️,Positive
খুবই সুন্দর হয়েছে।।।। এই ছবিটা আমি আগে দেখি নাই আগে  দেখতাম তাইলে আরো বেশি ভালো হতো আজকে শুধু এক্সপ্রেশন শুনলাম,Positive
অনেক ভালো লাগলো  আপু️,Positive
"প্রকৃত বন্ধু একেই বলে, এত বড় সেলিব্রেটি হওয়ার পর ও ছোটবেলার বন্ধুকে মনে রেখেছে",Positive
শাহরুখ খানের আমি একজন বড় ফ্যান।অনেক দিন পর তার একটা সিনেমা দেখলাম ।  না দেখে শুধু সংক্ষিপ্ত কাহিনী শুনেই মনের অজান্তেই চোখটা ভিজে গেল। ধন্যবাদ রোমানা আপুকে সুন্দর উপস্থাপনার জন্য,Positive
সেই সেই দারুন আর দারুণ!!!,Positive
"কিছু টা দেখেই কমেন্ট করলাম কারণ জানি আপনার মুভির এক্সপেলেনেশন খুব সুন্দর হয়, তাই ধন্যবাদ আপু আমাদের এত সুন্দর একটা মুভির এক্সপেলেনেশন উপহার দেওয়ার জন্য",Positive
আপনা উপস্থাপনা অসাধারণ।,Positive
"দারুণ দারুণ এক,কথা,অসাধারণ",Positive
"এটা আমি দেখছি, তবুও আপনার কন্ডে শুনবো,,  আমি আপনার বড় একজন বন্ধু,,  না দেখা বন্ধু",Positive
অস্থির মামা সেই হইছে,Positive
অসাধারণ মুভিটা।কারন শারুকখানের মুভি বলে কথা। ধন্যবাদ আপু এমন মুভির গল্প বলার জন্য,Positive
ভিডিও কি দেখব আপনার কথা শুনে তো মুগ্ধ হয়ে। আপনার ভয়েসটা অনেক সুন্দর,Positive
আপু আপনার মুভি গুলো অনেক সুন্দর অনেকে ইমোশনাল আরো অনেক কিছু শিখার মেসেজ আছে আপনার মুভি গুলো দেখতে অনেক ভালো লাগে,Positive
ছবিটা দেখে সবাই কাঁদবে আনন্দে আমিও কেঁদেছি।,Positive
"আপু, সত্যিই বিল্লু বারবার মুভিটা অসাধারণ লেগেছে আর তোমার কণ্ঠস্বরও  অসাধারণ ।  তোমাকে আমার খুব   লাগে । সত্যই তুমি অসাধারণ ।",Positive
"খুব সুন্দর একটি কাহিনী, আর ইরফান খানের অপূর্ব অভিনয়।",Positive
"খুব সুন্দর,,,,,,সাবাস সোনামনি,,,,,",Positive
রুমানা আপু অনেক সুন্দর করে এক্সপ্লেইন করে অনেক ধন্যবাদ,Positive
"এত সাধারণ ও সরল ভাবে বললে যেকোন কিছু ই হিট,, অসাধারন লেগেছে আপনার বাচনভঙ্গি,, বিল্লুর মতো ই খুব সাধারণ কিন্তু খাঁটি,,শুভ কামনা রইল,, সাবস্ক্রাইব ও লাইক করে নিয়েছি আপনার কথা শুনে মনভাল করে নিতে।",Positive
খুব ভালো লাগলো এবং চোখে জল চলে আসলো,Positive
শেষের সিনটা দেখে চোখে পানি চলে আসলো,Positive
"খুব ভালো লাগলো, ধন্যবাদ",Positive
খুব ভালো লেগেছে যা বলে শেষ করা যাবে না।,Positive
শক্তি কি বলবো মুভি টা অনেক সুন্দর হয়েছে আর এরকম সুন্দর করে বলার জন্য আপনি অনেক সুন্দর হয়েছে,Positive
তোমার রোমান্টিক  ভালো হয়। তাই বেশি বেশি রোমান্টিক মুভি দাও।,Positive
অনেক ভালো লেগেছে,Positive
অসাধারণ  খুব সুন্দর,Positive
"আরে দিদি এমন মুভি আমাদের ভালো লাগে ,,  মুভি টা খুব সুন্দর ছিল ,,️️️",Positive
আপু অসাধারণ লেগেছে,Positive
"শাহরুখ, দীপিকা, কারিনা, অনেকের নামই তো বললেন, কিন্তু ছবিটির মুখ্য চরিত্রের অভিনেতা কিংবদন্তী ইরফান খান এর নামটাই তো বললেন না!",Positive
"খুব সুন্দর, মনটা কেদে উঠছে।",Positive
"খুব ভালো লাগলো,শেষে খুব কাঁদলাম।",Positive
অনেক সুন্দর মুভি টা ...আপু - . নতুন নতুন মুভি দিবেন,Positive
"মনের অজান্তেই, চোখে পানি চলে আসলো,অসাধারণ ছিলো,।",Positive
আজকের ভিডিও টা অনেক ভালো লাগলো        আপু আমি আর আমার বউ আপনার সব ভিডিও দেখি আপনার ভিডিও গুলা অনেক ভালো লাগে  আর আপনার ভিডিও   কমেন্ট করলাম  আর হ্যা থানায় কমপ্লেন করার দরকার নেই সময় পেলে লাইক দেই,Positive
. আমার চোখ বেয়ে পানি আসছে।,Positive
আমার খুব ভালো লেগেছে,Positive
আপু এই মুভিটা অনেক আগে থেকেই দেখার ইচ্ছা ছিল। আজকে আপনার এক্সপ্লেনেশন দেখে খুবই ভালো লাগল। ধন‍্যবাদ আপূ,Positive
"অনেক ভালো একটা মুভি দেখলেন,ধন্যবাদ।",Positive
20 25  দেখেছি মুভি টা । অসাধারণ একটা মুভি,Positive
অসাধারণ একটি মুভি এই মুভিটা দেখে যতটা ইমোশনাল হয়েছি। কখনো অন্য কোন মুভি  হৃদয়ে এতটা নাড়া দেয় নি।,Positive
সত্যি বলতে৷আমি অলওয়েজ কারো না কারো এক্সপ্লেশন দেখি অনেক মুভি দেখছি বাট এই মুভিটা আসলেই হৃদয় ছোঁয়া। ভালো লাগলো দেখে কমেন্ট টা করলাম।,Positive
দারুন লাগছে কিছুটা হলেও সত্যি কাহিনী,Positive
এক কথায় অসাধারণ,Positive
আমার তো শেষের সিনটা দেখে চোখে পানি চলে এসেছিল,Positive
অসাধারণ মোভি টা,Positive
চোখে পানি চলে আসার মতো মুভি,Positive
অসাধারণ হয়েছে মুভি টা আমার খুব ভালো লাগছে বন্ধুত্বের নিদর্শন আমাদের সমাজ আজকাল দেখাই যায় না,Positive
আনন্দকে ভাগ করলে দুটি জিনিস পাওয়া যায়; একটি হচ্ছে জ্ঞান এবং অপরটি হচ্ছে প্রেম।,Positive
সত্যি অনেক সুন্দর হয়ে ছে️,Positive
"দুর্দান্ত একটা মুভি, এই বন্ধুত্ব গুলো কখনোই ভোলার নয়",Positive
আল্লা তালা মানুষ কে সকল সৃস্টির সেরা বানাইয়া ছেন। এতো সুন্দর হিস্টুরি বানায়াছেন।  আলহামদুলিল্লাহ।,Positive
ভালো কেন লাগবে না অনেক সুন্দর লেগেছে  ।,Positive
এটা খুব ভালো লাগলো ধন্যবাদ,Positive
সত্যি মুভিটি খুবই ভালো লেগেছে।,Positive
অনেক সুন্দর হয়েছে ।,Positive
"আপনি যেই ভাবে   করেন,, ফ্লপ  গুলা ও যেন,,, হিট হয়ে যাই",Positive
অসাধারণ,Positive
ডাবিং খুব ভালো হয়েছে,Positive
অনেক ভালো লেগেছে,Positive
"ভিডিও তেমন ভালো না হলেও আপনার কথা গুলো অসাধারণ লাগে, আমি আপনার সমস্ত ভিডিও দেখি",Positive
আপু আমার এই মুভির কাহিনীটা খুব ভালো লেগেছে অসংখ্য ধন্যবাদ আপু,Positive
"অসাধারণ একটি কাহিনী,যেটা শুনতে শুনতে কখন যে চোখে পানি চলে আসছে বুঝতেই পারিনি।",Positive
অনেক ভালো লাগছে,Positive
ইরফার খানের মুভি অনেক সুন্দর আর তোমার কন্ঠে  শুনলে বেশী ভালো লাগে,Positive
সত্যিই খুব ইমোশনালজনক মুভি।,Positive
"আপনার কন্ঠে মুভি সংলাপ শ্রুতি মধুর,,,আরও বৃষ্টি ঝরানোর অপেক্ষায় আছি",Positive
একদম অস্থির একটা সিনেমা হৃদয়কে স্পর্শ করার মতো,Positive
এই মবি টা দেখে আমার চোখে পানি চলে এসেছে সত্যি অনেক ভালো একটা মবি,Positive
খুব ভালো লাগলো জয়গুরু মা,Positive
মুভির কাহিনিটি অসাধারণ লেগেছে,Positive
আপনার গলার মধুর সুর অনেক সুন্দর,Positive
খুবই সুন্দর হয়েছে এই প্রকৃত বন্ধু পরিচয়।,Positive
কেমন আছেন আপু,Positive
খুব সুন্দর,Positive
"আপু আপনার মুভি রিভিও সুন্দর হয় জানি,কিন্তু এত সুন্দর হয় তা জানতাম না। দন্যবাদ সিনেমা  রোমানা।",Positive
"আমার চোখ জল চলে এসেছে। আপনি  যে বাই বলে চলে গেলেন,পানি কে মুছে দিবে।।।।।।আমার ছবি খুব ভালো লাগলো,,,আবার কান্না ও চলে আসলো।।।অথচ আমার সব বন্ধু বান্ধবী আমার সাথে এখনও যোগাযোগ আছে।।।। কিন্তু ছোট বেলার সময়টা আর নেই।।।।",Positive
অস্থির মুভি ️️,Positive
অনেক ভালো লাগছে,Positive
"গরীবের নুন আনতে পান্তা ফুরায় অবস্থা, দেখে দেখে তাদেরই আরো কষ্ট বহন করতে হয় .... এই অবস্থা টুকু আমাকে নিস্তব্ধ করে দিয়েছে । মুভি টা একটানা দেখার শেষে আমি এক আকাশ দীর্ঘশ্বাস ফেললাম",Positive
অনেক সুন্দর হয়েছে,Positive
খুবই ভালো লেগেছে।,Positive
অনেক ভালো লেগেছে,Positive
অনেকসুন্দর  আপু,Positive
শেষ টা দেখে খুব কান্না চলে এসেছে,Positive
এত ভালো লাগলো বলার ভাষা নাই ️️,Positive
"মুভি টা যে ভাবে উপস্থাপন করেছেন তাতেই ইমোশনাল হয়ে গেছি,, আর যদি মুভি টা বাংলায় ডাবিং করা দেখি আশা করি, চোখের জল আটকে রাখা অসম্ভব।     তবে আপনার এইরকম সুন্দর উপস্থাপনায় আপনার  ফ্যান হয়ে গেলাম আজ থেকে!     আশা করি একটা উত্তর পাবো!   ইতি সজিব",Positive
অনেক ভালো লাগলো বোন,Positive
দারুন সুন্দর লাগলো,Positive
অসাধারণ একটি মুভি।,Positive
খুবই অপূর্ব।,Positive
সত্যিই অসাধারণ,Positive
",বাল্যস্মৃতি আমি যত গভীরে ঢুকতেছি ততোই আমি আমার চোখের জল ধরে রাখতে পারিনি ধন্যবাদ সুন্দরভাবে উপস্থাপন। করার জন্য",Positive
অনেক ভালো লাগলো,Positive
সুন্দর উপস্থাপনা,Positive
আমার অনেক ভালো লাগছে  আপু আপনার মুভি যদি প্রতিদিন পাই তাহলে আমার মন টা সত্যি ই খুব ভালো থাকবে,Positive
"এই মুভিটা নয় বার দেখছি,,এখন এটাও দেখলাম।খুবই ভালো কাহিনী।",Positive
অসাধারণ একটা মুভি,Positive
খুব ভালো লাগছে চোখে পানি এসে গেছে,Positive
অসাধারণ,Positive
এখন আপনার চ্যানেল এ ভিডিও আসলেই মন টা ভালো হয়,Positive
অসম্ভব সুন্দর,Positive
এই মুভিটি সবচাইতে ভাল লেগেছে,Positive
আপু তোমার তো সব গুলা ভিডিও ভালো লাগে,Positive
অসাধারণ,Positive
অসাধারণ,Positive
দারুন লাগলো,Positive
"ছবি তো দেখিনা,,শুধু আপনার বয়েজের জন্য দেখি,,কি অসাধারণ কণ্ঠ আপনার",Positive
অনেক ভালো লেগেছে আপু,Positive
মুভি  টা খুব ভালো  এবং অনেক সুদূর  মুভি  দেখে চক্ষুতে পানি  আসল,Positive
"সত্যি ছবিটা অনেক বার দেখছি, আজ শুনে একে রকম অনুভব করছি,চোখের কোনায় সব সময় পানি চলে আসে এই বিলু দেখে।",Positive
"সত্যি অসাধারণ ছিলো,, মুভিটা,,",Positive
সত্যিই অসাধারণ মুভিটা,Positive
অনেক ভালো লেগেছে,Positive
আপনার মুভি অনেক ভালো লাগে,Positive
দুই খান মিলে যখন এক মুভিতে অংশ নেয় তখন তো এমন সুন্দর মুভি আশাই করা যায়,Positive
খুব ভালো লাগছে,Positive
আপনার ভিডিও গুলোর মধ্যে সবচেয়ে সুন্দর একটা মুভি।।।,Positive
আমার অনেক ভালো লাগছে,Positive
আপু এই কয়দিন ধরে আপনার  কাছে এক্সপ্লেইন দেখি...ভয়েস আর টিউন এত্ত ভাল্লাগে  এইটা বেশি ভাল্লাগে হায় আমি এস আর রুমানা,Positive
অসাধারণ একটি মুভি,Positive
আপনার এই গল্পটা আমার এত ভাল লেগেছে যে  আনন্দে আমার চোখে অশ্রু বেরিয়ে আসলো,Positive
গল্পটা খুব ভাল লেগেছে,Positive
মন ছুয়ে যাওয়া একটা মুভি,Positive
অনেক সুন্দর মুভিটা,Positive
সেরা মুভিদের একটা জল চলে আসলো,Positive
"ম্যাম আপনার মুভির এক্সপ্লেইন গুলো  আমার খুব ভালো লাগে, আপনার কাছে একটা অনুরোধ শ্রীদেবী ম্যাম অভিনীত মুভিগুলো এক্সপ্লেইন করবেন। উনি আমার একজন ফেভারিট একট্রেস",Positive
খুব ভালো লাগলো,Positive
খুব ভালো লাগলো,Positive
এতো টাই ভালো লাগছে যে চোখে পানি ধরে রাখতে পারিনি,Positive
চোখে পানি চলে আসছে,Positive
খুব ভালো লাগলো,Positive
অসাধারণ একটা মুভি,Positive
"...               ...     ""এই গেলো ""       ..  ....           ...",Positive
মুভিতে বন্ধুত্বের সন্মান ফুটিয়ে তোলার জন্য অনেক ভালো লাগলো,Positive
আমার প্রিয় ছবির গুলোর মধ্যে একটি,Positive
#ERROR!,Positive
অসম্ভব সুন্দর,Positive
খুব ভালো,Positive
খুবই সুন্দর একটি মুভি,Positive
রুমানা আপুআমি শুধু  একটিবার তোমার মায়াবী কন্ঠে শোনার জন্যই তোমার ভিডিও গুলো দেখি,Positive
"আপনি,আমার,মনটাচুরি করে নিয়ে গেছেন,,,,,,,,,,,",Positive
"সব সময় আপু আপনার ভিডিও পাওয়ার আশায় থাকি,,কখন একটা ভিডিও দিবেন",Positive
ছবিটা কতবার দেখছি তার হিসেব নেই৷ যতবার দেখি ততবারই চোখ থেকে পানি বের হয়ে যায়৷,Positive
রুমানা আপু মানেই সুন্দর,Positive
অনেক সুন্দর হইছে,Positive
আমার প্রিয় একজন হিরো শাহরুখ খান।,Positive
খুব ভালো হয়েছে,Positive
এ-সব গল্প মন ছুঁয়ে জায় জেদি কেও মন থেকে  ফিল করে,Positive
"মুভিটি সত‍্যি খুব ভাল নায়ক ইরফান  খানের সব ধরনের অভিনয় আমার ভাল লাগে আজ উনি বেঁচে নেই, ভাবতে খারাপ লাগছে, শেষে বলি ছোট হলেও গল্প টাও খুব সুন্দর।",Positive
সত্যি সুন্দর মুভি,Positive
শুধু ভালো না! দারুন হয়েছে,Positive
অল দ্যা বেস্ট অল দ্যা বেস্ট খুবই সুন্দর একটি গল্প,Positive
আপনার মধুর সুর শুনে আমি আপনার প্রেমে পড়েছি,Positive
"অনেক দিন পর জীবনের বাস্তব চিত্র দেখতে পেলাম , চোখ দিয়ে পানি গড়িয়ে পড়লো ।",Positive
"রুমানা  অনেক সুন্দর বলো, ভালো থেকো সাদী।",Positive
সেই লাগছে,Positive
"এই মুভিটা আমি ছোটবেলায় দেখছিলাম,,,মন ছুয়ে গিয়েছিল তখন,,বড় হয়ে মনে মনে এই ছবি টি অনেক খুজেছি,,কিন্তু নাম না জানার কারনে কখনো দেখতে পারি নি,,আজ এই মুভির এক্সপ্লেন শুনে খুব ভালো লাগলো,,ধন্যবাদ",Positive
"দুইমাস পর আবার দেখতেছি,,,,এই নিয়ে কয়েক বার দেখছি",Positive
মুভিটা সেই ছিল আর ইরফান সাহেবের অভিনয় একদম ন্যাচারাল,Positive
মুভিটা যতোই দেখি ততোই ভালো লাগে,Positive
কাহিনি ভালো লেগেছে।,Positive
"শেষর ১০ মিনিটে আমি অনেক কান্না করছি,,,সত্যি অসাধারণ মুবি",Positive
এত সুন্দর করে বলেন যে মনটা ছুঁয়ে যায়,Positive
মুভিটা বন্ধুত্বের একটা দারুন উদাহরণ,Positive
রোমানা আপু মানেই আমার না দেখা ক্রাস,Positive
আপনার কথা গুলো বলার স্টাইল অনেক সুন্দর,Positive
এমনি বন্ধু হওয়া উচিত বন্ধুত্বের মূল্য,Positive
ভালোই লাগলো,Positive
শেষে আচমকা চোখে পানি চলে আসলো,Positive
খুবি ভালো লাগছে আপু।,Positive
সত্যি অসাধারণ লাগলো,Positive
এই সিনেমাটি দেখিনি কিনতু কাহিনি শুনে মন ভরে গেল।,Positive
চোখে জল এনে দিলো,Positive
অসাধারণ বললেও কম হয়,Positive
মুভির কাহিনি এবং আপনার ধারাবর্ণনা য় চোখে জল এসে পড়ে।  চমৎকার উপস্থাপনা।,Positive
আপু মুবিটি সেইলাকছে,Positive
ভিডিও দেখে মনে হলো বাস্তব জীবনের সাথে মিল আছে।আমার অনেক ভালো লেগেছে মুভিটা। 🥹🥹🥹🥹,Positive
শেষে চুখের পানি ধরে রাখতে পারলাম না৷,Positive
লাস্ট সিনটা  দেখে চোখের জল ধরে  রাখতে পারলাম না,Positive
তুমি  যেই   করোনা কেন তোমার  এ  গুলো আরো সুন্দর হয়েযায় আপু,Positive
শেষের সিনটা দেখে চোখে পানি চলে আসে  আপু আপনাকে অসংখ্য ধন্যবাদ,Positive
অসাধারণ মুভিটা আপু,Positive
আমার কাছে ভালো লেগেছে !,Positive
আপু তোমার এন্ট্রি টা অসাধারণ লাগে,Positive
অনেক সুন্দর,Positive
অসাধারন মুভি,Positive
দারুন মুভির আপু।।,Positive
অনেক সুন্দর,Positive
খুব সুন্দর,Positive
খুব সুন্দর,Positive
নাইচ মুভি,Positive
অনেক সুন্দর হইছে আপু,Positive
খুব সুন্দর,Positive
খুব খুব সুন্দর,Positive
অসাধারণ,Positive
দিদি তোমার সিনেমার থেকে তোমার গলার সুর অনেক সুন্দর,Positive
তোমার সব ভিডিও ভালো আরো নতুন ভিডিও বানা,Positive
"কি ব্ল কস রুমানা আপু,,,কেদে ফেলেছি লাস্টে অনেক ভাল লাগছে,,, আপু,, ভালবাসা রইল",Positive
মুভিটা খুব খুব খুব ভালো লাগছে,Positive
অসাধারণ,Positive
ছবিটা আর আপনাকে অনেক ধন্যবাদ,Positive
খুব সুন্দর মুভি !,Positive
অসাধারণ,Positive
অসাধারণ,Positive
অস্থির মুভি আপু,Positive
খুব সুন্দর মুভি,Positive
সেরা সেরা সেরা সেরা সেরা সেরা সেরা সেরা সেরা সেরা সেরা সেরা সেরা  রুমানা আপু সেরা,Positive
আমার ভালো লাগচে,Positive
আমার ও একটা বন্ধু চিলো কিন্তু এখন আর নাই তাই এই মুবি টা দেখে চখে অজন্ত পানি চলে এলো এইটা আমার পাস্ট মুবি জা দেখে চখে পানি এলো,Positive
অনেক ভালো লাগলো বাংলাদেশ ও একজন্ আছে যে একজন ক্রিকেটার বর্তমান সৎসদ সদস্য তার একজন নাপিত বন্ধু ছিল  ছবি টা দেখে তার কথা মনে পড়ে গেল সে হল আমাদের গৌরব মাশরাফি বিন মর্তুজা,Positive
অসাধারণ ইমশোনাল সিনেমা,Positive
আমার তো ভালো লেগেছে,Positive
এই মুভি  তা আমার খুব  ভালো  লেগেছে,Positive
স্যআর আপনার কাহিনী খুব অদ্ভুত লাগল সত্যি ভগবান আছে এমন জায়গায় যোগাযোগ করে ভগবান ছাড়া আর কে যোগাযোগ করতে সৎপতি যদি থাকো একদিন দেখা হবে কিন্তু আমি অসৎ এই জন্য কারো সাথে আমার দেখা হয় না এইভাবে আমার জীবন কাটুক যেমন কর্ম করেছি তার ফল এখনো আমি পাচ্ছি। স্যআর।,Positive
মুভির গল্প আমার খুব ভালো লেগেছে,Positive
এই মুভি আমার অনেক ভালো লেগেছে,Positive
দারুন,Positive
আমার জীবনে দেখা সেরা মুভির একটা।,Positive
খুব ভালো লাগছে,Positive
মুভিটা খুব ভালো লাগলো খুব,Positive
খুবভালোলাগলো,Positive
আনেক শুদর,Positive
দারুণ সিনেমা,Positive
অসাধারণ মুভি,Positive
অসাধারণ মুভি,Positive
সুপার হিট মুভি,Positive
"আর, বলার ভঙ্গি খুব সুন্দর",Positive
শেষ অংশটা অনেক ইমোশনাল ছিলো।,Positive
"এতো সুন্দর মুভি,,,আমি দেখিনি",Positive
রুমানা আপা আমি সিরাজগঞ্জ থেকে বলছি । আমি বাংলাদেশে সেনাবাহিনী তে চাকরি করছি  আপনার ভয়েস টা অনেক সুন্দর লাগে । তবে আপনাকে দেখার অনেক ইচ্ছে আশা করি আমার ইচ্ছাটা পূরণ করবেন।,Positive
মুভিটা অনেক সুন্দর আমি দেখেছি,Positive
আপু ইমোশনাল মুভি দিয়েন আমার খুব ভালো লাগে,Positive
দারুন খুব সুন্দর অসাধারণ  ও চমৎকারএকটি গান আপনি অনেক সুন্দর  বন্ধু আমার️🇧🇩,Positive
জাস্ট ইমেইজিং!!!!,Positive
আমি শাহরুখ খানের ফ্যান কিনা জানিনা তবে তুমি যত সুন্দর করে সাজিয়ে বলছ মুভিটার গল্প আমি তোমার ফ্রেন্ড হয়ে গেলাম এই নাও সাবস্ক্রাইব এবং কমেন্ট,Positive
রোমানা আপু,Positive
কেঁদে ফেললাম মুভির এক্সপ্লেইন শুনে,Positive
ভালো ছিলো,Positive
"সিনেমা টি আমি দেখেছি খুব ভালো লেগেছে এই ছবির জন্য এক দল লোক বয়কট করে ছিল,এত সুন্দর আমি অনেক বার দে গেছি,",Positive
রুমানা আপু এককথায় অসাধারণ,Positive
তোমার ভয়ের শুনে আমি ভিদা বস।,Positive
আপনার এক্সপ্লেন ভিডিওগুলো আমি দেখি অনেক ভালো লাগে আপনার ভয়েস টা এক্সপ্লেইন ভিডিও শুরু করার আগে ব্যাকগ্রাউন্ড একটা শব্দ হয় ওইটা কোন মুভি বা গানের শব্দএকটু বলবেন,Positive
সুন্দর,Positive
সুন্দর,Positive
আমার চোখে শেষে পানি এসে গেলো,Positive
আমার চোখে র পানি চলে এসেছে,Positive
মুভির শুরুটা অনেক মজার ছিলো কিন্তু লাস্টে চোখে পানি চলে আসছে,Positive
আমার ছোট্ট বোন রোমানা তোমার সব মুভির ভালো লাগে তুমি এরকম মনে করো না যে এটা ভালো লাগছে না বলে তুমি আরেকটা অপশন দিবা না  তোমার সব এক্সপ্লেন আমার খুব খুব খুব ভালো লাগে আর আমি তোমার বড় বোন হয় দোয়া করছি তুমি আরো অনেক এগিয়ে যাও,Positive
অসাধারণ মুভি,Positive
সেই আপু,Positive
চোখে পানি চলে আসছে আমার,Positive
রুমানা আপু আবার চলে আসলাম এই মুভিতে,Positive
অনেক মজা পেলাম,Positive
সিনেমা টা সেই ছিল। এটা শারুখ খানের বাস্তব জীবন থেকে নেওয়া হয়েছে।,Positive
শেষ টা এমন হবে ভাবিনি যাস্ট কান্না করে দিছি,Positive
এই ছবিটা দেখে চোখে জল আটকে রাখতে পারি নাই অঝোরে কাঁদছি বুকে ব্যাথা শুরু হয়ে গেছে,Positive
বড়ই ইমোশনাল মুভি,Positive
শেষে চখে জল চলে এলো।,Positive
কান্না দরে রাখতে পারিনি,Positive
সবার জন্য একটা কাহিনী আছে গল্পটা সুন্দর সাঁতরাগাছি,Positive
"আপু আমি তোমার নতুন ফ্রেন্ড তাই তোমার দেওয়া আগে মুভি গুলো দেখতেছি, কিন্তু আরেক টা কথা এই মুভি টা এতটা ভালো লাগছে যা বলে বুঝানোর মতো না, সারুক খানের আরও মুভি চাই",Positive
লাস্ট সিনটা দেখে ইমোশনাল হয়ে গেলাম,Positive
দারুণ তো......,Positive
কে বলেছে মুভি টা ভালো লাগে নাই সেই একটা মুভি ছিলো আপু আরো এমন মুভি চাই,Positive
"ভয়েস শুনে মনে হলো তোমার বাড়ি নরসিংদী,,,, কন দেখি কি অবস্থা,,,, তোমার এই ডায়লগ খুব ভালো লেগেছে",Positive
অনেক কান্না করছি,Positive
চোখে পানি চলে আসছে,Positive
কঠিন অভিনয়,Positive
নাইজ,Positive
বন্ধুত্বের সম্পর্ক চিরদিনিই অটুট থাকে । তবে খাটি বন্ধু নির্বাচন ও পাওয়া চাই ।,Positive
ভালোবাসি আপনাকে,Positive
বাস্তবে কি এমন হয়??  হতে কি পারে  না??  কতজন মানুষ ভাল থাকত।।,Positive
আপু আমার চোখের পানি বের হয়ে গেছে,Positive
নাইচ  মুবি,Positive
মজা পাই লাম,Positive
ইরফান খান লিজেন্ড,Positive
আমি কেঁদে ফেলেছি,Positive
রোমানা আপু ছবিটা আমি দেখেছি। খুব ইমোশনাল একটা ছবি। আর বন্ধুত্ব কি জিনিস চাইতে বেশি কেউ জানে না।,Positive
আই লাভ ইউ,Positive
ভালো মানুষ দের ঠিকি ভালো লাগবে,Positive
আমার সেই সুন্দর লেকেছে কারন আমিও খুব মিচ করি,Positive
মজার মুভি,Positive
এই কাহিনিটা খুবসুনদোর লেগেছে আর খুব ইএম সোনাল,Positive
এত সুন্দর এক্সপ্লেন কার ভালো না লাগে,Positive
বির জারা মুভিটা দিলে খুশী হতাম ️,Positive
"মুভিটা অনেক ভালো লাগলো,,,,মুভি টার নাম কি আপু",Positive
বন্ধু  হলে এরকম হয়া দরকার,Positive
আপু এক্সপ্লেইন গুলো আরও একটু ছেট করবেন,Positive
"বাংলা দেশের এডিনে কি ছবি করে এগুলাকে বলে ছবির মতো ছবি,,,  রোমানা আপু সেই ছিলো",Positive
চমত্কার  মুভি,Positive
আপু আমি আপনার সব ভিডিও দেখিআপনি আমায় ️দেন না কেন,Positive
মুভীটা বালো লেগেছে বেশি ভালোলেগেছে  তোমার হাসি ভরা মিষ্টি  কথায়,Positive
"মেম আমি আপনার নিয়মিত একজন দর্শক,দয়া করে ব্যাকরাউন্ড মিউজিক এর সাউন্ড টা আরেকটু কমিয়ে দিলে ভালো হয়",Positive
"আমি আমার স্কুল লাইফের বন্ধুদের খুব মিস করি, সবাই একসাথে স্কুলে যেতাম একসাথে খেলাধুলা করতাম আজ আমি লেখাপড়ার জন্য বাইরে চলে আসছি কিন্তু তাদের সাথে কাটানো সময় এখনো মিস করি।",Positive
অসম,Positive
আস1ধারন ।,Positive
"বিল্লুর লাস্ট সিন,যেখানে তার বন্ধুকে জড়িয়ে ধরে যেভাবে কাদলো,ওই সিন থেকে আপনিও কাদতে বাধ্য।",Positive
আমার দেখা সেরা মুবি,Positive
মুভি টা সত্যিয় ভিশোন ভলো লেগেছে,Positive
ইরফান খান️,Positive
প্রথমে ভাবছিলাম ছবিটা তেমন মজা পাবো না কিছুখন পর ছবিটা ভালোলাগতে সুরু করলো শেষের দিকের সিনটা দেখে কান্না ধরে রাখতে পারি নি,Positive
ছবিটা আগেও দেখছিলাম একবার,Positive
অকেই বলে বন্ধুত্ব,Positive
চখে জল চলে আসল,Positive
এই ফিলিমটা আমি দেখেচি,Positive
এই মুভিটা বাংলা ডাবিং ইউটিউবে অনেক খুজেছি কিন্তু পাইনি।,Positive
"জানো,,রোমানা আপু,, এই ছবি দেখে অনেক কেঁদেছি",Positive
নিজের অজান্তেই বুক টা পেটে চোখে পানি চলে আসলো লাস্ট টুকু দেখে,Positive
"জী আপু আত্তিওতা করে ফেলছি,আপনার উপস্তাপিকা টা খুবই ভাল লাগে,কিন্তু শেষ টা কাদিয়েছে",Positive
"প্রিয় বোন,  মুভি কতটা ভালো লাগলো বা লাগলোনা আমাকে সেটা একটুও ম্যাটার করে নি। আমাকে যেটা ছুঁয়ে গেছে তাহলে তোমার দরদী কন্ঠ এবং সঠিক উচ্চারণ তোমার কন্ঠের আবেগ দিয়ে তুমি আমায় মথিত করেছ ভালো থেকো, সুস্থ থেকো।।",Positive
মুভী নয় বাস্তব চাই আমরা এটা শাহরুখ খান পারবেই,Positive
তামিল মুভি এর রিমেক!  রাজনিকান্তো এই মুভি অনেক আগে করছে।,Positive
আপু আমি আপনার থেকে চোরি চোরি চুপকে চুপকে মুভির এক্সপ্লেইন শুনতে চাই,Positive
লাষটের দিকে খুব কষ্ট লাগলো চোখে পানি ঝরে গেলো এই মুভির নাম যদি কেউ বলবেন,Positive
"মুভিটা অতি সুন্দর আমার ও একটি বন্ধু ছিল আমিও ওকে খুযি কিন্তু পাইনা, 30 বছর আগের বন্ধু আমার,কত খুযি পাইনা",Positive
মুভিটা আমি দেখেছি আপু এতো ভালো মুভি এখন আর দেখা জায় না,Positive
আনন্দে চোখের জল মুছে ফেলতে হচ্ছে।,Positive
ভিডিওর দৈর্ঘ্য ২০/২৫ মিনিট হলে ভালো হয়।,Positive
শাহরুখ খান এবং সালমান খানের     মুভি টা  চাই ভাই,Positive
এত বড় ভিডিও কেন আপু??  প্লিজ ছোট কর,Positive
"টা  এ অনেক খুঁজেছি,  দেখতে পাইনি।",Positive
এত ভালো লাগে বলার বাহিরে আপু তোমার কথা আপু আমিও একটা মেয়ে,Positive
আপনি আছেন বলেই হিন্দি সব মুভির ইমোশন গুলো বাংলাতে বুঝতে পারি,Positive
আপু নিউ বিডিও দেন তারাতারী,Positive
দুর আপু কান্না থামছেই না আমার।,Positive
তুমি মনের কথা জেনে যাচ্ছো তো এরম  গুলোই চাই  টা চাই,Positive
আপু আপনি কথার বলার ধর্রণই আলাদা,Positive
আমার কাছে ফুল মুভি আছে।১০০ বার দেখেছি। তবু ও মন ভরে না,Positive
"মুভিটা দারুণ, তবে আপনি ""ছ"" এর ""চ"" উচ্চারণ করেন কেন?",Positive
কি যে ভাল লাগলো তা ভাষায় প্রকাশ করতে পারবেো না।,Positive
এই মুভিটা আমি ছবার দেখেছি আর সবারই অঝোরে কেঁদেছি,Positive
আমারও একটা বন্ধু আছে,Positive
পুরো ভিডিও টা দেখতে চাই???,Positive
লাল শাড়ি মুভির রিভিউ চাই,Positive
জানিনা মুভিটা দেখে এত মজা পেতাম কিনা,Positive
এমন বন্ধু পাওয়াটা  ভাগ্যের বিষয়,Positive
আমার কিন্তু মুভিটা সেই লাগছে আপু লাস্টে তো আমি কেদেই দিয়েছি,Positive
"আপু চোখের পানি ধরে রাখতে পারলাম না,তাই দুঃখিত।",Positive
রজনীকান্ত স্যারের এমন একটা মুভি আছে,Positive
বন্ধু সবাই মনে রাখেনা স্বার্থের কাছে সব বিলীন হয়ে যায়।,Positive
শেষে আমিও কেঁদে ফেললাম,Positive
আপনার এত ভিডিও দেখি কিন্তু আপনাকে কোনদিন দেখলাম না । আর আপনার পরিচয়টা জানাতে খুব খুশি হতাম .......?  (যদি একটা ফটো দিতে তাহলে অনেক খুশি হতাম),Positive
আমি দুর্ভাগা তাই আজ পর্যন্ত একটা ভাল বন্ধু পেলাম না!!,Positive
"ছবির কাহিনীটি ভক্ত সুদামা থেকে নিয়ে একটু  এডিট করা হয়েছে, একেই বলে আর্ট, ভাল থাকুন সবসময়।",Positive
বললেন নিয়মিত ভিডিও দিবেন চারদিন ধরে কোনো ভিডিও নাই আপনি কি দেশে আছেন?,Positive
আপু আপনার ভয়েস টা আমর হেবী লাগে ছবি জেমনি হোক না আমার কাছে আপনার কন্ঠ ভালো লাগে,Positive
প্লিজ তুমি কক্সবাজার আসলে আমাকে একটু বলিও তোমাকে দেখার আর তোমার সাথে একটু কথা বলার খুব ইচ্ছে।,Positive
প্লিজ তুমি কক্সবাজার আসলে আমাকে একটু বলিও তোমাকে দেখার আর তোমার সাথে একটু কথা বলার খুব ইচ্ছে।,Positive
রুমানা আপু রুম নাম্বার ১০১৩ মুভাটা একটু এক্সপ্লেইন 0:01  করবে প্লিজ,Positive
"আপু আপনার একটি পিক দেন। আমি ️ এ পড়ে নি,তবে দেখার ইচ্ছা।",Positive
প্লিজ তুমি কক্সবাজার আসলে আমাকে একটু বলিও তোমাকে দেখার আর তোমার সাথে একটু কথা বলার খুব ইচ্ছে।,Positive
সিনেমাটি তে শাহরুখ খানের নাম সাহির খান,Positive
এই মুভি টা ইউটিউব এ আসে না,Positive
কি ভাই,Positive
আমি যাকে বন্ধু ভাবি সে কি আমাকে বন্ধু মনে করে???,Positive
আপু সত্যি বলতে কি অনেক মানুষ অনেক ধরনের কমেন্ট করবে তবে আমি সব সময় দেখতাম কিন্তু কমেন্ট করতাম না আজ না করে পারলাম না ( পাওয়া অনেক দরকার ঐ জিনিসটা যদি না পাওয়া হয়ে আবার হঠাৎ পেয়ে গেলাম ঐ মুহুর্তটা কেমন হয় বলে বুঝানোর মত না ভাবে দেখেন )  যেমন এই মুভি,Positive
আপু আপনি কি বাংলাদেশী,Positive
মজাপাইলাম,Positive
ব্যাড ইংডিং,Positive
আমি ওমর ভাইর বনদু ছট বেলার কিনতু কই ও আর কই আমি,Positive
অনিক বিল্লু বিল্লুই থেকে যায় সে বদলায় না।  কারণ বিল্লুই তাকে প্রকৃত ভালোবাসে নিঃসার্থ ভাবে। সবাই বিল্লু না বিল্লু একজনি।,Positive
এই গেল কোমরটা মনে হয় গেছেগা আপু,Positive
এত কিছু বললেন কিন্তু এটাতে রজনীকান্তের     নামক কপি মুভি সেটা জানেন,Positive
ছবির নাম,Positive
আমি,Positive
কেদে দিছি,Positive
ভালো লাগেনি।অন্তরে লেগেছে,Positive
বুদ... বু... হা...হা,Negative
বাজে কণ্ঠ,Negative
চিন্না আর অভি এর সিন টা দেখে ইমোশনাল হয়ে গেলাম. ভাই-বোন এর সম্পর্ক অন্য সব সম্পর্কের চেয়ে অনেক বেশি সুন্দর,Positive
"এক্সপ্লানেশান তো বরাবরই ভাল লাগে সাথে মুভির মাঝে করা আপনার কিছু মন্তব্য, শেষের বিশ্লেষণ এগুলো বর্ণনায় আলাদা একটা মাত্রা যোগ করে। আর আপনি মেয়েদের সম্মান করেন এই বিষয়টা আপনার প্রতি সম্মান বাড়িয়ে দেয়। আপনার জন্য শুভ কামনা।",Positive
সত্যিই শিক্ষামূলক মুভি। রিভিউ দেখে চোখে পানি চলে আসলো।,Positive
শিক্ষামূলক এই মুভিটা আমাদের এত সুন্দর করে উপহার দেওয়ার জন্য    ভাইয়া।,Positive
"অসম্ভব সুন্দর গল্প ৷ তিনদিন স্পিচলেস থাকার পর আজকে আপনাকে বলতে এলাম "" ""     .",Positive
আপনার অনেক মুভি এক্সপ্লেশন  দেখেছি।কিন্তু এই মুভির মতো কোন মুভি আমার মন ছুয়ে যেতে পারেনি।অসংখ্য ধন্যবাদ।,Positive
আপনার মুভি  এর কোন জবাব নেই। মুভি দেখে হয় তো অনেক কিছু বুঝতে নাও পারতাম। কিন্তু আপনার মুখে কাহিনী শুনেই মুভি দেখার স্বাদ পেয়ে গিয়েছি। আপনি খুব গুছিয়ে কথা বলতে পারেন যা অনেকেই পারে না। মুভি  টা দারুন লাগলো।,Positive
"সত্যিই অসাধারণ একটা শিক্ষামুলক মুভি, মুভিটা দেখে চোঁখের পানি আটকে রাখতে পারিনি, ধন্যবাদ ভাই এতো সুন্দর একটা মুভি এক্সপ্লেইনেশন করার জন্য।",Positive
একশোটা বন্ধুর  চেয়ে একটা শক্রু অনেক কিছু শিক্ষা দিতে পারে কথাটা দারুন ছিল,Positive
সঙ্গে থেকে যারা ভালোবাসে আর ভালো থাকার জন্য যারা সঙ্গে থাকেনা তাদের মদ্ধে কোন পার্থক্য নেই,Positive
"ভাই আমি আর আপনার ভিডিও এক্সপ্লেইন দেখতে পারব না। কান্না চলে আসে, গলা ভারী হয়ে যায়, মনের মধ্যে অপরাধবোধ কাজ করে।  আপনাকে অনেক ধন্যবাদ ️",Positive
"ভাই আপনার মুভি এক্সপ্লেইন করাটা অসাধারণ,,,,, আমি আপনার এক্সপ্লেন করা মুভিগুলোই দেখি।অন্য কারোর এক্সপ্লেন করা এতোটা ভালো হয় না।আপনার টাই বেস্ট",Positive
"আপনার শেষের কথা আমার সারা জীবন মনে থাকবে, কারো দোয়া,কারো কারন বা সাহায্য নিয়ে অযানতে মানুষ সাফল্য অর্জন করতে পারে,,,,,,,,, আপনার ভাষা এমন কিছু কথা ছিলো, মুভিটাও খুব সুন্দর ছিলো ধন্যবাদ।",Positive
সত্যি কারের ভালোবাসা বোঝার হ্মমতা সবার থাকে না   আর যখন বুঝতে পারে তখন সেই মানুষ টাই থাকে না,Positive
"যদিও আমি তেমন কিছু নই তারপরও সিনেমায় একটা কথা আমার মনে গেথে গেছে ""লাইফে একশোটা বন্ধুর চেয়ে একজন শত্রু আপনাকে অনেক বেশি শিক্ষা দেয়।",Positive
নিজের অজান্তেই চোখে পানি চলে আসলো,Positive
"সত্যিই ভাই মুভিটা মন ছুঁয়ে গেল এত সুন্দর একটা মুভি উপহার দেওয়ার জন্য ধন্যবাদ দিয়ে ছোট করবো না, ভালবাসা অবিরাম।",Positive
.  অসাধারন লাগল খুব সুন্দর দারুণ চমৎকার গল্প ধন্যবাদ ।,Positive
"ভাইয়া এটাই আমার ফাস্ট কমেন্ট,,  আপনার মুভি এক্সপ্্লেইন দেখে দেখে কি যে অভ্যেস হয়ে গেলো না দেখলে এখন আর ভালো লাগেনা",Positive
"সত্যি খুব সুন্দর একটি মুভি। যখন শেষ হলো তখন মনে হলো, এতো তারাতারি কেন শেষ হলো, আরো দেখতে ইচ্ছে করছিল।",Positive
সত্যি কথা বলতে গল্পটা আমার জীবনের সাথে অনেকটা মিলে গেছে  আমিও আমার ভুল গুলো বুঝতে পারলাম!  তবে আমি যাদের মোনে কষ্ট দিয়েছি তাদের কাছে গিয়ে খমা  চাওয়ার সুযোগ আর নেই,Positive
এক অনবদ্য সিনেমা.... যা বাস্তব কেও হার মানাতে বাধ্য ️️... আর আপনার কণ্ঠে সারসংক্ষেপ অসাধারণ.....️️️    .... ভালো থাকবেন....,Positive
"আপনার কথা বলার স্টাইল, ভিডিও বাছাই করা সব অসাধারণ। এই ভিডিও গুলো কেনো আগে দেখলাম না খুব আফসোস হচ্ছে।",Positive
"আপনার "" সে অধিকার তার আছে"" কথাটা সেই সব ভিডিওতে এটা থাকেই আর এটা না থাকলে  লাগে!",Positive
"আপনাকেও অনেক    ,আমাদের  এত সুন্দর মুভি এক্সপ্লেনেশন উপহার দেওয়ার জন্য",Positive
এত সুন্দর শিক্ষণীয় মুভি উপহার দেয়ার জন্য আপনাকেও   .,Positive
সত্যি খুব খুব খুব ভালো একটা মুভি আমি অবস্য কখনো মুভি দেখি না আজ দেখলাম তাও আবার মন মতো,Positive
অনেক সুন্দর হয়েছে  ....আরো অনেক অনেক সুন্দর গল্পের জন্য অপেক্ষায় রইলাম ......️,Positive
"ভাই আপনার ভিডিও দেখে ইমোশনাল হয়ে যাই তাই কমেন্ট করতে পারি না,,, আপনার ভয়েসটা অসাধারণ হয়ছে",Positive
পার্বতীর  বিসর্জন টা সবচেয়ে হৃদয়বিদারক ঘটনা ছিল।,Positive
"মানসিকতা পরিবর্তন হয়ে গেল ️ অনেক সুন্দর হয়েছে,,, সকলের জন্য দোয়া রইল",Positive
ভাইয়া আপনার  এ   আসার অপেক্ষায় ছিলাম। আপনার  এ   শুনতে ভীষণ ভালো লাগে ️️️️,Positive
সত্যিই অপূর্ব গল্পকথা। শিক্ষনীয়।,Positive
"14 দিন যাবত আপনার চ্যানেলে ঘুরাফেরা করলাম,,,অবশেষে হোমপেজে আপনার ভিডিও বাহ অস্থির ️️",Positive
অসাধারণ একটি গল্প।আর এত সুন্দর করে সাজিয়ে গল্পটি আমাদের সামনে তুলে ধরার জন্য আপনাকে অনেক শুকরিয়া। ভালো থাকবেন।,Positive
"যেমন সুন্দর মুভি, তেমনি সুন্দর তার এক্সপ্লেনেশন  খুব ভালো লাগলো ভাইয়া",Positive
অসাধারণ মুভি..আসলে জীবনে যা কিছু ঘটে সব কিছু  আল্লাহ ভালোর জন্য করে,Positive
"ভাইয়া আসলে আপনার মুভি এক্সপ্লেন এতোটাই ভালো লাগে যে (নাইস, সুন্দর হইছে, আমি আপনার প্রতিটি ভিডিও দেখি ) এমন ছোট ছোট শব্দে ভালোবাসা প্রকাশ করতে ইচ্ছা করে না । আপনি ভালোবাসাটা আরো গভীরভাবে ডিজার্ভ করেন যা দুই তিন লাইনে বলে বুঝানো সম্ভব না । একচুয়ালি ভালো লাগা ভালোবাসা প্রকাশ করার মতো শব্দই খুঁজে পাইনা তাই আর কমেন্ট করা হয় না বাট স্টিল লাভ ইউ ভাইয়া",Positive
আপনার কথা গুলো অনেক ভালো লাগে। সুন্দর করে বলতে পারেন।মুভিটা অনেক সুন্দর হয়ছে।,Positive
সত্যি জীবন পাল্টে দেওয়ার মতো একটা মুভি আপনাদের অন্তরের অন্তস্থল থেকে অনেক অনেক ধন্যবাদ এত সুন্দর একটা মুভি দেওয়ার জন্য,Positive
আপনার একাউন্টের প্রায় মুভির কাহিনী আমি শুনি আমার কাছে খুবই ভালো লাগে আপনার,Positive
অসাধারণ!  সত্যি অসাধারণ।।  কিছু কিছু স্মৃতি মনে পড়ে কান্না করে ফেলেছি  অনেক অনেক শিক্ষণীয় ছিলো। ধন্যবাদ আপনাকে।,Positive
এই রকম শিক্ষানিয় মুবিগুলাই জীবনে অনেক কিছু শেখায়।,Positive
অসাধারণ একটা এক্সপ্লেনেশন এবং মুভির কাহিনিটা  ও অনেক শিক্ষনীয়। ধন্যবাদ ভাইয়া এতো ভালো একটা মুভি এক্সপ্লেনেশন করার জন্য ️,Positive
এক কথায় অসাধারণ এক্সপ্লেনেশন ও স্টোরি লাইন।।মন ছুয়ে গেলো।।,Positive
সত্যিই  মুভিটা দেখে চোখ দিয়ে পানি বের হয়ে গেছে,Positive
ভাইয়া অনেক সুন্দর করে মুভিটা এক্সপ্লাইনিং করেছেন  অনেকটা ইমোশনাল হয়ে গেলাম,Positive
"গল্পটা খুবই সুন্দর আর ,আপনার কণ্ঠে গল্প গুলো বেশি সুন্দর হয়ে ওঠে । আপনার মুভি এক্সপেনেশন করার ধরনটা খুবই সুন্দর ।",Positive
আপনার মুভি এক্সপ্লেনেশন এর অপেক্ষায় থাকি। কখন আসবে ভিডিও কখন পাবো কখন দেখবো। এতো ভাল এক্সপ্লেনেশন আমি এখনো দেখিনি।পাশে পাবেন সবসময় ️,Positive
"সত্যি  অনেক সুন্দর মুভি,, দেখে হয়তো এত মজা পেতাম না, যতটা ভালো লাগছে আপনার সংক্ষেপ শুনে",Positive
মুভিটা জীবন ঘুরিয়ে দেওয়ার মত। খুব বেশি ভালো লেগছে আমার।,Positive
অনেক ভালো ভাবে সিনেমার কাহিনি টা বুঝাইছেন...তাই,Positive
সত্যিই দারুন ম্যাসেজ  ছিল আর উপস্থাপনাটাও চমৎকার।,Positive
এতো সুন্দর মুভি গুলো সুন্দর ভাবে এক্সপ্লেন করার জন্য আপনাকেও ধন্যবাদ,Positive
মুভি কাহিনী সম্পুর্ন সত্যি ঘটনাকে তুলে ধরছে অসাধারণ হয়েছে মুভি টা,Positive
অবশেষে অপেক্ষার প্রহর শেষ হলো....  দুটো চ্যানেলের প্রত্যেকটা ভিডিও দেখা শেষ....!! অসাধারণ এক্সপ্লেনেশন আপনার...,Positive
সত্যি খুব সুন্দর একটা মুভি কিছু কিছু মুহূর্তে চোখে পানি চলে এসেছে,Positive
আপনি ঠিক কথা বলেছে আপনি সবাইর মতো লাইক নিয়ে কথা বলেন এটা আমার খুব লাগে,Positive
সত্যিই আপনি বেষ্ট ভাই।কেননা এভাবে আমরা অনেক কিছু শিখতে পারি ।,Positive
অনেক সুন্দর এক্সপ্লেইন।।।,Positive
এত সুন্দর সিনেমা ভাই আপনাকে ধন্যবাদ দিয়ে ছোট করবোনা আসলেই জীবন পালটানোর মত কাহিনি আপনি  করলেন,Positive
"এই মুভিটা দেখের ইচ্ছে ছিলো এখন দেখা হয়ে গেছে,, অনেক ভালো লাগলো দেখে মুভি,, ️️️",Positive
দাদা আপনার কন্ঠস্বর দারুন মিষ্টি।  আপনার কথা বলার স্টাইলটাও ভীষণ ভালো লাগে আমার। আমি আপনার ফ্যান হয়ে গেছি৷ অনেক ভালোবাসা আপনার অন্য দাদা️️️,Positive
"অনেক সুন্দর মুভি, আর আপনার এক্সপ্লেইন অসাধারণ,      ভাইয়া",Positive
এভাবে বাংলায় এত সুন্ধুর ভাবে এক্সপেরিন্স করার জন্য,Positive
অনেকদিন পর সেই পুরনো কণ্ঠ মন ছুয়ে গেল!,Positive
সত্তি অসাধারন আমার দেখা সেরা মুভি এবিং এক্সপ্লেইনেসন। ধন্যবাদ ভাই,Positive
নিজেদের সেরাটা দেয়ার জন্য,Positive
এই একটা মুভি ইতিহাস খুব ই ভালো লেগেছে।  সত্তি বাস্তবতার সাথে অনেক মিল আছে। এখানে ভালোবাসা দিয়ে আনেক কিছু বুঝতে পারছি।  তাই আপনার চেনেল টার শুবসচ্রিবের হলাম,Positive
আপনার কন্ঠটা কিন্তু খুব সেই আমি যশোর থেকে আপনার প্রতিটা ভিডিও দেখি,Positive
সবসময় আপনার  এর অপেক্ষায় থাকি।।অনেক ভালো লাগে আপনার কথাগুলো।।,Positive
"না স্যার, মিথ্যা অপবাদ একদম দিবেন না, সব সময় আপনার  ভিডিও দেখার শুরতেই লাইক করে দেয়, যাতে পরে ভুলে মিস না হয়,,",Positive
খুবই চমৎকার এক্সপ্লেনেশন,Positive
"অসাধারণ ছিলো ভাই,  অনেক অনেক কৃতজ্ঞতা।",Positive
অসাধারণ একটা সিনেমা️ উফফফফফ অনেক সুন্দর ছিল      এই সুন্দর সিনেমাটা  করার জন্য,Positive
"অসাধারণ, সত্যি অনেক কিছু শেখার আছে এ মুভি থেকে।",Positive
অনেক ভালো লাগলো  লালমনিরহাট থেকে ভালোবাসা রইলো,Positive
"আমি যার জন্য এতদূর আসতে পেরেছি, সে আর কেউ নয়,আমার বাবা। সে আজ আমাদের মাঝে নেই। দুনিয়া থেকে চলে গেছে। তাকে   বলার সুযোগ হয়নি। কিন্তু আজ বলছি,  , . তুমি না থাকলে হয়ত কোনোদিনই এত দূর আসতে পারতাম না।",Positive
এত সুন্দর ভাবে উপস্থাপনা করার জন্য আপনাকে অসংখ্য ধন্যবাদ,Positive
আপনার  গুলো পুরো বাস্তব,Positive
ভাই আপনার মুভির এক্সপ্লেন দেখার জন্য অধিক আগ্রহে বসে থাকি একটু তাড়াতাড়ি দিয়েন আপনার ভিডিও গুলো প্লিজ এবং আপনার এক্সপ্লেন গুলো আমার খুব ভালো লাগে ধন্যবাদ,Positive
আপনার কথা গুলো অনেক ভালো লাগে. আর সহজেই বুঝতে পারি ️,Positive
জীবনতো পরিবর্তনশীল।জীবনে চলার পথে অনেক সংযোজন  বিয়োজন হয়।কিন্তু  জীবনে তাদের অবদান সবচেয়ে বেশি  যারা নিজের সুখের কথা  না ভেবে  আমাদের  জন্য  ত্যাগ সীকার করে,Positive
অসাধারণ ছবি মানুষের জীবনের সাথে মিল আছে। ভাইয়া আপনার কাথার প্রেমে পড়ে যায় এতো সুন্দর ভালো কথা বলেন কি ভাবে,Positive
এই  কাহিনি শুনে চোখের পানি ধরে রাখতে পারিনি,Positive
অনেক সুন্দর একটা মুভি।আর আপনার এক্সপ্লেনেশান,Positive
ভাইয়া কমেন্ট করার কথা ভুলে গেছিলাম অনেক ভালো লাগছে মুভিটা। 8 মাসের মতো আছি আপনার সাথে,Positive
"খুব খুব খুব সুন্দর হয়েছে,,, ভাইকে ধন্যবাদ  তোমরা ইউটিউবার রা এখন সেলিব্রিটি । তাই আমাদের কমেন্টস এর পর তোমাদের যদি রিপ্লাই পাই তাহলে আমাদের কমেন্টস করার উৎসাহ টাও একসাথে অনেক বেড়ে যায়।  থ্যাংক ইউ",Positive
আপনাকে   এমন সুন্দর একটা   করার জন‍্য । যাক  এ  আবার আগের  এর মতো হয়ে গেল ।,Positive
সত্যিই  অসাধারণ । মাশাল্লাহ্  আপনি  অনেক ভালো  বলেন।,Positive
কি আর বলব অসম্ভব সুন্দর একটা কাহিনী এর পর আপনার রিভিউ করা    সব মিলিয়ে অসাধারণ ️,Positive
অনেক সাধনার পর অবশেষে একটা ভিডিও পেলাম ধন্যবাদ মমিন আকন্দ ভাই ️,Positive
এত অল্প সময়ে খুব ভালো লাগলো মুভির সিন ধন্যবাদ,Positive
মুভি দেখার চেয়ে আপনার গল্প শুনতে ভালো দাদাভাই,Positive
ভাই অসাম ছিল মুভিটা দেখে যত না ভালোলাগার কথা তার চেয়ে বেশি আপনার এক্সপ্লেন শুনতে অনেক ভালো লেগেছে,Positive
"অনেক সুন্দর হয়েছে ভাইয়া,তোমাকে ও ""থ্যাংক ইউ"" ️",Positive
"অনেক অনেক ভালো লেগেছে মুভিটা জানাকে নতুন করে জানলাম , ধন্যবাদ",Positive
ঠিক এমন একটা মানুষ আসুক যে আমাকে কোনো পরিস্থিতিতেই ছেড়ে যাবেনা ️,Positive
আপনার কন্ঠ অসাধারণ ভাইয়া চেষ্টা করবেন ভাইয়া প্রতিদিন একটা করে ভিডিও দিতে,Positive
"সত্যি সত্যি সত্যিই সিনেমা টা অামার কাছে অসাধারণ লাগছে ভাইয়া,, ধন্যবাদ,,, অনেক অনেক কিছু শিক্ষার কথা অাছে এই গল্পে,,,",Positive
চিন্না আর অভি এর সিন টা দেখে ইমোশনাল হয়ে গেলাম. ভাই-বোন এর সম্পর্ক অন্য সব সম্পর্কের চেয়ে অনেক বেশি সুন্দর,Positive
"অনেক এ অনেক ভাল ভাল মুভির এক্সপ্লেইন করে,,,তবে মুটেও স্বাদ পাইনা,, এক্সপেলেইন এর মাঝে রস পাইনা! আর আপনার বলার মাঝে এত মজা পাই যে ফূল মুভি দেখেও এত স্বাদ পাবনা।  ️  ️",Positive
....এত্তো সুন্দর একটা গল্প শেয়ার করার জন্য,Positive
ধন্যবাদ এতো সুন্দর একটা মুভি  উপহার দেওয়ার জন্য,Positive
সত্যি কথা গুলো অনেক গুরুত্বপূর্ণ,Positive
চিননার কাহিনিটাও আরো বেশি ভাল লাগছে,Positive
সত্যি মুভির গল্পটা অসাধারণ ছিল ধন্যবাদ ভাই আপনাকে সুন্দর ভাবে উপস্থাপন করার জন্য,Positive
ভীষন সুন্দর গল্পটা।,Positive
আমি কখনো কমেন্ট করি নি। কিন্তু আজ আপনার কথা গুলা শুনে কমেন্ট করলাম। আরও একটা কারণ আছে। সেটা হল এই মুভিটা  ৭০% আমার জীবনের সাথে মিলে। পার্থক্য শুধু এই যে শেষে নায়ক পাল্টেছে। নায়িকা কে খুশী করেছে। আর আমার জীবন টা এখনও  মুভির শুরুর মতই রয়েছে। জানি না কখনো কি পাল্টাবে কি না। কাউকে বলি না এই কথা গুলা। কিন্তু কেন আজ আপনাকে বলতে মন চাইলো,Positive
ভালো লাগলো সত্যি। শিক্ষনীয় অনেক কিছু আছে এতে,Positive
*  * এতো সুন্দর করে বুঝিয়ে   করার জন্য।,Positive
সুন্দর গল্পের সুন্দর ছবি। এই জন্য সাউথ মুবি এগিয়ে যাচ্ছে।,Positive
সত্যি মুভিটা অসাধারণ অনেক ভালো লাগছে আমার কাছে,Positive
"আমার জীবনে ও এমন একটা পারু এসেছিলো!. আমি ও ভুল সিদ্ধান্ত নিতে যাচ্ছিলাম কিন্তু আমাকে পারুর মতোন এই কথাই বলেছিলো!. ,",Positive
কিছু বলার মতো ভাষা নেই। সত্যি বলতে অসাধারণ,Positive
ভাইয়া আপনার ভিডিও গুলো খুব ভালো লাগে,Positive
সত্যিই ছবিটা অসাধারণ ছিলো  আর আপনার  টা ও  অনেক দূরে এগিয়ে যান,Positive
"অনেকদিন পর আবার আপনাকে শুনতে পাব, আলহামদুলিল্লাহ",Positive
অসাধারণ মুভি অসাধারণ .,Positive
"অসাধারণ গল্প, নাগাচৈতন্যার বেষ্ট অভিনয়",Positive
ভাই আমি আজকের থেকে আমি আপনার সব ভিডিওতে লাইক কমেন্ট করবো।,Positive
অনেক সুন্দর মুভি।,Positive
"মুভি অনেক সুন্দর ছিলো, মনে অজান্তে চোখের  কনে পানি কখন যে চলে এসেছে  বুঝতে পারি নি, ভালো লেগেছে আমার খুব।️",Positive
অনেক কিছু শিখার আছে।শেষ পর্যন্ত দেখে চোখে পানি চলে আসছে…,Positive
এই নিয়ে দুইদিন দুইবার দেখলাম ভাই।একটা সেকেন্ডও স্কিপ করে দেখিনাই।ছবিটা আর ছবির এক্সপ্লেইনটা অনেক ভালো ছিলো,Positive
ভাইয়া প্রতিদিন আপনার মুভি এক্সপ্্লেইন দেখার জন্য অপেক্ষা করি। দারুন দারুন মেসেজ পাই।️,Positive
আমি ও একজন কে অনেক অনেক ভালোবাসে ছিলাম কিন্তু সেই তখন বুঝেনি আমি যখন ওর জীবন থেকে দূরে সরে গেছিলাম এখন বুঝতেছে,Positive
"ভাই আপনার কথা গুলো অনেক সুন্দর,,,",Positive
এত সুন্দর উপস্থাপনা করার জন্য,Positive
আপনার ভিডিও গুলো আমার খুব ভাল লাগে️️️,Positive
খুব ভালো একটি মুভি,Positive
কিছু কিছু সিন দেখার সময় চোখের কোনায় পানি জমে গেলো,Positive
ধন্যবাদ ভাই আপনাকে এত সুন্দর  মুভি  করার জন্য,Positive
সত্যিই ভালোবাসা অনেক সুন্দর,Positive
সত্যি কারের ভালোবাসা বোঝার হ্মমতা সবার থাকে না,Positive
আর যখন বুঝতে পারে তখন সেই মানুষ টাই থাকে না,Positive
"ভাইয়া আপনার ভিডিও গুলো অনেক ভালো লাগে,,, আমরা চাই সব হিন্দি মুভি গুলো এক্সপ্লেন করেন",Positive
এত সুন্দর একটি মুভি স্পেলিং উপহার দেওয়ার জন্য আপনাকেও থ্যাংক ইউ,Positive
"করেন,একবার দেখছি আপনার  দেখতে চাওয়া আমার মন",Positive
বিডিও গুলো  অনেক ভালো ও শিক্ষনিয়,Positive
মন ছুয়ে গেল,Positive
আপনার ভয়েসটা অনেক সুন্দর ️,Positive
"সমস্যা নেই ভাইয়া, আমরা আপনার পাশেই আছি, ইনশাআল্লাহ",Positive
পুরাই একটা মাষ্টার পিছ  মুভি️️️,Positive
ভাইয়া ( 2) বাংলায় এক্সপ্লেন করেন..........   ......️,Positive
"চ্যানেল ত আগেই সাবস্ক্রাইব  করেছি যে ভিডিওগুলা দেখি লাইক অবশ্যই করি, আপনি এত সুন্দর এক্সপ্লেনেশন করলেন তাই আপনাকেও",Positive
আপনি কই ছিলেন এতোদিন ভাই প্লিজ ডোরা সিনেমাটা দেন প্লিজ প্লিজ প্লিজ প্লিজ প্লিজ প্লিজ প্লিজ প্লিজ প্লিজ প্লিজ,Positive
"সেই সেই সেই সেই.........সেই হইছে ভাই,,অস্থির একটা মুভি",Positive
এক কথাই অসাধারণ,Positive
খুব সুন্দর একটা মুভি,Positive
খুব ভালো এবং সুন্দর লেগেছে ️️️️️️️️️,Positive
ধন্যবাদ। এত সুন্দর মুভি উপহার দেওয়ায়।,Positive
অনেক কষ্ট করে   দের মতো আমরাও  ভিডিও বানাই । কিন্তুু আফসোস আপনাদের সাপোর্ট পাই না,Positive
খুব খুব সুন্দর একটা মুভি  দেখা শেষ করলাম,Positive
অসাধারণ চিলো মুভিটা ভাইয়া,Positive
আপনার কথা আমার খুব ভালো লাগে,Positive
আপনি অনেক ভালো এক্সপ্লেইন করেন।,Positive
অনেক ভালো লাগে তোমার মুভি দেখতে,Positive
ভাইয়া আপনার সাসপেন্স গুলো এত সুন্দর লাগে যা ভাষায় বলে বোঝানোর নয় ধন্যবাদ,Positive
আপনার কথা আমার খুব ভালো লাগে,Positive
আমার  কাছে ভালো লাগে  মুভিটা,Positive
খুব ভাল লাগ‌লো। দারুন একটা মু‌ভি।,Positive
ছবিত কন্সেপ্ট টা অসাধারণ ছিল।,Positive
"দূর্দান্ত গল্প,,,,,,দূর্দান্ত এক্সপ্লেনেশন",Positive
আপনার মুভি গুলো অনেক সুন্দর,Positive
মুভিটা অসাধারণ খুবই ভালো লাগলো ধন্যবাদ,Positive
ঠিক আছে ভাইয়া ধন্যবাদ,Positive
অনেক সুন্দর হইছে ভাইয়া.... ধন্যবাদ,Positive
ভালো লেগেছে। আপনার ভয়েস অসাধারণ,Positive
মুভিটা অসাধারণ ছিল আর আপনার এক্সপ্লেইনও অসাধারণ।,Positive
ভাইয়া আপনার ভিডিও আমার অনেক ভালো লাগে,Positive
অসাধারণ একটি মুভি️️️,Positive
সত্যি মুভিটা অনেক সুন্দর  একের ভেতর অনেক কাহিনী রয়েছে️️,Positive
দাদা আপনার মুভি  টা খুব ভালো হয় তাই আমি প্রায় আপনার সব ভিডিও দেখি   (শ্যাম সিংহ  রায়)   সাউথ ইন্ডিয়ান মুভি টা র  চাই দাদা,Positive
মুভিটা সত্যি অতুলনীয়,Positive
লাস্ট কথা গুলো   ..,Positive
ভাইয়া কেমন আছেন  আপনার মুভি কালেকশন গুলো অনেক সুন্দর আর আপনার এক্সপ্ল্যানেশন এক কথা অসাধারণ। সব সময় অপেক্ষায় থাকি,Positive
অনেক সুন্দর উপস্থাপনা,Positive
"অসাধারণ লাগছে ভাই ধন্যবাদ,,",Positive
আপনার বলার দরন আমার ভাল লাগ।,Positive
ভাই অসাধারণ এক্সপ্লেইন।️ ভালোবাসা নিয়েন।,Positive
অসাধারণ! খুব ভালো লাগলো,Positive
আপনাকেও ধন্যবাদ এত সুন্দর করে কথা গুলো গুছিয়ে বলার জন্য,Positive
অসাধারণ একটি মুভি,Positive
আপনার বিডিও গুলো খুব সুন্দর হয়,Positive
"ভাইয়া,  আপনার বাচনভঙ্গি খুব ভাল ️️️",Positive
ভাই আপনি লাইক সাবস্ক্রাইব চেয়ে দর্শক দের বিরক্ত করেন না বলে অনেক ভালো লাগে,Positive
অনেক ই সুন্দর দাদা আপনার বলার ধরন।,Positive
অনেক সুন্দর মুভি। ধন্যবাদ।,Positive
অসম্ভব  সুন্দর  একটা  মুভি।,Positive
"আপনার ""অস্থির"" থাকাটা শুনতে আমার অনেক ভালো লাগে",Positive
একটা মুভি এত সুন্দর হয় কিভাবে️️️,Positive
কান্না চলে আসলো,Positive
ভাইরে কি ছিলো এটা ভাই ধন্যবাদ আপনাকে এত সুন্দর একটা হিস্ট্রি দেয়ার জন্য,Positive
এক কথায় মুভিটা অসাধারণ ছিলো,Positive
এক কথায় অসাধারণ ️,Positive
"... ভাইয়া,এত সুন্দর একটা মুভি এক্সপ্লেইন করার জন্য... আমাকে অনেকটা পরিবর্তন করতে সহায়তা করবে সেই সাথে ভালো মানুষ হতেও।      ...",Positive
সত্যিই অসাধারণ,Positive
সত্যি গল্পটা আনেক সুন্দর,Positive
অনেক অনেক ভালো লেগেছে ️️,Positive
খুব ভালো লাগলো মুভিটা ধন্যবাদ।,Positive
আপনার কথা অনেক ও ভালো,Positive
ভাইয়া আপনার কন্ঠ অনেক সুন্দর,Positive
ভাইয়া আমার কাছে আপনার বয়েজ অনেক ভালো লাগে,Positive
অনেক সুন্দর হয়েছে ️️️️,Positive
"ভাইয়ের ""জিবন"" বানানটা দেখে আমার ""জীবন"" টাই বদলে গিয়েছে ৷",Positive
এরকম ভিডিও আরো চাই,Positive
অনেক সুন্দর ছিলো মুভিটা,Positive
সত্যই খুব ভালো ছিলো এটা,Positive
কান্না করে ফেলছি,Positive
গুরু খুব সুন্দর️️️️ কোন কথা হবে না,Positive
ভালোবাসা আবিরাম,Positive
খুব ভালো লাগল,Positive
খুব সুন্দর লাগলো মুভিটা।,Positive
অনেক শিক্ষনীয়,Positive
আপনার কন্ঠ আমার আনেক ভালো লাগে,Positive
অসাধারণ কাহিনি,Positive
বাহ্ অনেক ভালো লাগলো। ধন্যবাদ,Positive
মুভিটা সত্যিই অতুলনীয়,Positive
অসাধারণ️️️️,Positive
স্যার আপনার সারাদিন বসে থাকি কবে নোটিফিকেশন আসবে আপনার ভিডিওগুলো অনেক ভালো লাগে আমার ধন্যবাদ আপনাকে,Positive
দাদা আপনার ভয়েস অসাধারণ আমি আপনার খুব বড় ফ্যান,Positive
আমার চোখে পানি চলে এসেছে,Positive
অনেক সুন্দর হয়েছে এক্সপেলেশন,Positive
খুব ভাল ধন্য বাদ।,Positive
ভাইরে ভাই এক কথায়  অসাধারণ,Positive
ভাইয়া সত্যি বলতে কি অনেক অনেক ভালো লেগেছে,Positive
ভাই আপনি চালিয়ে জান আপনি অনেক বড় হবেন,Positive
ভাই তোমার লাইক কমেন্ট করতে বলা টা আমার খুব ভালো লেগেছে,Positive
ভাই আপনার এই ক্লোজ ভাবে কথা বলাটাই আমাকে আপনার পেন বানিয়েছে। ধন্যবাদ।,Positive
অসাধারণ,Positive
"অসাধারণ ভাই,যে ভাবে বলেছেন। অসাধারণ ।",Positive
"ওসাম ভাই, সেই লেভের সাউন্ড এন্ড টন,,",Positive
ভালবাসা রইলো ভাই,Positive
দাদা মুভিটা খুব ভালো লেগেছে,Positive
সত্যিই অসাধারণ।,Positive
অনেক সুন্দর,Positive
অসাধারণ একটা মুভি,Positive
এই টাইপের ভিডিও গুলো তৈরি করতে অনেক সময় লাগে ভাই এটা কঠিন একটা নিস। তবে এডিটিং এ কোন ভুল করলে কপিরাইট আসতে সেকেন্ড ও লাগবে না। তার ভিতরে অনেক ভিডিও থেকে তো আরনিং ও শেয়ার করতে হয় তাদের সাথে। এই নিস নিয়ে কাজ করা কতটা জামেলা যার ইউটিউব নিয়ে ধারণা আছে একমাত্র সেই বুঝবে। এত কষ্ট করে আমাদেরকে ভিডিও উপহার দেওয়ার জন্য ধন্যবাদ ভাই। ️️,Positive
সত্যি একটি শিক্ষনীয়  মুভি,Positive
অনেক ভালো লেগেছে,Positive
অনেক সুন্দর হয়েছে,Positive
কী খবর মিয়া ভাই আপনার দেখি উদ্দিস নাইভালোবাসা অভিরাম ভাইয়া,Positive
খুব ভালো লাগল,Positive
অসাধারণ,Positive
"লাইক করতে ভুলি না কখন,,তবে কমেন্ট করি না িটা সত্যি",Positive
গল্পটা অনেক সুন্দর,Positive
এ মুভিটা সবচেয় ভালো লেগেছে আমার কাছে️,Positive
এই মুভিটা জীবন কে বদলে দেওয়ার মত,Positive
ভাই এতো সুন্দর একটা মুভি এক্শপ্লেন করলেন কমেন্ট না করে পারলাম না,Positive
যাও লাইক দিলাম।খুশি তো,Positive
অসম্ভব সুন্দর গল্প ৷,Positive
আপনার কথা গুলো অনে ভালোলাগে,Positive
অনেক ভালো ছিল,Positive
আপনার ভিডিও আমার ভালো লাগে,Positive
অসাধারণ......,Positive
খুব সুন্দর হয়েছে বাইয়া,Positive
অসাধারণ  সথ্যিই অসাধারণ  থ্যাংকস,Positive
অসাধারন ভাইয়া,Positive
"ভিডিও না দেখেই লাইক করে দিলাম,কারন মুভি এক্সপ্লেইন অসাধারণ হয় তাই।",Positive
সত্যি অসাধারন মুভি থ্যাংক্স,Positive
অসাধারণ ️️,Positive
সত্যিই অসাধারণ,Positive
সথ্যিই অসাধারণ  থ্যাংকস,Positive
অসাধারণ,Positive
অনেক সুন্দর,Positive
খুব খুব ভাল লাগলো।,Positive
অসাধারণ শিক্ষ্যনিয় মুভি,Positive
অসাধারণ,Positive
ভাই আপনার ভিডিও অনেক ভালো,Positive
খুব ভালো লাগলো,Positive
লাইক কমেন্ট চাওয়ার অধিকার আপনার আছে আরো ভালো ভালো মুভি এক্সপ্লেইন করবেন ধন্যবাদ। আমাদের সাথেই থাকবেন।,Positive
অসাধারণ...,Positive
"হিন্দি বলেন আর তামিল, মুভি গুলো আরও বেশি ভালো লাগে আপনার সু-মধুর কন্ঠের জন্যে।",Positive
শিক্ষনীয়,Positive
0:21 ভাই আপনার এই  জার্নি নিয়ে একটা ভিডিও চাই। কি ভাবে আপনি ইউটিউব শুরু করেছিলেন এবং কিভাবে চালাচ্ছেন।,Positive
অনেক সুন্দর,Positive
অসাধারণ,Positive
ভাই সাবস্ক্রাইব করে দিলাম প্লাস লাইক কমেন্ট করে গেলাম।সব ভিডিও দেখবো সাতদিন। ডান,Positive
খুবই সুন্দর।,Positive
"ভাই,খুব ভালো লেগেছে।",Positive
আমর নাম ছুলতানা পারবিন । আপনার কথা গুলো আমর কাচে অনেক ভালোলাগে।,Positive
ধন্যবাদ আপনাকে ভাই,Positive
ধন্যবাদ ভাই জান,Positive
আহারে কত ভালো,Positive
ছবি দেখার আগে আমার কমেনট দেখা ভালো লাগে,Positive
আমি তো এই ভিডিও দেখার পূর্বে সাবস্ক্রাইব করে দিয়েছি ভাই,Positive
শিক্ষামূলক ছবি।,Positive
যারা বলতেছ ভয়েজ সুন্দর  তারা মুভি টা বাদ দিয়ে ভয়েজ এর দিকে কেম্নে ধ্যান দিলো মুভি টা এতো জোসসস্ যে আলাদা করে ভয়েজ শোনার চান্স ই পাইনি,Positive
অনেক সুন্দর,Positive
ভাইয়া আপনার মুবি এক্স গুলা অনেক ভাল লাগে আমি আপনার মুবির গুলা দেখি কিন্তুক কাওকে কমেন্ট করিনা আজ লাইক কমেন্ট দুইটাই করলাম আপনার বারি কি বগুরা জানাবেন অপেক্ষায় রইলাম আমার বাসা।। কুমিল্লা,Positive
খুব সুন্দর,Positive
চমৎকার গল্প,Positive
অনেক সুন্দর,Positive
খুব সুন্দর ভাই,Positive
অনেক সুন্দর,Positive
দারুন মুভি,Positive
কন্ঠটা এতো এতো এতো এতো এতো এতো এতো এতো এতো এতো এতো এতো এতো এতো এতো এতো এতো এতো এতো এতো এতো এতো এতো এতো এতো এতো এতো এতো এতো এতো এতো এতো এতো এতো এতো এতো এতো এতো এতো এতো এতো এতো এতো এতো এতো এতো এতো এতো এতো এতো এতো এতো এতো এতো এতো এতো এতো এতো এতো  জোশ ক্যমনে এই কন্ঠ টা না শুনলে ঘুমই আশেনা,Positive
কমেন্ট করলাম!,Positive
বর্তমান আমার খারাপ সময় চলছে।।কাকে যে এর জন্য দায়ী করবো!,Positive
অলস বলেই তো আপনার এই মুভির কাহিনী শুনতাছি  কথাটা,Positive
হুম আপনাকে বলছি যতই সুনছি ততই আপনার প্রতি ফিদা হয়ে যাচ্ছি এইটা কিন্তু ঠিক না,Positive
ভালো লাগে,Positive
ভালো লাগলো  ভাইয়া,Positive
ধন্যবাদ,Positive
ভালো লাগছে,Positive
খোবভাল হয়েছে,Positive
বস সেই লাগলো,Positive
আমি সব সব সময় নাটক বা ফিল্ম দেখতে আগে আমি কমেন্ট গুলা দেখি পরি যাতে নাটক ফোড়া দেখার আগে বুঝতে পারে যে এটা কেমন যদি দেখি কমেন্ট ভালো,Positive
দারুণ...,Positive
অসাধারণ মুভি 🫰,Positive
ভালো লাগলো।,Positive
আমার কমেন্ট করতে করতে ভালো লাগে না কিন্তু কমেন্ট পড়তে অনেক ভালো লাগে,Positive
"স্ক্রিপ্ট পড়ার গতি, আরেকটু কমালে, আরোও অনেক ভাল হবে...",Positive
সুন্দর,Positive
ভালো লাগলো,Positive
অসাধারণ,Positive
অসাধারণ,Positive
আমার ভালো লাগে,Positive
ভালো লাগল,Positive
ভালো লাগল,Positive
ভাই মভিটা ভালো লাগলো,Positive
অসাধারণ,Positive
অসাধারণ,Positive
নাইছ,Positive
অসাধারণ,Positive
কমেন্ট এর রিপ্লাই দেন না তাই কমেন্ট করি না,Positive
অসাধারণ,Positive
অসাধারণ মুভি,Positive
অসাধারণ,Positive
দাদা তুমি যে মাঝে মাঝে  করছো আমার সেই হাসি পাচ্ছে,Positive
পুলি মুভি দিবেন প্লিজ,Positive
অসাধারণ মুভি,Positive
অসাধারণ মুভি,Positive
"লাইক দিলেও,কমেন্ট কম করি,এটা সত্যি",Positive
আমার অন্যের কমেন্ট পড়তে অনেক ভালো লাগে,Positive
আপনি যে কমেন্ট টি খোঁজতেছেন সেটি আমিও খোঁজতেছি ! চলেন নিচে গিয়ে দেখি,Positive
সাবস্ক্রাইব করে দিলাম ভাই........,Positive
চিননা বোন,Positive
একটা মুভি যদি জীবন বদলে দিতে পারে তাহলে হুজুর পাক ছল্লাল্লাহু আলাইহি ওয়াসাল্লাম কে অনুসরণ করলে তোমার পুরো পৃথিবী বদলে যাবে।,Positive
বিগ ফেন ভাইয়া,Positive
মুভি দেখলাম কিন্তু জীবনতো বদলানো না ভাই,Positive
কি কমেন্ট করব ভাই তাই,Positive
"নায়েকা প্রথমটাকে বেশি ভালো লাগে,   মানে পারুকে",Positive
টাইটানিক চাই,Positive
গুড,Positive
ভাই কথা গুলো না অনেক ভালো লাগে,Positive
আপনার গলায় একটা গান শুনতে চাই।,Positive
সেরা,Positive
ওকে ভাই,Positive
মুভিটার নাম কি?,Positive
ভাই মুভির নাম কি,Positive
ভালো কিছু উপহার দাও এমনিতেই কমেন্ট করব,Positive
" কি এখন বাংলা শব্দ হয়ে গেছে? ""কিন্তু"" শব্দটা কি বাংলা অভিধান থেকে উঠে গেল নাকি? নাকি   বললে নিজেকে একটু বেশি শিক্ষিত মনে হয়?",Positive
ভাইয়া,Positive
তোমার ভয়েসটা অনেক সুন্দর ভাইয়া ২৭ ২৭,Positive
হু আমি খুব উন্নত মানের অলস,Positive
অসাম ব্রো,Positive
অনেক ধন্যবাদ আপনাকে মুভিটা অনেক সুন্দর করে উপস্থাপন করেছেন,Positive
আপনার  নাম কি,Positive
ভাই কি বলবো বুঝি না। তাই কমেন্ট ও করি না,Positive
দিলাম,Positive
আপনি কাজের চেয়ে কথা টা একটু বেশি বলেন নেক্সটাইম চেষ্টা করবেন বলবেন কম বোঝাবেন বেশি।,Positive
আন্দাজ করতে পারছি।,Positive
আমি ভালোবাসি,Positive
দুঃখিত  আর রীতিমত ফাজলামি করলেন,Positive
জোর করে লাইক / কমেন্ট চাইলে পাওয়া যায়না মিঞা তার জন্য যোগ্যতা অর্জন করতে হয়।,Positive
আমি,Positive
থ্যাঙ্ক ইউ আমি প্রতিদিন আপনার মুভির জন্য অপেক্ষায় থাকি,Positive
"সুন্দর একটা মুভি যদিও বাস্তবতায় ভিন্নতা  বাহিরের দেশ গুলো কত উন্নত,  আমাদের ছোট্ট বাংলাদেশ আজীবন অবহেলায় বঞ্চিত হচ্ছে...  উন্নতির নামে চলছে অনুন্নতি",Positive
রক্ত টগবগিয়ে ওঠে আলাদা একটা জোস কাজ করে মনেহয় এভাবেই বদলে দেই চারপাসটা  সুন্দর হোক বাস্তবতা,Positive
ভাইয়া আপনার কথা বলার দরন আমার খুব ভালো লেগেছে.......,Positive
আমাদের দেশে এমন নেতা দরকার তাহলে সাধারণ জনগন শান্তি তে ঘুমাতে পারতো,Positive
ভাইয়া  আপনার বলা চুন চুনির মত ভালো লেগেছে দারুন ছিলো,Positive
মহেশ বাবুর অভিনয় আর আপনার ভয়েজ অসাধারণ,Positive
আপনার সমস্ত মুভি আমার হৃদয় ছুঁয়ে যায় অসাধারণ সব মুভি। যখনই আপনার মুভি দেখি কোনো না কোনো শিক্ষা পাই । আপনার ভয়েস টা সেরা  মুভিগুলো জমিয়ে দেয় .......,Positive
"মুভিটা অনেক আগেই দেখিছি,কিন্তু আজ আরো ভালো লাগলো",Positive
অপেক্ষায় থাকি আপনার ভিডিও কোন সময় আসবে  মিস ইউ ব্রো,Positive
মহেশ বাবুর আরো মুভি এক্সপ্লেন চাই প্লিজ প্লিজ প্লিজ,Positive
ভালোবাসা অভিরাম,Positive
মহেস আমার        ........,Positive
মুভির হিরোর কাজের সাথে ফারাজ করিম চৌধুরী ভাইয়ের কাজের অনেক মিল  #ফারাজ,Positive
মহেশ বাবু মানেই অসাধারণ!,Positive
ধন্যবাদ ভাইয়া মহেশ বাবুর মুভি দেওয়ার জন্য,Positive
সত্যি অসাধারণ খুব ভাল লেগেছে। আর হ্যাঁ একটা কথা আপনার কথা গুলো খুব সুন্দর গুছিয়ে বলতে পারেন।ধন্যবাদ।,Positive
উফফ তোমার  মন ছুয়ে যায়। অসাধারণ,Positive
আজকে আবার দেখলাম  অনেক অনেক সুন্দর মুভির গল্প ও আপনার এক্সপ্লেশন ️️️,Positive
"অসাধারণ,",Positive
", ! চমৎকার ছবির কাহিনী। বাস্তবতা এমনটি হলে আমাদের দেশটা স্বর্গে পরিণত হতো। ধন্যবাদ সুন্দর একটি ছবির বিশ্লেষণের জন্য।",Positive
ছবি টা দেখেছি ভালো লাগছিলো তাই আবার এসপ্লেন টা দেখলাম পুরো টা,Positive
খুব ভালো লাগলো।।।।।।সত্যি বলতে এমন ইয়াং নেতাই দরকার।।।।।,Positive
এই রকম সৎ ব্যক্তি এই সময় পাওয়া অনেক কঠিন।।,Positive
"ভাই এইরকম মুভির আরো চাই,",Positive
দুই বছর আগে ছবিটা দেখছিলাম। আসাধারন,Positive
অনেক বার দেখছি তবুও দেখলাম,Positive
সত্যিই ভাই অস্থির হইছে,Positive
অসাধারণ লেগেছে  গল্প টা,Positive
"একবার যদি প্রধানমন্ত্রী হতে পারতাম, আমিও সবাইকে দেখিয়ে দিতাম",Positive
ভাই অনেক সুন্দর হইছে।ধন্যবাদ,Positive
"অসাধারণ সুন্দর একটা মুভি, ধন্যবাদ সিনেমা সংক্ষেপ চ্যানেল ম্যানকে",Positive
"আমাদের দেশে হবে সেই ছেলে কবে, কথায় না বড় হয়ে কাজে বড় হবে.....",Positive
মাহেশ বাবু মানে গ্রামের নেতা,Positive
সত্যি অনেক ভালো লেগেছে,Positive
ভাইয়া আরো মহেশ বাবুর ছবি দিবেন প্লিজ অনার ছবিগুলা সেই লাগে,Positive
বাংলাদেশে ও এমন একজন  নেতা দরকার,Positive
বড় ভাই একটু না অনেক কষ্ট হলেও প্রতিদিন অন্তত একটা ভিডিও দিয়েন। প্লিজ বড় ভাই,Positive
"বর্তমান সময়ে বাংলাদেশে এমন নেতার খুবই প্রয়োজন। শুধু বাংলাদেশেই নয়, পুরো বিশ্বেই। কিন্তু ঈশ্বর এইসব শুধু মুভির মধ্যেই সীমিত রাখবে, কখনো বাস্তবে এমন একজন ভালো নেতার বহিঃপ্রকাশ করাবে না।",Positive
অসাধারণ অসাধারণ অসাধারণ,Positive
মহেস বাবু অসাধারণ একজন নায়ক,Positive
অসাধারণ একটি মুভি ️,Positive
ধন্যবাদ ️️,Positive
"রাজনীতির কথা যদি বলি,তাহলে এসব সততা, মানবতা ইত্যাদি ইত্যাদি সিনেমাতে দেখতে পাওয়া যায় । যাইহোক ভাইয়া আপনার সংলাপ বলার ধরন অসাধারণ।     .     .",Positive
অসাধারণ চিলো মুভিটা ভাইয়া,Positive
অসাধারণ একটা মুভি,Positive
আমাদের সোনার বাংলাদেশ এমন নেতা থাকলে বাংলাদেশ সিঙ্গাপুর হয়ে যেত ভাইয়া অসাধারণ মুভি ধন্যবাদ,Positive
"অসাধারণ জটিল, বস,,",Positive
মহেশ বাবুর আরো মুভি চাই,Positive
অনেকটা ভালোই লেগেছে,Positive
মহেশ বাবুর সব মুভি দেন ভাই ভালো লাগে আপনার,Positive
এই নায়কের আরো মুভি চাই,Positive
ভালোবাসা অবিরাম ভাই ️️,Positive
"অনেক সুন্দর,,",Positive
অস্থির বস,Positive
ভীষণ ভালো,Positive
অসাধারণ একটা মুভি।যদি বাংলাদেশ এমন এক জন সত্যি কারেরর নেতা তাকত দেশটা সোনার বাংলাদেশ হতো,Positive
আমার পছন্দের একটা মুভি,Positive
ভাই অসাধারণ একটি মুভি র কাহিনী আমাদের শুনাবেন বাংলায় মহেশবাবুর আর অনেক অনেক মুভি আছে তারা একটু শোনালে ভালো হতো যেমন এর ভিতর একটা শ্রীমতি বাংলা দিয়েন,Positive
অসাধারন,Positive
হুম ভাইয়া ভালো লেগেছে।,Positive
মহেশ বাবুর ছবি গুলো  অসাধারণ হয় দেশ নিয়ে,Positive
"আমরা সবাই দেশ প্রেমিক সৎ নেতা চাই । একবার ও ভাবি না, নিজে দেশ প্রেমিক সৎ কিনা ? রাজনীতিতে দেশ প্রেমিক সৎ মানুষ আসেনা কারন এদের আসতে দেওয়া হয় না এবং সততার মুল্য দেওয়া হয় না। আমাদের এই সোনার বাংলার কথা বাদই দিলাম। তবে এটা বিশ্বাস করি যে, দেশ প্রেমিক সৎ মানুষই একদিন দেশ শাসন করবে। সেই সোনালী দিনের অপেক্ষায়। আল্লাহ সহায় হউন।",Positive
আসাধারন,Positive
মারাত্মক মুভি,Positive
বাংলাদেশের শিক্ষা ব্যবস্থা বদলে দিতাম,Positive
এই মুভিটা এতো ভালো লাগলো যে ৪ বার দেখেছি এরকম নেতা যদি থাকত  ধন্যবাদ ভাইয়া,Positive
মানে মুখ্যমন্ত্রী। দেশের প্রধানমন্ত্রী হল রাষ্ট্রপ্রধান । মুখ্যমন্ত্রী হল রাজ্য প্রধান।  এই সিনেমাতে তামিলনাড়ু রাজ্যের কথা তুলে ধার হয়েছে। ভারতবর্ষের সবচেয়ে উন্নত রাজ্যের মধ্যে তামিলনাড়ু একটি। সবচেয়ে উন্নত রাজ্য হল কেরালা।,Positive
এরকম যদি সব দেশের মন্ত্রী হতো তাহলে কোনো অন্যায় দেশে থাকতো না আফসোস এরকম আমরা কোনোদিন পাবো না,Positive
অসাধারণ মুভি,Positive
নাইস,Positive
এই রকম শাসক যদি আমাদের দেশে থাকতো তাহলে আমাদের দেশের সবাই সুখে সান্তি বসবাস করতে পারতো,Positive
যদি এরকম নেতা সব মানুষের কষ্ট বুঝতে তাহলে সাধারণ মানুষের কষ্ট থাকত না মুভি টা খুব সুন্দর  এরকম নেতা সব জাগায় যেন থাকে,Positive
"এই মুভিটা আমি অনেক বার দেখেছি আমার খুব ভালো লাগে আর ভাবি যে এরকম যদি আমাদের দেশে হতো তহলে সবাই শান্তিতে বাঁচতে পারতো,,, কমেন্ট করে গেলাম কেউ যদি লাইক দেই তবে নোটিফিকেশন এর শব্দ পেয়ে আবার দেখতে আসবো",Positive
এমন একটা শাসক হলে,Positive
হ্যানসম একদম আমার হাফিজ স্যরের মতো,Positive
আমি এমন দায়িত্ব পেলে বাংলাদেশ আর উন্নয়নশীল দেশ থাকত না উন্নত দেশ হয়ে যেত ইন শা আল্লাহ,Positive
অসাধারণ লাগছে,Positive
আপনি আপনার প্রত্যেকটা ভিডিওর মধ্যে একটা কথা বলেন যে সে অধিকার তার আছে ️ এই কথাটা খুব ভালো লাগে শুনতে,Positive
এক কথায় অসাধারণ ️,Positive
"বাংলাদেশে এমন একজন নেতা আছে আন্দালিব রহমান পার্থ,,,,,",Positive
(সে অধিকার তার আছে)️,Positive
সেই লাগে,Positive
এরকম সিএম শুধু সিনেমাতেই হয় বাস্তবায়ন অসম্ভব,Positive
"দুই আরাই ঘন্টার মুবি আমাদের ১৫, ২০ এত সুন্দর করে বুঝিয়ে দেন  আপনাদের   ️️",Positive
এরকম নেতা প্রত্যেকটা দেশেই দরকার,Positive
গল্পটা সত্যিই অনেক সুন্দর কিন্তু আফসোস এটা গল্প .যদি সত্যিই দেশে এরকম কোন নেতা থাকতো তাহলে দেশ এতদিনে অনেক উন্নতি করতে পারতো .,Positive
"ভাই মুভিটা দেখেছি ভালো একটা মুভি,ভাই ফেমাওস লাভার মুভিটার কাহিনি টা কি জানার ইচ্ছে ছিলো",Positive
এই মুভি টা অন্তত ৫০ বার দেখেছি। আর এক্সপ্লেইন শুনলাম আবারও।  যতোবার দেখেছি মুভিটা ততোবার এমন সৎ নেতার অভাব অনুভব করেছি🥹🥹🥹🥹,Positive
আসলেই অনেক সুন্দর অনেক বার দেখেছি,Positive
"আমি   হলে সব জেলায় একটা বৃদ্ধিশ্রম, অনাথ আশ্রম বানাতাম️।আর আমার প্রাপ্তি মানুষের আশির্বাদ️️",Positive
আগে মেসেজ করে নিলাম কারন আমি মুভি দেখার পর কি লিখবো সেটাই বুঝিনা,Positive
এটা একটা মুবি কিন্তু এটা সত্যি।  এরকম একটা  নেতা  থাকলে  বাংলাদেশও আজ এগিয়ে যেত।,Positive
এমন নেতা যদি সত্যিকারের হতো,Positive
এরকম একজন নেতাকে বাংলাদেশে চাইছি।,Positive
নাইস মহেশ বাবু,Positive
"ভাই মুভিটা সেই লাগছে তবে আপনার রিভিউ শোনার পর আরও বেশি ভালো লাগছে, মুভিটা কি ব্যবসায়িক সফল কেমন ছিল",Positive
"আমাদের দেশে তাসরিফ ভাই ,দারাজ ভাই,তৈহিদ ভাই দের মতো মন মানোসিকতা বান ছেলেকে নেতা করা দরকার",Positive
জীবনে সব কিছু  থেকেই কোনো না কোনো শিক্ষা পাওয়া যায় সেটা সিনেমা হক বা অন্য কিছুই। দোয়া করে তার মাঝের সঠিক শিক্ষা কে সীকার করবেন তবেই সমাজ বা দেশ আদর্শ  ভাবে তৈরি করা সম্ভব।,Positive
আজকের সময় শুধু একমাত্র আছে সঠিক নেতা যাকে সবাই সম্মান করে পুরা বিশ্বের মানুষ নরেন্দ্র মোদি জি️,Positive
"এই মুভির এক্সপ্লেনেশন টা দেখে আরেকটা মুভির এক্সপ্লেনেশন দেখতে চলে গিয়েছিলাম, তখনই তো মনে হলো আরে আমি তো লাইক করে আসিনি তাই ফের আবার ফেরত এসে লাইকটা করে কমেন্টটা  করেই গেলাম",Positive
"মুভি টা দেখছি অনেক আগে,,,, কিন্তু এক্সপ্লেইন টা দেখে অনেক ভালো লাগলো  ধন্যবাদ ভাইয়া",Positive
এই নায়কের মুভি খুব ভালো লাগে আরো ভালো লাগে আপনার কথা ভাইয়া,Positive
এরকম নেতা জীবনে হবে না বাংলাদেশে,Positive
আমি আশা করি এরকম একজন নেতা আমাদের বাংলাদেশেও আসবে একদিন ইনশাআল্লাহ,Positive
ধন্যবাদ বস এমন একটা মুভি এক্সপ্লেইন  এর জন্য।।  আপনার মুভি এক্সপ্লেইন দেখি কমেন্ট করি না এই সর্বপ্রথম কমেন্ট করলাম ধন্যবাদ️️️,Positive
আমি মহেশ বাবুর সব ছবিই দেখি এটাও দেখেছি,Positive
সত্যি ভাইয়া তোমার গল্পগুলো সুপারহিট,Positive
চমৎকার গল্প,Positive
ভাই মহিস বাবুর  মুভি আমার অনেক ভালো লাগে  তা ছারা আপনার  কথা গুলো  আরো ভালো লাগে,Positive
ধন্যবাদ ভাই,Positive
ভিডিও শুরু করার আগেই লাইক দিছি ব্রাদার,Positive
ভাই আপনার ভিডিও ভালো লাগে।কারণ আপনি সম্পূর্ণ মুভির ভিডিও দেখান।,Positive
অপেক্ষা করছিলাম,Positive
"আমি সিএম হলে আপনাকে , আমার সেক্রেটারি বানাবো .. আপনার কাছে বেশ সুন্দর সুন্দর মুভিগুলো এক্সপ্লেন করা",Positive
এই মুভিটা অনেক সুন্দর এবং আপনার এক্সপ্লেশনও অনেক সুন্দর ভালো লাগে আপনার ভিডিও গুলো আপনার দুটো চ্যালেন এরই ভিডিও দেখি আমি,Positive
যাক অপেক্ষা করছিলাম হঠাৎ ই নোটিফিকেশন   নাকট দেখাও বন্ধ করেছি আপনার ভিডিও  আর নিউজ ছাড়া কিছু দেখা হয়না।,Positive
অসাধারণ,Positive
এই রকম মহেশবাবু আরও কিছু মুভি দিবেন বাংলা করে।,Positive
সেই অদিকার তাদের আছে,Positive
মুভির লিঙ্কটা দিন ভাই,Positive
খুব সুন্দর মুভি ছিল আমি এই মুভিটা অনেক অনেক বার দেখেছি।,Positive
আপনার কি হয়েছে ভাই আজকাল দেখা মুভিগুলো এক্সপ্রেশন করেন? এর আগে যে মুভিটি এক্সপ্রেশন করেছিলেন ওটাও দেখাছিল ভালো কিছু মালায়ালাম মুভি এক্সপ্রেশন করেন ভাই অবশ্যই সাসপেন্স থাকতে হবে! এটাতোও আছে তবে দেখাতো  ৳,Positive
মুভিটি খুব ভালো,Positive
মহেশ বাবুর মুভি গুলো খুব ভালো লাগে,Positive
": যাক সে অধিকার তার আছে  ' ️   কালকেও একটা ভিডিও দিবা,,,ওকে ভাইয়া...????",Positive
মহেশবাবুর  মুভির   চাই,Positive
"কিছু কমেন্ট পড়ে  ভালো লাগলো  একটা মুভি সবোচ্চ ৩ ঘন্টা বা এর বেশিও হতে পারে  কিন্তু, একটা জিবন কি তাই?????  প্রতিটা মুভির    থাকে  একটা জিবন কি তাই???????",Positive
মুভি টা খুব ভালোলেগেছে️️       ..         .,Positive
আমাদের  দেশে  যদি এরকম নেতা হতো।।।।,Positive
দাদা  আমি    থেকে  তোমার ভিত্তি ও দেখি,Positive
অসাধারণ একটা মুভি,Positive
আই লাভ মহেশ বাবু,Positive
সুন্দর একটা মুভি,Positive
অসাধারণ একটা মুভি,Positive
"এই নায়কের মুভিগুলাই এরকম, সত্যি যদি মুভির মত কোন সৎ যোগ্য সত্যিকারের নেতা হতো তাহলে দেশটাই পাল্টে যেত",Positive
মহেশ বাবুর হায়রে হ্যাঁ আরেকটা ফিল্ম অনেক ভালো লাগে আমি মহেশ বাবুর অনিক ফিল্মটা ভক্ত মহেশ বাবুর অনেকগুলো মুভি দেখছি কিন্তু অনেক ভালো ভালো,Positive
আসলে আমরা সবই বুঝি কিন্তু ক্ষমতার অহংকার সার্থকতার  কাছে সততা ভুলে জাই,Positive
মুভি তা আনেক ভাল লেগেছে,Positive
"নিজ দেশ যেমনই হোক, নিজের দেশের থেকে বড় কোন দেশ নেই ।",Positive
"অনেক সুন্দর এই মুভিটা,,,,,,",Positive
মুভি অনেক সুন্দর মহেশ বাবুকে ধন্যবাদ আমি ফুল মুভি চাই,Positive
শুধু সময়ের অপেক্ষা।  ইনশাআল্লাহ,Positive
ভাই আপনি দৈনিক একটা করে মুভি দেবেন,Positive
মহেশ বাবুর সিনেমা দেখে নিরাশ হওয়ার কোনো প্রশ্নই ওঠে না।।,Positive
অনেক ভালো লাগলো,Positive
এর জন্য   করতে পারলাম না,Positive
মহেশ বাবু অল দ্যা বেস্ট অভিনেতা,Positive
ভাই মুগ্ধ হলাম,Positive
অসাধারণ,Positive
মুভি টা নেতা দের দেখা উচিত,Positive
"ইস  আমিও যদি হাছিনাকে গদি থেকে নামিয়ে দিতে পারতাম... 🫰এমনে,,,,,",Positive
ভালো লাগলো,Positive
আমি অল মুভিটা আগে দেখেছি। অনেক সুন্দর একটা মুভি । ভাই এই মুভিটা দেন । নাম মাখখি,Positive
হায় আফসোস  এরকম সরকার যদি আমাদের বাংলাদেশেও থাকতো!!!,Positive
খুব সুন্দর এই মুভিটা,Positive
অসাধারণ।,Positive
"ওরে গর্দভ দেশের মুখ্যমন্ত্রী নয়, রাজ্যের মুখ্যমন্ত্রী।",Positive
সুন্দর একটা মুভি,Positive
খুব সুন্দর লিখেছেন,Positive
ভাই মনে হলো নিজের দেশের সমস্যাগুলো কেউ ছবি আকারে তুলে ধরলো কিন্তু এসব সমস্যা সমাধানের মানুষ আর কই পাবো।সবাই নিজের স্বার্থ নিয়ে ব্যস্ত,Positive
"ভাল্লাগছে ভাই, চ্যানেলটা সাবস্ক্রাইব করে দিলাম আপনার ভিডিওগুলা বড় হওয়ার কারণে অনেক ভালো লাগে",Positive
চলে আসলাম,Positive
"এরকম সরকার প্রত্যেকটা দেশে হলে কতই না ভালো হতো,,,,,",Positive
আমি  হলে প্রথমে কানাডায় একটা বাড়ি কিনতাম,Positive
মহেশ বাবুর মুভি আমার খুব ভালো লাগে ️️,Positive
বাস্তবতা খুবই কঠিন।,Positive
"ভাই  নতুন  মুভি দেন, আপনার ভয়েস শুনার  জন্য আর  আপনার  মুভি দেখার জন্য অপেক্ষায় আছি",Positive
হা কমেট তো করতেই হবে সে অধিকার আমার আছে,Positive
অসাধারণ মুভিটা,Positive
দাদা ডেইলি আপনার ভিডিও চাই ️,Positive
অসাধারণ,Positive
অসাধারণ মুভি।,Positive
ভালো লেগেছে,Positive
আপনি অনেক কিউট,Positive
সত্যি  এমন দরকার  আছে ।।।,Positive
"আপনি কষ্ট করে অসাধারণ  সব ভিডিও বানাচ্ছেন কিন্তু এর যথাযথ ভিউ পাচ্ছেন না, অন্ততপক্ষে ওয়ান মিলিয়ন ভিউ পাওয়াটা  উচিত বলে আমি মনে করি।",Positive
ভালো লাগলো,Positive
ভালোলাগার একটি সিনেমা 🇧🇩,Positive
নিজের অধিকার না জানা আমি!,Positive
বাংলাদেশ এমন  নেতা  হবে।সপ্ন দেখুন,Positive
আরও  বাংলা মুভি  মহেশ বাবুর চাই,Positive
মহেশ বাবুর ছবি আরো চাই,Positive
গাছ লাগান পরিবেশ বাঁচান,Positive
ভাই আপনার এক্সপ্রেশন আমাদের মুভি না দেখলেও চলব এরকমভাবে ভালোভাবে বুঝান৷ ধন্যবাদ ভাই ভিডিও  দেন আমাদের মধ্যে,Positive
"কঠিন একেবারে,,,আমাদের নেতা",Positive
মুভিটা দেখে এখন আমার আর ডাক্তার বা ইঞ্জিনিয়ার হতে ইচ্ছা করছে না বরং এরকম একজন নেতা হতে ভিশন ইচ্ছা হচ্ছে,Positive
"আজকের এক্সপ্লেইন টা খুব জোড়ে তারাতারি করে হয়ে গেলো, মুভি ভালো লাগলো কিন্তু আপনার এক্সপ্লেইন এ মজা থাকে সেটা পেলাম না",Positive
মুভিটা অনেক ভালো লেগেছে কিন্তু মুভির নাম কি,Positive
পার্লামেন্টে শপদ নেওয়ার সময়  যে শব্দের উচ্চারণ টা ভুল  বলে শেষে সেটা দেই সব সমাধান করে  এটা তুলে ধরলে আর একটু ভালো লাগতো,Positive
আমার পছন্দের নায়ক,Positive
"অসাধারণ, আসলে দেশ পরিচালনায় বয়স্ক নেতা নেত্রী না থেকে এরকম ইয়াং দের নেতৃত্ব দেওয়া উচিত,তারা সঠিক ভাবে দেশ চালাবে,বয়স্ক রা তো নিজের রোগ শোকেই দিন পার করে,শেষ কথা মহেশ বাবুর অভিনয়টা মন ছুয়ে গেছে এভাবে দেশ চালালে কোন মানুষের কোন চিন্তা হতো না,,,বুড়িদের দিয়ে দেশ না চালিয়ে প্রাপ্ত বয়সের ছেলেদের দিয়ে দেশ চালানো উচিত,,,অসাধারণ লেগেছে যা ভাষায় প্রকাশ করা যাবে না",Positive
"ভাই আমি যতটুকু  তেলেগু আর হিন্দিতে   দেখেছি, নাম টা ভরত হবে",Positive
"রাজ্যের মুখ্যমন্ত্রী হয়,আর দেশের প্রধানমন্ত্রী",Positive
"আপনার প্রশ্ন টার উত্তর দি আগে ভাইয়া আমি  মন্ত্রী হলে দেশের ইয়াং জেনারেশন'কে দিয়ে অনেক বড় কিছু করতাম, যারা বর্তমানে লেখাপড়া করেও ভালো মানের চাকরি পাচ্ছে না",Positive
ঠিক ঠিক ঠিক,Positive
১০ মিনিট কথা বলতে চেয়েছে। ৮ মাস ১৩ দিন ক্ষমতায় ছিলো।,Positive
আমার যত টাকা  সব আমার আমার বাবা তার মাকে এবং বউকে ওব সালাম,Positive
বাংলাদেশ এম নেতা চাই আমরা সবাই,Positive
ফুল মুভি বাংলায় দিবেন,Positive
ভাইয়া মুভি খুব দেরিতে দেন কেন আপনার মুভি অন্য মুভি ভালো লাগে না,Positive
বাংলা ডাবিং এই মুভিটা আছে?,Positive
আমাদের চট্টগ্রামে এমন নেতা আছে ফাওয়াজ করিম,Positive
"মহেসএর২,পাট",Positive
ভালো নেতার সত্রু অনেক।,Positive
"আমাদের দেশের প্রত্যেক রাজনৈতিক নেতাদের এই মুভিটা দেখা দরকার,যদি তারা এখান থেকে কিছু শিখতে পারে আরকি",Positive
এতো দেরি করে দেন কেনো রাগ হয়,Positive
ভাইয়া আমার ডাইলক টা অনেক  ভালো লাগে সে  অধিকার তার আছে,Positive
যদিও আগে দেখেছি মুভিটা বাট,Positive
ভাই সিনেমা উইথ রোমানা আপনার কি হয় প্লিজ জানাবেন,Positive
ভাই এই ছবির বাংলা ডাবিং ছবির নাম টা একটু দিবেন,Positive
আপনার ভিডিও দেখাটা নেশায় পরিনত হয়েছে,Positive
ভাই দেশের ( )  হয় রাজ্যে/প্রদেশের  ( )  হয়।,Positive
জনাব আসসালামু আলাইকুম। এই ছবি টা হল জনাব অভিজীত মূখারজীর জীবন কাহিনি নিয়ে তৈরি হতে পারে।  কারণ বতমান ভারতের মঃ পরিষদ,Positive
"এই মুভিটার বাংলা ডাবিং লিঙ্কটা কেউ কি দিতে পারবেন,,,, দিলে খুব উপকৃত হবো,,,",Positive
আমি সিএম হল আগে সরকারি লোক ভালো করতাম,Positive
"প্রত্যেক ভিডিওতে একটাই কমন ডাইলগ ""সে অধিকার তার আছে "" খুব  হাস্যকর লাগে এই কথাটা শুনলে",Positive
আল্লাহ প্রতিদিন কাচ্চি খাওয়ার তৌফিক দান করো,Positive
এমন নেতাকে দরকার,Positive
এই মুভিটি কি বাংলায় আছে প্লিজ জানাবেন,Positive
ভাইয়া মেরি ইয়ার কি সাদি হে এই মুভিটার এক্সপ্লোনেশন দেন প্লিজ প্লিজ,Positive
আমি আল্লু অর্জুন এর ফ্যান,Positive
",,,, 5  দেখেছি",Positive
ভাই বাংলা ভাষা তে দেখা কোনো উপাই আচ্ছে।,Positive
আমি কিছু করতাম না। সব কিছু মানুষের জন্য করব...?,Positive
মুভিটা পাবো কোথায়,Positive
"যেই       ...      .. ,     ..",Positive
"হ্যা কমেন্ট তো করবই সে অধিকার আমাদের আছে,।",Positive
আমাকে যদি  এর পাওয়ার দিত তাহলে আমি দেশের সেবা করতাম,Positive
এই ছবির লিংক দেন তো,Positive
এগুলা সিনামাতেই সম্ভব বাস্তবে নয়,Positive
এইটা আমরা ছবি দেখে বুঝেছি।,Positive
আমাদের দেখেও লাভ নাই।বাংলাদেশে এই গুলা সপ্ন,Positive
তামিল বাংলা দেখেছি মুভি এটা,Positive
এমন রাজনৈতিক কান্ডে সাকিব আল হাসান পড়বে।,Positive
শুধু বাংলাদেশ কেন বাংলাদেশ ইন্ডিয়া পাকিস্তান নেপাল ভুটান সমস্ত কান্ট্রিতে এরকম লোক থাকা উচিত তাহলে দেশটা সুন্দর হবে,Positive
ভাই ওটা দেশের মুখ্যমন্ত্রী না  আমাদের দেশে 28 রাজ্য আছে তার একটার মুখ্যমন্ত্রী,Positive
বাই মুবির নামটা বলে দেন৷৷৷  এবং  প্যাটিতার মুবির সেসে নাম বলবেন,Positive
রেস্ট ইন পিস মিডিয়া!,Positive
কানাডার প্রধান মন্ত্রীর মতই,Positive
আমি সি এম হলে দেশে পাবলিক বিশ্ববিদ্যালয়ের ৫০০ টা বানাবো যেনো সবাই পাবলিকে পড়তে পারে,Positive
অবশ্যই আমাদের দেশের নেতারা যা করছে তাই করবো।কারণ আমি তো নেতাই হবেনা।,Positive
মানুষের  জন্য কোরবো,Positive
বাংলা ডাবিং ফুল মুভি নামটা কেউ বলবেন দয়া করে,Positive
মুভির নাম কি,Positive
ছবি নাম  কি,Positive
এই নায়কের নাম কি প্লিজ বলুন,Positive
ভাই রেগুলার হন,Positive
ভাই মভির টা বাংলা ভাষায় পাবো কেমনে,Positive
এই গুলো সিনেমা তেই হয় বাস্তবে গুরার ডিম,Positive
হ্যালো ভাই তামিল মুভি হিন্দি মুভি বাংলা ভাষায় শোনা যাবে এমন কী কোন সফটওয়্যার আছে কেউ জানলে একটু জানাবেন,Positive
আপনার বলা মুভির সেই লেবেলের,Positive
কোন দিন রাজনীতি করলে এইভাবে করব প্রতিজ্ঞা করলাম 🫴🫲🫶,Positive
আগে দেশের পুলিস বদলাতাম,Positive
মহেসবাইআর২পাট,Positive
দাদা আপনি অনেক গুলো কথা বলে নেই,Positive
সিএম দেশের হয় না রাজ্যের হয়,Positive
নেতাদের মেয়েদের পিছনে না ঘুরাই ভালো।,Positive
যদি আমি হই আপনারে আমার দায়িত্ব রাখ,Positive
আপনার গল্প গুলো ভালো লাগে কিন্তু আপনি শুধু বাট বলেন তাই ভালো লাগে না,Positive
আপনি বলেছিলেন এরকম পাওয়ার যদি আমাকে দেয়া হতো আমি কি করতাম? উত্তর হল আমি ন্যায় এবং ইনসাফ প্রতিষ্টা করতাম,Positive
ছবিটার নাম কি ভারত,Positive
অামা‌দের  দে‌শে  ও  য‌দি  এমনটা হত,Positive
সি এম,Positive
ওটা ভারত নয় ভরত,Positive
এমন সিনেমা যদি দক্ষিণ ভারতে  হয়। তাহল বলিউডের প্রতি মানুষ কেন আগ্রহী হবে???? লো বাজেটের ছবি কিন্তু গল্পের গভীরতা এবং ধরণ অসাধারণ। এটার তুলোনায় বলিউডের কিছুই হচ্ছে না। বলিউডের স্বস্তা প্রেমের গল্প আর উদ্ভট কাল্পনিক কাহিনী গুলো আর মনকে আন্দোলিত করে না।,Positive
আপনার কন্ঠে ছাড়া আমি কোনো মুভি দেখি না,Positive
বলে না  একটু মুভিটা নাম,Positive
দেশের মুখ্যমন্ত্রী হয়না প্রধানমন্ত্রী হয়,Positive
"ছবি তো ছবি কিন্তু বাংলাদেশেও প্রয়োজন মিজানুর রহমান আজহারী,ফরাজ করিম চৌধুরী এবং আরো অনেকই আছেন। সাধারণ মানুষ দিয়ে পরিবর্তন প্রয়োজন, কোন প্রফেশনাল দল দিয়ে না কারণ তারা সবাই এক",Positive
মুভিটা একটু ও সুন্দর না এই মহেস বাবুর সিনেমা শেষ টুকু একটির ও সুন্দর হয় না,Negative
ঞ,Positive
"বাংলাদেশের প্রধানমন্ত্রী যোদি পুরুষ মানুষ হতো, তাহলে আসা করা যেত।",Positive
মহেষ বাবুর অভিনয় সুন্দর না,Positive
"মুভির মধ্যে আপনি যে হাসির বাক্য গুলো ব্যবহার করেন সেগুলো সত্যিই খুব হাস্যকর, যেমন বললেন নোয়া ৫ ওয়াক্ত নামাজ-কালাম করতো",Positive
কি বলবো ভাই আপনার চেনেলটা অনেক সার্চ করে বের করলাম দেশে থাকতে আপনার ভিডিও প্রতিদিন দেখতাম। প্রায় দুই বছর পর আপনার ভিডিওর  এই মিউজিকটা হঠাৎ  শুনে আপনার চেনেলের কথা মনে পরে যায়।,Positive
অনেক অপেক্ষায় ছিলাম ভাইয়া! অনেক অনেক ধন্যবাদ,Positive
আল আমিন ভাই আপনার ভিডিও থেকে আপনার কথা বেশি জোস লাগছে,Positive
"স্মৃতি রেখে গেলাম, পারলে সবাই একটা করে লাইক দিন",Positive
সত্যি বলতে  গানটি অনেক বার শুনেছি। গানটির  না বুঝলেও ভালো লেগেছে।আর আজ মুভিটি দেখলাম।,Positive
আল আমিন ভাই সেরা,Positive
আপনার বিডিওর অপেক্ষা করি সব সময়,Positive
ভাই আমার তো ১৮ নিচে,Positive
"ভাই আমি অনেক খুশি, কারণ আমি এই মুভির জন্য অপেক্ষায় ছিলাম",Positive
সুন্দর মুভিটা দেখার অনেক ইচ্ছা ছিল,Positive
"মুভিটা যেমনি হোক,, এস্কপ্লেনটা অসাধারণ ছিল,,",Positive
হুম ভাই স্ট্যাটাসটা আমি দেখছি আর মুভিটাও অনেক সুন্দর লাগছে,Positive
ভাইয়া আপনার  গুলা অসাধারণ  হাসার মত,Positive
লেটাপেটা  কথাটা হাস্যকর ভাইয়া,Positive
অনেক সুন্দর এক্সপ্লেইনেশন ️,Positive
আপনার এই লেডা বেডা কথাটা আমার সেই লাগে,Positive
অনেক ভালো ভাই,Positive
আবার আসিব ফিরে পাগল দের ভিরে হয়তো বা মানুষ নয় হয়তো শাহিনের বেসে,Positive
তাড়াতাড়ি দেখার চেষ্টা করি আপনার ভিডিও দেখার,Positive
অনেক ভালো লাগলো মুভিটা,Positive
আপনার ভয়েস সেই লেভেলের,Positive
ভাইয়া পার্ট টু তাকে নিয়ে আসেন,Positive
15:51 ডায়লগ টা সেই,Positive
যখন মুভিটার শর্ট ভিডিও গুলো দেখতাম। ভাবতাম কি ইন্টারেস্টিং মুভি হবে।এক্সপেক্টেশন বেশি ছিল ।না জানি কোন ধামাকা ট্রেইলার মুভি  ।হুডা আপনার ভিডিও নোটিফিকেশন পেলাম দেখলাম এই ভিডিওটার৷ তবে একটা কথা সত্যি আপনার প্রত্যেকটা ভিডিও অনেক ভালো লাগে বিশেষ করে। এক্সপ্লেন এর মাঝে  আপনার তেরা বেড়া কথাগুলা জাস্ট অস্থির।যার জন্য ভিডিওর এক্সপ্লেন  বেশি সুন্দর হয়। আরো বেশি ইন্টারেস্টিং লাগে।,Positive
আল আমিন ভাই আপনার ১৫ মিনিটের ভিডিও দেখে যে মজা পাইছি পুরা মুভি টা  দেখেও সেই মজা পাই নাই,Positive
"ভাই আপনি যেগুলো ভাষা ব্যবহার করছেন ,, সেগুলোই মজা লাগছে",Positive
মুভি দেখা শেষ ভাই অনেক আগে তাও আপনার কথাগুলো শুনছি,Positive
ভাই আপনি মাঝে মাঝে এমন কথা বলেন যে মন খারাপ থাকলেও হাসতে হয়,Positive
ভাই তোমার গুলা শুনে আমি হাসতে শেষ,Positive
"তুমি আমার চোখের সামনে থেকে চলে জাও, তুমি কিভাবে পারলে তোমার বনের সাথে রিলেশন করতে,  সত্যি আালামিন ভাই এই ডায়লগ টা অস্থির হইছে",Positive
সেই মজা পাইলাম,Positive
মুভিটা দেখার থেকে আপনার কথা শুনে বেশি মজা পাইছি ভাই,Positive
ভাই হাসতে  হাসতে জাহান শেষ  মারাত্মক,Positive
ভাইয়া যেহেতু  এতো কষ্ট করে আমাদের জন্য মুভি আপলোড দেন সেই জন্য ধন্যবাদ আর এতো রিকুয়েস্ট করছেন ধন্যবাদ পাওয়ার জন্য বললেও দিব আর না বললেও ভালো থাকবেন খুলনার ভাইয়া আবারও অসংখ্য ধন্যবাদ,Positive
ধন্যবাদ ভাই 15:49,Positive
"আপনাকে অনেক দিন পর দেখছি, প্রায় দুই বছর পর। খুবই ভালো লাগলো আপনার ভিডিও পেয়ে।",Positive
ভাইয়া  টা অনেক সুন্দর সত‍্যিই। আমার মুডটা আজকে খারাপ ছিল কিন্তু আপনার  শোনার পর খুবই ভালো লাগতেছে। অনেক হাসি আসতেছে কেনজানে,Positive
আমি নিশ্চিত এই নায়ক নায়িকার জন্যই এই মুভি নিয়ে এত মাতামাতি। আমি নিজেই নায়কের উপর হালকা করে ক্রাশ খাইছি,Positive
দারুন দেখতে সিনেমাটা,Positive
আলামিন ভাই মানে আগুন,Positive
ভাই আপনি একটা জিনিস,Positive
আপনার খাটি  বাংলা শুনে হাসতে  হাসতে  শেষ,Positive
আমার লাইফে দেখা সেরা একটা মুভি এটা,Positive
রাত দুইটা বাজে আমি এই মুভিটা দেখতেছি কেমন ফিলিংস হচ্ছে সেটা আমি একমাত্র আমি বুঝতেছি,Positive
আমার তো এখনো ১৮ বছর হয়নি আমি তো মুভি টা দেখছি,Positive
"আমার বয়স 18 এর কম, কিন্তু তাও দেখতে আসছি",Positive
আবার ও ফিরে আসলাম ১ মাস পর,Positive
"আমি অপেক্ষায় ছিলাম যে, কবে আমাদের    আলামিন ভাই এই মুভিটারে  করবে 18+!",Positive
হায় হায় এটা দেখি ভাইরাল শর্টস এর ভিডিওগুলার মুভি এক্সপ্লেইন,Positive
আমি ওদের কাজে কোনো দোষ দেখি নাই। কারন দোষ তো তাদের বাবা মায়ের।তারা তো আপন কেউ না,Positive
বাচ্চারা এই টার থেকে দূরে থাকো শুধু প্রাপ্তবয়স্করা দেখতে পারবে  এই মুভিটা ...!!,Positive
ধন্যবাদ ভাই,Positive
"ভাইয়া এটা আমার   ,,, আমি লাগাতার 12 বার দেখলাম",Positive
নাইকটা আমার অনেক ভালো লাগছে,Positive
নোয়া যে ওর সৎ ভাইয়ের সাথে ওইসব আকাম কুকাম করছে ওইটা  না আর ওর  একটা মেয়ে  কে করছে ওইটাই  হয়ে গেলো  এই কাহিনি টা হাস্যকর ছিল,Positive
ভাই ফাটাফাটি  একটা রোমান্টিক মুভিকে  কমেডি মুভি বানাই দিলেন,Positive
সিনেমাটা সেই মজা পাইছি,Positive
"১৮+ কেন, ১৩+,দিলে ভালো হতো।।",Positive
নোয়ার ম্যা আর সৎ বাবা বিয়ে করেছে রে ভাই নইলে এই সিনেমাতে তাদের রিলেশনের কোন প্রব্লেমই হত না।,Positive
"পশ্চিমা সংস্কৃতি হচ্ছে কুত্তার বা শুকোরের এরা মা, বাবা, ভাই,বোন কিছুই ঠিক  নেই।  এইসব থেকে আমাদের দূরে থাকাই ভালো,  জানি এই কমেন্টের উত্তর খারাপ হবারোই সম্ভাবনা বেশি। তবু্ও বলি ভাই বর্তমানে  20-20 এর যুগে আমাদের ধৈর্যের অভাবে মুভি দেখার থেকে এইরকম রিভিউ ভিডিও দেখায় বেশি আগ্রহ তাই ভালো সম্ভাবনা হওয়ায় ভালো মুভি নিয়ে কাজ করো, অনেক অগনিত ভালো কাহিনির মুভি আছে তাই এই রকম হাইব্রিড সোসাইটির মুভি বাদ দিয়ো। এমনিতেই আমাদের সংস্কৃতি পচে যাচ্ছে সেটাকে আর তরান্বিত করিও না।",Positive
"ভাই আমার তো ১৮ নিচে ভাই আমি অনেক খুশি, কারণ আমি এই মুভির জন্য অপেক্ষায় ছিলাম",Positive
ভাইয়া আমি তোমার নতুন   420  এর,Positive
কী মজা রে ভাই,Positive
ভালো লাগল ভিডিও টা,Positive
এটাকি আপনার ছবি। এই  প্রথম দেখলাম। খুব ভালো লাগলো,Positive
হা হা আপনারে ধন্যবাদ,Positive
"বিদেশ থেকে বাংলাদেশে অনেক ভালো, মুভির মধ্যে এরকম বাস্তবে না নাজিনি কি হয়,",Positive
"টিকটক থেকে, দেখতে আসলাম",Positive
কথাগুলো সেই ভাই সেই,Positive
নায়িকাটা,Positive
"আরও মুভি চাই,,এরকম",Positive
ভাইয়া...শালীন মুভি  করলে খুশি হবো।,Positive
"কমেন্ট না করে পারলাম না আপনার কথাগুলো সত্যি অসাধারণ হাস্যকর ছিলো ,, একটা হট মুভি যে হাস্যকরে পরিণত হতে পারে সেটা এই মুভি  টা না দেখলে বুঝতামই না !!",Positive
ল‍্যাটা ভেটা বলাটা সত‍‍্যি খুব মজার ছিল,Positive
ধন্যবাদ,Positive
এর    ️,Positive
ভাইয়া  আপনার কথা গুলো  জোস,Positive
আপনার  আইডি তো পাচ্ছি না,Positive
감사합니다,Positive
ধন্যবাদ,Positive
ধন্যবাদ,Positive
এদের মাঝখানে আলআমিন ভাই ফেসে গেছে এখন বুঝে গেছি আলআমিন ভাই কেনো এই রিভিউ টা দেরিতে আনলো,Positive
আমার নায়ককে অনেক পছন্দ হয়েছে।,Positive
বাস্তবতা এতই কঠিন যে কখনও কখনও বুকের ভিতর গড়ে তোলা বিন্দু বিন্দু ভালবাসাও অসহায় হয়ে পড়ে। — হুমায়ূন আহমেদবাস্তবতা এতই কঠিন যে কখনও কখনও বুকের ভিতর গড়ে তোলা বিন্দু বিন্দু ভালবাসাও অসহায় হয়ে পড়ে। — হুমায়ূন আহমেদবাস্তবতা এতই কঠিন যে কখনও কখনও বুকের ভিতর গড়ে তোলা বিন্দু বিন্দু ভালবাসাও অসহায় হয়ে পড়ে। — হুমায়ূন আহমেদবাস্তবতা এতই কঠিন যে কখনও কখনও বুকের ভিতর গড়ে তোলা বিন্দু বিন্দু ভালবাসাও অসহায় হয়ে পড়ে। — হুমায়ূন আহমেদবাস্তবতা এতই কঠিন যে কখনও কখনও বুকের ভিতর গড়ে তোলা বিন্দু বিন্দু ভালবাসাও অসহায় হয়ে পড়ে। — হুমায়ূন আহমেদবাস্তবতা এতই কঠিন যে কখনও কখনও বুকের ভিতর গড়ে তোলা বিন্দু বিন্দু ভালবাসাও অসহায় হয়ে পড়ে। — হুমায়ূন আহমেদবাস্তবতা এতই কঠিন যে কখনও কখনও বুকের ভিতর গড়ে তোলা বিন্দু বিন্দু ভালবাসাও অসহায় হয়ে পড়ে। — হুমায়ূন আহমেদবাস্তবতা এতই কঠিন যে কখনও কখনও বুকের ভিতর গড়ে তোলা বিন্দু বিন্দু ভালবাসাও অসহায় হয়ে পড়ে। — হুমায়ূন আহমেদবাস্তবতা এতই কঠিন যে কখনও কখনও বুকের ভিতর গড়ে তোলা বিন্দু বিন্দু ভালবাসাও অসহায় হয়ে পড়ে। — হুমায়ূন আহমেদবাস্তবতা এতই কঠিন যে কখনও কখনও বুকের ভিতর গড়ে তোলা বিন্দু বিন্দু ভালবাসাও অসহায় হয়ে পড়ে। — হুমায়ূন আহমেদবাস্তবতা এতই কঠিন যে কখনও কখনও বুকের ভিতর গড়ে তোলা বিন্দু বিন্দু ভালবাসাও অসহায় হয়ে পড়ে। — হুমায়ূন আহমেদবাস্তবতা এতই কঠিন যে কখনও কখনও বুকের ভিতর গড়ে তোলা বিন্দু বিন্দু ভালবাসাও অসহায় হয়ে পড়ে। — হুমায়ূন আহমেদবাস্তবতা এতই কঠিন যে কখনও কখনও বুকের ভিতর গড়ে তোলা বিন্দু বিন্দু ভালবাসাও অসহায় হয়ে পড়ে। — হুমায়ূন আহমেদবাস্তবতা এতই কঠিন যে কখনও কখনও বুকের ভিতর গড়ে তোলা বিন্দু বিন্দু ভালবাসাও অসহায় হয়ে পড়ে। — হুমায়ূন আহমেদবাস্তবতা এতই কঠিন যে কখনও কখনও বুকের ভিতর গড়ে তোলা বিন্দু বিন্দু ভালবাসাও অসহায় হয়ে পড়ে। — হুমায়ূন আহমেদবাস্তবতা এতই কঠিন যে কখনও কখনও বুকের ভিতর গড়ে তোলা বিন্দু বিন্দু ভালবাসাও অসহায় হয়ে পড়ে। — হুমায়ূন আহমেদবাস্তবতা এতই কঠিন যে কখনও কখনও বুকের ভিতর গড়ে তোলা বিন্দু বিন্দু ভালবাসাও অসহায় হয়ে পড়ে। — হুমায়ূন আহমেদবাস্তবতা এতই কঠিন যে কখনও কখনও বুকের ভিতর গড়ে তোলা বিন্দু বিন্দু ভালবাসাও অসহায় হয়ে পড়ে। — হুমায়ূন আহমেদবাস্তবতা এতই কঠিন যে কখনও কখনও বুকের ভিতর গড়ে তোলা বিন্দু বিন্দু ভালবাসাও অসহায় হয়ে পড়ে। — হুমায়ূন আহমেদবাস্তবতা এতই কঠিন যে কখনও কখনও বুকের ভিতর গড়ে তোলা বিন্দু বিন্দু ভালবাসাও অসহায় হয়ে পড়ে। — হুমায়ূন আহমেদবাস্তবতা এতই কঠিন যে কখনও কখনও বুকের ভিতর গড়ে তোলা বিন্দু বিন্দু ভালবাসাও অসহায় হয়ে পড়ে। — হুমায়ূন আহমেদবাস্তবতা এতই কঠিন যে কখনও কখনও বুকের ভিতর গড়ে তোলা বিন্দু বিন্দু ভালবাসাও অসহায় হয়ে পড়ে। — হুমায়ূন আহমেদবাস্তবতা এতই কঠিন যে কখনও কখনও বুকের ভিতর গড়ে তোলা বিন্দু বিন্দু ভালবাসাও অসহায় হয়ে পড়ে। — হুমায়ূন আহমেদ,Positive
"ইস,, এই মাইয়াটা আমার  হইতো",Positive
হ ভাই সব লেটা ভেটা তোমার কথার জন্য ই তোমাকে চরম লেভেলে ভাল লাগে।,Positive
আপনি যে কথা গুলা বলছেন পুরাই সত্যি,Positive
ফুল দেখেছি,Positive
ভাই,Positive
খিস মে আবদুল্লাহ...,Positive
ভাই প্লিজ এই মুভির ব্যাগ্রাউন্ড টোন টার নাম বইলেন প্লিজ ভাই,Positive
ধন্যবাদ ভাই,Positive
বলার স্টাইল টা সেই,Positive
দেখেছি,Positive
খুব নিষ্পাপ একটা সিনেমা,Positive
দারুন বলেছেন,Positive
আল আমিন ভাইয়ের বাসা কি কিশোরগঞ্জ?,Positive
হ ভাই সারা জিবন সুনলাম ওইটা আজকে কইতাছেন লেডা বেডা,Positive
কমেন্ট রেখে গেলামলাইক পেলে আবার আসবো,Positive
ধন্যবাদ ️,Positive
এটা আরো পাঁচ দিন আগে দেখছি ফুল মুভি  সেই,Positive
ধন্যবাদ,Positive
আপনার ভিডিওর  আসছেনা তাই ঠিক ঠাক ভিডিও দেখা হচ্ছে না ।,Positive
একদম ঠিক বলেছেন ভাই।,Positive
মুভিটা পাওয়া যাবে কোথায়??,Positive
মুভি নাম টা টাইটেলে দিলে ভালো হয়,Positive
এইসব মুভি বাংলাদেশে করলে সাকিবখান ভালো করতে পারবে,Positive
মুভি টা সুন্দর না কিন্তু আপনার কথা সেই ছিল,Positive
ভাইরে ভাই নুহা খুভ সৎ,Positive
সিনামাটা কোথায় দেখতে পাব ভাই,Positive
সবিকিছুই ঠিক ছিলো  কিন্তু ভাই বোনের সম্পর্কটা কে দৃষ্টান্তমূলক করে দিয়েছে।,Positive
বাহ বাহ হিন্দি তেকে বাংলা বয়েস,Positive
গান টা কার গাওয়া এটা অন্ততো ডেডিকেট করতে পারতে।  আমি তোমার থেকে এটাই এক্সপেক্ট করেচিলাম। গানটার সিঙ্গার :,Positive
আচ্ছা এই মুভির নাম কি,Positive
এই মুভি এত ভাইরাল হবার কারণ খুজে না পাওয়া আমি,Positive
বাংলা সিনেমার এক্সপ্লেন দেন,Positive
ভাই মুভি এর ভিডিও মিরর ইউজ করো যাতে কপিরাইট না আসে,Positive
"লাস্ট কথাটা অসাধারণ।একদম ফালতু একটা মুভি।রোমান্স দিয়ে দর্শকদের খাইয়ে দিচ্ছে।আমরা দর্শকরা মাশাল্লাহ!ছেলে-মেয়েরা একটু রোমান্সের মুভি দেখলেই খাতা,কম্বলের নীচে যেয়ে দেখা শুরু করে দেই।",Positive
"ভাই তোমার ভিডিও দেখি,,,,,পারলে  কষ্ট করে তোমার ফেসবুক লিংক দিয়ো",Positive
সব লেতা পেতা হয়ে গেছে রে সব লেতা পেতা হয়ে গেছে,Positive
"হাই কপাল,,  এইটা দেখার পর আর কিছু বলার নাই",Positive
নিচে পানি চলে আসলো কিন্তু ঠেকিয়ে দিলাম ভিডিও দেখে,Positive
৫ ওয়াক্ত নামাজ কালামটা,Positive
18 + মুভিই তো খুজতেছি,Positive
ভাই হরর মুভি আনছেন না কেন,Positive
এই মুভির নামটা বলবে একটু প্লিজ দয়া করে,Positive
আমি যদি স্পেন এর হতাম,Positive
গ্যাসোলিন,Positive
কিস মে আব্দুলা,Positive
ভাই এইটা  করছে কে?,Positive
এর জনপ্রিয় মুভি সিরিজ  আনার অনুরোধ রইলো! অপেক্ষায় আছি অনেক দিন থেকে। আপনার মুখ থেকে এক্সপ্লেন শুনবো বলে!,Positive
আপনি  সমন্ধে যাই বলেন না কেন তার উপর কিন্তু অলরেডি আমি ক্রাশ খেয়ে বসে আছি,Positive
আমার কাছে   টা আসে ️ লাগলে বলো,Positive
ধন্যবাদ ভাই,Positive
ভাইয়া আপনার ফেসবুক আইডিটা ফলো দিয়ে আসলাম আপনার নেক্সট ভিডিওতে আমার কথা উঠাইয়েন প্লিজ,Positive
আমার সাথে মিল আছে,Positive
ল্যাটাপ্যাটা অবস্থা,Positive
17 বছর বয়স তাও দেখবো আমি কেউ আটকাতে পারবে না ইনশাআল্লাহ,Positive
পর্দা শীল ভাই বোন,Positive
9:32 ওরে কপাল ও এখানে ৫ ওয়াক্ত নামাজ কালাম পরসে,Positive
"বাহ, মাত্র ৮ টা ডিজলাইক",Positive
ভাই আপনি একটা রোসট করার চ্যানের খুলেন,Positive
বয়স ১৬+ সরি আল আমিন ভাইয়া,Positive
এখন মুভি টা বেরায় নি,Positive
"যাই বলেন ভাই,, আসল মুভি টা দেখে আমার ভাল্লাগছে",Positive
ভাইয়া আমি আপনার নিয়মিত ভক্ত আমি এই ছবি টির লিংক খুঁজে পাইনা লিংক টি দেন প্লিজ প্লিজ প্লিজ,Positive
আমি ফোল মুভি দেখছি  আমি যেহেতু লুচ্চা তাই  আমার কাছে মুভিটা ভালো লাগছে,Positive
মুভির নাম টা কি কেউ বলে যান।,Positive
সিনেমা ফালতু কিন্তু আপ্নের কথা গুলা মারাত্তক,Positive
ভাইয়া আপনি যে নতুন আরেকটা আইডি চালান তার নাম কি?,Positive
ভাই এই ওয়েবসাইটটা কিভাবে চালু করতে হয় একটু জানাবেন,Positive
মুভি এক্সপ্লেইন ভালো ছিলো কিন্তু মুভির কিছু কন্সেপ্ট ভুল বলছেন ভাইয়া,Positive
"ভাই ,  আপনার যা ইচ্ছা তাই করে ল্যাটাপ্যাটা   হাস্যকর ছিল ।",Positive
আরে ভাই ইয়ে মানে কি বুঝাতে চাচ্ছেন আরে এর থেকে তো বলুন এক্সাইটমেন্ট বেশি টেস্টরন হরমোন এদের গাড়ির মতো রেস লাগানো শুরু করে দিয়েছে,Positive
সুন্দর মুভি ভাই,Positive
জখম পরিষ্কার করতে গিয়ে লেটাভেটা হয়ে গেছে,Positive
ভাইয়া আমি আপনার নিয়মিত ভক্ত আমি এই ছবি টির লিংক চাই,Positive
এই ছবি নাম কি ভাই জানরে বলে জাবেন,Positive
ভাই মুভিটা আমি ফুল হিন্দি দেখেছি ভাই মুভিটা আপনি যেভাবে  করেছেন অনেকটাই ভিন্ন একটু অন্যরকম হয়েছে আর আমার কাছে সত্যি বলতে আপনার  অনেকটাই ভালো লাগে সবার থেকে ভাই একটু বেশি মিনিটের ভিডিও টা যদি এবার থেকে দেন তাহলে ভালো করে বুঝিয়ে দিতে মুভিটা অনেক সহজ হতো সবার কাছেই,Positive
ল্যাটাপ্যাটা কি ভাই/???,Positive
ল্যাটাপ্যাটা কি ভাই/???,Positive
যাই হোক একটা কথা ভালো লাগছে লেডা পেডা,Positive
ของฉัน กเต้นรำที่มากมาย มากมาย ชอบมัน ฉันก็รักคุณเหมือนกัน พี่ชาย,Positive
ওদেশের রীতি অনুযায়ী খারাপ ছিলোনা,Positive
ডাউনলোড দিমু কেমনে,Positive
এই মুভি নাম কি,Positive
ভাই ফ্যামিলি নিয়ে দেখার মতো একটা মুভি,Positive
এএ আলামিন ভাই ১৮ নিচে বয়স দেখে ফেললাম তুমি তো কিছু ছিড়তে পারলা না,Positive
মুবিটা ৪ বার দেখছি,Positive
"নিজের মতামত এতো বেশি দিয়েছেন যে, মুভিটা নিজের মতো করে বুঝতে পারিনি।",Positive
আমাক তো ছেলেটাকেই মেয়েটার চেয়ে ভালোলাগলো,Positive
ল্যাডা ব্যাডা,Positive
আচ্ছা এই মুভিটা আমাদের কী শিক্ষা দেয়??,Positive
হ্যা আমার মতেও ওরা কিন্তু নিজের ভাই বোন ছিল না!,Positive
জাই হোক পোলা পানের মনে সানতি এবার আসছে,Positive
ল্যাটা ভ্যাটা,Positive
ফলো দিতে পারুম না আপনি রিকুয়েষ্ট এক্সেপ্ট করুন,Positive
জা ইচ্চে তাই করে মানে লেটা পেটালাইক দিয়া বুজাই দেন কেমন লাখসে কথা টা,Positive
খিসমে আব্দুল্লাহ ৷ লেটা বেটা,Positive
5 ওয়াক্ত নামাজ কালাম পরে,Positive
"ভাই রে ভাই,  এত সাদ ক্যে,,,,",Positive
এইটাতো   থেকে কপি,Positive
ভাই নিক নামের যেই ছেলেটাঅধদ আছে এইটা পুরা আপনার ক্যারেক্টার,Positive
কেরে ভাই পাঁচ ওয়াক্ত নামাজ পড়ছে,Positive
লেটাফেটা,Positive
লেটাপেটা,Positive
এটা ধর্মীয় ভাইবোন। এদের ভিতর বিবাহ বৈধ,Positive
একদম ল্যাডা ভেডা,Negative
"এই মুভি নিয়ে মানুষের অনেক লাফালাফি দেখছি,তাই এক্সপ্লেইন টা দেখলাম,এর থেকে বাংলাদেশর মুভির কাহিনি অনেক ভালো  কি মুভি এইটা নিয়ে এত লাফালাফি আমাদের বান্ধুবির  ফালতু মুভি,কনো কাহিনি নাই টুইস্ট  নাই হুদাই, যাই হোক মজার ছলে আপনার করা অপমান গুলো জোস ছিল আর আপনার আনা কোরিয়ান সিরিজ গুলা অনেক ভালো",Negative
ওদের দেশে   যদি  পরে যা ইচ্ছা তাই করে । এটাই,Positive
পর্দাশীল মেয়ে জীবনে প্রথম দেখলাম,Positive
লেডাবেডা,Positive
খিচমে আব্দুল্লাহ,Positive
সিনেমা দেখতে দেখতে হেন্ডেল মেরে দিলাম 16:49,Positive
লেটা পেটা গুলা খুব সুন্দর,Positive
প্রেম মানে না কনো কিছু ভাইয়া এইটা তার প্রমাণ,Positive
আকাম কুকাম,Positive
আপনার এক্সপ্লেনেশন টা অনেক ভাল ছিল।  মুভিটা একদম ফালতু।,Positive
ভাইয়া আপনি মুভি টা ভালোভাবে না দেখেই না বুঝে মুভিটার ব্যাপারে বলছেন আর কিছু কথা ভুল বলছেন,Positive
এই মুভি যারা দেখে নাই তারা কনফার্ম জান্নাতি 🫣,Positive
এটা কোনো মবি হলো?,Positive
যারা মুভি দেখতে পছন্দ করে তারা শুধুই লাইক করবে,Positive
তাগো ববসস ছাড়া কিছুই বড় হয়না - যতই খাকন্না কেনো,Positive
ভাই ভুল মনে করবেন না বাট আপনার এক্সপ্লানেশন অনেক বেশী ভুল হইসে,Positive
তারপর হারামি ২ টা যা ইচ্ছা তাই করে লেডাবেডা,Positive
6:50 ঠিক বলে ছেন পুরা খাটি   7:25 মানে কি,Positive
আপনাদের ক্রাশ এগুলা কি করে কমেন্টে এসে জানান,Positive
যা ইচ্ছা তা করে লেডাবেডা,Positive
"এ মুভি বাংলাদেশ সমাজে চলে না,পুরাই বিটিএস মারকা মুভি",Positive
ভাষার ব্যাবহার অত্যান্ত জঘন্য।,Positive
কিসের সুন্দর?  সুন্দর আমার হেডা,Positive
পানিতে নিজের শরীর ভিজিয়ে নিজের ভাইকে কাছে টানছে,Positive
ল্যাটাব্যাটা,Positive
ছেলে চিট করলে চিট মেয়ে চিট করলে তা ভালো??,Positive
এই ছবি কারো   লাগলে বলবেন,Positive
পাণ্ডু মারকা মুভি,Positive
পক পক পকাত,Positive
"মুভিটি আমি নিজে দেখেছি। মুভির কনসেপ্টে যথেষ্ট পরিমাণ খারাপ। তবে... • এই মুভিতে মেয়েটি ততটাও খারাপ নয় যতটা আপনি এই এক্সপ্লেনেশন এ উপস্থাপন করেছেন। যে সকল ক্ষেত্রে ছেলেটি খারাপ সে সকল ক্ষেত্রেও আপনি মেয়েটিকে খারাপ ভাবে উপস্থাপন করেছেন।  • বার বার ৫ ওয়াক্ত নামাজ কালাম পড়ে বলে ধর্মকে টানছেন। ধর্মের অবমাননা করছেন। এটা না করলেও  ভালো হতো।  • মেয়েটি তার রেলেশনশিপ সম্পর্কে অনেক  ছিল। কিন্তু মেয়েটির বেস্ট ফ্রেন্ড এবং বয়ফ্রেন্ড মেয়েটিকে ধোঁকা দিয়ে ঘনিষ্ট হয়, এবং ঠিক তারপরই মেয়েটি ধীরে ধীরে খারাপ হতে শুরু করে নিজের  এর সাথে। • এবং পুরো এক্সপ্লেনেশন শুনে আমি অনেক ভুল পেয়েছি আপনার এক্সপ্লেনেশনে। আপনার কাছে অনুরোধ থাকলো মুভিটি পুনরায় দেখে সঠিকভাবে এক্সপ্লেইন করবেন।  যতোই ফালতু মুভি হোক না কেন এটলিস্ট এক্সপেনশন সঠিকভাবে দেওয়ার অনুরোধ থাকলো।",Positive
ড্রামার চাইতে আপনার কথা গুলো ভালো লেগেছে,Positive
আপনি কিছু জায়গায় ভুল এক্সপ্লেইন করছেন  যই হোক আসলে মানুষের নিষিদ্ধ জিনিসের প্রতি আকর্ষণ বেশি,Positive
তার বাবাকে কিস মে আব্দুল্লাহ করে দেয় কথাটা শুইনা বি হাসতে হাসতে শেষ,Positive
অনেক সাধনার পর কালকে গুগল ক্রোমে মুভিটি দেখেছি।সত্যি অনেক বাজে এবং পাগলা একটা মুভি,Positive
মুভিটা আমি দেখেছি কিন্তু তাও আপনার এক্সপ্লেনেশন শুনতে এসেছি মুভিটা ভালো কিন্তু দৃশ্য গুলো কিছু টা প্রন ভিডিওর মতো,Positive
...   ফালতু    আমি 18+ এর অনেক নিচে,Positive
এত ভুল তথ্য কেন দেন?,Positive
"যেগুলা এই মুভির রিভিউর জন্য বলছিল ওদেরকে ১০ বালতি সান্ত্বনা।  ভাই এদের রুচি এমন কেন, এইসব মুভির রিভিউ কেউ চায়? আপনার চ্যানেলের রিকমান্ডে দেখে ১৬ মিনিট নষ্ট করলাম।",Positive
১৮+ মুভি আনবেন না,Positive
ভাইয়া সত্যি বলতে এই মুভিটা আমার কাছে ভালো লাগেনি,Positive
কমেন্ট রেখে গেলাম  লাইক পেলে আবার আসবো,Positive
এটা তো পুরাই  মুভি,Positive
"আপনার ভিডিও দেখি  না, কারণ অনেক ভুল তথ্য দেয়া। জেই কথা মুভিতে বলা হয় নাই, আপনি তা নিজে নিজে বানিয়ে বলেন।",Positive
লেটা ভেটা,Positive
আপনার কথা  শুইনা আমি হাসতে হাসতে শেষ,Positive
ভাইরে ভাই লেটা পেটা,Positive
ছবির নাইকা নোয়া নিজে থেকেই নায়কের পিছনে আঠার মতো লেগে ছিল।মানে লাইনটা সে নিজেই মারছিল।আর চিট তো নাইকা নিজেই তার বয়ফ্রেন্ড কে করছে।।,Positive
"ভাইয়া... আমি এর   দেখতে চাই,    আসচ্ছে না  আপনার  চাই,  বড় ভাই হিসেবে  করেন....!!",Positive
"আপনার যে মামাতো,চাচাতো বোনকে বিয়ে করেন ?",Positive
যা খুশি তাই করে.... মানে লাডাফ্যাডা  কোথায় পাও এই সব শব্দ!,Positive
এই মুভিটা আসলেই ভালো না,Positive
ভাইয়া এ হারামি দুইটা যা করছে,Positive
ইসলামিক বাক্য ব্যবহার করে একদম কমেডি করবেন না ভাইয়া,Positive
ভাই নোয়ার মতো ভালো মেয়ে হয় না,Positive
ফালতু একটা মুভি। সময়টা ই বরবাদ,Negative
কি ভাই আপনি কি কনো মানুষ এই সবো বাজে মুভি গুলা দেয়ার কি দরকার এতো ছিন কাটতে পারেন কিন্তু এই বাজে পচা ছিন গুলা কেনো দেন ভাই,Negative
"গুলো জস ছিল,যেমন হারামি গুলো লেটাফেটা,পাঁচওয়াক্ত নামাযি,লেন্টাফেন্টা",Negative
ভাইরে ভাই আপনার এক্সপ্লেইন করা একটুও ভালো হয়নি আমি মুভি পুরাটা দেখছি হিন্দি ডাবিং করা মিলে নাই একটু কয়েকটা লাইন নিজে বানায় স্ক্রিপ্ট বানায়া লিখছেন আপনি বোঝাই যায় মুভিটা অনেক সুন্দর কিন্তু বেশিরভাগ ইউটিউবাররা এক্সপ্লেন ভুলভাল করতাছে এর জন্য মুভিটা খারাপ লাগে,Negative
"ভাই আমি অন্য এক ভাইয়ের  শুনি সে কোন অহেতুক মুভি  করে না, আমি আজ প্রথম আপনার  শুনলাম,খুব বাজে এই মুভিটা ছি এরা ভাই বোন",Negative
যে পরিমাণ কিসের সিন ভাই,Negative
এত্ত হালাল মুভি আমি জীবনে ও দেহি নাই,Negative
"ফালতু মার্কা মুভি, ভাবছিলাম কি আর কি সব হচ্ছে",Negative
বেকার মুভি,Negative
কি খারাপ অবশ্য মেয়েটাই বেসি আর ছেলেরা এটা দেখে বেশি খারাপ হয়ে গেছে কি আর বলি ভাই বোন নিয়া এই সব খারাপ ছবি এটা দেখে আর কিছু বলার নাই আমাদের বাংলাদেশ অনেক ভালো আছে অন্য সব কানটির চেয়ে আমারই ভালো আছি 🇧🇩🇧🇩🇧🇩🇧🇩🇧🇩🇧🇩🇧🇩🇧🇩🇧🇩🇧🇩🇧🇩🇧🇩🇧🇩🇧🇩🇧🇩🇧🇩🇧🇩🇧🇩🇧🇩,Negative
মুভিটা দেখেছি সেই একটা মুভি ছিলো,Positive
"ভাইরে ভাই এই মুভিটা রাতে দেখার পর হাজার হাজার ছেলে  মারছে  ,, সত্যি হলে লাইক দিও",Negative
বাজে একটা সিনেমা এটা।  মুভিটা দেখছি ১৮ + মুভি এটা,Negative
ভাই আমার দেখা সব থেকে বাজে দেখা একটা মুভি,Negative
হালাল সিনেমা,Negative
ফালতু একটা মুভি সময় নষ্ট হইলো,Negative
আজাইরা বা*,Negative
ফালতু,Negative
কি একটা বাজে ছবি,Negative
ফালতু,Negative
নোয়া একটুও সুন্দর না,Negative
আজাইরা একটা সিনেমা,Negative
ফালতু মার্কা সিনেমা,Negative
মেযে মানুষ যে কেমন টাইপের  এই মুভি দেখলে বুজা যায়  কেমনে কাছে টানার জন্য কত কি করে!! সত্যি মেয়ে মানুষের মন  আকাশের রঙ বুজা মুসকিল!,Negative
"তন্নি ভালো ছিলো,,,,,কমিডি হয়নি,,,,একদম বাজে ছিলো মুসতাক আর তিশা",Negative
মামুনের হারবালের মেয়াদ শেষ,Negative
ময়দা মাখায়েতো.......লায়লা,Negative
আমারা তোমার জন্য দোয়া করি নাই।,Negative
আপনি টের পাইসেন ও ও ও,Negative
এসব নোংরা আর ফালতু মানুষকে নিয়ে সো করেন আপনাদের লজ্জা করে না,Negative
একদম আক্কেওয়ালা বাঁশ,Negative
এইটা কোন গ্রহের প্রানী।,Negative
আচ্ছা  এইসব  ফালতু  মানুষ কেন নিয়ে  আসেন।,Negative
তিশা-তনির বুড়িকাল,Negative
হায়রে জোকার,Negative
চার বছর পর আর ভালো লাগবে না,Negative
ময়দা আর ছিলো না,Negative
পক পক করে দিচ্ছে,Negative
জয় ভাই একটা মাল,Negative
মাগামাগী,Negative
কি অপমান,Negative
নির্লজ্জ,Negative
মাইরা ফুলাইয়া ফালাইছো,Negative
ময়দা ভলত,Negative
তিন চারটা বিয়ে করা কি স্ট্রাগল নাকী,Negative
রুচির দুর্ভিক্ষ,Negative
কতটা জবলেস  হইলে আমি এই ভিডিও দেখি,Negative
"এগুলির লজ্জা নাই, হ্য হ্য করে হাসে",Negative
আবার ---ল ---৫০০,Negative
এতো মেকাপ,Negative
হাউয়ার পোলায় বিটিএস,Negative
বে‌শি‌দিন চল‌বে না।,Negative
বুইরা বয়সে ভাব কত,Negative
। তিন পাগলের হলো মেলা,Negative
এই নাচ বুড়া বেড়ি লই,Negative
অসুস্থ বাঙালি,Negative
নাটক দেখলে গা জ্বলে।,Negative
দেখলে মনে হয় মা ছেলে।,Negative
বাঁশ  কত প্রকার,Negative
একটা বাচ্চা হলে পরে বিয়ে করবে,Negative
লিপ সার্জারি,Negative
গে,Negative
ফালতু সব,Negative
এই বটকা বেডিরে আমার একদম ভাল লাগে না কে কে আমার সাথে একমত,Negative
তোমরা মারা মারি কিভাবে করো,Negative
বাবুনিয়ে বিয়ে করবেন।।।,Negative
হরে হরে বোম বোম,Negative
এরা জিনা করে,Negative
"মাইরা ফুলাইয়া লায়লা,,",Negative
এই বটিকে ডাইনোসারের মতো লাগে,Negative
নতুন বাঁশি বাজে,Negative
ভুয়া,Negative
বিরক্ত কর,Negative
দুই টুকাই,Negative
জোকার দুইটা,Negative
বাঁশের বহুবিধি ব্যবহার,Negative
ফুথু ফুথু ফুথু,Negative
ভুদা কি মানা জাই কেমনে কি,Negative
পুরাই বস্তা পচা ইন্টারভিউ,Negative
বস্তিমার্কা শো,Negative
জয়রে লেং মাইরা পাবনায় পাঠা,Negative
মোস্তাকে আইনের আওতায় আনা উচিত তাড়াতাড়ি এবং কঠিন সাজা দেওয়ার জন্য অনুরোধ করছি,Negative
মোস্তাকে আইনের আওতায় আনা উচিত তাড়াতাড়ি এবং কঠিন সাজা দেওয়ার জন্য অনুরোধ করছি,Negative
মোস্তাককে রিমান্ডে নেওয়া উচিত।,Negative
মোস্তাক খুবই কৌশলী লোক।। একে আইনের আওতায় আনা উচিত।।,Negative
আমি সুধু  দেখতেছি মুশতাক  ওতিসার ভিডিও  কিন্তু  আজকে  কমেন্ট   করলাম আমি সবার  কাছেই  একটাই অনুরোধ  করছি   এই  বুইরা বাটাকে আইনের আওতায়  এনে রিমান্ডে  দেওয়া হক  তাহলে সব কিছু  ব্যারিয়ে আসবে।,Negative
"সংবাদ সম্মেলন করলো কথাতো সব মোস্তাকই বললো, তিশার তো কোন বক্তব্য দেখলাম না, মোস্তাককে রিমান্ডে নেওয়া উচিৎ।",Negative
ঐদিন আর বেশি দূরে নয়  যেদিন মুশতাকের ইঞ্জিন আর চলেনা বলে দাদু কে বিদায় দিয়ে নতুন ভাতার খুজবে,Negative
"মোস্থাককে উচিত শিক্ষা দেয়া উতিচ, যাতে এ কাজ আর কেউ করার সাহস না পায়,,,,",Negative
মোস্তাক কে রিমান্ডে নেয়া হোক,Negative
মেয়েদের মন পাল্টাতে যে সময় লাগেনা সেটা কিছুদিন পরেই আমরা বুঝে জাবো,Negative
"ওরা বিয়ে করেছে, ওরাতো অবৈধভাবে সম্পর্ক করে নাই । ওরা যদি সুখে থাকে আমাদের চুলকায় কেন?",Negative
"মোস্তককে রিমান্ডে নেওয়া দরকার,  আমার মনে হয় মেয়েটা বিপদে পরছে, মোস্তাকের সম্পদের খুজ নেওয়া দরকার এত সম্পদ কি, কি অবয়ধ পথে করছে",Negative
ওকে সিদ্ধ  ডিম দেওয়া উচিত,Negative
মুশতাক কে আইনের আওতায় আনা হোক জুর দাবি জানাচ্ছি,Negative
এরা সুখে থাকলে মানুষের দোয়া করা উচিত,Positive
"আই ফোনও পুরাতন হয়ে যাবে, তিশারও মূল্য হীন হবে",Negative
এই ভদ্রলোককে সমাজের লোকেরা এখনো বাঁশ ডলা দিচ্ছে না কেনো!!,Negative
এর কঠিন বিচার হওয়া উচিৎ,Negative
এই বদমাশে কি একবার ও মনে হয়নি যে একটা ফুলের মত মেয়ের জীবনটা এভাবে নষ্ট কেন করলাম,Negative
"মুশতাকের চাপার দাঁত নাই, দাঁত লাগা মিয়া",Negative
"এখানে একজন ভবিষ্যতের সংসদ সদস্য আরেকজন বাংলা ছায়াছবির জনপ্রিয় অভিনেত্রী, আমারা তাদেরকে  সেই পথে একটু একটু করে নিয়ে যাচ্ছি।",Negative
সাংবাদিক রা এই ঘটনা টানাটানি করছে,Negative
"বাবার অনুমতি ছাড়া বিয়ে হালাল নয়,আপনি জানেন না কি?",Negative
"অল্প বয়সের মেয়েকে ভয় দেখিয়ে বিয়ে করেছে এটি সত্যি,, বিয়ে হয়ে গেছে তাই আর কি করার",Negative
মোস্তাক  কে আইনের আওতায় আনা উচিত,Negative
মুশতাক কে রিমান্ডে নেওয়া উচিৎ,Negative
কাকা প্রডাকশন ঠিক ঠাক মেরেছিলেন তো।।,Negative
এমন মেয়ে যেন কারো ঘরে জন্ম না হয়,Negative
প্রথমত একজনের বিচার করেন  কেউ আর  এ ধরনের কাজ করার সাহস পাবে না। দ্বিতীয়ত  এখনকার সন্তান গুলো বাবা মাকে অনেক কষ্ট দেয়  মনে রাখবে তোমার ও একদিন বাবা মা হবে  সেদিন আফসোস করবে কিন্তু কিছুই করার থাকবে না।,Negative
"সাংবাদিক ভাইয়েরা আপনারা দের, কাছে অনুরোধ করছি এসব খবর বন্ধ করুন",Negative
মা বাবার মনে কস্ট দিয়ে সুখী হওয়া যায় না।,Negative
সমাজের অবক্ষয়।,Negative
দাদু সবই ললিপপের জাদু।,Negative
"শুধুমাত্র, যদি তিশা প্রাপ্তবয়ষ্ক হয়ে থাকে তাহলে তার মতামত কে প্রধান্য দেওয়া  উচিত ।",Positive
সমাজে এ অসামঞ্জস্য কার্যক্রম চলতে থাকলে সমাজ ব্যবস্হা আর সামাজিক কার্যকলাপ বলতে কিছুই থাকবে না।এ ঘটনার প্রকৃত রহস্য উৎঘাটন করে দোষীদের দৃষ্টান্তমূলক শাস্তি দেয়া উচিত।,Negative
আহ! জাস্ট লুকিং লাইক এ ওয়াও,Negative
মোশতাক দাদু এগিয়ে চলো আমি আছি আপনার সাথে,Negative
মেয়েটা খুব পস্তাবে।,Negative
মোস্তাককে আইনের আওতায় রিমান্ডে নেওয়া হোক,Negative
লুইছছা লুইছছা লুইছছা লুইছছা   মুশতাক।  মুশতাক কে রিমান্ডে নিক,Negative
মোতাক। কে।আইনের। আওতায় এনে শাসতীর।দাবি জানাই,Negative
দুজন যেথা মিলিছে সেথা থাকো প্রভু তুমি থাকো সকল অশুভ হইতে তাদেরে ঢাকো প্রভু তুমি ঢাকো শুভাশীষে ম্যাক রাফখান কোলকাতা,Negative
"ধরলাম মেয়েটা অবুঝ,, তাকে পেতে চায়,,,, মুশতাকের ঠিক হয়নি তাকে বিয়ে করে,,,, তাকে বুঝাতে পারতো যে তোমার বিয়ের বয়স হয়নি,,,,",Negative
মোস্তাক ভাল হয়ে যাও,Negative
এখানে মুস্তাক কাকু কোন অন্যায় করে নাই ওনাকে নিয়ে এভাবে ট্রল করা মোটেও ঠিক হচ্ছে না,Negative
2:40 আমি তিশার বাবা হাস্যকর,Negative
লিংক কোথায়,Negative
রিমান্ডে নেয়া উচিৎ।,Negative
"আচ্ছা এ মানুষগুলোর কি কোন কাজ নাই,,,?ভাই,আমরা বিরক্ত।বিরক্ত।বিরক্ত।এখানে সময় না দিয়ে খাটে সময়দেন।নাহয় আপনার জা বয়স পরে কিন্তু ট্রাই এন্ড ডাই হয়ে জাবেন।",Negative
মোস্তাকে আনের আওতায় আনা হোক,Negative
এই মুস্তাকের  জীবন এর জীবন ইতিহাস জনগণের সামনে তুলে আনা হউক।,Negative
মোস্তাকে আইনে আওতায় আনা উচিত,Negative
মুস্তাক ত সুখে আছে যার ব্যাথা সে বুজে,Negative
এ নাটকের কাহিনী গুলো খুব বেশি দিন টিকবেনা শুধু শুধু আবেগের কারণে ভাইরাল হওয়ার জন্য  নিজের জীবন ও লাইফটা ধংস মাত্র  দুই দিন পরে মজা টের পাইবে,Negative
মোস্তাক কে রিমান্ড দেওয়া হোক,Negative
মোস্তাককে রিমান্ডে নেওয়া উচিত,Negative
মোস্তাককে বিচারের আওতায় আনা উচিত,Negative
আচ্ছা বাবা মা কি! এই মেয়ে কি বুঝে?,Negative
আইনের আওতায় আনতে হবে।  মুস্তাককে,Negative
"মেয়েটা বলেছে, পরিস্থিতিতে পরে সে বিয়ে করছে। পরিস্থিতি বলতে আমার কাছে ব্ল্যাকমেইল মনে হয়েছে আর এই বুড়া মেয়েটাকে বাজে পরিস্থিতিতে ফেলে হয়তো বিয়ে করেছে।  বুড়ো মুরুব্বিকে রিমান্ডে নেওয়া উচিত।",Negative
"মোশতাক ভাই ও ভাবীকে আল্লাহ রক্ষা করুক, সুখী করুক।  আমিন",Positive
মোস্তাকের হোগা দিয়ে করমু তখন বুজবে খেলার মজা কি,Negative
এরা দুজন। সুলতান সুলেমান এবং হুররাম জুটি।,Positive
মোস্তাক জয় বাংলার লোক  বিচার চাহিয়া লজ্জা দিবেননা,Negative
আমার মনে হয় মুস্তাক সুন্দর বউ পাওয়াতে সবার খুব হিংসা হচ্ছে এই জন্য এই ধরনের কমেন্টস করে। যাই হোক বিয়ে করে তো সংসার করতেছে তারা তো ভালই আছে তাহলে মানুষের ভিতরে.......,Negative
তোমাদের পাসে আছি,Positive
একটা অল্প বয়সী মেয়ে দাদার বয়সের পুরুষকে বিবাহ করবে এর পিছনে  অবশ্যই কোনো সমস্যা আছে।,Negative
পৃথিবীতে সবচেয়ে সুখী ব্যক্তি সে যার কোন লজ্জা নাই পোশাক  পরলে লজ্জিত হয় না লজ্জা থাকে চোখে,Negative
"খাওয়া শেষ,এই নষ্টাটাকে এখন মাছিয়ে খাবে",Negative
দাদু তুমি কচিফুলের মধু খেয়ে দরজা খোলা কি বুঝাইতেছ।,Negative
মোস্তাকে রিমান্ডে নেওয়া  উচিৎ!,Negative
মুস্তাকের একদিন ইন্জিন শেষ হয়ে যাবে তখন তিশা অন্য একজন ইঞ্জিন খুঁজে নিবে,Negative
দুই জনকে রিমান্ডে দেওয়া উচিৎ,Negative
উনি বললো উনি তিশার বাবা মানে বুঝলাম না?,Negative
আমি তিশার বাবা হিসাবে এটা কি বলছে বুঝলামনা!!,Negative
"আপনারা দয়া করে এদের ভিডিও প্রচার বন্ধ করেন , এদের  কে ভাইরাল করা বন্ধ করেন ! মেইন স্ট্রিম মিডিয়া হয়ে এসব কি খবর প্রচার করছেন আপনারা ? আমি একজন বাংলাদশি হিসাবে লজ্জিত !",Negative
অন্যের বিষয়ে নাক গলানোর কি দরকার। ওরা যদি ভালো থেকে তাহলে থাকক না। অন্যের সমালোচনা করে কোন লাভ নেই  অন্যের দোষ খুঁজে কি লাভ।,Negative
এটা যদি কোন আলেম করতো এতক্ষণ রিমান্ড হয়ে যেত,Negative
এই মেয়েটির একটি সুদুরপ্রসারী পরিকল্পনা আছে যে কারনে একজন বয়ষ্ক লোককে স্বামী হিসাবে গ্রহন করেছে।,Negative
"*যাব কেন? -ভোগ করার জন্যে। *দরজা খোলা! - ভোগ করা শেষ, এখন নতুন শিকারের সন্ধানে।",Negative
তিশার কোন সমস্যা নাই কিন্তু বাঙ্গালীদের রাতে ঘুম হয় না তিশা কেন বুইড়ারে বিয়া করছে,Negative
"মোস্তাক ভাই ভালো মানুষ,  সে বিয়ে করে নারীকে যথাযথ সন্মান দিয়েছে।",Positive
তিশাকে মোস্তাক ব্লাকমেইল করছে এবং তিশাকে ব্ল্যাকমেইল করে বিয়ে করছে,Negative
মোস্তাক তিশার বাবা... 2:40,Negative
তিশার কঠিন শাস্তি হওয়া উচিত কারণ সে টাকার লোভে এই কাজ করেছে,Negative
এই একটা সাস্থি হওয়া উচিৎ,Negative
তিশা মোস্তাক এবং তিশার বাবা তিন টাকেই রিমান্ডে নেয়া উচিৎ।,Negative
যেখানে মেয়েটা খুশি সেখানে এতো কথা না বলা ভালো,Positive
এমন সুসংবাদের লিংক কোথায়,Negative
তিশার বাবা মোশতাক,Negative
ফুলের মধু গ্রহণ করা শেষতো,Negative
এদের কান্ডো দেখে ' তো অবাক,Negative
"যে দিন দুজন আলাদা হবে,,সেদিন আসল সত্য জানা যাবে??",Negative
তিশার চিনি বাবা,Negative
তিশা ঠিক করেছি কিনা সেটা বিবেচ্য নয়।  তুমি ঠিক করেছি কিনা সেটা বিবেচ্য ।,Negative
এর হাত অনেক লম্বা!,Negative
আমি তিশার বাবা হিসেবে যা ক্ষমা চাওয়ার চাইবো,Negative
ইসলাম এ মেয়েদের বিয়ে করতে অভিভাবক এর অনুমতি লাগে।,Negative
২.৪০ আমি তিসার বাবা,Negative
মুশতাক চাইলে জিনা ব্যভিচার করতে পরতো তা না করে বিয়ে করছে। আর বিয়ে  অবশ্যই একটা ভালো কাজ।,Negative
মোস্তাককে দেখে সকল পুরুষের অনুপ্রেরণা পাওয়া উচিত।,Negative
মধু খাওয়া শেষ এখন তিশা যাও,Negative
এই বদমাসকে কেনো পুলিশ দরেনা,Negative
তাকে রিমান্ড নেয়ার দাবি,Negative
খেলা হবে,Negative
তালপানি খেয়ে নিয়ে এখন বলছে যখন খুশি চলে যেতে পারে,Negative
"বিয়ে করে লোকটা যে বিপদে পরেছে,মানুষ যেনা করলেও এরকমটা হয় না",Negative
"পাঠায় আউলায়া গেছে,তিষার বাবা হিসাবে",Negative
15 .এমনেই তো আসে না.চিন্তার বিষয়,Negative
মোস্তাককে রিমান্ডে নেওয়া হক,Negative
যে রকম শিক্ষা দিবা সন্তানকে  সে রকম আচরণ পাওয়ার জন্য তৈরি থাক,Negative
এই মহিলা কোনদিন যে আত্মহত্যা করে। আল্লাহ তায়ালা ভালো জানেন।,Negative
খেলা শেষ মামু,Negative
ভিডিও লিংক পাওয়ার আশায়  আসলাম..  হতাশা নিয়ে ফিরে গেলাম...,Negative
মেয়েটার কোনো মন্তব্য নেই কেনো..?,Negative
মুশতাকের কোনো একটা দোষ বা অপরাধ কি কেউ বলতে পারবে??? বুড়ো বয়সে যুবতী মেয়ে বিয়ে করা কি অপরাধ???,Negative
১টা জিনিস বুঝে আসেনা... এই বিষয়টা নিয়ে এতো হইচই কেনো???,Negative
তিশার বাবা হিসেবে ক্ষমা চেয়ে নিবো এটা মানে কি বুঝলাম না,Negative
এগুলো পাগলী ছাড়া কিছুই না,Negative
এই লোকটার লজ্জা বলে কিছু আছে মনে হয় না,Negative
একটা মেয়ের জীবনের ১২টা বাজিয়ে আপনি ভালো সাজছেন।,Negative
তাকে রিমান্ডে নেওয়া হোক,Negative
আমি তিশার বাবা হিসেবে,Negative
মোস্তাক এবং তিশার পিছনে কেনো যে মানুষ পিছনে লাগছে তা বুঝতেই পারলাম না।,Negative
এই হারামি কি কোনো ব্যবসা করে?? যদি করে থাকে তাহলে আমাদের জানান সে কোন ব্যবসা করে তার কি প্রোডাক্ট। আমরা সেই প্রোডাক্ট বর্জন। তার ব্যবসার ক্ষতি করতে চায়,Negative
"শুভকামনা রইল তোমাদের বিবাহিত জীবনের জন্য তাড়াতাড়ি বাচ্চাকাচ্চা নিয়ে নাও,তাহলে সব সমাধান হয়ে যাবে",Negative
স্বসম্মানে নামিয়ে দিয়ে আসার কি আছে বাকী?  সম্মান কি এখনো অক্ষুন্ন আছে?,Negative
নানা তোমার এতো যুক্তিতে কাজ হবে নাকো,Negative
মেয়ে ভালো না বাবা মা কে বলি এরকম মেয়ে থাকার চাইতে না থাকা ভালো,Negative
আমি তো এমনিতেই খেলতে পারি  করতে যাব কেন,Negative
তিন টনের গারিতে ১০ টোন লোড দেয়া হচ্ছে এটা বে আইনি,Negative
এদেরকে নিয়ে টানাটানি করে লাভ কি। ওদেরকে ওদের মত থাকতে দেন। যে যাকে পছন্দ বিয়ে করেছে,Negative
মুস্তাকের   মেয়ে টা আশি বছরের   বুড়া  কে দেবে কিনা  একটু জিন্দাবাদ  করেন       বাংলাদেশের  মানুষ,Negative
তাহলে ভিডিওটা কার এটা কার কাকু,Negative
তিস্তা মা তোমার বাবা কে বাচাও,Negative
আগে বলেন ভিডিও টা সত্যি না মিথ্যা,Negative
মুশতাক ভাল হইয়া যা,Negative
এই বুড়া বয়সে কেমনে খাঁড়া করে বুঝিনা,Negative
এরে রিমান্ডে নেওয়া হোক,Negative
তিশার ভিডিও লিংক চাই কে কে চান লাইক মারেন,Negative
মোস্তাক আর এই মেয়ের বিচার হওয়া উচিত,Negative
মানুষের এতো কেন মাথা ব্যাথা যদিও বা আমারও একটা সময় ছিল  তিশা বুড়া বেটার বাড়া পছন্দ করে ভালো কলা থাকতে যদি কেউ পঁচা কলা খেতে চাই সেখানে আর বলার মত কিছু থাকে না।,Negative
দেশে আইন-কানুন কার্যকর না হয় কি অবস্থায় করতে হয় ফ্যামিলিদের।,Negative
"আরে ভাই হাদিসে আছে যদি কেউ বিয়ে করতে ইচ্ছুক থাকে তাকে বিয়ে করা যাবে। বয়সের কোন ফ্যাক্ট না, বিয়ে কোন খারাপ কাজ না একটি পবিত্র জিনিস। এটাকে নিয়ে এত ট্রল করার কি আছে।",Negative
তিশার মেকাপ অনেক বেশি হয়ে গেছে,Negative
তাকে জিজ্ঞেসবাদ করা উচিত,Negative
উনি বৈধভাবে বিয়ে করেছে অনেকে বলছে রিমান্ডে নিয়ে আসতে  রিমান্ডে নিয়ে আসার আপনারা কে,Negative
তারা বিবাহিত তাদের নিয়ে কথা বলার অধিকার করো নেই।,Negative
তোমার মধু খাওয়া শেষ। তুমি ইচ্ছে হলে চলে যেতে পারো। আমার দরজা খোলা রয়েছে।,Negative
মোস্তাক নামটাই বাংলাদেশের সাথে যায় না,Negative
ঔষধ খেয়ে যৌবন কতদিন ধরে রাখা যায়  সেটাই প্রশ্ন।,Negative
হের লজ্জা শরম বলে কিছু নেই।,Negative
"পুরাতন কাঠি নতুন ঢোল টুকা দিলেই আওয়াজ,  টাক টাক,",Negative
মুস্তাকের যায়গায় আমি হলে কেমন হতো,Negative
"মুসতাক কি জাপানী ইঞ্জিন পিট করলো না কি, দেখা যাক  জাপানি ইঞ্জিন কয় দিন চলে",Negative
কয়দিন খেয়েছেন তাকে।,Negative
সে বিয়ে তাতে আপনাদের সমস্যা কি বুজলাম না,Negative
"ভাই আপনাদের কি আর কোন কাজ কাম নাই,এই ডেট ওভার বুইড়ার আর অই আবাত্তি মাইয়ার প্রেম/ভালোবাসার প্রতিবেদন আর কত করবেন??সত্যি আপনারা শুধু ভিউ পাবার জন্যেও এইসব ডাস্টবিনের ভেতর পরে থাকার যোগ্য বিষয়গুলা নিয়ে প্রতিবেদন করছেন।।বাংলাদেশের সবচেয়ে নির্লজ্জ হচ্ছে আপনাদের মত স্বঘোষিত সাংবাদিকেরা",Negative
এই মেয়ের কোনদিন ঠিকানা হবে বস্তিতে খুব অচিরে সেটা হবে,Negative
চাচার দন মনে হয় অনেক বড়ো,Negative
"তুমি তো এই মেয়েকে নস্ট করে দিয়েছো,,, সে গিয়ে আর কি করবে???",Negative
এখন তো খাওয়া হয়ে গেছে চলে গেলেই বা কি এমনিতেই রাখছে নাকি মোস্তাক,Negative
আমি বড় হয়ে চিনি বাবা হবো,Positive
এই দুইটাই মানসিক বিকারগস্ত,Negative
"মুতুর কাছে, তিসুর,,,,,,,আছে, যার কারনে সে হয়তো",Negative
আরে মিয়া তুমি তো ওরে নাচের পুতুল বানিয়ে ফেলছো।,Negative
টাকা তুই সময় মতো আইলিনা,Negative
রুচির দুর্ভিক্ষ!!!!,Negative
"যারা বিয়ে করেছে তাদের কোন সমস্যা নেই, আলগা মানুষের সব চুলকানি!",Negative
তোর মত এমন মেয়েকে এমন শিক্ষা হওয়া উচিত যা কিনা উদাহরন হয়ে থাকবে,Negative
এই মিডিয়ার কারণে তিশার জীবন শেষ।,Negative
এই সেটা নিউজ ছাড়া আর কোন নিউজ পাওনা কালবেলা? মেয়ে বাবা জামাই তিনটাই নষ্ট।,Negative
খানিক পোলাগো জালায় পাগল হয়ে গেলাম,Negative
বিয়ে করেছে করেছে কিন্তু তারা জেই অতিরিক্ত বাড়া বাড়ি করতাছে সেটা কিচুতেই মানা যাচ্ছে না,Negative
বদমায়েশ,Negative
"শরিয়া মত বিয়ে হয়েছে, এখন শরিয়া মত চললেই হত মনে হয়।",Negative
চিনতেন  না তাহলে  পারিবারিকভাবে বিয়ে???,Negative
ব্লাকমেল করতে কারন তো লাগবে... তার মানে কারন থাকলে সে ব্লাকমেল করে।,Negative
"শালশার কি নাম,আমার এক বোতোল দরকার🇰🇼🇰🇼🇰🇼🇰🇼🇰🇼🇰🇼",Negative
গালি না দিয়ে থাকতে পারলামনা এই মেয়ের বোদায় সইলে আমাদের চোখে সইছে না কেন,Negative
ডিম থেরাপি?,Negative
আসল কাহিনী অন্য রকমের। তিশার পরিবার ভাবছিল এই মেয়েকে বিয়ে দিয়ে টাকা পাবে। কিন্তু এখন টাকা পাইতেছেনা দেখে ঝামেলা করতেছে। ছোটলোক পরিবারগুলি এমনি হয়।,Positive
আর কোন ভিডিও পান না আপনারা,Negative
রিমান্ডে  নিয়া জিগান,Negative
নানা নানুরা অনেক মজায় আছে,Negative
কয়েমাস যাক সব আপনারাই বলবেন সত্যি টা কি,Negative
এই লোকটি মনে হয় মিথ্যা কথা বলছেন,Negative
তারা বৈধ স্বামী স্ত্রী আপনাদের এত জ্বলে কেন বুঝলাম,Negative
আমার হিসেবে ওরা তো ইসলাম মেনে  বিয়ে করছে তা হলে কি সমস্যা,Negative
এই আবার তিশার বাবা কেমনে ল্লল,Negative
তাবিজ করছে সালাই মনে হয়,Negative
এদের  কারনে কম বয়সের ছেলেরা বিয়ে করতে পারেনা,Negative
ওরে ডিম থেরপি দেন,Negative
মোস্তাকের মেশিন রিমান্ডে নেওয়া হোক,Negative
বুইরা খাটাস কয়টা বউ লাগে  দাত মনে হয় নাই গাল বিতরে চলে গেছে,Negative
এই বুড়াটা কান্ডগ্যান নাই।,Negative
এর কারণে মানুষ বৃদ্ধদের ঘৃণা করে।,Negative
"হাস্যকর,,,,খাওয়া শেষ,,,এখন,, উল্টো গল্প",Negative
লুভি মাইয়া রে কেমনে লোভ দিছে,Negative
প্রকৃত  বাটপার,Negative
অশ্লীল ভিড়ি ওর কোনো ব্যাখা হয় না,Negative
ফালতু খবর দেখানো বন্ধ করেন,Negative
চাচা কি কচি মাল টাকে খাইতাছে,Negative
এই সাওয়া দেখতে আর ভাল্লাগেনা,Negative
"হরমোনের খেলা শেষ,  আর না থাকলেও ও চলবে",Negative
রুচির অবক্ষয়,Negative
ভালবেশে বিয়ে করেছে এখানে দোষের কি বুজলাম না,Negative
আমি মুশতাকের পক্ষে আছি ও তো খারাপ কিছু করে নাই বিয়ে করছে,Positive
সবই টাকা,Negative
নাটক,Positive
এটা একটা বদলোক,Negative
তোদের ঘৃনা লাগে না?,Negative
এমন মেয়ে আমার বোন বা মেয়ে হইলে আগে মাইরা ফেলতাম,Positive
সব নাটক!,Negative
তুমি কচি খোকা দম ব্ল্যাকমেল করবা কেন ব্ল্যাক্মেল করবা সে সুন্দরী মাইয়া,Negative
মনে হয় সব মিথ্যা,Negative
জামাই হবে দাদু,Negative
আজাইরা নিউজ।,Negative
বারভাতারি,Negative
বিয়ার একটা বয়স আছে নানা বিয়া করে কি করে,Negative
দুজনই পালতু,Negative
এতো বগ বগ না করে ললিপপ টা খাওয়া বি,Negative
লুইচছা,Negative
পুরান চাল ভাতে বারে,Negative
বুইড়া,Negative
শালী কান্দে ক্যান,Negative
"ভালো লাগলে প্লিজ একটি লাইক দিও ভালো না লাগলে কিভাবে ভিডিও উন্নত করবো বন্ধু মনে করে সেই সাজেশনটুকু দিও কিছু তো বলো, তোমরা চুপ থাকলে হতাশ হয়ে পড়ি, ভালো লাগল কি না জানিও প্লিজ",Positive
"ভালো লাগলে প্লিজ একটি লাইক দিও ভালো না লাগলে কিভাবে ভিডিও উন্নত করবো বন্ধু মনে করে সেই সাজেশনটুকু দিও কিছু তো বলো, তোমরা চুপ থাকলে হতাশ হয়ে পড়ি, ভালো লাগল কি না জানিও প্লিজ",Positive
খুব  খুব  খুব ভালো লেগেছে। এই ছবিটি,Positive
জীবন আসলে নাটকের চেয়ে বেশি নাটকীয় ।খুব ভালো লাগলো,Positive
শুধু বাবা নয়..  এখানে বন্ধুর ব্যাপারটা অসাধারণ ছিল ️,Positive
সত্যি মন ছুয়ে যাওয়ার মত,Positive
অসম্ভব সুন্দর ছিলো মুভি। অনেক দন্যবাদ আপনাকে,Positive
সত্যি ভগবান চাইলে কি না করতে পারে,Positive
অসাধারণ একটা মুভি কাহিনী।,Positive
"এত্তো এত্তো,,এত্তো সুন্দর হয়ছে গল্পটা,আর আপনার এক্সপ্লেনেশন, বুজানোর ধরণ সব মিলিয়ে অসাধারণ লাগছে মুভিটা।অনেক বেশি ভালো লেগেছে।",Positive
আমার অনেক অনেক ভালো লাগলো ️️️️️,Positive
খুব সুন্দর ভিডিও ভিডিওটি  দেখে মন ভরে গেল,Positive
শেষে চোখে জল এসে গেলো,Positive
খুবই ভালো লেগেছে,Positive
খুব সুন্দর একটা চলচিত্র...,Positive
"বাস্তব জীবন টা এই ছবিটির মধ্য দিয়ে অনুভব করা জায়৷,,ধন্যবাদ আপনাকে,,  জীবন নামক আয়না দেখানোর জন্য",Positive
অসাধারণ সেই সুন্দর বিডিও টি,Positive
খুব সুন্দর  ছবি  টা। শেষ টা দেখে চোখে পানি এসে পরেছে,Positive
সত্যিই ভিডিও টা অনেক বেশি ভালো লেগেছে,Positive
সত্যি অসাধারণ একটি মুভি,Positive
অসাধারণ খুব ভালো লাগছে এগিয়ে যাও বহুদুর শুভকামনা রইলো আপনার জন্য,Positive
চোখে জল চলে আসল সত‍্যি অসাধারণ,Positive
সত্যিই শেষটা অন্যরকম ছিলোএটা বাস্তবের সাথে অনেক মিল আছে,Positive
প্রথম কথা শুনে ভেবেছিলাম এত সহজ চোখে জল আসা। কিন্তু সত্যি ই শেষে কেঁদে ফেললাম,Positive
গল্পটা মাশাল্লাহ অনেক অনেক অনেক অনেক সুন্দর,Positive
সত্যি সিনেমার কাহিনী শুনে কান্না করে দিলাম ️,Positive
খুবই ভাল,Positive
অনেক টাই ভালো লাগলো ভিডিও টা চোখে জল চলে আসলো,Positive
খুব সুন্দর মুভিটা,Positive
অনেক সুন্দর হয়েছে,Positive
শেষটুকু তে চোখে পানি চলে এসেছে গল্পটা খুব সুন্দর,Positive
শেষ টা দেখে চোখের পানি চলে আসলো,Positive
আসাধারণ,Positive
সুন্দর করে উপস্থাপন করার জন্য ধন্যবাদ আপনাকে,Positive
মাশাললাহ খুবেই সুন্দৱ মুভি,Positive
গল্প টি শুনতে গিয়ে কখন যেন চোখের কোনে এক ফোটা পানি গোড়িয়ে পড়লো বুঝতেই পারলাম না,Positive
"স্যতি মুভিটা খুব ভালো লেগেছে  টাতো অসম্ভাব সুন্দর হয়েছে,,,",Positive
ভালো লাগছে খুব,Positive
আই লাভ ইউ সুন্দর একটা ভিডিও বানানোর জন্য অনেক অনেক ধন্যবাদ এরকম এরকমটা হলে বেশি ভালো হয়,Positive
ভীষন ভালো লেগেছে,Positive
খুব ভালো লাগছে,Positive
খুব ভালো লাগলো,Positive
"ভিডিও টি আমার অনেক বেশি ভালো লেগেছে,,, সত্যি লাস্টে চোখে পানি আসলো",Positive
অসাধারন,Positive
অনেক সুন্দর,Positive
খুব ভালো লাগলো,Positive
গল্পটা খুবই সুন্দর,Positive
"অনেক সুন্দর মুভি আনন্দে চোখে জল আসলো ,,,, এগিয়ে যান সাপোর্ট করবো ইনশা আল্লাহ",Positive
খুব সুন্দর হয়েছে,Positive
সত্যি আপনার এক্সপ্লেন দেখে শেষ মুহূর্তে আমার ও চোখে জল এলো...️,Positive
শেষ টা চোখে জল এনে দিল,Positive
"কিছু না বলে সত্যি থাকতে পারলাম না, অসাধারণ গল্প টা দারুন",Positive
"অসাধারণ একটা মুভি, সত্যি মনটা ভাল হয়ে গেলো",Positive
"অনেক ভালো লাগল,,ধন্যবাদ",Positive
"ভাই,অনেক এক্সপ্লেনেশন দেখিছি এই মুভিটা নিয়ে,কিন্তু যতবার দেখেছি ততবারই শেষ মূহুর্তে কেঁদেছি। অসাধারণ। আমিও একজন বাবা।",Positive
ভাই গল্পটা তুলনাহীন যদি কেউ মনোযোগ দিয়ে শুনে তাইলে তার চোখে পানি চলে আসবে,Positive
অসাধারণ চমৎকার একটি ছবি। ধন্যবাদ বর্ণনাকারিকে তাঁর বর্ণনার জন্য।,Positive
টা সত্যি অসাধারণ ছিল,Positive
সত্যি অসাধারণ,Positive
এককথায় অসাধারণ,Positive
খুব সুন্দৱ ভিডিও...,Positive
খুব  সুন্দর গল্প,Positive
খুব খুব সুন্দর মুভিটা।,Positive
অনেক  ভালো  লাগছে,Positive
সত্যিই খুব কষ্টকর মুভি মুভিটার গল্প গুলো দেখে চোখে জল চলে আসলো ️,Positive
ধন্যবাদ এমন মুভির গল্প দেখানোর জন্য,Positive
সত্যিই খুব খুব লেগেছে,Positive
শেষে চোখে পানি চলে আসল,Positive
অসাধারণ লাগছিল,Positive
শেষে চোখ দিয়ে পানি আসেছেছিল,Positive
"প্রতিটা মেয়েই চায় তার ভালোর মানুষের কাছে থেকে, একটু সম্মান ও ভালোবাসা",Positive
অসাধারণ লাগলো মুভিটা। খুবই সুন্দর একটা মুভি।,Positive
সত্যি মুভিটা খুব ভালো। আমার মনে হয় প্রত্যেকটা ছেলে ও মেয়েকে এই মুভিটা দেখা উচিত। আর আমার সবথেকে মুভিটায় যে জিনিস টা ভালো লেগেছে সেটা হলো মনির বন্ধু অমিত। এরকম বন্ধু পাওয়া ভাগ্যের ব্যাপার,Positive
কি বোলবো বুঝতে পারছিনা আপনার কন্ঠ টা  অসাধারণ,Positive
চোখে জল চলে আসল,Positive
গল্পটা অনেক সুন্দর ️️,Positive
খুব সুন্দর অভিনয় ছিল।,Positive
ঠিক। চোখে পানি চলে আসলো,Positive
আপনার  খুব সুন্দর ...,Positive
খুব সুন্দর,Positive
বাহ ভাই বাহ অনেক সুন্দর হয়েছে,Positive
অনেক সুন্দর হইছে,Positive
সত্যিই আপনার  টা জাস্ট অসাধারণ। - (--)️️️️,Positive
কি বলে মনের ভাষা প্রকাশ করব বুঝে পাচ্ছি না !!! এক কথায় অসাধারণ️।  গল্পটি শুনে আমি সত্যিই কান্না পেয়ে যায়।,Positive
খুব সুন্দর,Positive
শোনেন যতোয় কষ্ট হক না কেনো কিন্তু কেউ কারো ভালোবাসার মানুষ কে কখনোই ছাড়বেনা আচ্ছা,Positive
"আপনার কথা গুলো দিয়ে আরও সুন্দর করে তুলেছেন, ভালো লাগলো",Positive
ভাইয়া সত্যি মুভিটা খুবই সুন্দর    মনটা ছুঁয়ে গেল!,Positive
শেষ টা দেখে চোখে পানি চলে আসছে,Positive
️ অসাধারণ সুন্দর অতি সুন্দর একটি গল্প নিয়ে ব্লকটি করেছেন সত্যিই আপনি প্রশংসার যোগ্যতার অসংখ্য ধন্যবাদ এই ধরনের আরো সুন্দর সুন্দর ফ্যামিলি ভিত্তিক ব্লক চাই আপনার মাধ্যমে,Positive
"অনেক সুন্দর হয়ছে ভিডিও টা এভাবে বুঝানো জন্য,  ধন্যবাদ ব্রো",Positive
সত্যি খুব খুব ভালো একটা গল্প এইটা।অনেক৷ ইমোশনাল।মনে দাগ কাটা একটা    . টা করেই দিলাম,Positive
চোখ দিয়ে কিভাবে পানি পরছিল বুঝতে পারলাম। কিছু কিছু গল্প বাস্তব জীবনকে হার মানায়।,Positive
খুব সুন্দর হয়েছে,Positive
অনেক অনেক অনেক ভালো লেগেছে,Positive
সত্য  খুব সুন্দর একটা  কাহিনি,Positive
খুব ভালো লাগলো  টা,Positive
সত্যি কি বলবো অনেক সুন্দর স্টোরি বুকে লাগছে,Positive
আমার চোখের জল আর থামল না ভিডিওটার গল্প দেখে,Positive
কান্না চলে আসছে,Positive
শেষ মূহুর্তে কাঁদতে হলো,Positive
সত্যিই খুবই সুন্দর গল্পটা,Positive
আমি অসাধারণ বলব না মুভিটি বর্তমানের সাথে অনেকাংশেই মিল আছে।  ভালোবাসা সুন্দর,Positive
এই মুভিটা দেখে সত্যিই আমি নিজেও চোখের পানি ধরে রাখতে পারিনি,Positive
খুব সুন্দর লাগলো,Positive
অসাধারন সিনেমা,Positive
খুব সুন্দর,Positive
অনেক অনেক সুন্দর হইছে গল্পটা সত্যি অসাধারণ একটা গল্প?  চোখে পানি চলে আসলো?,Positive
সত্যি খুব ভালো লাগলো ভিডিওটা,Positive
"২৮ মিনিটে মুভি টা দেখে হয়ে গেছে আর দেখতে হবে না, টিকটক থেকে এই মুভির শুট দেখে আসলাম মুভি টা দেখবো বলে, আপনার ভিডিও টা দেখে আর মুভি দেখতে হবে না, সেই লেভেলের একটা মুভি 🇧🇩🇧🇩",Positive
অসাধারণ একটা মুভি আমি কতবার দেখেছি আমি নিজেই ভুলেগেছি,Positive
অনেক সুন্দর,Positive
খুব খুব খুব সুন্দর হয়েছে,Positive
মুভি শুনে চকের পানি চলে আসলো,Positive
কাদা লাগেনা চোখে পানি এমনি চলে আসে।,Positive
"মুভিটা অনেক ভালো লাগলো,",Positive
আমার চোখের পানি আসল,Positive
খুব ভালো,Positive
আসলে গল্প টা অনেক সুন্দর ছিল,Positive
"একদম মুছে যাওয়ার মতন একটা মুভি কমেন্ট করেছে,, খুব ভালো লাগলো",Positive
আমার  জীবন  সাথে  অনেক টা মিল,Positive
খুব ভালো গল্প,Positive
নাইস,Positive
অনেক সুন্দর,Positive
"বন্ধুর কথা গুলো অসাধারণ ছিলো,,,,,",Positive
"পুরাটা শুনার পর সত্যি চোখে জল চলে এসেছে ৷শুধু এটা নয়,যেকোন আবেগময় কাল্পনিক গল্প বা বাস্তব ঘটনা শুনলে বা দেখলে আমার ভিতর থেকে একেবারে দুমড়ে মোছড়ে ভেঙ্গে কান্নালআসে, ! এটা আমার কেন হয়? কোন ধরনের সমস্যা এইটা আমার?",Positive
মুভির মতো যদি জিবনের ষেস টা এতো সুন্দর  হতো,Positive
খুব সুন্দর গল্প,Positive
সত্যি মুভিটা খুব খুব সুন্দর ️️️,Positive
চুখে পানি চলে আসলও,Positive
অসাধারণ,Positive
খুব সুন্দর একটা মুভি,Positive
সত্যি অনেক সুন্দর হইছে,Positive
পাশে আছি পাশে থাকবেন দোয়া করি এগিয়ে যান,Positive
নাইচ,Positive
আমার দেখা  সেরা মোভি  আমি দেখছি  ময়মনসিংহ গফরগাঁও থেকে,Positive
এখানে আমি মনির বন্ধুটাকে অনেক ধন্যবাদ দিবো কারণ বন্ধুর খারাপ সময়ে কেউ পাশে ছিলো না এই বন্ধু তাকে সব দিক থেকে সাহায্যে করে,Positive
বুঝলাম ভাই ধন্যবাদ,Positive
শেষ সিনটা খুব ইমোশনাল,Positive
খুব ভালোলাগলো গল্পটা।,Positive
এই ছবি টা  মন ছুয়ে  গেছে,Positive
আপনার চ্যানেলে প্রথম ভিডিও দেখছি। আপনার মুভি এস্কপ্লেইন দুর্দান্ত হয়েছে।তাই চ্যানেলটা সাবস্ক্রাইব করেই ফেললাম। লাভ ইই দাদা বাংলাদেশ🇧🇩🇧🇩 থেকে,Positive
খুব ভালো লাগলো,Positive
মুভিটা সত্যিই খুব সুন্দর,Positive
সত্যি চোঁখের হার্ট অ্যাটাক স্টোরি,Positive
মোবিটা দেখে আমারও আনন্দে কান্না পেল,Positive
বস আমি বাংলাদেশ থেকে দেখছি  তোমার দেওয় ভিডিওর জুড়ি নাই,Positive
খুবই সুন্দর,Positive
মুভির সেসে নিজের অজান্তে চোখের কোনে পানি চলে এসেছিল,Positive
মুভিটার শেষটা আসলেই অনেক কষ্টের ছিল কিন্তু প্রথমে বাচ্চাটাকে রেখে চলে যাওয়াতে মেয়েটার উপর অনেক রাগ হয়ে ছিলাম পরবর্তীতে যখন সত্যটা জানতে পারলাম  অনেক আনন্দ লাগতেছে না,Positive
ভাইয়া ঠিক বলেছেন আমার রাগ উটলে আমি ও এরকম করি,Positive
"কিছু কিছু পরিবার, পরিবার নামক পবিত্র শব্দটির কলঙ্কই হয়ে থাকে.........  আর তার জন্য  করে কিছু নির্দোষ মানুষ।",Positive
তিন বার দেখলাম এই মুভি,Positive
বাসতোবে সেই সব কিছু হয়,Positive
সত্যি চখের পানি আটকে রাখতে পারিনি কি বলব এত বালো লেগেচে গল্প টা বলে বুজাতে পারবনা সত্যি,Positive
এই মুভিটার লাস্টের দিকে চোখে জল এসে।।।।।।।,Positive
কাহিনিটা অনেক  সুন্দর,Positive
আপনি যদি  মুভি এক্সপ্লেইন তাহলে সবাই দেকবে আমাদের দেশের অনেক  আছে জারা  মুভি এক্সপ্লেইন করে অনেক বড়   চ্যানেলের মালিক হয়েছে শুভ কামনা রইল এগিয়ে যান আমরা আপনার পাশে আছি,Positive
আওয়াজ না করে কেঁদে ফেলেছি,Positive
"এই ভিডিও লিংক টা আমার গার্লফ্রেন্ড পাঠিয়েছি, সেজন্য আমি দেখলাম, সত্যি খুব ভালো লাগলো",Positive
অসাধারণ... এইটা দেখেই  টা  করে নিলাম...রাতে দেখবো️আর ছেলেটাকে চুল কাটার পর আরো  লাগছে...,Positive
গল্পটা অনেক সুন্দর,Positive
ভাইয়া মেয়েটিকে যখন তার বয়ফ্রেন্ড পেট নেড়ে দিচ্ছিল তখন কি মেয়েটা আসলেই প্রেগন্যান্ট ছিল,Negative
কঠিন গল্প,Positive
বারবার লাইক দেওয়া  গেলে  আমি ১০০ বিলিয়ন লাইক দিতাম,Positive
প্রতিশোধের ব্যপারটা থাকলে আরো ভাল হত।,Positive
সবাই তো অনেক কিছু লিখলো কিন্তু আমি কি লিখব খুঁজে পাচ্ছি না সত্যি অনেক সুন্দর হয়েছে গল্পটা,Positive
ভাইয়ে মুভিটার নাম কি প্লিজ  বলবেন,Positive
শেষের সিনটা ভালো ছিলো।,Positive
কেঁদে ফেলেছি,Positive
শ্রাবন ভাই পাইছি,Positive
যদি ও মুভিটা আগে দেখেছি  তবু আবার...........?,Positive
"আপনার  টা খুব ভারী, ভূতের গল্পে হেব্বি মানাবে",Negative
একটা কেবল জন্ম নেওয়া ছোট বাচ্চাকে বড় করা অনেক কস্টের তাও যদি হয় সিংাল বাবা। সিনেমার কাহিনি খুব সুন্দর ভালো লাগার মত। জীবন অনেক বিচিত্র ময়  কখন কোন সামান্য কারনে ওলট পালট হয়ে যায় ভাবাই মুশকিল। তবে একটা জিনিস ক্লিয়ার মানুষের  রাগ নিয়ত্রন করা উচিত।,Positive
অনেক সুন্দর কাহিনি,Positive
ছবিটা কবে রিলিজ হবে কিভাবে দেখব,Positive
অসাধারণ মুভি খুব ভালো লাগলো থ্যাঙ্ক ইউ আপনাকে,Positive
ফুল মুভি দেখবো কি ভাবে কেউ বলবেন,Positive
এমন মুভিতে অস্কার ডিজার্ভ করে,Positive
"দাদা মুভিটা কি দেখার জন্য একটু সুযোগ করে দেওয়া যায় ,, লিংকটা দিলে একটু ভালো দাদা",Positive
কাদিয়ে ছারলেন ত,Positive
দাদা না ভাই  ঐ টা ড্যাডা হবে  মানে বাবা!!,Negative
উচ্চরন টা দাদা না ড্যাড্যা হবে।,Negative
আমি জানি এই ভিডিওতে সবচাইতে বেশি লাইক দিয়েছে বা দিবে যে মা বাবা দেখছে সাধারণত আমি,Positive
"থাম্বেলে যা লিখেছেন,,,,আপনি বোধ প্রেম করেন নি,,, না আপনার নাই",Negative
সত্যি ভিডিওটা অসাধারণ হয়েছে। আমি এই মুভিটা সম্পূর্ণ দেখতে চাই । দয়াকরে মুভিটার নাম বলুন,Positive
মুভির লিংক বা মুভিটি যদি কারো কাছে থাকে  একটু শেয়ার করবেন ।,Positive
২০০৭ সাল থেকে মুভিটা ৩০---৪০ বার দেখেছি। কিছুটা বুঝেছি সব সময়।   আজকে এতো সুন্দর ভাবে বুঝতে পারলাম অসংখ্য ধন্যবাদ আপনাকে এভাবেই আরো সাহরুখ খান এর সব মুভির বাংলা ফ্যাক্ট চাই,Positive
শাহরুখ খান আমার প্রিয় নায়ক,Positive
মন ছুয়ে গেছে কাহিনী টা শুনে। ফুল মুভিটা দিবেন প্লিজ,Positive
মন ছুয়ে জাওয়া মুভি টা অনেক ভালো লাগলো,Positive
"শুধু শাহরুখ খানের মুভির,,,,,,             জন্য এই ভিডিওটা দেখতেছি                       অনেক সুন্দর হয়েছে ভাইয়া,,,,",Positive
ভালো লাগলো ধন্যবাদ ভাই,Positive
অনেক ভালো লাগলো ধন্যবাদ,Positive
মনে পড়ে গেল সেই ক্লাস ৪ এর শেষের দিনের কথা।।।,Positive
খুব ভালো লাগলো ধন্যবাদ ভাইয়া,Positive
দিপিকা আমার লাভ ইউ️️️,Positive
অনেক সুন্দর হয়েছে,Positive
এটাও কি কোনো সাউথ মুভির  নাকি ভাইয়া,Positive
ফ্যাশান মুভিটার এক্সপ্লেইন্ড দিলে খুশি হব,Positive
এই ছবি আমাকে ভিষণ ভালবাসে.....,Positive
"অনেক শর্ট করে ফেললেন না,,,,,,,?",Negative
হাসি কখনো এটা বুঝায় না যে আপনি সুখী️  হাসি বুঝায় আপনি শক্ত..!!,Positive
"রহস্য ততোটাই গভীর ছিলো যতোটুকু গভীর হলে কোনো কারণ ছাড়াই কাউকে মনেপড়ে আর এই অনুভূতিতে এতো দূরে যেতে হবে হারিয়ে গেলে ফিরে আসা কঠিন,, সেই কঠিন কে মেনে নিলে হারানো খুব সহজ!",Negative
কারা কারা আলামিন  ভাইকে মন থেকে ভালো বাসো️️,Positive
"সফলতা হাসিটা না হয় একটু দেরিতেই হাসলাম তবে আমিও একদিন সফল হবো ইনশাআল্লাহ।,,,,",Positive
যে হারানোর ভয়ে কেঁদেছিল আমি তাকেও হারিয়ে যেতে দেখেছি,Positive
ভাই অসাধারণ একটা স্টোরি,Positive
আমি মনে করি ভালোবাসা মানে যত ঝগড়া ততো ভালোবাসা,Positive
"সফলতা কাউকে বলে আসেনা আমিও একদিন সফলতা পাবো ইনশাআল্লাহ।,,,,",Positive
"মুভি টা দেখে কেমন জানো লাগছে,,, সত্যিই ভালো বাসার মানুষ অন্য কারো সাথে দেখলে রাগ হয়,,, কি করে ভালবাসার মানুষকে ছাড়া থাকা যায়  ️️️️️",Positive
সম্পর্ক পুরনো হলে তার মধ্যে হয়তো অনেক মিষ্টতা কমে যায় কিন্তু সেটার টিকিয়ে রাখা কর্তব্য,Positive
"680 জন সদস্য নিয়ে অনেক খুশি আছি। ইনশাআল্লাহ আমিও একদিন আপনাদের দোয়ায় সফল হবো।,,,",Positive
আলামিন ভাইয়ের রেগুলার ফ্রেন্ড গুলো দেখতে চাই যারা সবসময় ভিডিওর অপেক্ষায় থাকে  ️️,Positive
"অনেক,সুন্দর ছিলো ড্রামাটা",Positive
কার কার মা বাবা বেচেঁ আছে ️️️,Positive
অসাধারন ছিল,Positive
আজকের  শুনে মনে হচ্ছে সেই তিন বছর আগের  কথা বলছেন,Positive
ভাইয়া আপনার কথা শুনে আমি পুরোই শিহরিত হয়ে গেছি,Positive
থাকলে কেউ মূল্য দেয়না চলে গেলে বুক ভাসায়।,Positive
এই যে পুরোনো হয়ে গেলে সব জিনিস এ মরিচা পরে আর হা ভালোবাসাতে ও,Positive
কবিতাটা সেই ছিল,Positive
"স্বাধীনতা অর্জনের চেয়ে রক্ষা করা কঠিন, তবে আজব বিষয় হলো আলহামদুলিল্লাহ্‌ হুজুররা এত বছর হলো বিয়ে করে কিভাবে জীবন পর্যন্ত বউকে বা স্বামী ভক্ত থাকে।যেখানে এসময় ৫ থেকে ৭ বছর যেতে না যেতে সম্পর্ক খুব পুরাতন ও ফাটল ধরে দেখিও জানি",Positive
"আমার মত কে কে আছো, ডনলির মুভি বেশি পছন্দ করো ?  আমাদের সবার রিকোয়েস্ট আল আমিন ভাইয়ের কাছে,️ বেশি বেশি  ডনলির মুভি আনার জন্য",Positive
অনেক হাসি পাইলো অনেক মজা পাইলাম ভালো লাগছে লাস্টে আল আমিন ভাই  মুভির ব্যাখ্যাটা অনেক ভালো হয়েছে,Positive
আল আমিন ভাই নাইস  হিস্টোরি  আল আমিন ভাই  সত্যি বলতে  হিস্টোরিটা দেখে  পুরা ইমোশনাল হয়ে গেছে,Positive
"এক কথায় বলতে গেলে, কাছে থাকলে কামড়াই-দুরে গেলে চিল্লাই",Positive
ভালবাসার আরেক নাম আলামিন ভাই,Positive
বউয়ের ঢংয়ের জন্যই এমন হয়েছে কেননা বাস্তবতার ক্ষেত্রে ভালোবাসা কমে যাবে এটাই স্বাভাবিক!,Positive
সেই ভাই,Positive
"কাছে থাকতে কোনো বিষয়ের মুল্য বুঝা যায় না,,,,,দুরে গেলেই সেটা মুল্যবান হয়,,,,,,,",Positive
আলামিন ভাইর ভিডিও গুলো অনেক ভালো লাগে,Positive
100 জন হিন্দু দেখতে চাই,Positive
কিছু দিন পর থেকে আমিও আমার হাজবেন্ড কে মিস করবো ইনশাআল্লাহ। কারন সেও আমার থেকে অনেক দূরে চলে যাবে,Positive
ভাই এটা ইন্ডিয়ান ছবি (হাই সিনামিকা)  সেম এটার মতন (দুলকার সালমান; কাজল আজ্ঞারওয়াল অদিতি রাও হায়দারি) এরা ছিল অভিনয়ে,Positive
ভাইয়া কবিতা টি ভালো ছিলো,Positive
ভাই সেরা,Positive
আল আমিন ভাই আপনার সময় কি খারাপ যাচ্ছে নাকি ইদানিং ভিডিওতে ক্লান্ত দেখাচ্ছে কথা বাড়ি মনে হয় আপনি টেনশনে আছেন ️,Negative
কোরিয়ান  গুলা সেই হয় ভাই,Positive
"যেটা বুঝলাম তা হলো সমস্ত বিষয়ে ধর্য্য ধরা উচিত। আর দু-জন মিমাংসা করা উচিত।    আমি এমনি একটা রোমান্টিক প্রেমের মুভি চেয়েছিলাম,মাঝে মাঝে এমন মুভি দেবেন প্লিজ,আমার ভালো লাগলো",Positive
অনেক ফানি,Positive
আস সবাই হাতে আবারো বাঁশ নিই রেনডম এনিমে চেনেলের জনো,Negative
কি বলব আমার হিংশায় জলে ফেটে গিয়েছে,Negative
আমি শিখলাম যে কোন সময় রাশিয়া ইউক্রেন যুদ্ধ খেলতে হয়,Negative
অনেক দিন পরে ভালো একটা মুভি দেখলাম,Positive
মুভিটা  করবেন ভাই,Positive
এই মুভিটা ইন্ডিয়ান রিমেক দেখছি কিন্তু নায়িকার যায়গা নায়ক ছিল দোলাকার সালমান । আর সানকির যায়গা কাজল  আগরওয়াল,Negative
সানকি লাস্টে এক ছেরিরে কিছ করছে,Negative
আলামিন ভাই   এই মুভিটা    করেন ভাই  প্লিজ প্লিজ প্লিজ  ভাই আপনার 🫵মুখ থেকে এই মুভিটার  দেখতে চাই প্লিজ ভাই প্লিজ প্লিজ,Positive
মুবি এঞ্জয় করার ছেয়ে  বেশি ফিল করেছি,Positive
আমার আজকের দিনটা অনেক খারাপ ছিল আমার 150k সাবস্ক্রাইবার এর চ্যানেল ডিলেট হয়ে গেছে,Positive
এই মুভিটি আসুক কে কে চাউ  আমার মতো কে কে এই মুভিটি দেখার পর ও আল-আমিন ভাই এর মুখে এক্সপ্লেন দেখতে চায়,Positive
যায় হয়ে  যাক না কেন প্রিায়  মানুষ টা সাথে   থাকতে হবে ভালো সময় হক আর খারাপ সময় হক তার  সেই টু সময় পাওয়া যায়   দুইজন  দুজোনার   কনো কিছু কুমতি না রেখে ভালো বাসতে হবে আর মৃত কথা প্রিয়  মানুষের সময় দিয়া দরকার,Positive
"আলামিন ভাই, বাবি তল এমন করে না আবার",Positive
তাকে বুঝাতে পারি নি আমি,Positive
আলামিন ভাইয়া আমি আপনার এমন একটি ভিডিও নেই সেটা দেখিনি তারপরও মাঝে মাঝে মনে হয় আমি আপনার ভিডিও দেখব না এর কারণ হচ্ছে কারণ হচ্ছে আপনি মুভির নামটা শুধু মুখে বলে দেন আপনি উপরে তো লিখে দিতে পারেন মুভির নামটা অন্যরা যেমন করে দেয় তাহলে আপনার এক্সপ্রেশন দেখে ভালো লাগলে আমরা তো মুভিটা নামিয়ে দেখতে  পারি আশা করি আপনি এবার থেকে মুভির নামটা দিয়ে দিবেন কমেন্টে উত্তর দিয়ে যাবেন,Positive
", পুর মবি দেখে জা শিখলাম তা হল,ভউ বার বাতারি হুওয়াত শামির অ অনেক দশ তাকে, আর আমাদে কে রেলেশনশিপ বাছাতে হলে,আমাদের  কে শময় আর ভালভাস দেওয়া উছিত।",Negative
ভাই আর কি বলবো। আমি তো এখনো বিয়ের করে নি,Negative
আশা করি আমার কমেন্ট ও একদিন ভাইরাল হবে,Positive
ভাইয়া এই মুভিটা অনেক আগে একবার এক্সপ্লেইন করেছিলেন।,Positive
হ্যালো ভাইয়া আমি তোমার পুরাডি ভিডিও দেখি।,Positive
এমনই গল্পের একটা মুভি সাউথের নায়িকা কাজল আগারওয়াল এর ও আছে,Positive
ভাই কেমন আছো,Positive
আলামিন ভাই এই মুভিতো দুলকার সালমান এর হেই সিনামিকা মুভির কাহিনি,Positive
"নামে একটা কুরিয়ান মুভি আছে এই মুভিটা ডন লির , এই মুভির এক্সপ্লেন ভিডিও বানান।",Positive
কুরিয়ান না পারেও জটিল জটিল হিস্ট্রি সুন্দর করে তুলে দরতে,Positive
এই মুহূর্তে একটা জিনিস শিখলাম ভাই ঠিকমতো বউ রে সময় দিবেন আর ইউক্রেন আর রাশিয়ার যুদ্ধ করবেন ঠিক মতো তাই ওকে,Positive
নিয়ে আর ভিডিও আসছে না কেনো,Positive
কারা কারা ভালো আছে,Positive
সেই ছিলোক,Positive
তাড়াতাড়ি কমেন্ট করি বেশি বেশি লাইক পাবো,Positive
আকাশী রঙে প্রিয়তমাকে আকাশের মতো স্নিগ্ধ লাগে?? 🥹 .,Positive
সেইম একটা সাউথ মুভি দেখছি সেখানে স্বামীর জায়গায় বউ থাকে বউয়ের জায়গায় স্বামী,Positive
সিনেমায় ওনেক যুদ্ধ যুদ্ধ খেলা দেখালম আসলে প্রিয় আলামিন ভাই আমার কোরিয়ান যুদ্ধ গুলো অনেক ভালো লাগে এই যুদ্ধ টা আমি সরা সারি দেখতে চাই তাই সিনেমাটা কি ভাবে দেখবো কেও জানলে প্লিজ বলো ভাই,Positive
আলামিন্দ্রনাথ ভাই,Positive
প্লিজ ভাই   এই অ্যানিমেশন মুভিটা অনেক ভালো  অস্থির মুভি প্লিজ ভাই প্লিজ,Positive
আলামিন ভাই এটা  ’ মুভির কপি নাম  !,Positive
ভাই আপনাকে সব ভিডিওতে স্পনসর এড়িয়ে যাওয়ার বিষয়ে কথা বলতে হবে না,Positive
আমরা নিজেরাই এটি এড়িয়ে যাব,Positive
কার কার। আলামিন ভাই এর? ভিডিও ভালো লাগে? ...,Positive
11:37 ভাই আমার কিন্তু বিয়ে করতে বয় করছে,Positive
কারা কারা আলামিন  ভাইকে মন থেকে ভালো বাসো️️,Positive
এই মুহূর্তে একটা জিনিস শিখলাম ভাই ঠিকমতো বউ রে সময় দিবেন আর ইউক্রেন আর রাশিয়ার যুদ্ধ করবেন ঠিক মতো তাই ওকে,Positive
কারা কারা আলামিন  ভাইকে মন থেকে ভালো বাসো️️,Positive
এরকম একটা বউ দরকার,Positive
এই মুহূর্তে একটা জিনিস শিখলাম ভাই ঠিকমতো বউ রে সময় দিবেন আর ইউক্রেন আর রাশিয়ার যুদ্ধ করবেন ঠিক মতো তাই ওকে,Positive
ভাই আমি একটা ভিডিও আপলোড দিছি ওইটা একটু আপনাদের দেখলে  ভালো হতো আর কি,Positive
শ থেকে খ,Positive
কে কে মা বাবাকে ভালোবাসি,Positive
অ্যাভেঞ্জার এর ভিডিও ছাড়বেন,Positive
ডাউনলোড দিয়ে রাখলাম রাতে দেখব,Positive
আলামিন  ভাই  আপনার বাড়ি কি বাংলা দেশ কোথায় ভাই  একটু জদি বলেন,Positive
"এটা প্লিজ এক্সপ্লেইন করুন,প্লিজ প্লিজ",Positive
একটা মেয়ে মানুষ যতই পাগল হয় না কেন পাগলামি করুক ছেলেদের ভালো লাগে যাতে ছেলেদের মাথায় থাকি টেনশন হয় যে আমার বউ এটা করব ওইটা করবো একটা ছেলে যতই খারাপ ব্যবহার করুন কোন টেনশন আছে তার বউ অন্য কোথাও চলে যাক আমার কাছে তো এরকম পাগল ভালো লাগে সবাইকে বলব বরযাত্রী পাগলামি করুক কোনদিন খারাপ ব্যবহার করবে না আর মেয়েদেরকেও বলছি স্বামীর সাথে খারাপ ব্যবহার করবা,Positive
একদল ছাগলে এসে বলবে  তারাতারি কমেন্ট করি লাইক পাবো,Negative
ভাই হরর মুভি  করেন,Positive
":    এটা এক্সপ্লেনিসন করেন ভাইয়া,,,,, প্লিজ প্লিজ প্লিজ 🥹",Positive
"বড় ভাই তোমাকে আমি ফ্রী ফায়ার এর ভিডিও বানাতে দেখছি,,,,, বিটুকে বি এন এল হোয়াইট ট্রিপল ফোর এই সমস্ত লিজেন্ডদের ভিডিওতে তুমি রিএকশন দিতে,,, অনেক কাস্টম ম্যাচে গিভ ওয়ে করতে।  , এখন এই সমস্ত ছেড়ে দিচ্ছ কেন,",Positive
সবার আগে  দেকছি,Positive
আমি ছেইম মুভি দেখে সি ৷,Positive
এইটা ত হিন্দি একটা মুভির কাহিনি,Positive
এটা আবার কেমন জামাই,Negative
এসব এড না দিলে কি হয় ভাই আমি বিরক্ত,Negative
মেয়ে মানুষ আর ভালো লাগেনা,Negative
"ভালো তো লাগে নাই আর তোকে ইচ্ছে মতো গালি দিতে ইচ্ছে করছে,এটা কোনো মুভি হইলো , সংসারে অশান্তির মুভি",Negative
ভয় পাবেন না ছ থেকে খ হলে খাসি হবে,Negative
আপনার বিরক্ত লাগলে ভাবিরে আমার কাছে দিয়েন,Negative
আমি ত্রিপুরা থেকে দেখছি খুব ভালো লেগেছে এই মুভি,Positive
"আলহামদুলিল্লাহ, আল্লাহ ভালো রেখেছেন, তবে বাবাকে গাভীর দুধ খাওয়ানোর বিলের যে ভুল বুজানোর বিষয়, বলতে পারলাম না।",Positive
এই সব কিছু এক মাত্র মুভিতেই সম্ভব,Positive
এসব রিয়েল লাইফে হওয়া যায় না।,Negative
থ্যাংক ইউ দাদা এই রকম একটা ভালো মুভি  করার জন্য,Positive
মুভির নাম কি,Positive
কুকুরের ঘেউ ঘেউ টা আমার অনেক হাসি পেয়েছে যাইহোক একবাটিস বলে কথা,Positive
অসাধারণ,Positive
বাবা,Positive
কে শাহাআলম,Positive
গল্পটি ভালো লেগেছে মুভিতেই সম্ভব বাস্তবে না,Positive
খুব ভালো লাগলো চোখে জল এসে গেল,Positive
অনেক অনেক সুন্দর ছিল,Positive
"অনেক ভালো, আসলে বাবা যা জীবনে নাই সে বোঝে",Positive
.       চাই ভাইয়া প্রিজ প্রিজ প্রিজ,Positive
বাবা থাকলে আজ আমরাও এভাবে অনেক আনন্দে মারা মারি করে বাচতে পারতাম,Positive
ভাগ্যে মহান আল্লাহ তায়ালা না রাখলে ২৪ ঘন্টা পরিশ্রম করলেও কিছু হবে না। তবে চেষ্টা করা দোষণীয় নয়,Positive
অসাধারণ,Positive
ভাই মুভিটার নাম বলবি নামটাও বলতে হয় মুভি এক্সপ্লেইন দিলে হয় না শুধু ভালো করে নামটা মনে করে বল,Positive
বাবাতেই শক্তি,Positive
অসাধারণ,Positive
খুব সুন্দর মুভিটা,Positive
- সেজদা দেওয়ার সময় বান্দা আল্লাহর সব থেকে কাছে চলে যায়.!  - সুবহানাল্লাহ.!️,Positive
হিন্দি ভার্সন লাগলে ম্যাসেজ করুন,Positive
বাবা থাকলে মহা সামুদ্র পাড়ি দেওয়া যায়,Positive
এটা হিন্দি বাংলা সিনেমা মেলে বস্তবে মিলেনা...২৫ লক্ষ টাকা নষ্ট আমার,Positive
এটার কি হিন্দি বা বাংলা ভার্সন হবে??,Positive
অসাধারণ মুভিটা,Positive
অসাধারণ একটি মুভি,Positive
অপ্রত্যাশিত মোচড়! শেষ মুহূর্ত পর্যন্ত একটি উত্তেজনাপূর্ণ রহস্য! | একটি রহস্যময় কোরিয়ান ড্রামা মুভি। মুভির রিক্যাপ দেখতে লিঙ্কে ক্লিক করুন => ://./4epINFckq3E,Positive
পৃথিবীতে সাকশেস বলতে কিছু নাই। যেখানে কেহ যানেনা কাল কি হবে।,Positive
আমার মুভিটা চাই,Positive
মুভি নাম,Positive
সুন্দর,Positive
সত্যি অসাধারণ একটি মুভি🇧🇩,Positive
এসব ছবিতেই হয় বাস্তবে হয় না। আনন্দ দেয়ার জন্য ধন্য বাদ ।,Positive
সেই ছোট থেকে বাবার টাকায় সব কিছু করছি।ব্যাবসা করেও কিছু হচ্ছে না।এখন ১৭লক্ষ টাকা খরচ করে ইতালি আসছি। এখানে যদি ভাগ্য বদলায়।,Positive
দুলকর সালমান,Positive
চেষ্টা মানুষ কে অনেক দূর নিয়ে যায়,Positive
খুব ভালো লাগলো ধন্যবাদ আপনাকে,Positive
ব্যবসা সবার জন্য নাহ!  না বুঝে ব্যাবসা করলে ১০০ কোটি টাকা পুঁজি নিয়ে ব্যাবসা করলেও কোনো লাভ নাই তুমি লস এ পরবে এটাই সাভাবিক,Negative
কে রে তুই বাড়া,Negative
বাড়ার বাল,Negative
সিনেমার নাম ভিডিও তে মেনশন করবা,Positive
মিউজিক হারাম। আপনার মিউজিক যারা শুনছে তাদেরও গুনাহ হচ্ছে আর আপনারও গুনাহ হচ্ছে।তাই দয়া করে মিউজিক বাদ দিন,Negative
"পর্দা ফরজ।হে ভাই হে বোন পর্দা কেন কর না তুমি কি বেহেস্ত চাও না যার তুলনা কোনো চোখ যা দেখেনি,কোনো কান যা শুনেনি,কোনো হৃদয় যা অনুভব করেনি।",Positive
এর বাংলা অনুবাদ চাই,Positive
এগুলো সিনেমাতেই সম্ভব।।।।এখন পর্যন্ত ২০/২৫ লক্ষ টাকা নষ্ট করেছি। ২০ হাজার টাকাও জমাতে পারি নি,Negative
অসাধারন একটা গল্প,Positive
পোস্টার দিলেন  মুভির,Positive
খুবই নাইস ছিল গল্পটা,Positive
অসাধারণ গল্প ।অনেক সুন্দর ।খুবই ভালো লেগেছে,Positive
"ভাই আপনার   এক্সপ্রেনশন অনেক সুন্দর লাগছে,, মাশাল্লাহ আপনার বয়স অনেক সুন্দর।",Positive
অনেক ভালো লেগেছে।,Positive
দারুণ ডেলিভারিতে,Positive
বোকাচোদা ছবির নাম থাম্বেলে লিখন চোদাও না কেনো???,Negative
ফালতু,Negative
অসাধারণ এক্সপেরিমেন্ট,Positive
কোটিপতি হতে পারলাম না।,Negative
কথা শুনে ভালো লাগলো,Positive
একদম বাজে এক্সপ্লেইন,Negative
অনেক সুন্দর পোস্ট হয়েছে,Positive
শালা বাটপার,Negative
আপনার কথার সাথে কাজের মিল নেই  তাই আপনার মারে সুদি আমার এমবি খাওয়ার জন্য,Negative
অনেক সুন্দর,Positive
ফালতু,Negative
খুব ভালো।,Positive
সুবহানাল্লাহ বাবার কথা মনে করাইয়ে কান্না আসলে চোখে,Positive
।  সুন্দর কার্টুন,Positive
গাঁদা,Negative
চুতিয়া মুভির নাম কই,Negative
হলায় তো আবাল,Negative
ধুর মিয়া ভুলভাল ভুলভাল থাম্নেল দেন কোন কারণে আবা* ল নাকি,Negative
মোটিভেটেড হলাম! কিন্তু ঘুম আসছে পরে কোটিপতি হয়া যাবে,Negative
এখানে আমার একটা প্রশ্ন হল ভিডিও টাইটেলের সাথে মুভির কোথায় মিল সেটা বলেন? নায়ক ত বিয়াই করে নায় তাহলে সে শশুড়বাড়ী কোথায় পেল আর সে নিজের বাড়ী ছুটাইসে তাহলে দেশের সব চাইতে কুটিপতি হল কিভাবে?,Negative
প্রতিটা মুভির নাম লিখে দেওয়া উচিৎ,Negative
টার নাম কি লিখে দেওয়া যায় না??? সালা আবাল ....,Negative
মুভির নাম দিস না কেন,Negative
এই মুভিটা দেখে আমিও  সফলতা পেয়েছি️️️️️️️️️️️️️️,Negative
এই মুভির সাথে লাষ্ট খুব একটা গল্প টা মিলেনি,Negative
অসাধারণ,Positive
"আমি রিভিউ নিয়মিত দেখি,কিন্তু ২৮-৩০ মিনিটের মধ্যে হলে বেশি দেখি,,এর চেয়ে কম হলে দেখি না,,",Positive
এই মুভি দেখে কে কে কোটিপতি হয়ে গেলেন তারা একটু আওয়াজ দিয়েন।,Positive
জীবন এ অনেক অনেক কষ্ট করতে হবে,Positive
মুভি নাম বলতে না পারলে ভিডিও করা বাদ দে বোকাচোদা,Negative
হৃদয় ছুয়া গল্প,Positive
থিমটা আমার জীবনের সাথে মিলে যায়,Positive
খুব ভালো ছিল ফিনিশিং টা অনেক ভালো হয়েছে,Positive
খুব সুন্দর লেগেছে,Positive
অনেক অনেক পছন্দ সিনেমা,Positive
ভিডিও মেক করেন ঠিক আছে কিন্তু ছবির নামটা অযথা ভুল বলেন কেন,Positive
সিনেমাটা ইউটুবে নেই হিন্দিতে আবার  তে ও নাই,Negative
"চার্লি, উস্তাদ হোটেল,",Negative
ওস্তাদ  হোটেল মুভি দেখে সালমানে ফ্যান হয়েছি,Negative
মাদারচুদ মুভির নাম কই?,Negative
এই মুভিগুলো    খুব সুন্দর মুভি আমার খুব ভালো লাগে,Positive
হালায়  করসে মুভি নাম লেখে দেয় নাই আবাল,Negative
এইটা শুধু মুভিতেই সম্ভব,Positive
অসাধারণ,Positive
মুভির গল্পটা জাস্ট অসাম ছিল কিন্তু ভাই ফিনিশিংটা মোটেও হয় নাই যাই হোক প্রত্যেকটা কাহিনীর পেছনে কোন না কোন কারণ থাকে হয়তোবা এই কাহিনীর পেছনেও ফিনিশিং নিয়ে পরিচালক কোন না  কোন ক্লু ? রেখে দিয়েছে অনেক ধন্যবাদ আপনাকে এমন সুন্দর একটা সিনেমার কাহিনী দেওয়ার জন্য,Positive
"এটা কিছুটা আমার বর্তমানের সাথে মিলে যায়, আমার জন্য দোয়া করবেন সবাই",Positive
সত্যি বলোছিল,Positive
সত্যি ভালো লাগলো,Positive
করে দিয়েছি,Positive
এই সিনেমার নাম হচ্ছে (  ) অসাধারণ সিনেমা।,Positive
মুভি টি অনেক ভালো লাগছিল,Positive
আপনার ভিডিওতে আরো লাইক পড়তো যদি মুভির নাম লিখতেন এই মুভিটা আমিও দেখছি দুলকার সালমানের বড় ভক্ত আমি কিন্তু লাইক করতে পারলামনা মুভি নাম না দেওয়ার জন্য আমি চাই সবাই উপভোগ করুক মুভিটি,Positive
"মুবির নাম না বলটা, ফাইজলামি",Negative
এনিমেল থেকে ত ভালোই ছিলো,Positive
এমন বাবা থাকলে পৃথিবী জয় করা যাই।আমার বাপ আমার ভরসাই পাই না,Positive
দারুন,Positive
দুলকার সালমান এর ছবীগুলা অনেক ইন্সপিরেশন মুলক হয়।,Positive
মুভি না বুঝা পাবলিক যখন মুভি নিয়ে কথা বলে। ছাগলের ছাগল,Positive
এক মুভিতে দুজন ফেভারিট হিরোইন,Positive
এর সাথে ছবির    কোনো মিল পাইলাম না।   কি ছিলো আর  ছবি কি ছিলো তোমাকে আর দেখবোইনা ফালতু,Positive
খুব ভালো লাগছে,Positive
"আমার পছন্দের একটা সিনেমা,এই সিনেমা আর 100   . সিনেমা দেখে দুলকার সালমানের ভক্ত হয়ে ছিলাম",Positive
কাহিনী টি অনেক ভালো লাগলো।,Positive
অনেক সুন্দর,Positive
"আমিও এমন এক মধ্যবিত্ত পরিবারের সন্তান হয়ে কোটিপতি হয়ে দেশের সেবা করার স্বপ্ন দেখছি, সবাই দোয়া করবেন, যেন ভবিষ্যতে আপনাদের কাজে আসতে পারি",Positive
ভাল লাগছে,Positive
কাহিনী আরো অনেক বড়ো হবে ভাই,Positive
কাহিনি খুব সুন্দর,Positive
"মুভিটার রিভিউ শুনে,  জীবনের দুশ্চিন্তা গুলো দূর হয়ে গেলো!!! আজ থেকে নিজেকে হালকা মনে হচ্ছে!!",Positive
"মুভিটার রিভিউ শুনে,  জীবনের দুশ্চিন্তা গুলো দূর হয়ে গেলো!!! আজ থেকে নিজেকে হালকা মনে হচ্ছে!!",Positive
"আসলেই জীবন কারো জন্য থেমে থাকেনাহ,, কারো থাকা না থাকাতেও কিচ্ছু যায় আসেনাহজীবন বড়ই তুচ্চ",Positive
"এই মুভিটা দেখে দুচোখে জল আটকে রাখতে পারলাম না, আমার জীবনে সর্বোচ্চ কালেকশন একটা সিনেমা দেখলাম আমরা যা চিন্তা করি তা ঠিক না বাস্তব কিছু শিক্ষা নিলাম আজ",Positive
"মুভির ব্যাখ্যা টা দেখে অনেক কিছু শিখলাম জীবনে,,, জিবনের যে প্রধান উদ্দেশ্য ছিল সেটা কখনো পালন করা হয় নি।।।।আসা করি ভূল গুলা শুধরে সামিনে আগানো যাবে!!!! মুভি র ব্যাখ্যা টা দেখে ধাক্কা খেলাম একটা",Positive
"ধন্যবাদ ভাই ,এমন একটা   করার জন্য। আসলে অনেক  এ ছিলাম। এখন সবকিছু অনেক হালকা লাগছে। আসলেই কারো জন্য কিছু থেমে থাকে না । আল্লাহ ঠিকই প্রত্যেকের জন্য আলাদা করে ভাগ্য লিখে রেখেছে আর সবকিছু সেভাবেই হবে।",Positive
সিনেমা তো এই ধরনের হওয়া উচিত।যেটা থেকে সমাজ কিছু শিক্ষা পায়। মানুষের ভিতরে মনুষ্যত্ব জেগে ওঠে।প্রকৃতি তার নিজস্ব নিয়মেই চলবে। না আমরা সেটাকে পরিবর্তন করতে পারবো। না আমরা সেটাকে রুখতে পারবো,Positive
", কি সুন্দর সিনেমা । বাস্তবতাকে এত্ত সুন্দরকরে সিনেমাতেও দেখানো যায়🥹 দেখে অনেক কষ্ট লাগলো  কিন্ত এটাই বাস্তবতা! ভালোবাসা রইলো ভাই এত সুন্দরকরে গল্পটা বোঝানোর জন্য️",Positive
জীবনের মূল্য টা বুঝতে পারলাম ভাই,Positive
"যা বুঝলাম জীবন নিয়ে এত সিরিয়াস হওয়ার কিছু নেই,, নিয়তিকে সহজ ভাবে মেনে নেয়াই উত্তম কাজ",Positive
"জীবন কারো জন্য থেমে থাকেনাহ,,,জীবন আসলেই খুব তুচ্চ,,,,",Positive
"আমার দেখা সবচেয়ে ভালো মুভি, যা জীবনের ধারণাটাই পাল্টে দিয়েছে। এজন্যই সবাই বলে আল্লাহ্  যা করে ভালোর জন্যই করে। ধন্যবাদ",Positive
"ভাইরে, অনেক বড় শিক্ষা দিলেন। অনেক বড়। একবার যদি এভাবে চিন্তা করতাম অনেক আগে, অনেক কিছু পেতাম। যা-ই হোক না কেন, শোকর আলহামদুলিল্লাহ। যে এটা করবে, সুদে আসলে আল্লাহপাক তার হারানো জিনিস ফিরিয়ে দেবেন।  ’  , .",Positive
জীবনের উদ্দেশ্য একটাই হওয়া উচিত। কাউকে কোনদিন কষ্ট না দেওয়া।,Positive
এত এত জ্ঞান এরকম মুভি গুলো দেখাটাই সবচেয়ে বেটার,Positive
চোখে পানি চলে আসছে মুভিটা দেখে আসলেই জীবন কারো জন্য থেমে থাকবে না।,Positive
মুভিটা অনেক শিক্ষা পেলাম কারণ আমরা যেটা পাই না সেটা নিয়ে কান্নাকাটি করে থাকি কিন্তু ভবিষ্যৎ নিয়ে একবারও ভাবি  না।  যেটা পাইনি সেটা আমার ছিলোই না এটা আমার ভাবি না।,Positive
ধন্যবাদ ভাইয়া এত তাড়াতাড়ি এত সুন্দর একটি মুভি দেওয়ার জন্য বাট আমি দেখতে একটু দেরি করে ফেললাম মুভিটা সত্যি অসাধারন ছিল আর আপনার ভয়েসে তো অস্থির  অনেক অনেক ভালোবাসা এবং দোয়া রইলো ভাইয়া,Positive
শেষের টুকু দেখে খুব কান্না করছি,Positive
নিজের জন‍্য বাচতে হবে তাও আবার হাসি খুশী ভাবে । সবার জন‍্য নিঃস্বার্থ ভাবে কাজ করেও মন পাওয়া যায় না,Positive
আমার জীবনের সবচেয়ে শিক্ষনীয় মুভি এটা! আর কোনো দিন মনে হয় না এর চেয়ে শিক্ষনীয় কোনো মুভি পাব! ধন্যবাদ ভাইয়া! অনেক ভালোবাসা রইলো!,Positive
"শুধু একটা জিনিস বলবো,চোখে পানি চলে আসছে। আসলেই জীবন কারো জন্য থেমে থাকেনা।সময় থাকতে পরকালের জন্য কামাই করুন,নিশ্চয়ই আল্লাহ তোমার জন্য ভালো কিছু রেখেছেন।",Positive
এই যাবত যত মুভি দেখছি সব থেকে সেরা এবং জীবন পাল্টে দেওয়া মুভি এটা জীবনের চিন্তা পাল্টিয়ে দিলো এবার,Positive
"এটা দেখার পর আমার অনেক উপকার হয়েছে ,আমি অনেক সমস্যা ছিলাম কোন কিছু বুঝতে পারছি না, এখন আলহামদুলিল্লাহ",Positive
"টা দেখেছি, তার পর ও দেখছি কারণ আপনার বোঝানোর ধরণ সবার চেয়ে আলদা, ভালোবাসা নিবেন দাদা আমার মত সিনেমা প্রেমীদের থেকে।",Positive
"ভাই মুভিটা দেখে চোখে পানি এসে গেলো, কমেন্ট না করে থাকতে পারলাম না,  মুভি এক্সপ্লাইন দেখে জীবন কি একটু হলেও অনুভব করতে পারলাম। আর মৃত্যুর ভয় পেয়ে গেছি। সত্যি আপনার মুভি দেখে লাইফে অনেক কিছু শিখেছি। শুধু শিখিনি।  সেই সাথে মিভিতে অভিনয়ে ঘটে যাওয়া সকল মুহুর্ত আমি আমার নিজের সাথে তুলনা করেছি।  সো সব শেষে একটা কথা না বল্লেই নয়। আপনাকে অজস্র সেলুট। আমাদের এতো সুন্দর মুভি খুঁজে খুঁজে এক্সপ্লাইন করে দেওয়ার জন্য।",Positive
অনেক বাস্তববাদী ও শিক্ষনীয় একটি ছবি। সেই সাথে ব্যাখ্যাটুকুও যথাযথ,Positive
জীবনের মানে শিখিয়ে দিয়েছে মুভিটা,Positive
"ওপর ওয়ালাকে বলবো যাই করি না, যেমনি পরিস্থিতি আসুস না কেনো এই মুভির প্রত্যেকটা ঘটনা যেনো মাথায় থাকে",Positive
"অনেক সুন্দর একটা মুভি। সত্যি সিনেমা যে জীবনের দর্পণ, জীবনের কথা বলে, এই মুভিই তার উধারন।  ধন্যবাদ ভাইয়া এত সুন্দর করে মুভির কাহিনীটি সবার মাঝে তুলে ধরার জন্য।গ",Positive
"সত্যি মুভিটা দেখে এখন আর কষ্ট পাই না কারো জন্য,কারণ জীবন সত্যি কারো জন্য থেমে যায় না,,, সময় নিজের গতিতে চলতে থাকে।",Positive
আমিও ভাবতাম আমি না থাকলে ফ্যামিলির কি হবে আজ বুঝলাম।এখন নিজেকে নিয়ে ভাব্বো মনের ছোট ছোট সুখ গুলো পেতে চাই,Positive
সত্যি আপনার ভিডিও গুলো জতো দেখি ততো আবাক হচ্ছি  অনেক ভালো মুহূর্ত কাটাচ্ছি আমি আগে খুব একা একা লাগতো বাট আপনার ভিডিও গুলো দেখার পরে বাস্তব জীবনে ফিরে আসতেছি,Positive
আমার জীবনে দেখা অন্যতম সুন্দর একটা ছবি।  যা আমাকে অনেক কিছু শিখিয়েছে,Positive
"জীবনে কখনো ইচ্ছে করে খারাপ কাজ করা উচিত না, তার ফল আমাদের পোহাতেই হবে",Positive
আমি গতকাল এই মুভিটা দেখেছি। সত্যি মুভি আমাদের বাস্তবতা চরমভাবে বুঝিয়েছে। সত্যি এই পৃথিবীতে কোন কিছু ই কারো জন্য থেমে থাকে না,Positive
"তো ব্যাপার এখানে কয়েকটা, লাইক করে দিছি কমেন্টও করে ফেললাম। ধন্যবাদ ভাই।ভাইয়া আপনি কি মুসলমান?। তাহলে শুরুতে সালাম দিবেন",Positive
আমি মুভির এক্সপ্লেনেশন দেখে  কখনো কাউকে কোন কমেন্টস বা রিভিও করিনি। কিন্তু এই মুভির এক্সপ্লেনেশন শুনে  কমেন্ট করতে অনেকটা বাধ্য হলাম।  এক কথায় অসাধারন! বিশেষ করে শেষের উপদেশ গুলো।,Positive
"ধন্যবাদ ভাই এতো সুন্দর একটা মুভি এতো ভালোভাবে এক্সপ্লেইন করার জন্য। এই মুভিটা দেখে জীবনের মূল্য ও সময়ের মূল্য বুঝলাম। এখন জীবনটাকে সহজ মনে হচ্ছে, অনেক দুশ্চিন্তা দূর হয়েছে",Positive
আল্লাহ যা করেন ভালোর জন্যই করেন,Positive
এটা শুনার পর জীবনের নতুন অধ্যায় শুরু হল,Positive
"এতো ভালো একটা শিক্ষণীয় মুভি আগে দেখিনি,,,কারো জন্য কারো জীবন থেমে থাকে নাহ,,,এটাই বড় শিক্ষণীয়",Positive
আমি অনেক মুভি দেখেছি। কিন্তু এই মুভিটা বাস্তবে সাথে অনেক মিল আছে।,Positive
তারাতারি মুভিটা পেয়ে মহা খুশি দাদা আজ মনটাও খারাপ আপনার মুভিটাও পেয়ে গেলাম হয়তো মনটা ভালো হয়ে যাবে,Positive
জীবনের প্রথম কঠিন সত্য হলো মৃত্যু যেটা আমরা কখনোই সিরিয়াস নিই না,Positive
কি বলবো মুভিটার কথা বোঝাতে পারছি না এতো ভালো লাগলো অস্তির  অসাধারণ একটা শিক্ষনীয় মুভি মুভি শেষে যে মেসেজগুলো আপনি দিয়েছেন কি বলবো অসাধারণ গানটা কিন্তু অনেক ভাল লাগছিল ফাইট্টা যায়,Positive
মুভি টা দেখে চোখে পানি চলে এসেছে আজ আমি ও নিজের পরিবারের জন্য বাইরে এসে পরে আছি,Positive
অনেক কিছু শেখার আছে মুভিটার মধ্যে,Positive
আমাদের ভাগ্যে যা আছে আমরা তাই পাবো। কিন্তু আমরা নিজেকে চালাক মনে করে হালাল জিনিস আমরা হারাম পথে নিয়ে আসি,Positive
"দাদা মুভিটা অসাধারণ ছিলো।চোখে জল চলে আসলো,,,, জিবনের মায়ায় আবার মায়া পড়ে গেলাম।এবাই একদিন ছেরে যেতে হবে।।",Positive
"জীবনে সেরা মুভি দেখলাম,ধন্যবাদ ভাই",Positive
কেউ কারো নয় এটাই বাস্তব সত্য,Positive
ভাইয়া এই মুভিটা দেখে সত্যি আজকে মুগ্ধ হয়ে গেলাম সত্যই দুনিয়াতে কাউকে ছাড়া কেউ থেমে থাকে না কিন্তু আমরা সেটা বুঝি না কও আমরা দুনিয়ার সবকিছু নিয়ে ব্যস্ত থাকি আখেরাত বুলাও যে আমাদের জীবনে কিছু আছে এটা আমরা ভাবতেই ভুলে গেছি,Positive
সত্যিই  ভাইয়া অসাধারণ সুন্দর গ্রেট পাওয়ার গ্রেট অকলপনীয় সত্য ভিডিও  পারলে ভাইয়া এই জাতীয় শিক্ষীনিয় ঘটনার মুভির ভিডিও দয়া করে দিবেন।,Positive
"জীবনের উদ্দেশ্য ই আমরা ভুলে যাই জীবিকার জন্য, অসাধারণ একটা ছবি,,",Positive
ভাই চোখের জল সালমাতে পারলাম না,Positive
আমার দেখা মুভির মধ্যে এই মুভিটা অনেক আলাদা। আমার জীবনে এই মুভিটা অনেক শিক্ষণীয়।ধন্যবাদ ভাইয়া।,Positive
আমার জীবনের সব চেয়ে পছন্দ শিক্ষনীয় এবং ইমোশনাল মুভি।  চোখের পানি ধরে রাখতে পারলাম না,Positive
"ভাই রে ভাই আমি আপনার প্রতিটি মুভি দেখি, কিন্তু আমার জীবনের সেরা শিক্ষনীয় বাস্তবমুখী মুভি আজ উপভোগ করলাম... অসাধারণ",Positive
"যতক্ষণ দেখলাম, একবারের জন্যও মনে হলো না যে এটা সিনেমা, বাস্তবের সাথে মিল  মনে হলো",Positive
"অনেক ধন্যবাদ আপনাকে, কিছু বলার নেই। বলার ভাষা হারিয়ে ফেলেছি। অজান্তেই চোখ ভিজে আসছে,,,,,,",Positive
আমার জীবনে দেখা সবচেয়ে ভালো মুভি। এত সুন্দর  করে উপস্থাপনা করছেন। সাবস্কাইব না করে পারলাম না। চোখ দিয়ে অনবরত পানি ঝরছে।  ওর মতো যদি আমিও আমার জীবনের ভূল আর সঠিক সিদ্ধান্ত টা বুঝতে পারতাম।  আমি শুধু জানি আমি পথভ্রষ্ট দিশেহারা।  সঠিক পথ ধরে কবে হাটবো।  কেন এত এত স্বপ্ন।,Positive
যে যতই ক্ষমতাধর লোক হোক না কেন সে যদি মারা যায় তার জন্য কোন কাজ অসম্পূর্ণ থাকবে না,Positive
"ধন্যবাদ ভাই,  ভালোবাসা অবিরাম",Positive
"অনেক সুন্দর মুভি এটা,,,,চোখের জল বের হয়ে আসতেছে",Positive
ভাই সত্যিই আমার জীবন টা পাল্টে দিচ্ছে ধন্যবাদ আপনাকে,Positive
ভাইয়া।  কি বলব এককথায় জাস্ট অসাধারণ হয়েছে। কমেন্ট করতে বাধ্য যেকেউ।  কান্না আসবে সিওর এটা দেখলে।  আপনার অধিকার আছে ভাই এতো সুন্দর করে উপস্থাপন করার জন্য,Positive
"আস্সালামুআলাইকুম সবাইকে  : বলে বুঝাতে পারবো না কেমন হয়েছে, আমার জীবনের সাথে মিলে গেছে, , মুভিটা আমার হৃদয় ছুঁয়ে দিয়েছে, কিছু কিছু ভুল আছে ইনশাআল্লাহ সেগুলো শুধরে নিবো!! আমার জীবনে যত গুলো শিক্ষণীয় ভিডিও দেখেছি, তার মর্ধে ( 1 ) নাম্বারে এই মুভিটি। আপনাকে অসংখ্যখো ধন্যবাদ। আমি কমেন্ট করতে বাধ্য হলাম এই শিক্ষণীয় ভিডিওটি দেখে। পাশে আছি এগিয়ে জান। দোয়া করি সব কিছু ভেবে চিনতে কাজ করবেন! সবার কাছে একটাই প্রশ্ন রইলো, সেটা হলো :-  * আপনি মারা যাওয়ার আগ পযন্ত আপনার - কাছে সব থেকে মূল্য বান জিনিসটা কি মনে হয়!! ️️ আমার কোনো ভুল হলে মাফ করবেন!!",Positive
"ভাই আপনার সাথে সরাসরি দেখা করতে পারলে আমি অনেক খুশি হতাম,,, অনেক ভালো লাগলো ভাই এতো সুন্দর করে সাজানো সুন্দর সুন্দর মেসেজ দেন,,",Positive
"ও জান ও জান রে  ধন্যবাদ তোমাকে  অচথির  আমি বুঝি কেন এতো ভালো লাগে এই মানুষ টার ভিডিও  আল্লাহ পাক তোমাকে অনেক অনেক ভালো রাখুক  সুস্থ রাখুক,,, আমিন  আমার কোন কথায় কষ্ট নিবা না ভাই,,,খুশি তে আর আবেগে অনেক কিছুই লিখে ফেলি,,, আমি চাই না আমরা একটা কমেন্টের কারনে তোমার কোন ক্ষতি হোক,,,সো বাই বাই",Positive
মন ছুঁয়ে গেল ভাই। অস্থির,Positive
"ভাইয়া মুভিটা সত্যি অসম্ভব সুন্দর,, আর সাথে আপনার বলার ধরন এক কথায় অসাধারণ সুন্দর হয়েছে",Positive
"সত্যি এ এটাই জীবন,,,অসাধারণ মুভি,,শুধু মুভি বললে হবে না,,এটাই জীবন,,ফলাফল।",Positive
মুভিটা দেখে  অনেক  কিছুই  শেখার  আছে,Positive
ভাই মুভিটা দেখার মাঝেই আপনার সেইম মুভির এক্সপ্লেশন তাই মুভি দেখা বাদ দিয়ে আগে আপনার গল্প শুনব স্বাদ পেয়ে যাব️,Positive
ভাই এ মুভিটা কখন ও ডিলেট করবেন না। এটা অনেক বড় পাওনা আর জীবনের মোড় ঘুড়ানো মুভি। এটাই প্রয়োজন ছিল আমার জন্য এ মুহুর্তে আর এজন্য আপনাকে অনেক ধন্যবাদ দাদা। আপনার সব মুভি এক্সপ্লেইন দেখি তবে একটা মুভি খুব মিস করি ভাই যে একটা গংস্টার এর মুভি ছিল যার বাবা ছিল ১০০ জন যোদ্ধার লিডার তার বাবা মারা যাবার পর সে হলো তাদের লিডার সে মুভিটা কই দাদা।যদি সম্ভব হয় সেটা আবার দেন।,Positive
"আসলেই জীবন টা এমনয়৷  শুধু শুধু দুনিয়ার মরিচিকার পিচনে চুটতেছিহায়রে দুনিয়া,, স্বার্থপর দুনিয়াতে শুধু শুধু কস্ট করতেছিআল্লাহ আপনি আমারে মাপ করে দিয়েন আপনি ছাডা আমার আপন কেউ নাই",Positive
অনেক অনেক ধন্যবাদ ভাইয়া।,Positive
ভাই আপনার গান শুনে হাসতে হাসতে ঘুমন্ত জামাইকে সজাগ করে ফেলছি,Positive
আপনার কথাগুলো শুনে ভালো লাগলো। প্রেরণা পাওয়া যায়,Positive
ভিডিও একদম মিস করতে চাইনা কোথায় কপিরাইট হয়ে ভিডিও উড়ে যাবে তাই ভিডমেটে ডাউনলোড করে নেই,Positive
সত্যি অসম্ভব একটা সুন্দর মুভি  আর সিক্ষনিয়,Positive
এই মুভিটা আমার জীবনের সবচেয়ে সন্দর একটা মুভি।  জীবনের আসল অর্থই বলে দেয় এই মুভিটা।,Positive
ছবিটা আসলেই শিক্ষনিয় গল্প। চোখে জল এসে গেল।,Positive
"ধন্যবাদ ভাই মুভিটা দেওয়ার জনয়, কারন এখন বাংলাদেশে খেলা দেখে বোর হয়ে গেছি",Positive
আমার জীবন এর সেরা মুভি এটা।  এর থেকে ভাল মুভি লাইফ এ আর আসবে না,Positive
আপনি মানেই সেরা মুভি দেখার আগেই লাইক কমেন্ট করলাম ভালোবাসা নিয়েন ভাই,Positive
আমার দেখা বেস্ট কাহিনি এটা। ধন্যবাদ ভাই  আমাদের এত চমৎকার একটা মভি এক্সপ্লেনেশন উপহার দেওয়ার জন্য,Positive
ধন্যবাদ ভাই। এতো গুরুত্বপূর্ণ একটি মুভি আমাদের মাঝে এতো সুন্দর করে উপস্থাপনা করে উপহার দেবার জন্য।,Positive
এর থেকে ভালো শিক্ষনীয় মুভি  আর হয় না। ভাইয়া  আপনাকে অনেক ধন্যবাদ।,Positive
মুভিটা আমি অন্তত ১০ বার দেখেছি। এতো শিক্ষা অর্জন করলাম যা বলে বোঝানোর মতো না,Positive
জানি মুভি ভালো হবে তাই কমেন্ট করতে আসলাম,Positive
সত্যিই এই মুভি থেকে অনেক কিছু শিখতে পারলাম। আর সত্যি বলতে চোখ দিয়েও পানি ঝড়েছে,Positive
"আহা জীবন ,আর আমরা সারাজীবন ভাবি আমি ছাড়া আমার পরিবার এর কি হবে",Positive
"ধন্যবাদ।  অত্যন্ত শিক্ষণীয় একটি ছবি। কাহিনির সাথে পরিচয়-করিয়ে দেবার জন্য ধন্যবাদ।  ছবির শেষে, আপনার  মন্তব্যের জন্য আরও একবার ধন্যবাদ।",Positive
কান্না এসে গেছে,Positive
সত্যি মুভিটা দেখে অনেক কিছু শেখার আছে জীবনের মানে বুঝিয়ে দিয়ে গেল,Positive
"বলার কিছু নেই,,,,,ধন্যবাদ",Positive
যে নামাজ পড়ে না সে যদি এই মুভি টা দেখে সে অবশ্যই কাল থেকে নামাজ পড়বে.... আমি নিজেই আজকে নিজেকে বদলে ফেলবো। আল্লাহ আমার সব খারাপ কাজ গুলো যেনো মাফ করে দেয় সেই জন্য আল্লাহর কাছে মাফ চায়।,Positive
অনেক ভালো লাগলো ভাই অনেক শিক্ষনীয় একটা  মুভি ছিলো ধন্যবাদ  কিছু কিছু সিন দেখে চোখে পানি চলে আসছে,Positive
কথাটা সত্য ছিলো,Positive
"ভাই  আপনার  কথা  গুলো  শুনলে,আত্তশক্তি  বাড়ে ,অনুপেরনা  জোগায় ,তাই  শেষ  পযন্ত  দেখি  আপনার  শেষ  কথা  গুলো  শূনতে",Positive
ভাই কি বলবো অসাধারণ। এরকম আরও কিছু মুভি এক্সপ্লেন করিয়েন,Positive
দারুন একটা গল্প,Positive
আমার জীবনেরই সাথে মিলে গেছে আমার ও বাবা নেই আমি ও ছোট বেলায় থেকে আমার পরিবারের দেখভাল করতেছি আমার ছোট ছোট ভাই বোনদের মানুষ করছি  ভাই আপনার কাছে অসংখ্য ধন্যবাদ,Positive
"ভাই ভিডিওর শেষে আপনি যে কথাগুলো বলছিলেন, সেখান থেকে আমাদের অনেক শিক্ষা নেওয়ার আছে। লাভ ইউ ভাই",Positive
আমার তো কান্না পেয়ে গেছে,Positive
"ভাইয়া আপনি বেশি করে মধু খেয়েছিলেন ছোটবেলায়, তাই ভয়েজ এত সুন্দর ️",Positive
নিজেকে গুরুত্বপূর্ণ ভাবা ছাড়তে হবে।চেষ্টা র পর যা থাকবে তাই আমার জন্য। চমৎকার তথ্য ছিল।ভালো লেগেছে।,Positive
মুবিটা দেখে অনেক কিছু শিখলামধন্যবাত ভাই,Positive
অনেক সুন্দর করে বুঝিয়েন,Positive
কিছু বলার নাই ভাই সত্যিই আমরা অপরাধী। মরতে একদিন হবে জানি তবু ইবাদাত করি না।,Positive
ভাই  প্রতিদিন একটা করে মুভি এক্সপ্লেন চাই ভাই আমরা,Positive
ভাইয়ার মুভি গুলো যাঁরা দেখে এবং কমেন্ট  করে সত্যি এই যুগে তাঁরা অনেক রুচিশীল মানুষ,Positive
কিছু বলার নেই ভাই জীবনে অনেক কিছু শিখেছেন,Positive
জীবনে কিছু শিখতে হলে এই ছবি দেখা উচিত,Positive
ভাইয়া এমন মুভি আরো চাই।সেই সাথে আপনার সুস্বাস্থ্যের কামনা করি।,Positive
"আসলেই সিনেমাটা দেখে অনেক ভালো লাগলো, অনেক কিছু শেখার আছে, এখন আমার মনে হচ্ছে হলিউডের কাল্পনিক সিনেমার চেয়ে এরকম সিনেমাই ভালো।",Positive
এই মুভিটায় লাইক না দিলে ভালো কিছু শিখতে পেরেছি বলে মনে হবে না তাই লাইক দিলাম,Positive
আমি দেখলাম একটা ভাই তার পরিবারের জন্য সবকিছু করে। অথছ তার কোনো দামই নেই।কেউ তাকে নিয়ে ভাবেও না। ছেলেদের জীবন বোধহয় এমনই,Positive
"আগেও একটা চ্যানেলে মুভির এক্সপ্লেনেশন দেখেছি। কিন্তু প্রিয় মানুষের চ্যানেল, প্রিয় ভয়েস তাই আবারো দেখলাম",Positive
সময় বড়ই কঠিন  বস!,Positive
মুভি আমি দেখেছি অনেক সুন্দর আসো কেও কারো না এটাই,Positive
"অনেক ধন্যবাদ, খুব ভালো লাগলো, জীবন কর্ম ও মরণ সব কিছু স্বাভাবিক ভাবে হয়ে থাকে যাহ আগে থেকেই নিরধারীত ,শুধু আমার চেষ্টা কি ছিল তা আমর হয়ে থাকবে, শিক্ষনীয় ও অনুকরণীয়,",Positive
ভাই আপনার এক্সপ্লেন এর ফ্যান হয়ে গেলাম,Positive
অনেক ধন্যবাদ এত তাড়াতাড়ি ভিডিও দেওয়ার জন্য  অনেক সুন্দর হয়েছে,Positive
সাউথের মুভি স্ক্রিপ্ট আর তোমার এক্সপ্লেইন দুটো পুরো চুমু  🇮🇳,Positive
সবদিকে মিলিয়ে  পারফেক্ট একটা মুভি ছিল ভাই   এই মুভিটা বলিউডে অজয় কুমার করছে ২০২৩ সালে ছবির নাম,Positive
সুন্দর একটা ছবি ছিলো   অনেক কিছু শিখিয়ে গেলো,Positive
এই মাএ মুভিটা দেখে আসলাম। আমরা এইটুকু জীবন নিয়ে যা ভাবি তার সামান্যটুকু রোলও আমাদের নেই। মৃত্যুই হচ্ছে একমাএ গন্তব্য। মহান সৃষ্টিকর্তার উপর বিশ্বাস রেখে প্রত্যেকটি মুহুর্ত উপভোগ করাটাই শ্রেয়। আপনার কাছে এখন যেটা খারাপ সময় মনে হচ্ছে  সৃষ্টিকর্তা সেটা দিয়ে ভালো কিছু আপনাকে উপহার দেবার জন্য তৈরি করে রেখেছে।,Positive
"এই মুভিটা কিছু দিন আগে দেখছি,,,আজ আবার দেখলাম,,, অনেক ভালো লাগলো আরো মুভি এক্সপ্লেন চাই",Positive
"এত্ত সুন্দর মুভি,সত্যি শিক্ষনীয়,চোখ থেকে পানি চলে আসেছে দেখতে দেখতে,সাউট এর মুভি গুলো সত্যি অসাধারন",Positive
"আসলেই মানব জীবন কারো জন্য থেমে থাকে না, শিক্ষনীয় বিষয়",Positive
"অন্য খানে এই মুভি এক্সপ্লেন  দেখেছি তবে ভালো লাগেনি,,  আপনার জন্য অপেক্ষা করছিলাম, কখন  করবেন  অবশেষে অপেক্ষা প্রহর শেষ হলো ধন্যবাদ অনেক অনেক ধন্যবাদ আপনাকে, ফাস্ট কমেন্ট",Negative
আমিন।খুব খুব খুবই সুন্দর এবং জ্ঞানমূলক মুভি।ধন্যবাদ ভাইয়া।,Positive
কি করে যে আপনাকে ধন্যবাদ জানাবো আসলে বলে বুঝাতে পারব না আমরা মুভি এক্সপ্লেন দেখি ফুল মুভি ও দেখি কিন্তু সেগুলো আসলে আমরা মাথায় নেই না এই যে আপনি যে কথাগুলো বলেছেন একজন বাবা ও তার ছেলেকে বলেনা লাভ ইউ বস,Positive
ভাই মন ছুয়ে গেছে মুভি দেখি আপনাকে অসংখ্য ধন্যবাদ ভাই,Positive
অনেক শিক্ষণীয় একটা মুভি,Positive
মুভি টা আমার সাথে অনেক মিল আছে,Positive
",আমার জীবনে একটি পরিবর্তন হলো এই মুভি টা দেখে। ধন্যবাদ",Positive
অনেক সুন্দর একটা মুভি ভাইয়া,Positive
এই প্রথম কোন মুভি বর্ননা শুনে কান্না পেলো   খুব সুন্দর হয়েছে আপনার বর্ননা,Positive
সত্যিই অসাধারণ মুভিটি।ভালো মানের একটা শিক্ষা আছে।।।যেমন মুভি তেমন এক্সপ্লানেশন।।।।,Positive
ভাই য়া আপনার ভিডিও র কোন তুলনা হয় না...আজ আমি না চাইতেও কান্না করে দিছি কারণ ভাই য়ারা যে এমন হয় আমি জানি না কারণ আমার ভাই নাই,Positive
অনেক ভালো লাগল। জীবনে কাজে লাগবে অনেক । ধন্যবাদ ️,Positive
মুভিটা দেখার পর কিছুক্ষণ নিজেকে নিয়ে একটু ভাবলাম  আর মুভিটা অনেক শিক্ষনিয়,Positive
সত্যিই মন ছুয়ে গেল,Positive
এই রকম ছবি আরো চায় আমরা,Positive
ধন্যবাদ,Positive
আমি সবার শেষে কমেন্ট করতে এসেছি তাতে কি আমি ও তো একজন কমেন্ট কারি তাই নয় কি,Positive
ফ্রি থাকলে চলে আসুন,Positive
ভয়েস গুলো মিলে নাই,Negative
নাইচ মুভি,Positive
ভাই মুভি কি দিবেন,Positive
আরও নতুন মুবি দেন ভাই,Positive
বাংলা ডাবিং মুবি চাই,Positive
সুন্দরী  ছবি,Positive
মুভি টা অনেক দারুণ,Positive
মুভিটা আনেক ভালো লেগেছে এরকম আরোমুভি চাই,Positive
অনেক সুন্দর  মুবি৷৷৷৷ আর৷৷ চাই এই হিরুর মুবি,Positive
খুব সুন্দর হয়ে,Positive
সব মুভি বাংলায় চাই,Positive
আর জটিল মুভি চায়,Negative
নাইচ,Positive
অসাধারণ মুভি,Positive
অনেক হল মুভি দেন না কেন..??,Positive
সেই,Positive
একটা গাজাখুরি সস্তা ও অবিশ্বাস্য কাহিনীর মুভি।,Positive
মুভিটা অনেক ভালো লাগছে,Positive
এই নায়কের নাম কি বলেন,Positive
ধন্যবাদ ভাই,Positive
অনেক  সন্দর মুভি,Positive
মহেশ বাবুর বাংলা ডাবিং মুভি দেখতে চাই,Positive
এই মুভিটা হিন্দি দেখলে আরো ভালো লাগবে,Positive
আরো আরো.......… হিট মুভি চাই,Positive
ডিজে  মুভি টা দেখতে চাই,Positive
এরকম  মুভি দেখতে হবে,Positive
সুন্দর লেগলো মুভি টা,Positive
আমি দেখছি বাংলাদেশ থেকে রাত ২.১০ এ তারিখ ২১/৬/২০২১আর কে কে দেখচেন লাইক দিয়ে বুজিয়ে দিন।।।।। ঢাকার নেশায় মানুষ অমানুষ হয়ে যায় এটার বাস্তব,Positive
্ন,Positive
এই গানটি লিখেছেন আমি কিছু বললাম,Positive
দারুণ মুভি,Positive
অনেক সুন্দর,Positive
অসাধারণ একটা মুভি,Positive
। খুব সুন্দর ছবি ইউ ভেড়ি গুডয়পিকচার,Positive
দেখি তো আমার আল্লাহ কে কতোটা ভালবাসে লাইক দেও,Positive
কি সুন্দর এক বাক্য: লা ইলাহা ইল্লাল্লাহু মুহাম্মাদুর রাসুলুল্লাহ,Positive
এই মুভিটার সাথে এখন বাংলাদের বতর্মান অবস্তার সাথে মিল আছে,Positive
বাংলাদেশের অভিনয় গুলোর মধ্যে শুধু প্রেম চলে আর অন্য দেশের মুভি গুলো দেখলে অনেক সুন্দর লাগে,Positive
আসলেই সত্যি এরকম মুভি। গত ১৬-২০বছরের মধো দেখা সেরা। বিজয় স্যার আমার  প্রিয় নায়ক।ভালোবাসা রইল প্রতি,Positive
কে কে আমাদের মহা নবি (স) কে ভালোবাসেন,Positive
এইটা আমাদের বাংলাদেশ সরকারের দেখা  উচিত  আর হে মুভিটা অসাধারণ জা বাস্তব জীবনের সঙ্গে  মিল রয়েছে,Positive
আমাদের দেশের রাজনৈতিক অবস্থা ঠিক এরকম ভালো লাগল মুভিটা দেখে,Positive
এশিয়া মহাদেশের সকল দেশে একই অবস্থা ।।।সরকার মুভি এই দেশ গুলোর জন্য আদর্শ ।।।।,Positive
সত্যি আমাদের দেশের রাজনৈতিক অবস্থায় এই রকমই,Positive
আমাদের দেশের মুভি না দেখতে ভালো লাগে না পরিবারের সাথে দেখা যায়  অন্য দেশের মুভি গুলো দেখলেই ভালো লাগে,Positive
সত্যি এই ছবি টা থেকে আমাদের বাংলাদেশ সরকারের অনেক কিছু শেখার আছে  আমাদের দেশের জন্য এইরকম নেতার অনেক দরকার,Positive
"আমি বাংলাদেশে বাসকরি কিন্তু বাংলাদেশের কোনো সিনেমা দেখিনা কারন, এদেশের সিনেমাতে শুধু প্রেম আর কান্নাকাটি চলে তাই আমি এগুলো এড়িয়ে চলি।",Positive
"মনটা ভরে গেলো,মুভিটা দেখে",Positive
জানতাম না এই মুভিটা এতো সুন্দর।। অনেক ভালো লাগলো ধন্যবাদ ভিজায়,Positive
আমি কখনো কোনো কিছুতে কমেন্ট করি না।কিন্তু আজকে করলাম। দেখি আমাকে কয় জন লাইক করে।,Positive
আমার 30 বছর বয়স জীবনে এরকম মুভি দেখিনি এই প্রথম দেখলাম আপনাকে স্যালুট জানাই আমার পক্ষ থেকে,Positive
"আমার ২৫ বছরের মধ্যে এরকম সিনেমা কেউ উপহার দেয়নি,,ধন্যবাদ বিজয় ভাই কে",Positive
"৫ বার দেখলাম মুভিটা, বাংলাদেশের সাথে মিলে গেছে",Positive
"আজকে এই ছবিটাতে একটা কমেন্ট করে গেলাম, আমার এই কমেন্টে যত বার লাইক পরবে আমি ততবার এই ছবিটা দেখবো",Positive
"খুব সুন্দর  ছবি  টা, এক কথায় অসাধারণ।",Positive
"মুভিটা,,সেই ছিলো,,২০২২,দেখলাম,,",Positive
দারুণ একটা মুভি!,Positive
"এরকম একজন সুন্দর যদি আমাদের বাংলাদেশে থাকতো, তাহলে হয়তো আমাদের দেশের মানচিত্র পরিবর্তন হইতো....দেশে গনতন্ত্র বলে শব্দটা থাকতো... আজ আমিও অতি দুঃখের সাথে জানাচ্ছি,, আমি গত ৬ বছর দেশের বাহিরে থাকা সত্বেও  আমার ভোট দেওয়া হয়ে গেছে,,,এরচেয়ে দুঃখ জনক আর কি হতে পারে???",Positive
আসলে বর্তমান রাজনৈতিক অবস্থা এমনি যাইহোক অসাধারণ মুভিটা,Positive
এই মুভিটা যত দেখি ততই ভালো লাগে অসম্ভব সুন্দর একটা মুভি,Positive
এক কথায় অসাধারণ,Positive
রাজনৈতিক প্রেক্ষাপটে অসাধারন একটা মুভি,Positive
বাংলা ভাষায় দেখার মজাই আলাদা ️,Positive
টিকটক থেকে কারাকারা আসলেন হাত তুলুন,Positive
অসাধারণ ️️,Positive
আমার দেখা সেরা মুভি টা,Positive
আমার লাইফের বেস্ট একটা মুভি 🇧🇩🇮🇳,Positive
বাংলা ভাষায় দেখার মজাই আলাদা ️,Positive
অসাধারণ ️️,Positive
মুভিটা দেখে মনটা ভরে খেলো,Positive
ভাই ছবি টা অনেক সুন্দর হয়েছে আর রাজনৈতিক কিছু শিখতে হলে এই ছবি টা দেখে শিখুন,Positive
একদম বাংলাদেশের রাজনীতির নিয়মে ছবিটি । খুব  ভালো  লাগলো।,Positive
আশলে মুভির মাঝে প্রেম পিরিতি না দিয়ে এসব তুলে ধরা দরকার,Positive
এই দিয়ে ৩ বার দেখলাম নাইচ মুভি,Positive
"বাংলাদেশ এর ভাষা আন্দোলনের কথাটা তুলে ধরছে শেষে মুভিটাই, আর বর্তমান সরকারের অনৈতিক কিছু কাজ ফুটে উঠেছে এই মুভিতে।",Positive
ছবিটা অসাধারণ বাস্তব জীবনের সঙ্গে মিল আছে আমাদের দেশের সরকারের দেখা উচিত আই লাভ ইউ বিজয়থালপাতি স্যার,Positive
মুভিটাতে অনেক কিছু শেখার আছে,Positive
"রাজনৈতিক প্রেক্ষাপটে অসাধারন একটা মুভি, সরকারের ক্ষমতা থাকে ৫ বছর, কিন্তু জনগনের ক্ষমতা থাকে একদিন, ভোটের দিন যেটা কিনা সরকারের ক্ষমতার চেয়ে অনেক অনেক বেশি শক্তিশালি। এই ডায়ালগটা মুভির সেরা ডায়ালগ ছিল... বাংলা ডাবিং দেয়ার জন্য অনেক ধন্যবাদ,  নায়কের বাংলা ভয়েসটা একদম ফাটাফাটি ছিল......",Positive
বর্তমানে বাংলাদেশে এই রকম নেতার অনেক বেশিই প্রয়োজন  নয়তো ভবিষ্যতে এই দেশের কি অবস্থা হবে তা একমাত্র সৃষ্টিকর্তাই জানেন,Positive
বাংলাদেশের 2024 এর নির্বাচন যেন এভাবেই হয়,Positive
পুরাই বাংলাদেশের সাথে মিলে গেলো। কিন্তু এর চেয়েও খারাপ অবস্থা বাংলাদেশে।,Positive
বাংলাদেশের জন্য এরকম একজন দেশপ্রেমিক নেতার দরকার।,Positive
বিজয় সবসময় সেরা,Positive
মুভিটা বাংলা ভাষায়  দেখানোর  জন্য  অসংখ্য ধন্যবাদ ভালো থাকবেন শুভকামনা ।,Positive
আমার জীবনে যতগুলো মুভি দেখেছি এইটা সবার সেরা ... বাংলাদেশের রাজনীতি খুব খারাপ সেইটা যে দল হোক না কেন ..! গনতান্ত্রিক দেশ হিসেবে যদি ভোটাধিকার অধিকার থাকতো তবে সঠিক ব্যত্তি নির্বাচিত হতো... এবং দেশ উন্নত হতো দেশের মানুষ আনন্দর সাথে জীবন কাটাতো..🇧🇩️,Positive
"বাংলাদেশের মতো অবস্থা,, একজনের ভোট অন্য কেউ দিয়ে দেয়,,",Positive
ভালোবাসার বিনিময়ে ভালোবাসা মিলে শত্রুও বন্ধু হয় ভালোবাসা পেলে,Positive
আল্লাহ কে দেখনা ভালো বাসবে কি করে হাওয়ার সাথে।,Positive
আমি ও একমত আমাদের বা্ংলাদেশে এই ধরনের মুভির প্রয়োজন,Positive
"মানে অসাধারণ,",Positive
২০২৩ সালে মুভিটা দেখলাম অনেক ভালো লাগলো,Positive
আমি এই নায়েকের মুভি যত দেখি ততই আরো বেশি আমি তার প্রতি ফিদা হয়ে যাই,Positive
অসাধারণ ️️️️️️️️,Positive
খুবই অসাধারণ একটা মুভি । প্রত্যেক নির্মাতা রই। সুষ্ঠু বিনোদন দেওয়া উচিত। বিজয় স্যার কে অনেক অনেক ধন্যবাদ।,Positive
অনেক ভালো লাগলো মুভিতা দেখে। অনেক কিছু শিখার আছে এই মুভিটে। বিজয় এর মুভি মানেই সুপার হিট,Positive
হুবহু বাংলাদেশকে নিয়ে নির্মিত সিনেমা  বাস্তবের মতো লাগলো,Positive
"আমি আমার প্রথম ভোট টাও দিতে পারি নাই,ভোটার কেন্দ্রে গিয়ে দেখি আমার ভোট আমার আগে কেউ দিয়ে দিছে। যব থেকে ছুটি নিয়ে অনেক আশা করে আসছিলাম, কি করবো এটা বাংলাদেশ মেনেতো নিতে হবেই",Positive
"আমাদের বাংলাদেশে এমন ভাবে শক্ত হওয়া উচিত,,জাগো ভাই জাগো,,",Positive
সেলুট আপনাদের এমন সুন্দর একটা মুভি সবার মাজে উপহার দেওয়ার জন্যে,Positive
আবার দেখার মতো এক সেরা মুভি,Positive
"মুভিটা অনেক দারুণ,,,,,৷ ভয়েজটাও সুপার",Positive
বাংলা দেশের নাম নেওয়ার জন্য ধন্যবাদ,Positive
বাংলাদেশের বাস্তবতা এ সিনেমায় প্রকাশ পেল  ধন্যবাদ এ সিনেমার সাথে সংসিলিষ্ট সবাইকে,Positive
"কমেন্ট আর লাইক দেখে মুভি দেখা শুরু করলাম,,,, আশা করি মুভিটা ভালো হবে",Positive
বাংলাদেশের রাজনীতির সাথে মিল আছে ছবির বিজয় স্যারের সব  মুভিই ভালো লাগে,Positive
আমার ফেভারিট নায়ক,Positive
এই নায়ক কের ছবি গুলো অসাধারণ,Positive
"বাস্তবতা একটা মুভি,,যা এখন অবস্থা",Positive
"অসাধারণ মুভি,,,,!",Positive
অসাধারণ একটা মুভি ছিল প্রতিটি মানুষের এই মুভিটা দেখা উচিত,Positive
বাইরের দেশের মুভিগুলো অসাধারণ,Positive
অস্থির একটা মুভি আমার মনে হয় বাংলাদেশ এর সরকার ও এমন করে গঠন করা উচিৎ,Positive
ছবির ভিতরে বাপ মেয়ের ভিলেনের অভিনয়  একেবারে শেখমজিব আর হাসিনা।,Negative
এক কথায় অসাধারণ মূভি,Positive
"এই মুভি টা অনেক সুন্দর হইছে,,,,,,,,",Positive
আমাদের দেশের অবস্থা এই রকম,Positive
১০০০% মিল বাংলাদেশের সাথে,Positive
সত্যি অসাধারণ একটা মুভি।,Positive
অসাধারণ অসাধারণ দেখার  মতো মুভি,Positive
আমাদের গান এত সুন্দর ভাবে গাবেন কোনদিন ভাবিনি,Positive
পৃথিবীর শ্রেষ্ঠ শিক্ষক ছিলেন একজন। তিনি  হলেন আমাদের জানের থেকেও প্রিয় হযরত মুহাম্মদ সাল্লাল্লাহু আলাইহি ওয়াসাল্লাম,Positive
থেরি সিংহ পুরুষ ফুলমুভি বাংলা ডাবিং টা কবে পাবো।,Positive
এমন একটা দল বাংলাদেশের জন্য দরকার,Positive
বিজয়  নায়ক বেস্ট,Positive
"ওসাধারন একটা মুভি,,স্যালুট",Positive
নুনুর দেশের কার্যক্রমের সাথে সম্পূর্ণ মিলে  গেছে।,Negative
সত্যিই অসাধারণ,Positive
আমার মনে হচ্ছে এই মুভিটা ভারতের চেয়ে বাংলাদেশের মানুষ বেশি দেখেছে,Positive
আনেক ভালো লাগে,Positive
পরিচালককে অনেক ধন্যবাদ,Positive
এই ছবিটির প্রতিটি পয়েন্টে পয়েন্ট আওয়ামীর গন্ধ পাচ্ছি,Positive
পরিচালককে অনেক ধন্যবাদ,Positive
অসাধারণ অসাধারণ অসাধারণ,Positive
বাংলাদেশের প্রতিটা মানুষের  এই মুভি টা  দেখা দরকার,Positive
মুভিটার মধ্যে বাস্তবতার অনেকটাই মিল আছে আমার মনে হয় বাংলাদেশের প্রধানমন্ত্রীর এই মুভিটা দেখে অনেক কিছু শিখার দরকার আমার কথায় ভেজাল আছে নাকি ক্লিয়ার……2023,Positive
অনেক সুন্দর একটি মুভি  ধন্যবাদ,Positive
বিজয়ের স্যারের মুভি এক মুভি দশ বার দেখি,Positive
বাংলাদেশ এ গনতন্ত্র বলে আর কিছু নেই,Positive
পাইন মুভি দেখে ভালো লাগলো সবাইকে দেখার জন্য দাওয়াত দেয়া,Positive
আমাদের বাংলাদেশের নমুনা শেখ হাসিনার ভোট সবার দিয়ালা রাতকা 🇧🇩,Positive
বাংলাদেশের জনগনের  এই ফিল্ম দেখে  জেগে ওঠা দরকার,Positive
খুব সুন্দর একটা সিনেমা এয় সিনেমা টা বাংলাদেশে দরকার চাই চাই চাই চাই চাই,Positive
বেশি বিজয়ের ছবি  চাই,Positive
আমি সহসায় কমেন্ট করি না কিন্তু এই মুবিটা অনেক অনেক বেশি ভালো লেগেছে এ জন্য কমেন্ট করলাম,Positive
বাংলাদেশের মুভি  মহানায়ক মান্না কে মানাই  আর এখনকার ছবি শুধু প্রেম কাহিনী,Positive
এই মুভিটা শেখ হাসিনার বিরুদ্ধে   তৈরি করেছে এটা ১০০% বলা যেতে পারে.. ধন্যবাদ এই  মুভির  পরিচালককে,Positive
ভালো লাগলো মুভিটা দেখে,Positive
"কে করবে এদের বিচার,, এরা রাজনীতি নামে পকেট কাটে জনগণের",Negative
আমি অনেক বড় ফ্রেন্ড বিজয় ভাইয়ের,Positive
মুভিটা আমার কাছে অনেক ভালো লেগেছে,Positive
ধন্যবাদ বাংলা ল্যাঙ্গুয়েজ লাগানোর জন্য,Positive
প্রেম ছাড়া বাংলাদেশের মুভিতে আর কিছুই থাকে না। তাই এগুলোতে ইন্টারেস্ট নেই,Negative
অসাধারণ একটা ছবি আমার কাছে,Positive
অনেক সুন্দর মুভি ধন্যবাদ এরকম মুভি এই নায়কের বেশি বেশি করে আপলোড করবেন,Positive
কারেট মুভি বাংলা দেশে র মূল্য দিক দরে মুভি টা ভোট ওদিকার চাই,Positive
এই মুবি টা অসাধারণ,Positive
বাংলাদেশের বর্তমান এই অবস্থা। কার ভোট কে দেয় বলা যায় না,Positive
৪ বার দেকলাম,Positive
আমাদের দেশে ও এরকম  যদি চাপ্পা ভোট বন্ধ হতো,Negative
"খলনায়ক, দারুণ দেখিয়েছে",Positive
আমার বিজয়ের ছবি খুব ভালো লাগে,Positive
অনেক সুন্দর ছবি এটা,Positive
"অপ্রয়োজনীয় ক্যারেকটার একটা এদিক ওদিক ঘুরে, এর জন্যেই কিছুটা অসুন্দর হয়েছে",Positive
অসাধারণ একটা মুভি রাজনৈতিক জন্য,Positive
আমারে কমেন্টে যতটা লাইক আসবে অতঃপর আমি মুভিটা দেখব কারণ মুভিটা দেখে আমারই অনেক লজ্জা হচ্ছে তোমরা কোন গভর্নমেন্টের দেশে বাস করি,Positive
", খুব ভালো লাগলো ছবিটি দেখে",Positive
ছেকা খাবার পর ছিনা মাটা দেখছি  এইদিনের কথা মনে পড়বে যেদি ন কেই লাইক করবে,Positive
আমার ভোটটার মত হলো।,Positive
ওয়াও কি সুন্দর ঐ মানুষের জন্য আমি আছি এগি জাও ভাই,Positive
সব চাইতে ভালো হবে বাংলাদেশে হলে,Positive
খুব সুন্দর ছবি,Positive
সেই লাগে 🫣,Positive
17/10/2023 সুন্দর মুভি,Positive
আবারো দেখলাম 23/ 3/2022 এই নিয়ে 4    বার,Positive
পারলে তামিল সরকার মুভির মত করে দেখান,Positive
অসাধারণ মুভি,Positive
কমেন্ট দেখে মুভি দিখছি আশা করি ভালো হবে,Positive
আামারো মনে হয় এটা বাংলাদেশের  রাজনিতির উদ্দেশ্য করা হয়েছে।,Positive
ছবিটা আমার খুব পচ্ছন্দের 🇧🇩🇧🇩,Positive
সবাই কে এই মুভিটা দেখা উচিথ,Positive
এটা বাংলাদেশে খালি নয় সারা বিশ্বে এরকমটাই হচ্ছে,Positive
আমি আছি আলতাপ রাজবাড়ী,Positive
২০২২   মুভিটা দেখলাম,Positive
নতুন কারা মুভি দেখছেন,Positive
সেরা মুভি,Positive
"কাল আমার এক মেয়েকে ভালো লেগেছে কিন্তু থাকে বলতে পারিনি , শ্রীমঙ্গল জিউ আখরার সামনে",Positive
"মুভিটা খুব ভালো লাগেছে,,, বাংলাদেশের সরকারের মুভিটা অবশ্যই দেখা উচিত। আমাদের দেশের সরকার বারবার ভোট চুরি করে ক্ষমতায় আসছে কিন্তু প্রতিবাদ করার মত কেউ নাই,, আফসোস ।বিজয়ের সব মুভি সুন্দর,, আমার মত কার কার ভালো লাগে বিজয়কে??",Positive
আমার জন্য একটা সময় নিয়ে কাজ করার কথা বলা হয়েছে তার সাথে দেখা যায় সেই থেকে বেরিয়ে আসে যায় সেই সাথে কথা বলা হচ্ছে,Positive
মনের কথা কইছেন ভাই,Positive
"যার সিনেমার মাধ্যমে ফুটে উঠে বাস্তব চিত্র, তার নাম হলো বিজয় সার, সেলুট জানাই সার এমন একটি সুন্দর সিনেমা উপহার দেওয়ার জন্য,,,, আপনার থেকে এমন সিনেমা আরো চাই,, কে কে চান লাইক দিয়ে বুঝিয়ে দিন,,,,",Positive
অনেক সুন্দর,Positive
মুভিটার নাম কি কেও বলবেন প্লিজ,Positive
আমিও  ভাইয়ের সাথে  এক মত,Positive
অসাধারণ ছবি,Positive
বাংলাদেশের মানুষ এই মুভির কেরেক্টারের সাথে সম্পুর্নভাবে জরিত,Positive
অসাধারণ একটা মুভি,Positive
কে কি বলবেন এই মুভির নামটা কী?,Positive
️                   ツ●───༊᭄࿐❥ – সময় আমাদের জীবনের কোনো কিছু নষ্ট করে না....! – শুধু শিখিয়ে দিয়ে যায় বাস্তবতা কি...!,Positive
ধন‍্যবাদ স‍্যার,Positive
অসাধারণ মুভটা,Positive
ভাইয়া  আমি এই মুভি দেখে ঢাকা সমাবেশে জোগ দিয়েছি,Positive
নাই মুভি,Positive
রাইট এই মুভিটা বাংলা দেশের সরকারের দেখা ঊচিত এবং বাংলা দেশের নেতাদের ও দেখা ঊচিত,Positive
বর্তমান সরকারের উচিত এই চবিটি যাতে না চলে তার জন্য আইনের আশ্রয় নেওয়া,Positive
বর্তমান বাংলাদেশের চিত্র,Positive
অনেক সুন্দর,Positive
একদম একুরেট কথা,Positive
বিজয় দারুন করচে,Positive
বাংলাদেশের সরকার অবস্থা একি।,Positive
অনেক ভাল,Positive
অনেক ধন্যবাদ,Positive
অসাধারণ,Positive
অসাধারণ,Positive
ছবিটা কেমন পরিচিত লাগে,Positive
নাইস,Positive
পরের অংশ চাই,Positive
নাইস মুভি,Positive
চমৎকার,Positive
এই সরকারের সাথে মুভিটার মিল আছে,Positive
ঠিক আমাদের বাংলাদেশ এর কোম হয়া উচিত,Positive
আমার ও মনে হচ্ছে,Positive
অসাধারণ,Positive
ডাবিং  স্পষ্ট  হয়েছে,Positive
ঠিক বলেছেন,Positive
বাংলাদেশ সাবাশ বাংলাদেশ,Positive
"ভাই মুভিটা তো ১ ঘন্টা ৪৪ মিনিটের,,,,,,বাকিটা কই",Positive
বাংলাদেশ সংবিধান এই রোল্স টা থাকলে ভালো হতো।,Positive
আমাকে কেউ ফলো করো,Positive
ভয় দিলাম,Positive
নাইস,Positive
এমন যদি হতো সবাই সবার ভোটের জন্য নিজ জায়গা থেকে লড়তো এটলিস্ট বাংলাদেশের,Positive
ভাল মুভি,Positive
তোমরা কোথায় কেউ কি নাই যে শেখ হাসিনাকে মুভিটা দেখানোর জন্য,Positive
কি কমেন্ট করব আমি ভেবে।              পাচ্ছি না আসলে এই মুভির কোনো তুলনা নেই,Positive
এই ছবির নায়ক ভিপি নুর  ভিলেন আওয়ামী লীগ,Positive
রাইট,Positive
বিজয়,Positive
রাজাকারের বাচ্চারা কই,Negative
এটা বল্লূ না,Positive
এখানে অনেকেই ছবিটা দেখে নায়কের পরিচালকের প্রশংসা করবেন কিন্তুু  ছবিটাতে  কি বোঝাতে চেয়েছেন তা একটু মিলিয়ে দেখবেন এই দেশের বাস্তবতা কি হচ্ছে কি করে এখনও ধোকা দিয়ে যাচ্ছে এই আমাদের আর কিছু  লিখলাম না  যারা বোঝার তা বোঝে যাবেন  ।,Positive
এই নায়কের নাম কি কেউ কি বলতে পারো,Positive
বেশি বিজয়ের বাংলা ভাষা তামিল মুভি,Positive
এই ছবিটা বাংলাদেশের হলে পরিচালক কে ফাঁসি দিত,Positive
বাস্তব,Positive
৫% ভোটে আমাদের দেশে এমপি হয়।,Negative
হিন্দি মোভি বাংলায় মজা লাগে না,Negative
আচ্চা এই মত্রির মেয়েটার নাম কী? কেউ জানেন??,Positive
বাংলাদেশ ছাত্রলীগ,Positive
"আওয়ামীলীগের সবাইকে এই মুভি দেখানো দরকার,,,,",Positive
ছবিটাতে আওয়ামী লীগের চরিত্র তুলে ধরছে,Negative
নাইচ,Positive
ভালো না খুব একটা ছবি তুলে ধরা,Negative
এমন একটা সরকার বাংলাদেশের খুব দরকার ধীরে ধীরে শেষ হয়ে যাচ্ছে আমাদের দেশটা,Positive
হও,Positive
মনে হচ্ছে বাংলাদেশের বর্তমান অবস্থা দেখছি৷,Positive
ফালতু মুভি,Positive
"পৃথিবীতে রক্তের সম্পক ছাড়া শ্রেষ্ট হলো সম্পক হলো বন্ধু সম্পর্ক,, ভালো থাকুক সকল বন্ধু বন্দন",Positive
"সত্যি দেখার মতো একটা মুভি,, শেষে কাঁদিয়েই ছাড়ল,,",Positive
জড়িয়ে ধরে কান্না করব এমন বন্ধু আমার জিবনে কখনো আসেনি  সত্যিই অসাধারণ মুভি,Positive
যারা বাংলাদেশ থেকে দেখছেন তারা শুধু লাইক দিন,Positive
জখন বন্ধদের মিল হয়ে জড়িয়ে ধরলো তখন চোখে পানি ছলে আসছিলো,Positive
আমাদের বন্ধুত্ব কখনো নষ্ট হবে না ইনশাআল্লাহ।। যা কিছুই হোক না কেন আমরা কখনো আলাদা হবো না আল্লাহ যেন আমাদের বন্ধুত্ব কে দ্বীনের জন্য কবুল করেন ও বন্ধুত্ব অটুট রাখেন মৃত্যু পর্যন্ত,Positive
এরকম মন মানসিকতা সবার থাকলে কোনো দিন কোনো বন্ধুত্ব নষ্ট হয়তো না,Positive
বাহ! অসাধারণ ️ কখনো না টেনে মুভি দেখলে এইটাই প্রথম।,Positive
এই মুভিটা একে অপরের বন্ধুত্ব কে গবির করে তূলতে সাহায্য করবে তাই এই মুভির জন্য যারা কাজ করছেন তাঁদের অনেক অনেক ধন্যবাদ,Positive
"বন্ধুত কাকে বলতে হয় এটা এই ছবিটা থেকে শিখা দরকার,,, অনেক অনেক মানে খুব ভালো লাগলো এই মুভি- টা...মুভিটা দেখে আমার চোখ দিয়ে কান্না চলে আসছে,,,খুব ভালো লেগেছে মুভি টা....",Positive
_ কারোর কাছে মূল্যহীন হওয়ার চাইতে - নিজের কাছে শূন্য থাকা শ্রেয়️,Positive
যারা বাংলাদেশ 🇧🇩থেকে দেখেছেন তারাই বলেন ছবিটা কেমন হয়েছে🇧🇩🇧🇩🇧🇩,Positive
বাস্তবে কোন এক মেয়ের জন্যই ছেলেদের বন্ধুত্ব হারিয়ে যায়।এটাই সত্যি।,Positive
না কেঁদে পারলাম না.... শেষ পর্যন্ত..,Positive
আসলে কল্পনা আর বাস্তবতা বড়ই কঠিন জিনিস। প্রেম ভালোবাসা বন্ধুত্ব আসবে যাবে এটাই সত্যি।,Positive
মুভি টি খুব সুন্দর হয়েছে দাদা এরকম মুভি আরও চাই ধন্যবাদ দাদা,Positive
মুভিটা দেখে চোখে জল এসে গেলো একেই বলে বন্ধুত্ব,Positive
এইবার সহ 10 বার দেখলাম  আমার জীবনে দেখার মধ্যে সেরা একটা মুভি টাইম লাইনে রেখে দিলাম পরে জন্মের মানুষেরা যেন দেখতে পারে এই মুভির সম্পকে যতই বলি সবি যেন কম মনে হয় কিন্তুু ভুল নয় ️️,Positive
"যত বার এই মুভিটা দেখি,ততবার  চোখে কান্না চলে আসে, অসাধারণ একটা মুভি, বন্ধুত্বের চেয়ে আর কিছু না",Positive
জীবন যেখানে যেমন   জীবনের সর্বাধিক আনন্দ হল ভালবাসা,Positive
অসম্ভব মুভি।  বন্ধু জাষ্ট বন্ধু নয় জীবনের একটা অংশ ️️,Positive
মুভিটা এত সুন্দর  যে বলার কোন ভাষা নেই।। পৃথিবীর প্রকৃত বন্ধু  কোন তুলনা হয় না।।,Positive
আমি বাংলাদেশ থেকে এই ভিডিও দেখতেছি ভাই এত সুন্দর ভিডিও আমি আগে কোন দিন দেখে নি ভাই এটা এত সুন্দর ভিডিও যে একবার দেখলে বারবার দেখতে ইচ্ছে হয় এরকম আরো ছবি চাই,Positive
এই নিয়ে ১৩ বার দেখলাম..মন তবুও ভরে না,Positive
শ্রেষ্ট ডাবিং!! ক্রাইম প্যাট্রোলে এরাই কন্ঠ দেয়!!,Positive
এটাই আমাদের বন্ধুত্ব সামান্য একটা ব্যাপার নিয়ে সম্পর্ক ভেঙে যায়,Positive
অনেক বার দেখার পরেও আমার সাদ মিটে না।এত ভালো লাগে এই মুভি টা।,Positive
বেষ্ট মুভি কান্নাটা আটকাতে পারলাম না,Positive
এরকম ভালোবাসার জন্য হাজার হাজার বন্ধুত এমনই শেষ হয়ে যায়,Positive
- বেস্টফ্রেন্ড তো সেই...  - যে ঠান্ডা লাগা গলা আর কান্না ভেজা গলার পার্থক্য বুঝবে!,Positive
মুভি টা দেখে কাঁদতে হলো অনেক এটাই প্রকৃত বন্ধুত্ব,Positive
সত্যিই ছবিটার প্রশংসা ভাষায় প্রকাশিত করা যাবে না।,Positive
সঠিক বন্ধুত্ব এমনই হয়। এক বন্ধুর কাছে আরেক বন্ধু ফ্রেশ থাকা।,Positive
এই মুভিটা দেখে আমার চোখে পানি চলে আসছে,Positive
"ইরাক প্রবাসী আমি,,,কে কে আমার মতো তামিল মুভি বাংলা ডাবিং দেখতে ভালোবসেন।",Positive
প্রকৃত বন্ধুরা সবসময় এমন ই হয়।আর ছোট বেলার বন্ধু গুলো অসাধারণ হয়।,Positive
বন্ধুত্ব মানেই তো ত্যাগ।অসাধারণ একটা মুভি,Positive
জারা অনেক অনেক নতুন ছবি দেখতে চান তারা সবাই লাইক দেন।,Positive
পুরো সিনেমাতে কৃতিকা একজন লিজেন্ড । অভিজ্ঞ ব্যক্তিত্ব ।   বন্ধুত্ব গুলো বেঁচে থাকুক চিরদিন ।,Positive
আসলেই বন্ধুত্বের গল্পটা অনেক সুন্দর হয়,Positive
প্রয়োজনে সবাই প্রিয়জন এটাই স্বাভাবিক..,Positive
পৃথিবীর সব থেকে সুন্দর সম্পর্ক বন্ধুত্ব,Positive
"মুভিটা সত্যিই খুব ভালো লেগেছে,,, সত্যিকারের বন্ধুত্ব হয়তো একেই বলে",Positive
এমন ভালোবাসা শুধু বন্ধুত্বের মধ্যেই থাকে।ধন্যবাদ যারা কষ্ট বাংলা ডাবিং করেছেন।,Positive
"বন্ধুতের মূল্যটা আসলে সবাই দিতে পারে না,ভালো থাকক সব বন্ধুত,,লাভ ইউ বন্ধু,, শামসুরনাহার, নুসরাত, সংগীতা",Positive
সবার জীবনে একটা ভালো বন্ধু  দরকার,Positive
হ্যা এটাই আসল বন্দুত্ত ️️,Positive
"- বন্ধুত্ব ব্যাপারটা অনেক সুন্দর, যদি বন্ধুর মতো বন্ধু হয়!",Positive
বন্ধু  হলো এমন হওয়া উচিত,Positive
"মুভি টা ভালো,,ওরা কজন এক সাথে যে বন্ধু গুলো অভিনয় করেছে তারা ও।বাংলা ডাবিং এরাকম আরো হোক।",Positive
বন্ধু মানেই অনেক কিছু ️ ভালো থাকুক সকল বন্ধুত,Positive
আপসোস যদি আমার এমন একটা বন্ধু থাকতো,Positive
গল্পটা অসাধারণ চোখে পানি চলে এলো,Positive
"কি আছে এই ভালোবাসা নামক শব্দের মধ্যে যার জন্য প্রতিনিয়ত হাসি খুশি থাকা মানুষগুলো সৃষ্টিকর্তার কাছে প্রার্থনা করে মৃত্যুর জন্য‍,,,,",Positive
দুঃখের সৌন্দর্য উপভোগ করতে হয়।,Positive
নাইস মুভি  বাংলাদেশ থেকে যারা যারা এই মুভি টা দেখছো তারাই শুধু লাইক দিন,Positive
সত্যি কারের বন্ধুত্ব কখনও নষ্ট হয় না  আর ভালোবাসা সে তো ভাগ্য লাগে যেটা সবার ভাগ্যে থাকে না এই ছেড়ে যাওয়ার যুগে সবার একটা করে মনের মানুষ থাক,Positive
"অনেক ভালো লাগে  মুভিটা দেখতে। এরকম বন্ধু পাওয়া  ভাগ্যের ব্যাপার , যতবার দেখি ততই মুগ্ধ হয়ে যাই",Positive
ভালো ভালো  বন্ধুত্ত গুলো এই ভাবেই নস্টো হয়ে যাই সরি ভাইয়া,Positive
এই মুভিটা চার বছর পরে আজ দেখলাম।  দেখে খুব কষ্ট পাইলাম আবারও সেই দিনগুলোর কথা মনে পড়ে গেল,Positive
ভাই আপনাদেরকে ধন্যবাদ এত ভালো ভালো ছবি দেওয়ার জন্য,Positive
মুভিটা লাস্টে কাঁদিয়ে ছাড়লো,Positive
"বন্ধুতের জন্য মুভিটা দেখলাম, সত্যি অসাধারন বন্ধুত্ব, টাকা ও মেয়ের জন্যই বন্ধুত্ব শেষ হয়ে জায়",Positive
অনেক দারুন হয়েছে মুভিটা শেষ একটু দেখে খুব কান্না পাচ্ছে আমার,Positive
শেষে কান্না চলে আসছে। কমেন্ট না করে পারলাম না।,Positive
মুভিটা দেখার পর প্রথমে ভালো লাগছে কিন্তু পরে কান্না আসছে,Positive
বন্ধুত্ব এমন হওয়া উচিত ️️️️,Positive
রক্তের সম্পর্ক এর থেকে  শেষ্ঠো সম্পর্ক হলো বন্ধুত্ব,Positive
অামি যত বার এই ছবিটা দেখি তত বারই ভালো লাগে,Positive
আমি এই নিয়ে দুই বার দেখলাম। কারন কিছু মুভির আছে একবারে হৃদয় ছুঁয়ে যাওয়ার মত । তাই দ্বিতীয়বার দেখলাম ।,Positive
আরো বাংলা ডাবিং মুভি চাই। তাই লাইক কমেন্ট দিলাম।,Positive
সত্যিই দুই বন্ধুর এক অসাধারণ মিলন দেখলাম।আসলে বন্ধুত্ব এমনি হয় অভিমান ছাড়া বন্ধুত্ব অসম্পূর্ণ।,Positive
বাস্তবে কোন এক মেয়ের জন্যই ছেলেদের বন্ধুত্ব হারিয়ে যায়।এটাই সত্যি,Positive
"নায়ক-নায়িকাকে আমার অনেক ভালো লাগে,,,",Positive
জীবনে প্রথমবার কোন মুভিতে কমেন্ট করলাম ।কেন যানি না  মুভিটা দেখলে চোখের জল আটকানো অনেক কঠিন হয়ে যায়,Positive
মুভি টা আমার লাইফের সাথে অনেক টা মিল রয়েছে,Positive
খুবই ভালো লাগলো  হৃদয় ছুয়ে গেলো  আরো মুভি চাই,Positive
মুভিটা সত্যি অনেক সুন্দর আমার একটা বন্ধু আছে আমাকে অনেক অনেক ভালোবাসে আমিও আমার বন্ধুকে অনেক ভালোবাসি আমি সারা জীবন তোকে মিস করবো দুস্ত,Positive
"কষ্টের যায়গাটা এখনে, যখন ভালোবাসার মানুষটা হারিয়ে যায়",Positive
বন্ধু হলে এই রকম হওয়াটাই দরকদার  কিন্তু এই রকম শুধু সিনেমাতে হয় বাস্তবে আর এই রকম হয়না।।।তবুও মুভিটা  খুবই সুন্দর,Positive
"মুভি টা দেখে আমার ছোট বেলার বন্ধু কথা মনে পরলো, শুধু ও কথা মনে পরে, ৬/৭ বছর হলো কোন যোগাযোগ নাই,,,  বন্ধু  বন্ধু",Positive
একেই  বলে  বন্ধুত্ব,Positive
এই মুভিটা আমার কাছে এতো ভালো লাগছে যে বলে বোঝাতে পারবো না।,Positive
এই মুভি আমার কলিজার বন্ধু কে দেখতে বলবো,Positive
এখন কার সময় এরকম বন্ধুত্ব খুবই কম দেখা যায়,Positive
সব ঠিক   দিন শেষ এ শুধুই নাটক,Positive
"আমার দেখা মুভিগুলোর মধ্যে এটাই সবচেয়ে বেস্ট মুভি ছিলো,, সবার বন্ধুত্ত যদি এই রকম হতো,,",Positive
"এটার নামই ভালোবাসা, ভালোবাসলে যে তাকে পেতেই হবে এমনটা না। সে যেখানেই থাকুক ভালো থাকুক ।এটাই চাওয়া উচিৎ",Positive
আমার জীবনে সেরা মুভি...আমি বার বার দেখি... তার পরে ও আবার দেখতে ইচ্ছে... একেই বলে বন্ধুত্ব..,Positive
ইমন বাংলা মুভি দেওয়ার জন্য ধন্যবাদ,Positive
এমন একটা বন্ধু  পাওয়া ভাগ্যের ব্যাপার,Positive
মুভিটা দেখে রিদয় ছোয়ে গেল,Positive
"এই ছবি আমি প্রায়,,, ৩০ বারেরও বেশি দেখছি,, কারণ এই ছবিতে নিজের কিছু কাহিনী জরিয়ে আছে,, আর তাই ছবি টা আমার কাছে খুবই জনপ্রিয়",Positive
ভালো লাগার আরো এক নাম হিন্দি পিল্ম বাংলা ডাবিং দেখার,Positive
এই ছবিটা যতবার দেখি তত বার চোখে পানি চলে আসে,Positive
জটিল ছবি টা খুব ভালো লাগলো সবার অভিনয় টাও খুব ভালো ছিলো,Positive
চোখের পানি ধরে রাখা যাইনা।,Positive
"যারা মুভি দেখতে ভালোবাসেন, তারা অবশ্যই এই মুভিটা দেখবেন। ️️",Positive
এমন একটা বন্ধু যদি কেউ হত আমার,Positive
আমার জীবনে দেখা মুভির মধ্যে এটাই সেরা।,Positive
"এই মুভিটা যতই দেখি ততই ভালো লাগে,,আর কলেজ লাইফের কথা মনে পড়ে,,আমার বান্ধুবীদের কথা মনে পড়ে,,তখন চোখের পানি দরে রাখতে পারি না",Positive
আঘাত না পেলে কাছের মানুষ চেনা যায় না আর বিপদে না পড়লে বন্ধু চেনা যায় ন,Positive
অনেক অনেক ধন্যবাদ এতো সুন্দর ছবি দেওয়ার জন্য।,Positive
সব তেকে সেরা মুবি এটা কুব _সুন্দর মুবি   বাংলাদেশ _তেকে যারা সবাই _লাইক করুন,Positive
দিন শেষে বন্ধুত্ব টায় বেস্ট,Positive
"প্রকৃত বন্ধু, আসলে প্রকাশ করা মুশকিল, আফসোস আমার কোন প্রকৃত বন্ধু নাই,যে আমার সব কষ্টগুলো বুঝবে ....... বেঁচে থাকুক বন্ধুত্ব ভালোবাসা",Positive
মুভিটা খুব ভালো লেগেছে নেক্সট প্রজন্মের জন্য কমেন্ট টা রেখে গেলাম।২০২১,Positive
একেই বলে বন্ধুত্ব,Positive
"অসাধারন,, অনেক অনেক সুন্দর",Positive
"এই মুভি টা অনেক বার দেখেছি খুব ভালোলাগে, আমার বেষ্টফেন্ড থেকে এক মাস,সাত দিন হলো দুরে কথা হয় না খুব মিস করি হারামি টা কে",Positive
"সত্যিই অসম্ভব সুন্দর ছিল এদের বন্ধুত্ব,কিন্তু এটা শুধু সিনেমায় হয় বাস্তবে না।",Positive
"কি সুন্দর একটা বন্ধুত্বের সম্পর্ক.!   খুব চমৎকার একটি মুভি,,ভালোই লাগলো..🇧🇩 05.12.23",Positive
এই সিনেমা টা এতো ভালো লেগেছে যা আমি ভাষায় প্রকাশ করতে পারবোনা রাম পথিনি আমার সব থেকে ফেবারিট নায়ক  তার সব কয়টি সিনেমা দেখা শেষ,Positive
এই মুভি টা থেকে অনেক কিছু শিখা  যায়,Positive
আমার দেখা তামিলের সেরা ছবি ইউটিউবে ৫ বার দেখেছি,Positive
"ভাইয়া অনেক ভালো লাগছে মুভিটা,,,",Positive
এরকম মভি আরো চাই।  এতো ভালো লেগেছে বোঝাতে পারবো না,Positive
"বাস্তবে এমনটা হয় না ।  আমার ভালো  একটা বন্ধু ছিল। তার জন্য অনেক  কিছু  করছি , কিন্তু  সে  আমাকে অবহেলা করে  গেছে ।",Negative
২ জনের মাঝে ৩ ব্যাক্তি আসলে সম্পর্ক নষ্ট,Negative
এটা শুধু মুভিতেই মানায় বাস্তবে না,Negative
একটু বেশি বেশি হয়ে গেছে,Negative
আমার এমন কোনো বন্ধু নেই,Negative
আমার এক বান্ধবী আছে যে আমার সাথে ছয় বছর ধরে কথা বলে না,Negative
ছবিটা প্রথম দিকে কিছুটা ভালো হলেও  শেষের দিকে মোটেও ভালো লাগেনি,Negative
কিযে ভালো লাগে না।,Negative
আজকে আমি আমার বেস্ট ফেন্ড  হারালাম খুব বেশি কষ্ট হচ্ছে,Negative
"এই রকম সেম ঘটনা বাংলাদেশে হয়েছিলো। অনেক আগের ঘটনা। ৯০ এর দশকের। একজন রেপ হওয়া মহিলাকে, মানুষ উদ্ধার করে পুলিশ এর গাড়িতে তুলে দেয়। মহিলা ভয়ের কারনে, গাড়ি থেকে লাফ দেয় এবং মারা যায়। এই মহিলা মারা যাওয়ার কারনে পুলিশ ভয় পেয়ে যায়। এব্ং লাশ ফেলে রেখে চলে যায়।  পরের দিন জানা জানি হলে, মানুষ বলে আমরা তো তাকে পুলিশের গাড়িতে তুলে দিয়েছি। সবাই মনে করে পুলিশ হত্যা করেছে।  তখন সারা দেশে ব্যাপক আন্দোলন শুরু হয়। তখন বিরধি দলের আন্দোলনের মুখে সরকারি দল, পুলিশ কে ফাসি দিয়ে হত্যা করে।  ঐ রাতে ডিউটি সিসিতে নাম থাকলেও, কনো কারনে দারগা () গাড়িতে ছিলেন না। এর পরও দারোগা সহ সবাইকে হত্যা করা হয়।  এটাই রাজনীতি।   বিঃদ্রঃ এই ঘটনা সেই সময় চাকরি করা, বেশ কয়েক জনের কাছে শুনেছি। সবাই বলে পুলিশ নির্দোষ ছিলো।",Negative
অনেক দিন পর একটু তারাতাড়ি ভিডিও দিবেন ভাইয়া,Negative
সমাধান ডিরেক্ট ফাঁসি ধর্ষণকারীর শাস্তি ফাঁসি। তাহলেই ধর্ষণ কমবে।,Negative
আমিও হারিয়ে যেতে চাই র ভালো লাগছেনা এই জীবন,Negative
আমার মোতোএথ দূঃখ যেন কেউ নটায় কারন আমার আমাদের কে ছেড়ে চলে গেছে,Negative
গল্পটা  সত্য মিথ্যা কিছু জানিনা কিন্ত খুব বেদনা দাওক. আমি দেখতে দেখতে কষ্টে বন্ধ করে দিয়েছিলাম অনেক কেঁদেছিলাম ফের দেখি শেষেরটা আরো বেদনা দাওক,Negative
গল্পটি অ পরিপক্ব হাতের লেখা। ভুল ভ্রান্তি যুক্ত। ট্রেনটি সুদূর মধ্য প্রদেশ থেকে হাওড়া ছুটল অথচ একটি ও প্যাসেঞ্জার নেই। মাঝ পথে কোন প্যাসেঞ্জার উঠল না।,Negative
গুড্ডুর জন্য খারাপ লাগতেছে। ভাইটা বেচে থাকলেই বেসি ভাল হতো।,Negative
খুবই কষ্ট লাগলো...,Negative
সত্যি অনেক কষ্টের,Negative
খুব কষ্ট হয়েছে,Negative
কষ্ট লাগছিল সত্যিই।,Negative
কস্ট লাগে বাই,Negative
সত্যি কথা বলতে আমিও যখন শখ করে  পিৎজা  খেয়েছি আমার কাছে ছবিটি ছোট ভাইয়ের কথার মতো মনে হয়েছে। একেবারেই  জগন্য। আমার ১০০০/ টাকাই জলে ফেলেছি।  এর চেয়ে আমার মায়ের হাতে রুটি টমেটো  অনেক মজা।,Negative
গরু নাকি? কাউকে দিয়ে আনালেই গো হয়।,Negative
মনটা খারাপ হয়ে গেছে,Negative
কবে যে আত্মহত্যা করতাম শুধু নিজের দুইটা ছেলে আছে ফ্যামিলি আছে মা-বাবা আছে তাই করতে পারি না আমি মরে গেলে ছেলে দুইটার। কি হবে এই পৃথিবীটা এত কঠিন যারা আমার মত গরিব তারা জানে,Negative
চকচক করলে সোনা হয় না,Negative
একদম বাজে পিজ্জা। শুনতে হাসি পাইছে,Negative
কথা বলার শেষে ঘের ঘের করে,Negative
"আপনি এতো পচা কেনো,সবাই প্রতিদিন ১টা করে ভিডিও দেয়।আর আপনি একসপ্তাহ হয়ে গেলো এখন পর্যন্ত ভিডিওর খবর নাই।",Negative
ফালতু কবিতা,Negative
এই মুভিটা  মিনিট পর্যন্ত দেখছিলাম সম্পূর্ণটাই থ্রিডি কার্টুন এর মত লাগছিল তারপরে ডিলিট করে দিছি আমার এমবি লস হয়েছে,Negative
পুরাই ফালতু মুভি রামায়ণ কাহিনী টার  টা বাজাই দিছে,Negative
হিন্দু ধর্মের যে সাধারনের মধ্যে সোন্দর্যের  টা বাজিয়ে দিয়েছে এই সিনেমা সব কীছু এত হালকা নিলে হয় না এক কালে সাধারণ মানুষকে যা ভাবত পলিটিক্যাএল লিডার গুলো আর এই ইউটিউব এর যুগে মানুষকে এত খারাপ এডিটিং ছি জঘন্য,Negative
আপনি চরিত্র গুলোর নাম জানেন নি  ফালতু এক্সপ্লেশন,Negative
এভাবে চলতে থাকলে সত্যটাই একসময় হুমকিতে পরবেহারিয়ে যাবে সত্য হায়রে পরিচালকহায়রে কলীকাল,Negative
কাটুন মুভি এয়ার চেয়ে ভালো টম এন্ড জেরি,Negative
এতো কোটি টাকার মুভি ভালো হয় নিএর চেয়ে বাহুবলি ভাল ছিল,Negative
বাজ পাখি থেকে শকুন হয়ে গেলো বাহ খুব দারুন,Negative
খুবই বাঝে ভাবে মহান চরিত্রকে উপস্তাপন করা হয়েছে,Negative
বিভিশনের চুলের কাটিং তো সেই তখন কি এমন হেয়ার কাটিং স্টাইল ছিলো,Negative
তুমি জীবনের সবথেকে বড় পাপ করলে এই মুভিটা এক্সপ্লেইন করে  ভগবান রাম সীতা এবং লক্ষণ তোমাকে কখনো ক্ষমা করবে না  এই মুভিটা সঙ্গে রামায়ণে কোন সম্পর্ক নেই কিভাবে তুমি এক্সপ্লেন করলে তুমি কি রামায়ণ পড়োনি বা রামায়ণের গল্প শোনোনি  তুমি যদি রামায়ণ শুনতে বা পড়তে তাহলে তুমি এই মুভিটা কে রামায়ণ বলতে না আমি একজন হিন্দু হয়ে বলছি এই মুভিটা যে বানিয়েছে তার মুখে জুতো মারা উচিত,Negative
রাবনের ভাই ইন্দ্রজিৎ নয় রাবনের পুত্র ইন্দ্রজিৎ ভুল ভাল বলছেন,Negative
কোটিরুপির মুভি এটা নাকি  হাজার টাকার কোনো কার্টুন,Negative
আপনি এই মুভি বিশ্লেষণ করার আগে রামায়ন পড়ে নেয়া উচিত ছিলো,Negative
মুভিটা দেখে ডিরেক্টরকে মনে হচ্ছে জুতো দিয়ে পেটাই,Negative
একমাত্র আল্লাহ্ পাক ভালো জানেন এই রামায়ণ কাহিনী সত্য কিনা,Negative
জটায়ু কখোনো শকুন ছিলো না দাদা,Negative
আপনি ভুল বলেছেন রাবণের ছেলে ইন্দ্র জিৎ রাবণের ভাই নয়,Negative
এই মুভিটা এতো টাকা খরচ করলো কিন্তু বক্স অফিসে হিট করতে পারি নি একদম ফালতো মুভি,Negative
রামায়ণের আসল কাহিনী না দেখিয়ে সব ভুল ভাল ডাইলগ যোগ করেছে এখানে এই মুভিটি আমাদের জন্য খুবি অপমানের  লজ্জার খুবই কষ্টেরএরা রামায়ণের অপমান করেছে,Negative
ইংলিশ মুভি এর নকল করছে মনে হয় তবে কাহিনী টি গ্রিক কবি হোমার  এর ট্রয়  থেকে নেয়া হইছে নামেও একটি ইংলিশ মুভি আছে,Negative
আপনি এখানে বললেন রাবণের ভাই ইন্দ্রজিৎ কিন্তু আসলে ইন্দ্রজিৎ রাবণের ভাই নয় পুত্র ছিল,Negative
ভাই বলেন না কি করলে ইর ক্লিপ ছারলে দিবে না ভাই বললে অনেক ভালো হতো,Negative
একটা প্রশ্ন মুভিতে বলা হয়েছে পাথরে ওনার নাম লেখা হয়েছে বর্তমানে রামসেতুর পাথরে কী সে নাম পাওয়া গিয়েছে  জানার জন্য জিজ্ঞেস করলাম,Negative
খুবই জঘন্য লাগলোমন চাচ্ছে মুভির রাইটারডিরেক্টরকে ধরে ইচ্ছা মতো থাপ্পড় দেই,Negative
ওটা রাবণের ভাই না ওটা রাবণের ছেলে ইন্দ্র জিৎ,Negative
প্রবাস কে টাকা দিলো আর সেই এই চরিত্রের জন্য হ্যাঁ করে দিল এর থেকে ভালো তো অক্ষয় কুমার ছিল তাদের উচিত ছিল রামচরণ অথবা হৃত্বিক রোশন এর পায়ে ধরে এই চরিত্রে সাইন করানো দিন শেষে তারা কি নিয়ে আসতো একটা কার্টুন,Negative
এইতো কিছুদিন আগেই ব্রাদার রুহুল আমিন রাম সীতার গল্প হিন্দুদের গীতা থেকে শোনাচ্ছিল পুরোটা শুনলাম তাতে বোঝা গেল রাম যে সীতাকে উদ্ধার করেছিল সে তার প্রতি ভালোবাসার থেকে নয় বরঞ্চ তার মান সম্মান বাঁচাতে সীতাকে উদ্ধার করার পর সে সীতাকে যেদিক মনে চায় সেদিকে চলে যেতে বলেছে কারণ লঙ্কার রাজার কাছে সীতা অনেকদিন ছিল এবং তাকে সে গায়ে হাত দেয় নাই এই ব্যাপারে রাম সন্দেহ করে সীতাকে যেদিকে মন চায় সেদিকে চলে যেতে বলেছে হিন্দুদের দেবতার বউকে অপহরণ শুনতে ই অবাক লাগে আর রামের তো একটা বউ ছিলনা অনেকগুলো ছিল আর গুলা কই ছবিতেতো দেখানো হয় নাই,Negative
এটা কোন কাহিনি হলো রামায়ণ এর মোটা মুটি সব পর্ব আমি দেখছি সেখান থেকেই ডিরেক্টর কিছু কপি করে মুভি বানিয়েছে,Negative
রামাণয়ের মান সম্মান শেষ করো দিলে,Negative
এক বলের মত ডিরেক্টর রামায়ণ টাকে মজা বানিয়ে দিও তোমর ভিডিও টা খুব ভাল লাগলো,Negative
রাবনের ভাই নাম ইন্দজিত,Negative
এটা কোটির মুভি হাস্যকর এর চেয়ে হিরু আলম এর মুভি ভালসাইফ আলি খান যদি এই চুল কাটিং নিয়ে কনো একশন মুভি করত তাহলে সেটা বাম্পার হিট হতো,Negative
এই ভিডিওটা না দেখলে আর না শুনলে জানতেই পারতাম না ইন্দ্রজিৎ রাবনের ভাই,Negative
এই ছবির সাথে রামায়ণের  মিল নেই,Negative
হাসি পাচ্ছে,Negative
এটা কোনো মুভি হলো,Negative
মুবিটি ভালো লাগে নাই টাকা জন্য প্রবাসে কেরিয়ার শেষ,Negative
মুভি কাটুন কাটুন লাগল,Negative
এটা কোন সঠিক আদিপুরুষ মুভি নয় এখানে রামায়ণের কাহিনীর বিকৃতি ঘটানো হয়েছে,Negative
ওটা শকুন না ভায় ঈগল,Negative
রাবনের ভাই ইন্দ্রজিত মাথা ঠিক আছে,Negative
ইন্দ্রজিৎ রাবণের ভাই না ছেলে,Negative
ভাই আপনি কী বল্লেন রাবণ এর ভাই ইন্দ্রজিৎ,Negative
বেশি অবাস্তব দৃশ্য ছিলো,Negative
এত আগের সিনেমা নতুন করে বানানোর কি দরকার নতুন সিনেমার কে বানাতে পারে নাকি এটা তো খুব আগের সিনেমা নতুন করে বানিয়েছে,Negative
এটা কোন মুভি জাতীয়,Negative
আমার কাছে মনে হচ্ছে কাটুন মুভি,Negative
ফালতুর চূরান্ত সীমা ছিলো মুভি টা এটা ধর্ম অবমানার সামিল যাই হোক আপনার এক্সপ্লানেশন ভালোই ছিলো,Negative
জীবনে প্রথম তামিল বাজে কোন মুভি দেখলামএটা মুভি না বলে কার্টুন বললাম,Negative
ভালো লাগলো না,Negative
সিনেমাটা যেমন বাজে ভাবে উপস্থাপন করা হয়েছে ঠিক তেমনি আপনার এক্সপ্লেইন ও অনেক বাজে ভাবে উপস্থাপিত হয়েছে,Negative
এই সিনেমার পরিচালক মূর্খ,Negative
আমি জীবনে এতো বাজে কার্টুন দেখিনাইপুরো সময়টাই নষ্ট,Negative
আমার ভালো লাগেনি তার কারন রাবনের হেয়ার স্টাইল,Negative
পুরাই আজগুবি কাহিনী,Negative
গাজাখরি কাহিনি কাটুন,Negative
এটাতো কাটুন মুভীনয়,Negative
ছাতার মুভি,Negative
এটা হচ্ছে কার্টুন,Negative
একদম খারাপ লেগেছে মুভিটা,Negative
ফালতু,Negative
কচুর মতন আর কেলার মতন মানে একটুও ভাল লাগে নাই ভাইতবে আপনার বলার ধরন অনেক ভালো,Negative
এটা কোনো গল্প হলো,Negative
ভাই এক্সপ্লেইনটা ততোটা ভালো লাগে নি,Negative
কেমনে  কোটি হলো মুভি,Negative
দোতলা রাবণ,Negative
রাবন এর ভাই ঈন্দ্রজীত না বাবন এর ছেলে,Negative
বাজেট অনুযায়ী বাজে ইডিট করেছে,Negative
করতে কোন টাকা পয়সা লাগে না ভাই সবার সার্পট ছাড়া কেহ কনো দিন সফলতা অর্জন করতে পারে না এই ভাইটা সার্পট করার মতো কি কেহ নেই,Negative
আরেকটা কথা ভাইঅই মানুষ গুলো সিংের ভাই,Negative
ফালতু ভিডিও,Negative
বাজে হয়েছে,Negative
কার্টুন মুভি,Negative
হাসি পাচ্ছে এটাকি মুভি,Negative
খাজা খোড় ডিরেক্টর,Negative
এই মুভিটা নিয়ে সবাই অনেক এক্সসাইটেট ছিল সে অনুযায়ী মুভিটা ভাল হয়নিপ্রভাসকে বলিউডের নায়িকাদের সাথে মানায় না ওকে তামিল তেলেগু নায়িকাদের সাথেই মানায় কেমিস্ট্রি মেলে না ওর সব মুভিই আমি দেখেছি,Negative
এটা দেখি রাবন কি কলওগ এলোরে বাবা,Negative
ডিরেক্টর বলে এদেরকে যারা এই ধরনের মুভি তৈরি করে আর আমাদের বাংলাদেশের হিন্দি ছবি নকল করে,Negative
হাহাহা এইডা সিনেমা নাকি খোয়াব,Negative
কিন্তু বুঝলাম না নায়িকার মুখ এতো ফ্রেস কীভাবে হলো,Negative
ভালো বিডিও সিলো এগিয়ে যান,Negative
ভাই এটা তো ছবি একটা এটার সাথে তো কোন বাস্তবতার মিল নাই,Negative
মুভি টি আমি দেখছি অতো ভালো লাগে নি কিন্তু আপনি অনেক সুন্দর ভাবে কাহিনী টি তুলে ধরেছেন খুব ভালো লাগল,Negative
আপনার আজকের এক্সপ্লানেশন টি একদম বাজে এবং অযৌক্তিক লেগেছে  মনে হয়েছে মনগড়া ঘটনা সাজিয়েছেন আসলে মুভিটির মিনিং না বুঝে আপনি যেভাবে এক্সপ্লেইন করলেন তাতে আমার কাছে সময়ের অপচয় মনে হয়েছে,Negative
কিছু তথ্য ভুল আছে,Negative
আনেক খারপ হইছে,Negative
ভালো লাগে নাই পাদের কমেন্ট হা হা হা,Negative
ফালতুমুভি,Negative
মুভি এক্সপ্লেইন করতে আরো দক্ষতা প্রয়োজনঅনেক বিষয় ভাল এক্সপ্লেন হয় নায়,Negative
এই মুভিটা অনেক ভয়ঙ্কর,Negative
ফালতু গল্প,Negative
একটুও ভালো লাগেনি,Negative
খারাপ,Negative
হেডার ছবি,Negative
পাইকানা,Negative
তাকাসী মৃত্যুতে আমার বেশি খারাপ লাগছে বেচারি সুনের উপর হচ্ছিল রাগ,Negative
খুব খুব খারাপ হয়েগেছে সুন ও ইচিকা খালি বেছে গেছে তাই একটু ভাল লাগেছে কিন্তু বাকি মানুষ মারা গেছে তাই মনে খারাপ লাগল যে কারনে উরাছোট ছিল তাই,Negative
খুব কষ্ট লাগলো মুভিটি দেখে আপু,Negative
আল্লাহ এক তার সাথে অন্য কারো তুলনা হয় না,Negative
ভয়ানক ছিলো,Negative
আপু এ রকম ভিডিও আর দেবেন না নাহলে এর ফল ভালো হবে না,Negative
এই ভিডিওটা দেখে অনেক কষ্ট লেগেছে এই ভিডিওটার আপনারা  আনবেন,Negative
দাঁত কেলানো বাদুর,Negative
দাত কেলানো বাদর নাকি রাবণের রথ,Negative
লোকজনের দেখে আদিপুরুষ দেখার ইচ্ছের ছিটে ফোঁটাও আর অবশিষ্ট নেই,Negative
ভূত রাবন না রাবন ভুত কি বলবো কিছুই বুঝতে পারছি না,Negative
বিভীষণের বউ খানা কি ভীষণ হট,Negative
কলিযুগের রামায়ণ,Negative
রাবণের দশটা মাথা আর কুড়িটা হাত,Negative
দিদি একটা হিন্দি রিয়াল আছে দাঙ্গাল চ্যানেলে হয় পালকো কি চাও মে  এটা নিয়ে একটু মজা চাই দয়া করে একটু কইরো,Negative
অসাধারণ বাঁশটা দিলেন,Negative
গালাগালি না দিলে কনটেন্ট হয় না আর রাবণ দুশ্চরিত্র লম্পট ছিলো সমালোচনা করবার আগে একটু রিসার্চ করে আসলে ভালো হতো না,Negative
সাহস থাকলে কিরণমালা সিরিয়াল রোস্ট করে দেখাও,Negative
দোতলা রাবন,Negative
দাত কেলানো বাদুড়,Negative
রাবন কম রাক্ষস বেশি লাগছে,Negative
এত দিনে বুঝতে পারছি র থেকেও বাজে কিছু হয় তাও এত এত এত বড় স্কেলে পারে মাইরি,Negative
দিদি রাবন কিন্তু দুশ্চরিত্র নয়,Negative
ছন্দ ভালো হয় না বলার দরকার নেই,Negative
সরি আপু ভিডিওটা বানানোর আগে ভাববেন  যে আল্লাহ এক এবং অদ্বিতীয়তার সাথে কাওকে তুলনা করবেননা  মনে হয় কথা টা আপনার মগজে ডুকেছে,Negative
মুভিটি ব্যান করে দেয়া উচিত সনাতন ধর্মের বড় অপমান,Negative
নিজের ধর্মকে নিয়ে কিছু বানালে গায়ে লাগে যখন মুসলমানকে ছোট করে ছবি বানানো হয় তখন মুসলমানদের কেমন লাগে,Negative
আমার কালো ধোন🫣,Negative
কবিতা গুলো ভালো ছিল না,Negative
কিন্তুু বিভীষণের বা দেখতে খুব,Negative
আদি পুরুষ দেখে আমার রাবণের প্রতি দয়া হচ্ছে,Negative
রুচিবোধ আছে এমন এর সংখ্যা কম,Negative
ইসলাম ধর্ম নিয়ে এমন মুভি বানালে দেখতে কি হতো তোমাদের রামায়ন এর ইজ্জত সোডা দিয়ে ধুয়ে দিলো,Negative
আপু আল্লাহ্ কি ফকির হয় আপনি জানেন না আমার কষ্ট লাগে,Negative
বিয়ে করবো তোকে চলে আয় বাংলাদেশ,Negative
লাউ তোমার রি কম ছিল এসো ডোপি,Negative
আমাদের দ্বিতীয় ক্যারিমিনাটি,Negative
অসাধারণ রিভিউ জাস্ট ফাটাফাটি কোনো কথা হবে না,Negative
ট্রেইলার দেখেই বুঝতে পেরেছিলাম কি হবে তাই আর মুভি দেখে সময় নষ্ট করিনি বিগ বাজেটের কার্টুন,Negative
আদিপুরুষ দেখে রামায়ণ ভুলে গিয়েছি,Negative
আমার মনে হয় ওটা রাবণের লঙ্কা না অ্যানাকোন্ডার লেজ হবে হয়তো,Negative
আমিও খেলাটা খেলেছি,Negative
নাউযুবিল্লাহ,Negative
ছোট বেলা মাদ্রাসাতে খেলেছি,Negative
ভালো লাগছে কিন্তু একটা জিনিসে অনেক খারাপ লাগছে আল্লাহ এক,Negative
এটা কি কোনো মুভি হলো নাকি,Negative
শেষের সিন টা ভাল লাগল না,Negative
আল্লাহকে নিয়ে এরকম মজা করা ভালো নয়,Negative
খুব খারাপ লাগলো,Negative
তাকে আল্লাহর সাথে তুলনা করা ভুল হয়েছেন,Negative
আমাকে নিয়ে হাসবিনা বেয়াদব আমি কে তুই ভালো করে চিনিস না,Negative
তুই হিন্দু নাকি মুসলিম তুইকিজানসনা আমাদের সৃষ্টি করতা কে আমা দের সৃষ্টি করতাহলোআললাহ,Negative
এগুলো সব মিথ্যা কথা,Negative
মিথে কথা বলার জাইগা পেলে না,Negative
এইসব ভিডিও বাদ দেন এসব ভিডিও তে শিরিক করা হয় আর শিরিকের গুনাহ আল্লাহতালা কখনো মাফ করেনা,Negative
পুরাই আজব,Negative
এরকম কোন ভিডিও দেখাবেন না,Negative
ওরা অনেক খারাপ,Negative
এটা মিথ্যা,Negative
ভিডিও তে ডিস লাইক মেরে দেন সবাই,Negative
আমার দেওয়া সৃষ্টিকর্তাকে নিয়ে মজা করার যাবে না,Negative
নাউজুবিল্লাহ,Negative
ভালো লাগি নি কেমন,Negative
মুভি এক্সপ্লেইং করার আগে বিষয় টা যেনে নিবা এধরের মুভি মুসলিমদের দেখানো উচিত না,Negative
নাওজুব্বিলা,Negative
এগুলো দেবেন না,Negative
অজুথা ফালতু কাহিনী বানানোর জায়গা পায়না,Negative
প্রথম দিকে ভিডিও টি ভালো লাগলেও শেষের দিকে ভালো লাগে নাই তাই দিছি,Negative
আর কোনো দিন যাতে না দেখি,Negative
এটা একটা মূভি,Negative
এরকম আর কোনো ভিডিও দিবেন না আমাদের আল্লাহ এক ও অদ্বিতীয় তার কোনো শরিক নেই এই ভিডিওতে আপনি সাধারণ মানুষকে আল্লাহ বানিয়েছেন আপনিও তো মুসলমান তবে আপনি কিরকম এ ভিডিও বানিয়েছেন,Negative
ফকির সাজে না,Negative
এ সব মিথ্যা,Negative
এগুলো সব কমপিউটারের তোরি এগুলো সব ভুয়া,Negative
আমরা আল্লাহকে বিশ্বাস করি আর কখনো এই পাঠাবেন না  আপনার ভিডিও অনেক বাজে,Negative
এই মুভি টা অনেক বাজে মুভি,Negative
সব মিথ্যা কথা,Negative
পুরো বাজে মুভি,Negative
ফালতু,Negative
আপনি এই ভিডুও বানে ঠিক করেন নাই,Negative
আপনি কি সৃষ্টিকর্তা কে দেখেছেন আলতু পালতু ছবি কেন দিয়েছেনবেয়াদব মহিলা,Negative
আপনি ও তো একজন মুসলিম কীভাবে পোস্ট করেছেন এটা  আল্লাহ কে যেখানে কটুক্তি করা হয়েছে  আল্লাহ এক ও অদ্বিতীয়,Negative
পালত,Negative
নাউজুবিলা,Negative
আপু আপনি একজন মুসলিম হয়ে এমন কথা বলতে পারেন না  দয়া করে টি থেকে ডিলিট করুন,Negative
সৃষ্টিকর্তা আল্লাহতাআলা করে আপনি আল্লাহর পথে চলুন আপনি হিন্দু নাকি মুসলমান,Negative
আমিতুতুল,Negative
নাওযুবিলা,Negative
ফালতু মুভি,Negative
গলা,Negative
মিথ্যা ফালতু খারাপ,Negative
পাগলামি,Negative
ফালতো,Negative
আপু আপনে বুল করেছেন,Negative
পাগল নাকী,Negative
না,Negative
যতসব আজগুবি কাহিনী,Negative
এই তুই কি হিন্দু নাকিএকটা মুসলিম মেয়ে হয়ে বলোছ তোর উপর গজব পরবো,Negative
এটা ভালো লাগল না,Negative
পাগল ছাগল,Negative
আপনার ভিডিওগুলো অনেক খারাপ পায় হে কে আপনি আপনাকে অনেক ঘৃণা করি,Negative
হে ভাল না,Negative
আমি আরো ভয়ংকর ভিডিও দেখতে চাই,Negative
পচা ভিডিও,Negative
মহান আল্লাহই একমাত্র আমাদের রব সৃষ্টিকর্তা আল্লাহর সাথে কারো শরিক নেই,Negative
আপনি কি কাফের,Negative
খল থজিশচালার হল যাওয়া সকল দল লক্ষ্য সকালে একটা দল দিয়া সব,Negative
ভালো না না,Negative
চাপা,Negative
এই সিনেমার সারমর্ম ঃ নিজেকে কখনোই দুর্বল না ভেবে নিজের কাজের প্রতি অদম্য বিশ্বাস রেখে এগিয়ে যাওয়া কঠোর পরিশ্রম করলে সফলতা আসতে বাধ্য হবে,Negative
এ একবার দেখেছিলাম এই মুভিটা আজ  এসে আবারো দেখছি,Negative
সত্যি বাবা ছেলের গল্প প্রথম থেকে শেষ পযর্ন্ত দেখে চোখের পানি কখন চলে এলে ভাবতে ও পারিনি,Negative
আপনার কথা বলার ধরন একটু কমতি আছে আমার মনে হয় লবণ ছাড়া মনে হইতে ছিলো,Negative
আরো ভালো ভাবে বলতে পারতে,Negative
তোদের কি লজ্জা কখনোই হবেনা ফালতু বিষয় নিয়ে আলোচনা করিস  ভালো হয়ে যাও,Negative
চাপা বাজি,Negative
ভয়েস ভাল লাগেনি,Negative
এটা ঠিক নয,Negative
কথার মিল নাই যেখানে আলু লাগালেন তারপরে সে অনেক দুরে চলে গেল,Negative
গাঁজাখুরি গল্প কিন্তু ভালো লাগলো,Negative
আমিও গিয়েছিলাম আমি ঘুমের ওষধ খেয়ে কয়েক বছর ছিলাম,Negative
গাজাখুরী গল্প হলেও মজা নিয়ে পুরোটায় দেখলাম শুনলাম,Negative
বানানো গল্প,Negative
এগুলো ফালতু ভিডিও বানান কেন,Negative
অসম্ভব আজগুবি সব গল্প  পাগলেরা বিশ্বাস করবে,Negative
এগুলো ভিউ পাওয়ার গল্প মনে হচ্ছে  মানুষ কে লোকা বানিয়ে ইউটিউবে ব্যবসা,Negative
সবকিছু আজগুবি গল্প,Negative
মচতকার ভিডিও,Negative
ফালতু কথা কেন আলোচনা করছেন ইনকাম করবেন কর্ম করুন আপনি কি কুঁড়ে,Negative
তোমাদের কি মিথ্যা কথা বলা পেসা নাকি,Negative
এসব গাঁজাখুরি নিউজ কই পায়,Negative
সিনেমা ফালতু,Negative
এই নিউজটা মনে হয় তোমার বাবা দিয়েছে,Negative
এত মিথ্যে কথা কেমনে কয়,Negative
গাজা গলপ,Negative
সব গুলো বানানো কথা,Negative
পাগলের কাহিনি,Negative
মিথ্যা কথা,Negative
আজগবি,Negative
ভুয়া,Negative
ভুয়া ও গাজাখোর গল্প,Negative
শয়তানির আর যায়গা পাও না এইসব ভন্ডামী প্রচার করা বন্ধ করুন,Negative
ভন্ডামি,Negative
সব ভূয়া,Negative
গাজাখুরি গল্প,Negative
সব মিছা কথা,Negative
গাজাখুরি,Negative
এসব আজগুবি গল্প কে রচনা করেছে,Negative
ফ্রোজেন আগে আমার এত প্রিয় ছিল না কারণ এটা ইংরেজি কিন্তু যখন বাংলা টা দেখলাম তখন থেকে ফ্রোজেন আমার সবচেয়ে বেশি পছন্দ এবং শুধু মুভিটা না ডলের মধ্যেও সবচেয়ে বেশি পছন্দ,Negative
আপনি পাগল নাকি ছে ছে করেন,Negative
আপু এলসা,Negative
এলস্ক,Negative
টাতে অনেক কিছু মিস করেছেনযেটা মিস না করলে যারা এই মুভিটা দেখেনিতারা আরো  করতোকেনোনা মুভিটা এককথায় অসাধারণ কিছু কিছু যায়গায় ভুলও করেছেনতবে কিছু কিছু যায়গায় আবার আমার  ছিলযা আপনি দূর করে দিয়েছে ধন্যবাদ,Negative
পাগল পাগল পাগল পাগল পাগল পাগল পাগল পাগল পাগল পাগল পাগল পাগল,Negative
মহিলাদের কন্ঠে ভালো লাগে না তাই আর দেখলাম না,Negative
আপনার ভয়েস মোটেও ভালো নয়,Negative
এই সব মুভিগুলোকে অস্কার পুরস্কার দেওয়া দরকার কারণ এই মুভি গুলাই আমাদের আসল শিক্ষা দিতে পারে,Negative
অনেক কষ্ট সিনেমা,Negative
আপনার আওয়াজ সুন্দর না,Negative
আপনার ভিডিওতে আমি কিছুই বুঝি না,Negative
তুমি কিছু জিনিস ভুল বোলেছো,Negative
আপনি সব কথা বলছেন না কেনো,Negative
সব ভুয়া,Negative
আমি এই ভিডিওটা বানিয়েছি আপনারা আমার সাথে দয়া করে কথা বলবেন না আমি আপনাদের পছন্দ করিনা ইউ,Negative
বাজে মুভি,Negative
কেউ আমারে একটা ঝাড়ু দে আমিও উড়ে আসি,Negative
দয়া করে ফুল ছবিটা বাংলায় দেন,Negative
ঘটোনাটা সুনে চোখের পানি আর ধরে রাখতে পারলাম নাএমন পশু বাবা কারো জিবনে না আসে,Negative
এরকম বাবার ফাঁসির থেকেও কঠিন শাস্তি হওয়া উচিত,Negative
এটা ফালতু একটা নাটক যা আমাদের সবার মনমানসিকতা পরিবর্তন করে ফেলেযা আমাদের মাথায় দুষ্টো সব কুকর্মের চিন্তা মাথায় আসে,Negative
বাজে একটা মুভি পরিচালক এর জেল হয়া উচিত,Negative
এগুলো হচ্ছে বিধর্মী নরপিশাচ,Negative
ছি এরকম বাবা,Negative
বাজে মানুষ,Negative
এ কার্টুনে আরো কথা আছে যা বলা হয় নাই,Negative
আপনার ভাসায় কিছু সমস্যা আছে আসা করি ঠিক করে নিবেন ছেই হবে না হবে সেই ছেটা হবে না হবে সেটা এমন আরো ওনেক মিস্টেক আছে,Negative
চুল গুলো জদি আরো লম্বা করে কাটা হতো তাহলে রাজ কুমারীকে বেশ মানাতো,Negative
ছট্ট গল্পটা কত বড় করছস,Negative
স আর ছ এর উচ্চারণ খুব কানে লাগে আশা করি এই ব্যাপারে একটু সচেতন হবেন,Negative
খুব বাজে হইছে থু,Negative
ভিডিওটা সুন্দর হয় নি,Negative
আনেক কষ্টের কাহিনি,Negative
কষ্টের ব্যাপার হলো,Negative
ইয়া আল্লাহ তোমার গুনা গার বান্দাদের সাহায্য করো,Negative
ইসরাইল পণ্যগুলো বয়কট করুন দেশ থেকে,Negative
আর ভালো লাগছে না আমার,Negative
আপু আপনার কয়েকটা জায়গায় এই মুভিটার মধ্যে ভুল হয়েছে,Negative
আমার তো কিছু আর ভালো লাগে না,Negative
ফাজলামির একটা সীমা থাকা দরকার,Negative
শেষ টা খারাপ লাগলো,Negative
ছি ছি এই ভাবে ধোকা খাইলো,Negative
শেষমেশ খায়া দিল,Negative
শেষ মেষ এতো বড় একটা ধোকা খেলাম দূর ভাল্লাগে না কিছু,Negative
শেসটাখুবইহাসিরছিলখুবইরিআসছিলামপথমে,Negative
ভাই শেষে এইডা কি হলো,Negative
এটা কোনো কথা হাসবো না কাদবো,Negative
হালার ডিরেক্টারে কামনা করলো কি,Negative
এভাবে বকা বানাবেন কল্পনা ও করিনি,Negative
ওরে পাগলা,Negative
ছি মুভির মাইরে বাপ পুরা ইমোশনের মাইরে বাপ করে দিলো,Negative
আমি তো ভয় পাইগেসি,Negative
বুইরা বেটা কামডা করলো কি,Negative
এখন থেকে অইটাই তার বাবা,Negative
পাগল হ্যায় ডিরেক্টর,Negative
লাস্ট ছিন টা ভালো লাগল নাউদ্দেশ্য টা সফল হলনা,Negative
কি টুইস্ট দিলেন,Negative
দূর এইটা কোন কাজ হইল আর্জেন্টিনা টিমের মত সিনেমা দেখলাম,Negative
খুব বড় সরো একটা ছ্যাকা খেলাম,Negative
এইডা কি হইল ভাই এত বড় ধোকা,Negative
আমার বাপের জন্মও এ রকম মুভি দেখিনি,Negative
বুইড়া বেটা,Negative
ষোল আনাই মিছে,Negative
তুই এটা কি কররি ইচ্ছে করে বানান ভুল করলাম,Negative
হালাই কামডা করল কি,Negative
এটা এক টা হাবলা মুভি,Negative
আমার একি,Negative
আমি কেন্দে দিয়েছি,Negative
আমার আম্মু,Negative
কানি মুরা,Negative
ফালতু মুভি,Negative
ধুর মেয়া আমি,Negative
ঠকবাজ,Negative
ছামার মুভি,Negative
আমি ট্রাইম ট্রাভেল করে এসেছি,Negative
খুব কষ্ট লেগেছে,Negative
সত্যিই এক অসাধারণ গাঁজাখুরি গল্প,Negative
এই মুভির পরিচালক কে অতিরিক্ত পরিমাণ গাঁজা খাওয়ার জন্য কোন পুরষ্কার থাকলে দেয়া যেতে পারে,Negative
ছবিটি যখন ঘু খেয়ে বানায়,Negative
আজেবাজে উল্টাপাল্টা মুভি এসব মুভি মানুষের মাথা নষ্ট করে দেয়  আই ওয়াশ করে দেয় ফালতু মুভি,Negative
ককককক,Negative
চমৎকার গাঁজাখুরি গল্প,Negative
এগুলো সব কাল্পনিক বাস্তবে কোন মিল নেই,Negative
আমি বিশ শাস করি না,Negative
ভুয়া কথা,Negative
সব মিথ্যা,Negative
কি এসব গাঁজাখুরি গল্প,Negative
শালালে ভালো ভাবছিলাম এখন তো দেখছি জুয়ারি,Negative
জুয়া খেলা হারাম,Negative
শেষ টা দেখে অনেক কষ্ট লাগছে,Negative
ভাইরে ভাই আমি এই মুভি দেখে আমার ভিতরের বাঘ জেগে ওঠেছে,Negative
হাস্যকর মুভি একেকটা আইএস কর্মী একেকটা সিংস  টা আর্মি আর আইএস  জনই যতেষ্ট,Negative
বানোয়াট,Negative
আপনার এক্সপ্লেইন একদম ভালো লাগলোনামাথা পিচা কিছু নাই এএসডি স্টোরি ইজ দ্যা বেস্ট,Negative
কাফের হলে মানুষ নয়,Negative
উচ্চারণে কিছুটা সমস্যা আছে,Negative
পেন্টি খুলে মূখে দেয়  পেন্টি না বলে অন্য কিছু বলতে পারতে,Negative
একটা মুভির জন্য  মিনিটের রিভিউ এতেই বোঝা যাচ্ছে মুভি কেমন হবে ওই আর কি আকাইমা মুভি হবে,Negative
আপনার কিছু কিছু উচ্চারণে সমস্যা আছে যেমন চ ও ছ এর উচ্চারণ কেমন হবেআপনি বলেনহয়েচেএটা হবে হয়েছেএইরকম কিছু উচ্চারণ ঠিক করে নিবেনতাহলে শুনতে ভালো লাগবে,Negative
আকাম বলে ধর্ষণ বলবেনখুবই ভাল লেগেছে গল্পটা শুনে,Negative
আপনার উচ্চারণ মোটেও ভালো না আর বাংলায় অনেক সুন্দর শব্দ আছে যা ব্যবহার করলে আপনার ভিডিও টি অনেক ভালো হতো আপনার এই ভিডিওটি অনেকেই দেখছে শুনছে তাই ভালো শব্দ ব্যবহার করা উচিত,Negative
আকাম না বলে ধর্ষণ ও বলতে পারেন আপনি মেয়ে মানুষ সস্তা লাইক ভিউ পাওয়ার আশায় নিজের ব্যক্তিত্ব নষ্ট করবেন না ধন্যবাদ,Negative
আকাম শব্দটি ধর্ষণের চেয়েও অশ্লীল এটা এবং আঞ্চলিক টান বাদ দিলে বাকিটা ভাল ছিল,Negative
সেক্স কে অকাম না বলে ইন্টিমেট বললে আর একটু ভালো হতো,Negative
কথার স্টাইল শুনলে বমি আসে,Negative
আপু এই মুভি এক্সপ্লেন গুলো কিভাবে বানান আমার খুব ইচ্ছে এরকম ভিডিও বানানো,Negative
ভাষা সুন্দর না ভয়েস সুন্দর হলে হয় না ভাষা টাও সুন্দর হওয়া দরকার,Negative
কালো শাড়ীতে অস্থির মানে পুরাই সেক্সি লাগছিল আর বডি যেন আগুন,Negative
ভাষা টা একদম ভালো লাগে না অন্য কিছু বলা যায় নায়,Negative
আকাম শব্দ টা এইটা সুন্তে জোস লাগছে আমার কাছেপুরাই বাঙালির ভাষা,Negative
আকাম কি আফা,Negative
আকাম কি না জানা আমার নিস্পাপ মন,Negative
বাংলা আরেকটু উচ্চারণ প্রাক্টিস দরকার,Negative
আকাম শব্দ টা ক্ষ্যাত ক্ষ্যাত মনে হইছে,Negative
আকাম,Negative
আকাম অর্থ কিভালো করে ভাষা শিক্ষা নেওয়া উচিৎ,Negative
আপু আকাম করে বলতে হয় না বলতে হয় আদিম অসভ্যতা  ঘছাঘছি করছে  ওকে,Negative
গায়ের গন্ধ কিভাবে মিললো,Negative
উচ্চারণ এর অবস্থা খুব ভয়াবহ আর শব্দের ব্যবহার সাবধান হওয়া প্রয়োজন,Negative
কথা বলায় আঞ্চলিকতা বেশি যেটা শুনতে একদমই ভালো না,Negative
রুচিহীন কথাবার্তা আপনার আকাম মানে কিএসব বাজে ভাষা ব্যবহার না করে ভালভাবে এক্সপ্লেইন করেন আর স্পস্ট ভাষায় কথা বলার চেস্টা করেন,Negative
উচ্চারণ শ্রুতিমধুর না হলে শুনতে ভালো লাগে না,Negative
তেমন ভালো লাগলো না মুভি টা,Negative
আকাম,Negative
শুধুমাত্র আকাম কথাটি অন্য ভাবে বলবেন,Negative
আকাম,Negative
আপু আকামটা কি বুঝলাম না,Negative
আকাম কি একটু বুঝিয়ে বলবেন কি,Negative
অশুদ্ধ উচ্চারণ,Negative
আকাম কি এই শব্দ ছাড়াও তো আরো শব্দ আছে তার প্রয়োগ করতে পারতেন,Negative
আপনি অনেক রাগী মেয়ে আপনার ভাষা শুনে বোঝা যায়,Negative
কথার উচ্চারন খুব খারাপ উচ্চারন ঠিক করতে হবে,Negative
আকাম কি ধরনের শব্দ,Negative
আপু আপনি করবেন নাকি রেপ তাহলে আসেন আমরা করি,Negative
ভাষা ঠিক করেন,Negative
গল্পটা বাজে ছিলও,Negative
অর্ধশিক্ষিত উচ্চারন,Negative
আপনার এক্সপ্লেইন ভালো লেগেছে কিন্তু ভাষার সঠিক প্রয়োগ হচ্ছে না কিছু ভুল শব্দ প্রয়োগ করছেন যেমন করছি  করতেসি হয়েছে  হইসে দয়া করে এরকম উচ্চারণ করবেন না বাঙালি হিসেবে খুব খারাপ লাগে,Negative
পেন্টি কি অন্তবাস বলা যাই না মূর্খ,Negative
আমি আপনার সাথে আকাম করতে চাই,Negative
আকাম কইরা দিছে,Negative
ঔ আপু আকাম টা কি বুঝলাম না ত,Negative
হেই তোমি কি আগে চটি গল্প করতা না,Negative
বাজে উপস্থাপন,Negative
আকাম কি কথা,Negative
ছিঃ ছিঃ,Negative
আপু আকাম কি না বুঝা আমি,Negative
আপু আপনি একটা কি লুচ্চি,Negative
উচ্চারণ এবং কন্ঠ কোনটাই ভালো না,Negative
পেন্টি,Negative
তুমার আকাম কথাটা চেন্জ করো কেমন আপা,Negative
পেন্টি টা কই পেল,Negative
আকাম কি হুম,Negative
আকাম কি মুর্খ,Negative
এইসব এক্সপ্লেইন গুলো আমাদের সময় ও এম বি দুটোকেই বাঁচায়  কষ্ট করে সময় ও এম বি নষ্ট করে এত বড় বড় মুভি গুলো দেখতে হয় না,Negative
আপি এতে দেরিতে ভিডিও দেন কেন,Negative
স্মার্ট করে বলতে গিয়ে ভয়েজ বিশ্রী হচ্ছে,Negative
আপনার ভয়েজ অনেক হট,Negative
লিলি নাম শুনতে শুনতে আর ভালো লাগে না,Negative
এরকম ঠুনকো কারণে ডিভোর্স চাওয়ার লজিকটাই বুঝি নাস্বামী স্ত্রীর মধ্যে বিন্দুমাত্র ভালবাসা অবশিষ্ট থাকলে অন্য যে কোন কারণেই হোক ডিভোর্স চাওয়া পাগলামি ছাড়া আর কিছুই নয়,Negative
আমাদের দেশে খোলামেলা ছবি ছাড়া কিছু নেই,Negative
বিচেছদ একটি অভিশাপ যা বহন করতে হয় সন্তানদের এই অভিশাপেও আমিও ভুকতেছি হে মালিক তুমি আমার মেয়েকে কি জীবন দিলে ওর পরিচয়টা সমাজে কেমন হবে আমরা তো আমাদের মত আলাদা হয়ে গেছি সেই মহিলাও নতুন সংসার করেছে কিন্তু আমি তো আজও একটি নতুন সংসার করতে পারলাম একমাত্র শুধু মাএ আমার মেয়েটার মুখের দিকে তাকালেই নতুন করে কিছু করার ইচ্ছে গুলো ধুয়ে মুছে শেষ হয়ে যায় হে মালিক তুমি আমার জন্য কিছু একটা করো যেটা আমার জন্য ভালো হয়,Negative
মুভিটার কাহিনী একটার সঙ্গে আরেকটার কোন মিল নেই বলে আমার কাছে মুভিটা ভালো লাগেনিঅযথা দেখে সময় নষ্ট হলো,Negative
ঘোড়ার ডিমের কাহিনী,Negative
দূর বোরিং নাটকটা,Negative
এই ফালতু মুভি দেখে টাইম নষ্ট,Negative
আপনার কথা বলার ধরন ভালো লাগেনি,Negative
নো ডিভোর্স,Negative
বাংলা চলচ্চিত্র নোংরা,Negative
ফালতু ভিডিও সময় নস্ট করলাম,Negative
পুরাই ফালতু,Negative
বাংলাদেশের ছবি নায়ক নায়িকা রা চরিত্র হীন লুচ্চা মানুষ দেখে চরিত্র হীন লুচ্চা হচ্ছে এটা বাংলা র মুভি,Negative
খুব কষ্ট লাগলো ভিডিও টা দেখে মানুষ নিজের সুখের জন্য নিজের ছেলে মেয়েকে এইভাবে অনাথ আশ্রমে রেখে চলে যাই,Negative
গল্পটি দেখে চোখের পানি ধরে রাখতে পারলাম না,Negative
আমার মুখের ভাষা হারিয়ে ফেলছি এত কষ্টের কাহিনী দেখে ও শুনে,Negative
আমি কান্না থামাতে পারছি না,Negative
এই মুভি টা দেখে আমার তো চোখে পানি চলে আসলো,Negative
এটাই বাস্তবতা চোখে পানি চলে আসে এমন মুভি দেখলে,Negative
সত্যি চোখের কোনে পানি এসে গেছে,Negative
সত্যি চোখের পানি ধরে রাখা যায় না,Negative
বাস্তবতা অনেক কঠিন জিনহিতো বাবা মা একেরারে হারিয়েছে আমিতো নিজের বাবা মাকে কাছে পেয়েও হারিয়ে ফেলেছি জিনহির জীবনে তো আবার সুখ ফিরে এসেছেকিন্তু আমার জীবনে আর কখোনো সুখ ফিরে আসবে না বাবা মাকে কাছে পেয়েও হারিয়ে ফেলার কষ্ট আমি বুঝি আল্লাহ যেন আর কাউকে এমন কষ্ট না দেয় আমিন,Negative
কোন ভাবে আমার কষ্ট আটকাতে পারলাম না,Negative
মনের অজান্তে কান্না চলে আসছে,Negative
গল্পটার দ্বিতীয় পর্ব দিলে ভালো হতোজিনহী বড় হয়ে কি বাবা মাকে ফিরে পেয়েছে,Negative
আমি জানি ওঐ মেয়ে টা কার কথা বলেছে খুব কষ্টের একটা মুভি,Negative
কিছু বলার ভাষা নেই হাইরে জীবন,Negative
শেষেরটুকু দেখে আমি কান্না করে দিয়েছি,Negative
অনেক কষ্ট লাগছে,Negative
বাবামা ছাড়া জীবন যাপন ভীষণ কষ্টের আমি ছিলাম তাই আমি জানি অপেক্ষায় থাকতে হতো রে কবে আসবে একটু দেখা করতে,Negative
জিনির আগামী দিন গুলো যেন অনেক মিষ্টিময় কাটে সেই কামনা করি,Negative
মর্মান্তিক স্টোরি,Negative
আমার চোখে পানি চলে এসেছে,Negative
খুব কষ্ট লাগলো,Negative
কষ্টদায়ক,Negative
খুব কেঁদেছি,Negative
আমি তো ভাগ্যবান কারণ আমি অনাথ নয় এই পৃথিবীতে সবচেয়ে দুঃখি তো তারাই যারা অনাথ,Negative
অনেক কষ্ট হলো আমার,Negative
কান্না চলে এল,Negative
ভাই অন্য দেশ এর মুভি দেখাইতে পারেন না এই করিয়ান মুভি দেখতে ওদের চেহারা আর ভাল লাগে না,Negative
আমার হাসতে হাসতে পুকির রগ ছিরে গেছে,Negative
মিনিট নস্ট করলাম,Negative
একটুও ভালো না পুরাই একটা এলোমেলো বানানো কাহিনি কোনো যুক্তিসঙ্গত না,Negative
আরো থ্রিলার হইলে ভালো হইতো দাদু হ্যা মুভিটার ইন্ডিওং ভালো ছিলোনা,Negative
ওরে ভোলা বাড়াইয়া দিলি আমার জালা,Negative
এলিয়ের বিষয়টি ভালো লাগেনি,Negative
ভাই মুভি র আগামাথা কিছু বুঝি নাই,Negative
আজাইরা কাহিনিএগুলা কাহিনি দিয়ে অ্যাওয়ার্ড পায় কেমনে,Negative
এই ছবিটা সয়তানকেও হার মানাবে,Negative
কি একটা অবস্থা,Negative
দূর কেনো জানি ভালো লাগে নাই,Negative
তবে আপনার কথা গুলা ভালো লাগেনা,Negative
ওই শুনেন আপনার সাথে কথা বলার অনেক ইচ্ছে একটু কথা বলবেন,Negative
ছি বাজে সিনেমাএসব দেখতে নেই,Negative
বাজে নাটক,Negative
আজাইরা মুভি,Negative
কাহিনী টাই বাজে আজগুবি,Negative
মোটেও ভালোলাগেনি,Negative
এত বকবকানি ভাল্লাগে না ধুর,Negative
খুব বাজে,Negative
অতিরিক্ত এড,Negative
ন্নন্নন,Negative
সাওয়ার মুভি,Negative
ফাল্তু গল্প,Negative
বাজে কাহিনি,Negative
আজকে কাহিনীটা একদম পারফেক্ট সব গুলো ঘটনা উঠে এসেছে,Negative
ভাই আপনি এ মুভিতে অনেক কিছু মিস করেছেন,Negative
দুর মিয়া মজা করেন,Negative
ঢং ফানি,Negative
মুড অফ,Negative
খুবই ভয়ঙ্কর মুভি,Negative
এটা কতোটা ইমোশনাল বুঝতে পারছি না কিন্তু অনেক কষ্টে কান্না আটকে রেখেছি এটাই অনেক,Negative
আপু শেষ এর দিখে অনেক কান্না করে করেছি এই মুভি টা দেকে নিজের অজানতেই অনেক পানি চলে এসেছে অনেক ভালো লাগছে এই গলপটা,Negative
অনেক কষ্ট লাগতেছে দেখে সেই পুরনো স্মৃতিগুলো মনে পড়তেছে আজও ভালোবাসি একজনকে আই লাভ ইউ দীপ,Negative
সব ভালোবাসা পবিত্র নয়,Negative
ভাই আমি ছবি টা দেখছি অনেক কষ্ট এটা মাঝে ছবি টা দেখলে কষ্ট গুলো বারে ভাই,Negative
কাম না থাকলে যা করা হয় আর কি,Negative
ভয় লাগছে,Negative
মোটেও ভালো হয় নাই,Negative
কেউ কী কেয়াল করেছ বাহারাইন এর মানামার একটা সিন আছে,Negative
কমেন্ট দেখে আসছিলাম ভালো লাগেনি সময় নষ্ট,Negative
ছি ছি কত বড় গোফ,Negative
ভালো লাগে নাই তেমন একটা,Negative
বালের গল্প,Negative
রয়ের জন্য খারাপ লাগলো,Negative
শুধুই ভুল বোঝা বুঝি,Negative
আপনার এক্সপ্লেনে অনেক কাহিনী মিসিং,Negative
আমি লন্ডন থেকে তুমার ভিডিও দেখে আসজি আমি আপনার অনেক ভর ফ্রেন্ট,Negative
অপু আপনি মুভির মধ্যে অনেক কিছু বলেনি আপনার মনে প্য্য,Negative
অভিনয় এর সঙ্গে কথার মিল নেই,Negative
নাতসি সেনার পতনের মূলে ছিলো লোভ,Negative
আমার খুব কষ্ট লেগেছে এই নিরীহ মানুষগুলোর জন্য পরিতাপের বিষয় হলঠিক একি কাজ আজ ফিলিস্তিনদের সাথে হচ্ছেদেয়ালে যখন পিঠ ঠেকে যায় তখন সাশারা তৈরি হয়সাশাদের তৈরি হওয়া উচিত,Negative
বর্তমানে মুসলমানদের এমন অবস্থা,Negative
ওই সাসার চরিত্রে যিনি ছিলেন ওই সময় ওরে খুজে বের করে পুরো ফ্যামিলিকে মেরে ফেলা হোক,Negative
মানুষ কতই না নিষ্ঠুর,Negative
কি জন্য মারছে সেইটা তো বললেনা,Negative
একপেশে উপাস্থাপনা,Negative
ভাই আপনার কথাই ভয়ংকর,Negative
পারসেন্ট মিথ্যা কথা,Negative
কি করে মেরে ছিল যে আখোনো,Negative
আরে ভাইএরা অভিশপ্ত জাতী,Negative
আমার মনে হয় আপনার বানানো গল্প কারন হিটলারের সাথে কন মিল নাই মন করা মত গল্প,Negative
সব মারি ফেললে ভালো হতো,Negative
হা হা এই মুভিটা পুরো মিথ্যা,Negative
বতমানে মুসলমানরা সারা পৃথিবীতে এরকম বরবরতা চালিয়েছে বিশেষ করে বাংলাদেশ পাকিস্তান আফগানিস্তান সুজা কথা মুসলিম যে কোন দেশে অন্য জাতি বাস করা কঠিন,Negative
সম্পূর্ণ মিথ্যে কাহিনী,Negative
হিন্দুদের ইতিহাস অতি নিষ্কলুষ,Negative
সব ইহুদি মাড়ার দরকা ছিল,Negative
ছি ছি ছি অশ্লীল দৃশ্য কেন কাট করলেন না ছি আসতাগফিরুল্লাহ,Negative
এগুলো শুধু সিনেমা তেই সম্ভব বাস্তবে এর একটি প্রতিফলন যদি ঘটত তাহলে দেশ টা অনেকটা বদলে যেত,Negative
খুব খারাপ লাগলো বিক্রম রাথোরের স্ত্রীর ফাসির সিন টা যখন ছেলেকে তার মায়ের মরামুখটি দেখানো হলো,Negative
ভাইরে ভাই ভাবছিলাম  দিন পরে হলে গিয়ে দেখবো এটা দেখে ফুল ছবির বর্ননা পেয়ে গেলাম এখন তো মনে হচ্ছে আজকেই গিয়ে দেখি,Negative
বর্তমানে বাংলাদেশের রাজনীতির সাথে মিলে বাবা দরবেশ বাবা,Negative
মুভি রিলিজের  দিন না হতেই এক্সপ্লেইন দেয়া উচিত না,Negative
ফালতু সিনেমা এরচেয়ে দক্ষিণের ক্রাইম থ্রিলার মুভি অনেক ভালো,Negative
বাংলাদেশের সালমান ফজলুল হকচরিত্র,Negative
এই ভিডিও দেখে সিনেমার মজা কমে যাবে,Negative
এই সিস্টেম টা বাংলাদেশের জন্য নয়,Negative
বারবার দেখতে ইচ্ছা হয় এমন কোন মুভি না,Negative
হাসু আপার দলের বর্তমান অবস্থা,Negative
শেখ হাসিনা এবং তার সাঙ্গ পাঙ্গকে দেখানো উচিত এই মুভি,Negative
যত সোনাম ছড়িয়েছিল তত না,Negative
এক জনের কথা ভালো লাগে না,Negative
এরকম পোস্ট আবার পেতে চাইলে প্যানটের ভিতরে থাকা দুটি বেল আইকন চিপে ধরে রাখুন যতখন না ফ্যাটাস শব্দ হচ্ছে ততক্ষণ ধরেই রাখুন জাতে মাতাল তালে ঠিক,Negative
মিথ্যা গল্প এগুলো,Negative
আমি দেখে অনেক কান্না করছিসত্যি এইটা অনেক কস্টের মুভি,Negative
অনেক খারাপ লাগছে ছবি টা দেখে,Negative
আমার ও খুব কস্ট লাগলো,Negative
আপু আমার কান্না এসেছে আমি অনেক কান্না করেছি,Negative
খুব কষ্ট পেলাম,Negative
খুব কষ্টর ছবি,Negative
খুব কস্ত পেলাম,Negative
মুভির শেষ টা ভালো লাগে নাই এনাকে মেরে ফেলার উচিত ছিলো কোনো মিল পেলাম না,Negative
শেষটা সুন্দর হয়নি,Negative
কনকলিউশন টা ভালো লাগে নি কিন্তু আপনি দশে দশ,Negative
আপনি ভুল বলেছেন,Negative
এটা কোনো মুভি হলোকচুর ছরা,Negative
ওতোতাও মজা পাইনি,Negative
বয়রা নাটক,Negative
খুব দুঃখজনক নোভার মা এত কেন স্বার্থপর নোভার মার কী সম্মান ও অর্থ লোভী মহিলা সেহুন এর কথা শুনে অবাক হলাম আমরা সবাই চাই পৃথিবীটা স্বাভাবিক হোক,Negative
দিন সিগারেট খেলে নেশা হয়  দিন মদ খেলে নেশা হয়  বছর ধরে পড়াশোনা করেও আমার নেশা হয় নাই আজকে আমার মন ভালো নেই,Negative
এই মুভি দেখার পর অনেক খারাপ লাগলো একটা মা এত স্বার্থপর হতে পারে আমার মা আমাকেও ছেড়ে চলে গিয়েছিলো,Negative
কচু,Negative
এদেরকে গাধা বলে গাধার অপমান করছেন কেন,Negative
ভ্যুস গস্যেউচ যজধচ,Negative
ভাই আপনার মুভি বিশ্লেষণে একটা জায়গায় খুব খারাপ লাগলো গল্পের এক পর্যায়ে আপনি বলেছেন উপর ওয়ালা পর্যন্ত আফসোস করতে হয় এদের নিয়ে খেলতে এটা মানতে পারলাম না,Negative
বৌ  খবরদার আমার কাছে আসবেন না  জামাই   অবাক হয়ে কেনো  বৌ  আমি মাকে কথা দিয়েছি বিয়ের পর আর এসব করবো না,Negative
গাধা গাধা ছিল আর গাধাই থাকবে,Negative
প্রথমে কথা বার্তা ভালো করে বলুন,Negative
হায়রে প্যানি যার পরনে প্যান ই নাই,Negative
কণ্ঠ এমন কেন ভাই আর কি মুভি দিলেন ভাই এইটা,Negative
আমি কি একাই যার একটুও হাসি পায়নি মুভিটি দেখে,Negative
আমি দেখে পাগল,Negative
বুরো বিজ্ঞানির কচি বউ,Negative
পাগল কি আপনি নাকি আমি,Negative
মুভি এক্সপ্লেন করেন ভাল কথা তবে উপর আলার দোষ কেন দেন আল্লাহ খুব ভাল করে জানে কাকে কিভাবে বানাতে হবে আল্লাহতালা পৃথিবীতে পাঠিয়ে কারো জন্য আফসোস করে না আশাকরি নেক্সট টাইমে এরকমের আর কোন কিছু বলবেন না মজা করবেন অন্য বিষয় নিয়ে মজা করবেন,Negative
মুঝে মাইরালা,Negative
আপনার ভাষাটা পছন্দ হলোনা,Negative
ভাইআপনি যদি মুসলিম হনতাহলে আপনি আল্লাহর কাছে তাওবা করেনকারন আপনার প্রথমের কিছু কথা আল্লাহর শানে বিয়াদবি,Negative
এই সিনেমা দেখার পর নিজেকে মানসিক রুগী মনে হচ্ছে,Negative
কারা কারা আলামিন  ভাইকে মন থেকে ভালো বাসো️️,Negative
অবশ্যই লাগবে পার্ট ২,Negative
নোটিফিকেশন পেয়েই চলে আসলাম,Negative
ভাই সেই মজা পাইছি  দ্বিতীয় পার্ঠ  চায়,Negative
বড়দা,Negative
ধন্যবাদ ভাই,Negative
ভাই মাঝে মাঝে লাইফ স্টাইলের / সেরা গানের ভিডিও দিয়েন ২-১ টা। তাহলে অনেক দিন পর কিছু ভিন্ন স্বাদ পাবম,Negative
নাইসভিডিও,Negative
বিগ,Negative
ভাইয়া ভাইয়া     2  দেখতে চাই,Negative
এক টা কুরিয়ান রিমান্টিক গল্প দেন না ভাই অনেক দিন হইছে দেন না,Negative
ভাইয়া তোমাদের প্রেমের গল্প বলোনা প্লিজ,Negative
ভাই   এক্সপ্লেন করেন,Negative
ভাই কেমন আছেন,Negative
"কমেন্টবক্সে ভয়েস অপশন চাই।  কারন, লেখা লিখি করে মনের ভাব প্রকাশ করা যায় না",Negative
পাখিটা তার  মালিককে সাথে সাথে মেরে পেলে।,Negative
"মাত্র ১৬৬০ কোটি, ১৩-১৪শো কোটি তো পকেটের কর্নারে পরে থাকে",Negative
আমার চোখটা ভাই তুমি কিছুটা আমি ছাড়া কি আর কিছু পারো ভাবি যদি জানে তুমি এরকম লুচচা,Negative
তোমার দ্বারা এমন মুভি এক্সপ্লেইন করা সম্ভব নয়,Negative
এখন কিছু মানুষ এসে বলবে যে ভাই আমার কমেন্ট উপরে দিয়ে দিবেন,Negative
"ওই আলামিন,  এত দেরি করে ভিডিও দাও কেন?  প্রতিদিন দুইটা করে ভিডিও দেবে।  আর  নিয়ে তোমার অবস্থান অবশ্যই জানাবে।",Negative
তারাতাড়ি কমেন্ট করি বেশি লাইক পামু,Negative
আমি বর্তমান সময়ে হয়ত দলের সাথে নেই কিন্তু যারা বর্তমান সময়ে বাংলাদেশ দলে খেলছে তাদের সবাইকে আপনারা সাপোর্ট করবেন। যাতে তারা আপনাদের রোমাঞ্চকর জয় উপহার দিতে পারে। যারা এখনো আমার  দুঃসময়ে পাশে আছেন তাদের সবাইকে ধন‍্যবাদ জানাই। দোয়া করবেন যাতে আবারো ফিরে আসতে পারি।,Negative
ভাই  আপনার ভিডিও ছারা অন্য কোনো  ভালো  লাগে না,Negative
ভাইয়া রমজান মাসেও নিয়মিত ভিডিও দেবার জন্য অসংখ্য ধন্যবাদ ️️️️️️️️️️️️️️️️️️️️️️️️️️️️️️️️️️️️️️️️️️️️️️️️️️️️️️️️️️️️️️️️️️️️️️️️️️️️️️️️️️️️️️️️️️️️️️️️️️,Negative
ভাই আপনার ভয়েস  ছাড়া  ভিডিও তে মজা পাইনা  আপনি যে রকম আমাদেরকে এক্সপ্রেশন দেন সেটাই বেশি ভালো লাগে ।,Negative
"ভাই তোমার  টা জোস  আমি এই  এর জন্য ভিডিও গুলো দেখি,, অন্য কেউর  হলে অনেকই ভিডিও গুলো দেখবে নাহ",Negative
কে কে আমার মতো আলামিন ভাইয়ের বড়ো ভক্ত?,Negative
অনেক সুন্দর ছিলো ভাই,Negative
চিকা নামটা শুনে খুবই ভালো লাগলো,Negative
"ভাই আপনার ভয়েসে ভিডিও দেখার মজাই আলাদা,, প্লিজ রিপ্লাই,,",Negative
ভাইয়া প্লিজ যতদিন সুস্থ আছেন শুধু আপনার ভয়েস শুনতে চাই,Negative
প্রতিদিন অপেক্ষায় থাকি কখন আসবে নতুন কিছু দেখব,Negative
মুভিটি এক্সপ্লেইনের জন্য অনুরোধ রইলো।,Negative
অসাধারণ,Negative
"আলহামদুলিল্লাহ ,আল্লাহর রহমতে এবং আপনাদের সকলের ভালোবাসায় আমার ১২০০+পরিবারের সদস্য। আপনাদের সকলের ভালোবাসা ও সাপোর্ট নিয়ে সামনে এগিয়ে যেতে চাই । সবাই ১টা করে ভালোবাসা দিয়ে যাবেন প্লিজ ॥",Negative
আলামিন ভাই কুংফু পান্ডা 4 কখন দিবেন,Negative
না ভাইয়া আপনি অবসর নিয়েন না নিলে আমাদের  কি হবে।,Negative
আমি এটি অলরেডি দুরন্ত টিভি থেকে দেখে ফেলেছি। এই সিনেমাটা খুবই সুন্দর।,Negative
"অন্য যারা ভয়েজ দিয়ে ভিডিও করে তারা ইকটু বেশি   করে তাই উনাদের ভিডিও ভালো লাগে না,আপনার মত সাদা মাটা ভাবে  থাকলে তাদের দিয়ে ভিডিও বানান সমস্যা নাই।।।️",Negative
ভাই তোমার ভয়েস সুন্দর লাগে তোমাকে ছাড়া আমি বৃদ্ধ দেখমু না,Negative
একটা অনুরোধ ডেমন সলেয়ার ৩এপিসোড আপনার ভয়েস দেন,Negative
আমি আপনার সাথে সহমত এবং নতুন কোনো বয়েজ আসলে সেটা শুনতে শুনতে সেটাও ভালো লেগে যায় আর এটাই আমার  আপনার চ্যানেলের প্রথম কমেন্ট।  এটা প্রথম কমেন্ট হলেও আমি আপনার সকল ভিডিওই দেখি ধন্যবাদ আপনাকে আমাদের এতো সুন্দর ভিডিও দেওয়ার জন্য,Negative
"আঙ্কেল আমাকে আপনার ভয়েস কি যে ভালো লাগে,তা বলে বোঝাতে পারব না। আরো অনেক চ্যানেল এর মুভির এক্সপ্লেনেশন দেখি কিন্ত আপনার ভয়েস এর মত কারো ভয়েস ভালো লাগে না ।একটা   চ্যানেল দেখলাম যেটার নামও  .তাই মাঝে মাঝে আপনার ভিডিও চিনতে সমস্যা হয়।আল্লাহ আপনাকে ভালো রাখুক এই আশা করছি",Negative
আমার এই    টার থেকে আপনার     টা বেশি ভালো লেগেছে।  আর মুভিটাও অনেক সুন্দর হয়েছে  আমার কাছে মুভির নায়ককে সবচেয়ে বেশি ভালো লেগেছে,Negative
আপনি ব্রেক নিয়ে সপ্তাহে একটা করে দিয়েন। আপনার সুস্থতা আর আমাদের পাশে থাকা দুটোই চাই।,Negative
"অনেক ভালো লাগলো,, ধন্যবাদ আমাদের এরকম মুভি বাংলায় বোঝানোর জন্য।। আমি আপনার প্রত্যেকটা মুভি দেখি।। সেটা দেখতে পারিনা সেটা ডাউনলোড করে রেখে দেই সেটা পরে সময় করে দেখেনেই।। একটা প্রশ্ন ছিল ভাইয়ার কাছে,, ভাইয়ের মনে হয় কক্সবাজার খুব পছন্দের একটা জায়গা।।।",Negative
অনেক ভালো ভাই,Negative
আপু টার ভয়েচ আমার কাচে ভালো লাগে,Negative
অসাধারণ অসাধারণ সত্যিইঅসাধারণ,Negative
আমার কাছে অনেক ভালো লেগেছে,Negative
আপনাকে ও রমজান এর অনেক শুভেচ্ছা ভাই,Negative
এইটা আমার প্রিয় মুভি ছিল,Negative
আমি রিয়া আমি 🇮🇳 থেকে বলছি আমি আপনার সব ভিডিও দেখি আমার মায়ের খুব ভালো লাগে আপনার   গুলি  তো আপনি যদি   টা   করতেন  আমি বলছি এই  টা খুব ভালো  এই  টা    করুন  আমি আপনার কাছে  করছি,Negative
ভাই আমারো ভালো লাগছে,Negative
আপনার ভয়েস টা ওনেক ভালো লাগে,Negative
রাটাটুলি মুভি️,Negative
খুব সুন্দর একটি সিনেমা,Negative
ভালো লাগে আপনার কথা গুলো,Negative
অবশ্যই ভাইয়া,Negative
আপনার ভয়েস ভালো লাগে।,Negative
ভাইয়া               .           করবেন প্লিজ ।,Negative
ঠিক বলেছেন ভাই যা,Negative
খুব ভালো,Negative
আপনার গলাটা অনেক সুন্দর,Negative
ভাই আপনার গলা সেই,Negative
ভাবতে অবাক লাগছে রেন্ডম ভিডিও চ্যানেলে  একসময় আলামিন ভাইয়ের ভয়েস থাকবে না  তোমার ভয়েস টা কে খুব মিস করবো ভাই,Negative
ভাই ড্রাগন এর বাকি এপিসোডগুলা দেন,Negative
ভাইয়া আপনাকে দেখতে চাই,Negative
আলামিন ভাইয়া আপনি যদি আপনার সব চ্যানেল থেকে আবশন নেন তাহলে আপনার একটা ভিডিও দেখবোনা,Negative
ভাই অগ্রীম ১মিলিয়ন এর জন্য,Negative
ভাই মোহনা মুভি একপেল করেন,Negative
ঠিক আছে ।,Negative
ঠিক আছে  অন্য কেউ একসেপ্ট না করলেও আমি একসেপ্ট করব ।,Negative
ভাই ঈদুর আর ছিকা ২ টাই আলাদা,Negative
এইটা এক্সপ্লেন করুন,Negative
ভাই আমি গল্প টি দেখে ছি,Negative
স্টোয়ার্ট লিটল মুভির পার্টগুলা এক্সপেলেন করতে পারেন,Negative
ভাইয়া আপনি অবসর নিলে আমরাও অবসর নেবো,Negative
আমরা আলতু ফালতু বয়েস একসেপ্ট করব না তোমার সুন্দর বয়েস টাই থাক।,Negative
দা লায়ন কিং মুভি ডাবিং আলিম ভাই,Negative
অনেক কষ্ট করে ভিডিও বানাই কিন্তু কোনো সফলতা অর্জন করতে পারছি না প্লিজ সবাই একটা ভালোবাসা দিয়ে পাশে থাকুন,Negative
২ প্রথম,Negative
আপনি কেনো অবসর নিতে চান আলামীন ভাইআপনি চলে গেলে আপনার ভয়েস কিভাবে শুনবো অন্যের ভয়েস মেনে নিবো কিন্তু তার পাশাপাশি আপনার ভয়েস চাইপ্লিজ প্লিজ প্লিজ,Negative
"আমি ইসলাম নিয়ে কাজ করতে চাই, কিন্তু কেউ সাপোর্ট করেনা, হায়রে দুনিয়া ভালো কাজের মূল্য নাই,,",Negative
ভাই সত্যি কথা বলতে এই ভিডিওটা দেখতে খুবই বোরিং হয়ে গিয়েছি তাই সম্পূর্ণ দেখলাম না.... আশা করবো এর পরে খুবই ভালো মানের গল্প আনার চেষ্টা করবেন....,Negative
এটা কি চিলো মাথা গুরাচ্ছে,Negative
এই সিনেমা আমাদের জন্য কিছু ম্যাসেজ রয়েছে_সেটা কেও বুঝতে পেরেছেন,Negative
ভাই তর কয়টা চেনেল,Negative
ভাই যেখানেই যাই খালি লিংক আর লিংক,Negative
মেয়ে বয়েজ দিয়ে বিডিও বানাবেনা,Negative
ভাইয়া প্লিজ    এর একপ্লেশন ভিডিও দেন প্লিজ প্লিজ প্লিজ প্লিজ প্লিজ প্লিজ,Negative
আটটা,Negative
আমাকে ছাছকাইব কইরা দিয়েন,Negative
ভাইয়া,Negative
ধাক্কা ধাক্কি করবেন না কমেন্ট পরতে আসলাম গতবার গেঞ্জি ছিড়ে গেছে..!,Negative
ভাই চিকা কি?,Negative
"আপনার ভয়েস শুনে অন্য কারো ভয়েস শুনতে ভালো লাগে না, প্লিজ আপনি কোথাও যাবেন না , আপনি যেখানে থাকেন না কেন আপনার ভয়েস শুনতে  চাই",Negative
ভাইয়া আপনার কবিতা ফেন হয়ে গেছি আর অনেক ইনজয় করে দেখি আর অনেক ভালো লাগে,Negative
অগ্রিম শুভেচ্ছা 2 মিলিয়নের,Negative
আরে সমস্যা নাই ভাই... আপনি যা বলবেন তাই আমাদের কাছে কাছে সঠিক.....,Negative
ভাই তুমার মজা গুলা অনেক ভাল লাগে,Negative
আপনার কবিতা গুলো জোস,Negative
ভাই আপনার কথা গুলা মজাই লাগে,Negative
আমি এনিমি লাভারের খুব বড় ফ্যান আলামিন ভাইয়ের খুব দরকার,Negative
কবিতা গুলো অনেক সুন্দর,Negative
অনেক অপেক্ষার পর ভিডিও টা পাইলাম,Negative
ভাই আপনার কবিতাগুলো আমার অনেক ভালো লাগে,Negative
দারুন,Negative
"এ পৃথিবীতে কিছু মানুষ আছে যাদের ভালোবাসা শুধু স্বপ্নেই ধরা দেয়, বাস্তবে না পাওয়ার বেদনাই শুধু তাড়িয়ে বেড়ায়।",Negative
সিরায় সিরায় রক্ত আল আমিন ভাইয়ার ভক্ত,Negative
"আল আমিন ভাই বড় ইউটিউবার হয়ে গেছে বলে  বেড়ে গেছে, 🫡",Negative
আল আমিন ভাইয়ের কবিতাগুলো কার কার ভালো লাগে,Negative
আপনার প্রতিটি মুভি    ভালো লাগে আমার মতো কার ভালো লাগে ভাইয়াকে,Negative
ভাই আপনার সব গুলা ভিডিও দেখি সেই লাগে,Negative
ভাই তোমার ছড়া গুলো অনেক সুন্দর হইছে,Negative
ভাই আমি শুধু আপনার ভিডিও দেখি আপনে অনেক সুন্দর চন্দ বলেন তাই,Negative
এই ভিডিওটা দেখার জন্য কত অপেক্ষা করে বইসা ছিলাম,Negative
এর জন্যই তো আপনার এক্সপেন্ড এতো ভালো লাগে,Negative
ক্যাপ্টেন আমেরিকা চেয়ে বেশি ভালোবাসি আপনি কে ️️,Negative
ভাই এই    চাই,Negative
ফাইজলামি বাদ দিয়েন না তো ভাই । আপনার ফাইজলামিই তো আমাদের এতো পছন্দ,Negative
"আলামিন ভাই,  , এই মুভি গুলো ভিডিও আনবেন আমার রিকুষ্ট ️",Negative
প্রতিদিন ভিডিও দিয়েন ভালো লাগবে,Negative
ভাই বেশি বেশি কবিতা চাই,Negative
আমার মতো কে কে ভিডিও টার জন্য অপেক্ষায় ছিলে,Negative
আলামিন ভাই ডিসির  এক্সপ্লেন করেন,Negative
ভাইয় আপনার ভিডিও অনেক ভালো লাগে,Negative
অনেকদিন হলো আপনার ভিডিও খুজতেছি আজকে ফেলাম,Negative
ভাই মজা করে   করেন   ওটা ভালো লাগে বেশি,Negative
ভাই আপনার কবিতাগুলোর কথা খুব মনে পড়লো আজকে,Negative
আমি আপনার বিডিও ছারা গুমাইতে পারি না পতি দিন আপনার বিডিও আমি দেখি,Negative
ভাইয়া       মুভি  করেন,Negative
ভাই আপনার যেভাবে ভালো লাগে বলেন,Negative
সেরা হচ্ছে,Negative
"যদিও মুভিটা দেখা, তবুও দেখতে চলে আসছি",Negative
বিগ ফ্রন্ড ভাই,Negative
আসসালামু আলাইকুম  সবাইকে নামাজের দায়াত  সবাই নামাজ পরব ইনশাআল্লাহ।,Negative
ভাইয়া রোমান্টিক সিনেমা নিয়ে আসেন,Negative
আলআমিন ভাই একটা কম্পিলেন আছে খাইতে বসে যখন আপনার ভিডিও দেখি রুচি নষ্ট হয়েযাই মাঝে মাঝে বাতরুম এর কথা বলেন,Negative
গিটারিস্ট ক্যাপ্টেন আমেরিকা!!,Negative
ভিনল্যান্ড সাগা কোই ভাই আজকে এখনো আসলো না কেন?,Negative
আগে কমেন্ট করি  লাইক  বেশি পাব,Negative
ভাই আমি প্রথমবার এই মুভিগুলো দেখছি,Negative
ডোরাশনের বিষয় এতো বলা লাগবেনা ভাই এতে আপনার সমস্যা হবে,Negative
ভিনল্যান্ড সাগা কই,Negative
ভাই হস্তশিল্প কি,Negative
আলামিন ভাই সারা রাত ঘুমাও নাই কেনো হুম,Negative
হ্যালো আলামিন ভাই,Negative
আমাদের আলামিন ভাই এখন কবি আলামিন্দ্রনাথ ঠাকুর হইয়া গেছে,Negative
ভাই কবিতা চাই,Negative
ভাই আপনি একটা ফানি মানুষ আপনি যদি সিরিয়াস ভাবে কথা কন তাহলে ভালো লাগেনা আগের মতনই এক্সপ্লেইন করেন,Negative
কবিতা বেসি করে দিলে ভালে হয়,Negative
সিরিয়াস ভিডিও সবাই বানায় আপনি ফানি বানান তাইতো আপনার ভিডিও দেখি,Negative
"আরে ভাই ভিডিও দিতে লেট করেন,",Negative
যে যাই বলুক না কেন আল আমিন ভাই আপনি আপনার ভিডিও বানানোর স্টাইলেই ভিডিও বানাবেন আপনার ওইসব কবিতা মিস করলাম আপনি কারো কথায় কান দেবেন না নিজের মতো করে ভিডিও বানাবেন,Negative
আল আমিন ভাই জীবনের প্রথম প্রথম লাইক প্রথম কমেন্ট আশা করি রিপ্লাই পাব,Negative
আইনস্টাইন কেন ফর্মুলা দিবে যে রবার্ট ওপেনেইমার বোম তৈরি করছিল,Negative
ভাই আসা করি আপনি আমার এই কমেন্ড পরভেন ভাই,Negative
আলামিন ভাই ফ্রী ফায়ারে কি আর ব্যাক করবেন না?..,Negative
কারা কারা মারভেল সিনেমা ভালোবাসো তারা লাইক করো,Negative
কষার রোগী,Negative
আজ গরিব বলে আলামিন     আমার   এর  রিপ্লাই দেই না 🫠,Negative
কলা বিজ্ঞানি,Negative
সবার আগে কমেন্ট করলাম লাইক পাবো বলে,Negative
হাসি কখনো এটা বুঝায় না যে আপনি সুখী️  হাসি বুঝায় আপনি শক্ত..!!,Negative
ভাই অসাধারণ একটা স্টোরি,Negative
"মুভি টা দেখে কেমন জানো লাগছে,,, সত্যিই ভালো বাসার মানুষ অন্য কারো সাথে দেখলে রাগ হয়,,, কি করে ভালবাসার মানুষকে ছাড়া থাকা যায়  ️️️️️",Negative
"রহস্য ততোটাই গভীর ছিলো যতোটুকু গভীর হলে কোনো কারণ ছাড়াই কাউকে মনেপড়ে আর এই অনুভূতিতে এতো দূরে যেতে হবে হারিয়ে গেলে ফিরে আসা কঠিন,, সেই কঠিন কে মেনে নিলে হারানো খুব সহজ!",Negative
মুভিটা অনেক সুন্দর ️️ আর লি সানের অভিনয় তো অসাধারণ  কিন্তু ভাইয়া উনি   ছিল না।,Negative
"অনেক,সুন্দর ছিলো ড্রামাটা",Negative
আমি বর্তমান সময়ে হয়ত দলের সাথে নেই কিন্তু যারা বর্তমান সময়ে বাংলাদেশ দলে খেলছে তাদের সবাইকে আপনারা সাপোর্ট করবেন। যাতে তারা আপনাদের রোমাঞ্চকর জয় উপহার দিতে পারে। যারা এখনো আমার খারাপ সময়ে আছেন তাদের সবাইকে ধন‍্যবাদ জানাই। দোয়া করবেন যাতে আবারো ফিরে আসতে পারি।,Negative
"এর মতো । ভাইয়া আপনি বলেছেন ""খারাপ মানুষের কথা বেশি মনে পড়ে "" ভাবী কী তা জানে",Negative
আমার আজকের দিনটা অনেক খারাপ ছিল আমার 150k সাবস্ক্রাইবার এর চ্যানেল ডিলেট হয়ে গেছে,Negative
সেইম একটা সাউথ মুভি দেখছি সেখানে স্বামীর জায়গায় বউ থাকে বউয়ের জায়গায় স্বামী,Negative
"বড় ভাই তোমাকে আমি ফ্রী ফায়ার এর ভিডিও বানাতে দেখছি,,,,, বিটুকে বি এন এল হোয়াইট ট্রিপল ফোর এই সমস্ত লিজেন্ডদের ভিডিওতে তুমি রিএকশন দিতে,,, অনেক কাস্টম ম্যাচে গিভ ওয়ে করতে।  , এখন এই সমস্ত ছেড়ে দিচ্ছ কেন,",Negative
ভাই কি  মন্তব্য দেবো আপনাকে   আমি তো এখনো বিয়ে করিনি কিভাবে বুঝবো বউয়ের মর্যাদা আমার বাবা মা তো বোঝেনা ছেলের যে বিয়ের বয়স হইছে,Negative
শ থেকে খ,Negative
আলামিন ভাইয়া আমি আপনার এমন একটি ভিডিও নেই সেটা দেখিনি তারপরও মাঝে মাঝে মনে হয় আমি আপনার ভিডিও দেখব না এর কারণ হচ্ছে কারণ হচ্ছে আপনি মুভির নামটা শুধু মুখে বলে দেন আপনি উপরে তো লিখে দিতে পারেন মুভির নামটা অন্যরা যেমন করে দেয় তাহলে আপনার এক্সপ্রেশন দেখে ভালো লাগলে আমরা তো মুভিটা নামিয়ে দেখতে  পারি আশা করি আপনি এবার থেকে মুভির নামটা দিয়ে দিবেন কমেন্টে উত্তর দিয়ে যাবেন,Negative
এই মুভিটি আসুক কে কে চাউ  আমার মতো কে কে এই মুভিটি দেখার পর ও আল-আমিন ভাই এর মুখে এক্সপ্লেন দেখতে চায়,Negative
বউ নামক বিপদ হতে দূরে থাকি,Negative
কার কার। আলামিন ভাই এর? ভিডিও ভালো লাগে? ...,Negative
"ভালো তো লাগে নাই আর তোকে ইচ্ছে মতো গালি দিতে ইচ্ছে করছে,এটা কোনো মুভি হইলো , সংসারে অশান্তির মুভি",Negative
মেয়ে মানুষ আর ভালো লাগেনা,Negative
কে কে মুসলিম হয়ে গর্বিত ️️️,Negative
১০০ বছরের কত কিছু বদলে গেছে কিন্তু ১৪৪০ বছরের কোরআনের একটি হরফ বদলে জায়নি আমিন️️,Negative
১০০ বছরের কত কিছু বদলে গেছে কিন্তু ১৪৪০ বছরের কোরআনের একটি হরফ বদলে জায়নি আমিন️️,Negative
আপনার শেষের কথা শুনে   হাসতে হাসতে শেষ,Negative
ভাইয়া আপনার শেষের কথা টা শুনে অনেক মজা পাইছি,Negative
"ভাই আপনার ভিডিও অপেক্ষায় ছিলাম, কারা আমার মতো অপেক্ষা করতেছিলে।     ️️",Negative
আমার কাছে  অনেক  ভাল লেগেছে আর  শেষের  দিকে  জেই  কথাটা বলেন   সেটা সুনে অনেক মজা  লাগল,Negative
অ্যাঞ্জেল বিষয়ের সব কিছুই ভাল্লাগে। আর এটা তো মুভি। অনেও ভাল্লাগছে️,Negative
আমি যখন থেকে ইউটুব ছালাই তখন থেকে আপনার ভিডিও দেখি  কারণ আপনার সব ভিডিও তে সবার থেকে আলাদা একটা মজা থাকে,Negative
ভাইয়া আপনার শেষ কথাটি  শুনে আমি অনেক মজা পাইছি  সত্যিই আপনি অনেক মজার কথা বলতে পারেনআর অনেক ধন্যবাদ এত সুন্দর একটা ছবি দেওয়ার  জন্য,Negative
ভাই আপনার গলার আওয়াজ শুনে অনেকে মনে হয় আপনাকে দেখার 🇮🇳🇮🇳🇮🇳🇮🇳🇮🇳🇮🇳🇮🇳🇮🇳,Negative
ভাই আপনার কন্ঠ এত সুন্দর এত সুন্দর এ কন্ঠের জন্য সবাই আপনাকে অনেক ভালো ভাসে,Negative
️  চাঁদপুর থেকে ভালোবাসা অবিরাম ভাই ️,Negative
"আমার প্রিয় মুসলমান ভাই ও বোনে  রা, ফ্রিজে পানি রাখলে যেমন পানি ঠান্ডা হয়। তেমনি করে, নামাজ পড়লে মন ঠান্ডা হয়ে যায়(সুবাহানাল্লাহ)",Negative
ভাই আপনার কতা আমার কাছে অ্নেক ভালো লাগে মাশাল্লাহ,Negative
এর   করেন।,Negative
"আলামিন ভাই, মুভি এক্সপ্লেনেশন সেই  হইছে",Negative
_খুব সুন্দর হইছে ধন্যবাদ ভাইয়া এমন সুন্দর সুন্দর কাহিনি উপহার হিসেবে দেওয়ার জন্য,Negative
অনেক সুন্দর গল্পটা। ⚘⚘⚘⚘,Negative
মুভিটা দেখছি কিন্তুু আপনার মুখে শুনার অপেক্ষায় আছিলাম ভাবছিলাম  করতে বলবো ।। কিন্তুু হঠাৎ দেখি দিয়ে দিচ্ছে ।।,Negative
ভাইয়া আপনি এগিয়ে যান আমরা আছি আপনার পাশে,Negative
টা কিন্তু মাশাল্লাহ আলামিন ভাই️,Negative
আপনার শেষে কথা সুনে হাসতে হাসতে উলটা হযে গেছি,Negative
ভাই আপনার কোনো জবাব নাই ভাই আপনার সমস্ত গল্পই খুব ভালো,Negative
! জীবনের প্রতিটি মুহূর্ত রঙিন হোক,Negative
ভাইয়া আমার ভাল লাগলো   ️️️,Negative
"ভাইয়া আপনার শেষ কথাটা অনেক ভালো ছিলো,,,,, সিনেমা টি খুব ভালো লেগেছে,,,,",Negative
মুভিটা অতোটাও খারাপ না আমার কাছে তো ভালোই লাগছে,Negative
"আপনি গল্প গুলা বলার সাথে সাথে অনেক মজা করেন৷,,,,,,,, অনেক ভালো লাগে, ️",Negative
ধন্যবাদ,Negative
অনেক ভালো লেগেছে,Negative
আমার কাছে অনেক ভালো লাগলো,Negative
ভাইয়া আপনার  কথা বলার ধরনটা হেব্বি ️️️️️,Negative
"ভাই সিনেমার গল্প খারাপ লেগেছে ভালো লেগেছে সেটা বড় কথা না । বড় কথা আমি তোমার কন্ঠ মনোযোগ দিয়ে শুনেছি, তোমার কন্ঠ আমার খুবই ভালো লাগে, তাই তোমার প্রত্যেকটা ভিডিও দেখি এবং তোমাকে তো আমি আমার খালাতো দুলাভাই মানিই ️️",Negative
ভালো লাগছে ব্যাকগ্রাউন্ড মিউজিক টা জোস ছিল,Negative
"- যাদের খারাপ লেগেছে, তাদের কিছু বলার দরকার নাই",Negative
"ভাই  ,""  "", সিরিজটি  করার অনুরোধ রইলো,,",Negative
এই পোস্ট টা যে পোরছে তার বাবা মা যেন জান্নাত বাসি হয়️আমিন..,Negative
"️️ভাই আপনার ভিডিও খুব ভালো লাগে আপনার ভিডিও জন্য অপেক্ষা থাকি,,🇧🇩🇧🇩",Negative
আমার  ভালো লাগছে,Negative
শেষের কথাটা অনেক দারুন লেগেছে আলামিন ভাই।,Negative
"আপনি অনেক মজার ও অনেক, চালাক কথা গুলো শুনলে হাঁসি আসে।",Negative
"ফ্রিজে পানি রাখলে যেমন ঠান্ডা হয়, ঠিক তেমনি কোরআন তেলওয়াত করলে কলিজা ঠান্ডা হয় - সুবহানাল্লাহ",Negative
অনেক ভালো লেগেছে,Negative
আপনার শেষের কথাটি শুনে আমি হাসতে হাসতে শেষ,Negative
আমার অনেক  ভালে লেগেছে,Negative
অনেক সুন্দর ভাইয়া,Negative
আমার ভালো লাগছে।।।।।,Negative
আমার কাছে খুব খুব ভালো লেগেছে,Negative
খুব ভালো লাগছে,Negative
খুব ভালো লাগছে,Negative
অনেক ভালো লাগছেএমন এন্জেলের মুভি আরও চাই,Negative
আমার খুব ভালো লাগছে,Negative
ভাইয়া আমার ভালোই লাগলো,Negative
ভাইয়া এই সিনেমাটা অনেক খুঁজেছি বাট পাইনা ধন্যবাদ আপনাকে এ ধরনের সিনেমা আরো চাই,Negative
বেশ সুন্দর লুগসা ভি তোমার ভয়েস তে,Negative
দারুন ছিলো মনে হচ্ছিলো রুপ কথা শুনছি,Negative
ভাই আমি আপনার সবগুলো চেনেলের ভিডিও দেখি আলামিন-ভাই  ।,Negative
"ভাই,,,  আপনার কথাগুলো দারুণ লাগে।।।।",Negative
ভাই  মুভিটা খুব ভালো লেগেছে,Negative
ভাইয়া   (2012) মুভির বাংলা এক্সপ্লেনেশন আপলোড দাও। প্লিজ প্লিজ প্লিজ ভাইয়া।,Negative
আলামিন ভাই কেমন আছেন,Negative
আপনে যা বলেন তাই ভালো লাগে দুঃখের কিছু নাই,Negative
আমার তো ছেলে দুটোর পাখা বেশি ভালোলেগেছে গলপোর থেকে,Negative
ভাই    বাংলায় এক্সপায়রেশন করে দেন।,Negative
আপনি সম্পূর্ণ মুভি খুব ধৈর্য সহকারে এক্স্প্লাইন করেন কিন্তু শেষে এত তাড়াতাড়ি কেন করেন,Negative
"আলামিন ভাই, এই ভিডিওর কিছু বুঝতে পারলাম না।",Negative
আমি ও একজন কে ভালোবাসি পাবো না জেনে ও,Negative
ভাই দাজ্জাল সম্পর্কে জানতে চাই,Negative
আমার নাম মলি,Negative
আপনি কি সফটওয়্যার উস করেন প্লেস বলেন।,Negative
ভাই আমি আপনার সাথে দেখা করতে চাই,Negative
এই মুভি গুলো কোথা থেকে ডাউনলোড করেন।,Negative
ভাই তুমি আর savage420 ভিডিও ছারবে না  ভাই নেবেন করবেন না,Negative
থাক কিছু বললাম না,Negative
মুটা মুটি ভালো,Negative
সিনেমার থেকে আপনার  টাই বেশি ভালো লাগে,Negative
ইয়া আপনার শেষের কথা টা শুনে অনেক মজা পাইছি,Negative
ভাই  420 চ্যানেল আপনার নাকি,Negative
ভাই আমার     আইডির নামও,Negative
ভাই এটার কি ২ পার্ট আছে,Negative
মাথার উপরে দিয়ে গেলো পুরা,Negative
ভাই আপনার সারভেজ ৪২০ চেনেল কি হয়েছে,Negative
ভাই আপনার নাম কি কোন ক্লসে পরেন,Negative
"ভাই তোমার টপআপ পেজে কোনো  দেনা,,,,",Negative
ভাই মানা করলা বলে শেষে আমিও আর কিছু বললাম না,Negative
ভাই আপনি কি savage420..?,Negative
প্রতিদিন একটা ভিডিও তে হয় না,Negative
"না ভালোই ছিল, নায়ক, নাইকা বেশ সুন্দর ছিল",Negative
আজ এত মলি নামটা শুন্তেছি কেন,Negative
ভাই মুভি গুলো কথাথেকে দেখেন,Negative
wick4 চলে আসছে,Negative
পৃথিবীর সবথেকে মধুর সুর হল আজান। কে কে একমত লাইক দিয়ে বুঝিয়ে দাও।,Negative
ঠিক আছে কিছুই বললাম না।,Negative
"বিষয়টা এমন, খারাপ লাগলে দূরে গিয়া মর",Negative
শেষে গিয়া কিছুই বুঝি নাই,Negative
দারুন মজা করেন আপনি,Negative
"ভাই আপনার দুইটা চ্যালেন আমি ফলো করি ভালোলাগে আপনার কথা গুলো,,,  কিন্তু ভাইয়া আমার মনে আপনার এই চ্যালেন এর ভিডিও গুলোর যে থাম্বেল সেটা ইকটু বদলানো উচিৎ,,আমি বলতে চাচ্ছি থাম্বেল এর মধ্যে মুভির নাম টা লিখে দিলে ভালো হয়,,যেমন টা সিনেসিরিস চ্যালেনের অর্নব ভাই দেয়,,,এতে মুভির নামটা সহজে পাওয়া যায়,,,",Negative
"ভাই আপনার দুইটা চ্যালেন আমি ফলো করি ভালোলাগে আপনার কথা গুলো,,,  কিন্তু ভাইয়া আমার মনে আপনার এই চ্যালেন এর ভিডিও গুলোর যে থাম্বেল সেটা ইকটু বদলানো উচিৎ,,আমি বলতে চাচ্ছি থাম্বেল এর মধ্যে মুভির নাম টা লিখে দিলে ভালো হয়,,যেমন টা সিনেসিরিস চ্যালেনের অর্নব ভাই দেয়,,,এতে মুভির নামটা সহজে পাওয়া যায়,,,",Negative
"ভাই আপনার দুইটা চ্যালেন আমি ফলো করি ভালোলাগে আপনার কথা গুলো,,,  কিন্তু ভাইয়া আমার মনে আপনার এই চ্যালেন এর ভিডিও গুলোর যে থাম্বেল সেটা ইকটু বদলানো উচিৎ,,আমি বলতে চাচ্ছি থাম্বেল এর মধ্যে মুভির নাম টা লিখে দিলে ভালো হয়,,যেমন টা সিনেসিরিস চ্যালেনের অর্নব ভাই দেয়,,,এতে মুভির নামটা সহজে পাওয়া যায়,,,",Negative
"ভাই আপনার দুইটা চ্যালেন আমি ফলো করি ভালোলাগে আপনার কথা গুলো,,,  কিন্তু ভাইয়া আমার মনে আপনার এই চ্যালেন এর ভিডিও গুলোর যে থাম্বেল সেটা ইকটু বদলানো উচিৎ,,আমি বলতে চাচ্ছি থাম্বেল এর মধ্যে মুভির নাম টা লিখে দিলে ভালো হয়,,যেমন টা সিনেসিরিস চ্যালেনের অর্নব ভাই দেয়,,,এতে মুভির নামটা সহজে পাওয়া যায়,,,",Negative
"ভাই আপনার দুইটা চ্যালেন আমি ফলো করি ভালোলাগে আপনার কথা গুলো,,,  কিন্তু ভাইয়া আমার মনে আপনার এই চ্যালেন এর ভিডিও গুলোর যে থাম্বেল সেটা ইকটু বদলানো উচিৎ,,আমি বলতে চাচ্ছি থাম্বেল এর মধ্যে মুভির নাম টা লিখে দিলে ভালো হয়,,যেমন টা সিনেসিরিস চ্যালেনের অর্নব ভাই দেয়,,,এতে মুভির নামটা সহজে পাওয়া যায়,,,",Negative
"ভাই আপনার দুইটা চ্যালেন আমি ফলো করি ভালোলাগে আপনার কথা গুলো,,,  কিন্তু ভাইয়া আমার মনে আপনার এই চ্যালেন এর ভিডিও গুলোর যে থাম্বেল  সেটা ইকটু বদলানো উচিৎ,,আমি বলতে চাচ্ছি থাম্বেল এর মধ্যে মুভির নাম টা লিখে দিলে ভালো হয়,,যেমন টা সিনেসিরিস চ্যালেনের অর্নব ভাই দেয়,,,এতে মুভির নামটা সহজে পাওয়া যায়,,,",Negative
একদম বাজে মুভি ছিল,Negative
আজাইরা সিনেমা সময় নষ্ট করলেন মিয়া,Negative
"ভাই, তুমি কি নাস্তিক?",Negative
যত্তসব অাজগুবি গল্প এক্সপ্লেইন করলেন মিয়া...সময়টাই নষ্ট করলাম,Negative
ভালো লাগলো ধন্যবাদ,Negative
এতোটাও খারাপ ছিলো না  আর আপনি এতো সুন্দর করে বলেছেন যে ভালো ছাড়া খারাপ তো হতেই পারে না  ভালো ধন্যবাদ ভাইয়া,Negative
"ভাই সিনেমার গল্প খারাপ লেগেছে ভালো লেগেছে সেটা বড় কথা না । বড় কথা আমি তোমার কন্ঠ মনোযোগ দিয়ে শুনেছি, তোমার কন্ঠ আমার খুবই ভালো লাগে, তাই তোমার প্রত্যেকটা ভিডিও দেখি এবং তোমাকে তো আমি আমার খালাতো দুলাভাই মানিই ️️",Negative
ভালো লাগছে ব্যাকগ্রাউন্ড মিউজিক টা জোস ছিল,Negative
"- যাদের খারাপ লেগেছে, তাদের কিছু বলার দরকার নাই",Negative
ভাই  ভালো   লাগলো,Negative
আপনার ভিডিও দেখার জন্য অপেক্ষায় থাকি।,Negative
"️️ভাই আপনার ভিডিও খুব ভালো লাগে আপনার ভিডিও জন্য অপেক্ষা থাকি,,🇧🇩🇧🇩",Negative
আমার  ভালো লাগছে,Negative
শেষের কথাটা অনেক দারুন লেগেছে আলামিন ভাই।,Negative
"আপনি অনেক মজার ও অনেক, চালাক কথা গুলো শুনলে হাঁসি আসে।",Negative
খুব ভালো লেগেছে,Negative
খুব ভালো লেগেছে,Negative
ভাই আমার কাছে অনেক ভালো লাগছে,Negative
নাইছ ভালো,Negative
অনেক সুন্দর ভাইয়া,Negative
আমার ভালো লাগছে।।।।।,Negative
আমার কাছে খুব খুব ভালো লেগেছে,Negative
খুব ভালো লাগছে,Negative
খুব ভালো লাগছে,Negative
অনেক ভালো লাগছেএমন এন্জেলের মুভি আরও চাই,Negative
আমার খুব ভালো লাগছে,Negative
ভাইয়া আমার ভালোই লাগলো,Negative
ভাইয়া এই সিনেমাটা অনেক খুঁজেছি বাট পাইনা ধন্যবাদ আপনাকে এ ধরনের সিনেমা আরো চাই,Negative
বেশ সুন্দর লুগসা ভি তোমার ভয়েস তে,Negative
দারুন ছিলো মনে হচ্ছিলো রুপ কথা শুনছি,Negative
ভাই আমি আপনার সবগুলো চেনেলের ভিডিও দেখি আলামিন-ভাই  ।,Negative
ভাইয়া   (2012) মুভির বাংলা এক্সপ্লেনেশন আপলোড দাও। প্লিজ প্লিজ প্লিজ ভাইয়া।,Negative
আলামিন ভাই কেমন আছেন,Negative
আপনে যা বলেন তাই ভালো লাগে দুঃখের কিছু নাই,Negative
আমার তো ছেলে দুটোর পাখা বেশি ভালোলেগেছে গলপোর থেকে,Negative
ভাই    বাংলায় এক্সপায়রেশন করে দেন।,Negative
আপনি সম্পূর্ণ মুভি খুব ধৈর্য সহকারে এক্স্প্লাইন করেন কিন্তু শেষে এত তাড়াতাড়ি কেন করেন,Negative
"আলামিন ভাই, এই ভিডিওর কিছু বুঝতে পারলাম না।",Negative
আমি ও একজন কে ভালোবাসি পাবো না জেনে ও,Negative
ভাই দাজ্জাল সম্পর্কে জানতে চাই,Negative
আমার নাম মলি,Negative
আপনি কি সফটওয়্যার উস করেন প্লেস বলেন।,Negative
ভাই আমি আপনার সাথে দেখা করতে চাই,Negative
এই মুভি গুলো কোথা থেকে ডাউনলোড করেন।,Negative
ভাই তুমি আর savage420 ভিডিও ছারবে না  ভাই নেবেন করবেন না,Negative
থাক কিছু বললাম না,Negative
মুটা মুটি ভালো,Negative
সিনেমার থেকে আপনার  টাই বেশি ভালো লাগে,Negative
ইয়া আপনার শেষের কথা টা শুনে অনেক মজা পাইছি,Negative
ভাই  420 চ্যানেল আপনার নাকি,Negative
ভাই আমার     আইডির নামও,Negative
ভাই এটার কি ২ পার্ট আছে,Negative
মাথার উপরে দিয়ে গেলো পুরা,Negative
ভাই আপনার সারভেজ ৪২০ চেনেল কি হয়েছে,Negative
ভাই আপনার নাম কি কোন ক্লসে পরেন,Negative
"ভাই তোমার টপআপ পেজে কোনো  দেনা,,,,",Negative
ভাই মানা করলা বলে শেষে আমিও আর কিছু বললাম না,Negative
ভাই আপনি কি savage420..?,Negative
প্রতিদিন একটা ভিডিও তে হয় না,Negative
"না ভালোই ছিল, নায়ক, নাইকা বেশ সুন্দর ছিল",Negative
আজ এত মলি নামটা শুন্তেছি কেন,Negative
ভাই মুভি গুলো কথাথেকে দেখেন,Negative
wick4 চলে আসছে,Negative
পৃথিবীর সবথেকে মধুর সুর হল আজান। কে কে একমত লাইক দিয়ে বুঝিয়ে দাও।,Negative
ঠিক আছে কিছুই বললাম না।,Negative
"বিষয়টা এমন, খারাপ লাগলে দূরে গিয়া মর",Negative
শেষে গিয়া কিছুই বুঝি নাই,Negative
RendomSavaze420,Negative
"ভাই আপনার দুইটা চ্যালেন আমি ফলো করি ভালোলাগে আপনার কথা গুলো,,,  কিন্তু ভাইয়া আমার মনে আপনার এই চ্যালেন এর ভিডিও গুলোর যে থাম্বেল সেটা ইকটু বদলানো উচিৎ,,আমি বলতে চাচ্ছি থাম্বেল এর মধ্যে মুভির নাম টা লিখে দিলে ভালো হয়,,যেমন টা সিনেসিরিস চ্যালেনের অর্নব ভাই দেয়,,,এতে মুভির নামটা সহজে পাওয়া যায়,,,",Negative
"ভাই আপনার দুইটা চ্যালেন আমি ফলো করি ভালোলাগে আপনার কথা গুলো,,,  কিন্তু ভাইয়া আমার মনে আপনার এই চ্যালেন এর ভিডিও গুলোর যে থাম্বেল সেটা ইকটু বদলানো উচিৎ,,আমি বলতে চাচ্ছি থাম্বেল এর মধ্যে মুভির নাম টা লিখে দিলে ভালো হয়,,যেমন টা সিনেসিরিস চ্যালেনের অর্নব ভাই দেয়,,,এতে মুভির নামটা সহজে পাওয়া যায়,,,",Negative
"ভাই আপনার দুইটা চ্যালেন আমি ফলো করি ভালোলাগে আপনার কথা গুলো,,,  কিন্তু ভাইয়া আমার মনে আপনার এই চ্যালেন এর ভিডিও গুলোর যে থাম্বেল সেটা ইকটু বদলানো উচিৎ,,আমি বলতে চাচ্ছি থাম্বেল এর মধ্যে মুভির নাম টা লিখে দিলে ভালো হয়,,যেমন টা সিনেসিরিস চ্যালেনের অর্নব ভাই দেয়,,,এতে মুভির নামটা সহজে পাওয়া যায়,,,",Negative
"ভাই আপনার দুইটা চ্যালেন আমি ফলো করি ভালোলাগে আপনার কথা গুলো,,,  কিন্তু ভাইয়া আমার মনে আপনার এই চ্যালেন এর ভিডিও গুলোর যে থাম্বেল সেটা ইকটু বদলানো উচিৎ,,আমি বলতে চাচ্ছি থাম্বেল এর মধ্যে মুভির নাম টা লিখে দিলে ভালো হয়,,যেমন টা সিনেসিরিস চ্যালেনের অর্নব ভাই দেয়,,,এতে মুভির নামটা সহজে পাওয়া যায়,,,",Negative
"ভাই আপনার দুইটা চ্যালেন আমি ফলো করি ভালোলাগে আপনার কথা গুলো,,,  কিন্তু ভাইয়া আমার মনে আপনার এই চ্যালেন এর ভিডিও গুলোর যে থাম্বেল সেটা ইকটু বদলানো উচিৎ,,আমি বলতে চাচ্ছি থাম্বেল এর মধ্যে মুভির নাম টা লিখে দিলে ভালো হয়,,যেমন টা সিনেসিরিস চ্যালেনের অর্নব ভাই দেয়,,,এতে মুভির নামটা সহজে পাওয়া যায়,,,",Negative
"ভাই আপনার দুইটা চ্যালেন আমি ফলো করি ভালোলাগে আপনার কথা গুলো,,,  কিন্তু ভাইয়া আমার মনে আপনার এই চ্যালেন এর ভিডিও গুলোর যে থাম্বেল সেটা ইকটু বদলানো উচিৎ,,আমি বলতে চাচ্ছি থাম্বেল এর মধ্যে মুভির নাম টা লিখে দিলে ভালো হয়,,যেমন টা সিনেসিরিস চ্যালেনের অর্নব ভাই দেয়,,,এতে মুভির নামটা সহজে পাওয়া যায়,,,",Negative
"ভাই আপনার দুইটা চ্যালেন আমি ফলো করি ভালোলাগে আপনার কথা গুলো,,,  কিন্তু ভাইয়া আমার মনে আপনার এই চ্যালেন এর ভিডিও গুলোর যে থাম্বেল  সেটা ইকটু বদলানো উচিৎ,,আমি বলতে চাচ্ছি থাম্বেল এর মধ্যে মুভির নাম টা লিখে দিলে ভালো হয়,,যেমন টা সিনেসিরিস চ্যালেনের অর্নব ভাই দেয়,,,এতে মুভির নামটা সহজে পাওয়া যায়,,,",Negative
একদম বাজে মুভি ছিল,Negative
আজাইরা সিনেমা সময় নষ্ট করলেন মিয়া,Negative
"ভাই, তুমি কি নাস্তিক?",Negative
ভাইয়া আপনার বলার ভঙ্গি এবং সিরিজটা মিলে অসম্ভব সুন্দর,Negative
"জিবনের প্রথম কমেন্ট,,,সেরা️",Negative
এতো অপেক্ষা করানো ভালো কাজ নয় বদ্দা।।,Negative
"ভাইয়া পুরো টা না দেখেই লাইক দিলাম। জানি আপনার  অনেক ভালো হবে,আর ভালো লাগবে।",Negative
"আপনার সব ভিডিও দেখি ,,আপনার ভিডিও সামনে আসলে দেখার আগে লাইক দেই,,কারণ আমি জানি আপনার এক্সপ্লেইন সবার থেকে আলাদা,,অনেক ভালো লাগে আপনার ভয়েস,,অনেক ধন্যবাদ আপনাকে",Negative
"স্যালিউট গুরু 🫡  সত্যিই অসাধারণ, গল্পটা না, আপনার কন্ঠের এক্সপ্লেইন,",Negative
"আপনার ভিডিওগুলা যতটা মনোযোগ দিয়ে দেখি ততটা মনে হয় না আমি আমার জীববিজ্ঞান সাবজেক্টও পড়ি, অসাধারণ অ্যাডভান্সের প্রিয় অ্যাডভান্সার মুভি  চাই প্লিজ বাংলাদেশ ঢাকা থেকে",Negative
অস্থির একটা মুভি,Negative
আসলেই জীবনে অনেক টুইস্ট দেখছি কিন্তু এই রকম টুইস্ট ফাস্ট টাইম দেখলাম,Negative
আপনার কথা শুনতে এতো এতো এতো ভালো লাগে মানে বলে বোঝাতে পারবো না,Negative
অসাধারণ একটা ওয়েব সিরিজ দিয়েছেন দাদা অনেক মজা পেয়েছি,Negative
ডেবিট আর পুলিশকে গ্রেফতার করে না  কথাটা বেশ ভালো ছিলো,Negative
সত্যি বলতে দাদা অপেক্ষায় ছিলাম অবশেষে পেয়ে গেলাম   🇦🇪,Negative
দাদা পুরো দারুন,Negative
আমি মনে করি আপনি প্রতিদিন নতুন ভিডিও আপলোড করুন আর আমি প্রতিদিন একটা করে দেখি,Negative
আপনার ভয়েস টা দারুন,Negative
শেষে টুইস্ট দেখে  তো মাথা ঘুরে গেল,Negative
আপনার মুভি এক্সপ্লেন অনেক ভালো হই প্লিজ   টা এক্সপ্লেন করেন না,Negative
দাদা তুমার আর কেয়া আপু   গুলো খুব ভালো লাগে,Negative
ধন্যবাদ,Negative
দাদা সত্যিই মুভিটা মাস্টার পিছ।,Negative
"রাত ৮ টার দিকে আমি এক্সপ্লেনেশনটা দেখতে বসি,  কিছুক্ষন দেখার পর আমার প্রচন্ড ঘুম পাচ্ছিলো। তাই ভিডিও পস করে ঘুমিয়ে পড়ি এবং কিছু সপ্ন দেখি। ২০ মিনিট পর ঘুম ভেঙে যায় এরপর বাকি অংশ দেখি। কেন এমন হলো জানিনা।",Negative
"অনেক ধন্যবাদ,,,,",Negative
আপনাকে দেখতে ইচ্ছা করে এত কিউট এক্সপ্লেইন করেন,Negative
অপেক্ষায় ছিলাম ভাইজান,Negative
"ভীষণ জটিল, প্রতি মূহুর্তে নতুন একেক টা ধাঁধা লাস্ট মূহুর্তে মনে হচ্ছিল আমার শরীরে আমার আমি নাই অন্য কারো আত্ম",Negative
দাদা ভিডিওটি এতো বড় করেছেন যে শেষ পযন্ত দেখার ধৈর্য হারিয়ে ফেললাম।,Negative
বাংলাদেশের ভিআইপি পরিচ্ছন্ন  শহর  রাজশাহী বিভাগ থেকে এবংরাজধানী  ঢাকা বিভাগ থেকে,Negative
"মানুষের ভাবনা নিয়ে ভাবতে হবে, কারণ ভাবনা নিয়েই আমরা ভাবি, আপনারা কি ভাবেন?",Negative
ডেভিড আর পুলিশকে গ্রেফতার করে নাই,Negative
পার্ট টু কি আসবে একোন ত রব মরে নি ও পাজি,Negative
"আমার মতো কারা কারা আছেন, যে ভূতের মুভি পছন্দ করেন।",Negative
ভাই আপনি নতুন ছবির একপ্রেন দেন না কেন,Negative
আপনার কথা শুনলে আমার মাথার ভিতরে তিন চার দিন এমনিতেই ঘুরে,Negative
মুভির নাম কি?,Negative
2024 সালের স্বাগতম সবাইকে,Negative
এক বার চেক করে দেখতে হবে আমার ভিতরে আমারি আত্তা আছে তো নাকি অন্য কারো আত্তা ?  !,Negative
কে কুন দেশ থেকে দেখছ কমেন্ট কর 🇮🇳🇮🇳🇮🇳,Negative
"আমি আপনার  প্রতি""টি ভিডিও দেখি কিন্তু  কমেন্ট করি না..!",Negative
তবে সত্যি  বলতে আপনার  এক্সপ্লেনেশন  অনেক ভালো হয়..!,Negative
"আর আপনার  ভয়েজ অসাধারণ  যা শুনলে""ই শরীরে শিহরণ  বয় সাথে অন্য  রকম  আতঙ্ক  জনিত অনুভুতি  জাগে মনে..!",Negative
ভাইরে ভাই আপনার কি সাংঘাতিক লেভেলের। হরর মুভির জন্য তো মাষ্টারপিস।,Negative
এমন ক্ষমতা  যদি আমার থাকতো.,Negative
ডেবিট আর পুলিশ কে  গেফতার করে না কি কইলা ভাই এটা,Negative
#আল্লাহ নামে একটা লাইক দিয়ে যান #,Negative
সাবসক্রাইব কেন অনুপ্রাণিত করে না?,Negative
নতুন মুভি এক্সপ্লোরেশন ভিডিও বানাচ্ছি সাপোর্ট করলে উতসাহ পাবো।,Negative
আমার মনে হয় কি আপনি কাহিনী গুলোকে নিজের মন মত বানান আর সিনেমার টুইস্ট সিনেমার কাহিনী সেগুলো সবই আলাদা। আপনি হয়তো এগুলো কোন ম্যাগাজিনে পড়েছেন বা কোন উপন্যাসের কাহিনী। আর এই ঘটনাগুলো কেই আপনি আপনার এক্সপ্লেইন করছেন। মুভির মাধ্যমে,Negative
আমার মত কে কে কমেন্ট পড়তে এসেছে,Negative
লুইসের উচিৎ ছিল পুলিশ নিয়ে যাওয়া,Negative
এই মূহুর্তে যারা দেখছেন তারা লাইক করুন,Negative
আজ থেকে প্রায় ১বছর পরে ঘটনা টি ঘটেছিল।তখন গভির রাত ৭টা !,Negative
"এই ভিডিও দেখে নিজের গার্লফ্রেন্ডকে সন্দেহ হচ্ছে,,  যেভাবে ওর মুড সুইং হয় তাতে মনে হয় ওটা আমার গার্লফ্রেন্ড না ওর মধ্যে অন্য কেউ",Negative
এরকম রহস্য ঘোড়া নেয়ে আর একটা মুভি এক্সপ্লেন করেন,Negative
"অনেক দিন পর ভালো একটা এক্সপ্লেইন দেখলাম। এই সাসপেন্স থ্রিলার টাইপের মুভি ওয়েব সিরিজ এক্সপ্লেইন আশাকরি।   প্রেম পিরিতি, ভৌতিকতা ফালতু লাগে।",Negative
ভিডিও টা দেখে আমার মতো আঙুল কে কে গুনেছো?,Negative
আপনারি আত্মা আছে,Negative
ভয় লাগে,Negative
"ভাই আমরা ঘুমিয়ে পড়লে আমাদের আত্না শরীরে থাকে না এইটা ত সত্যি কথা,আমাদের আত্না আরসে আজিম এ চলে যায়,আল্লাহর কাছে সেজদায় থাকে,আর আত্না ফেরত না আসলেই আমাদের মৃত্যু  হয়।  যেমন অনেক এই ঘুমেই মারা যায়।",Negative
জটিল....,Negative
࿐ -༊❝ ক্লাস  এর মেয়ে࿐ এস্টাটাস দিছে প্রয়োজনে আমাকে খাও - কিন্তু সিগারেট খেয়ো না  -༊࿐,Negative
সবই ঠিক ছিল কিন্তু ছেলে হয়ে মেয়ের শরীরে ঢুকলো এই বিষয় টা অপ্রাসঙ্গিক ছিল। যেহেতু আত্মাটা ছেলের,Negative
পাইলামী,Negative
"ঢেবিড আর পুলিশ কে গ্রেফতার করে না ,উল্টো বলছেন",Negative
আপনার কাহিনি গুলো অনেক ভালো লাগে,Negative
মাশাল্লাহ আল্লাহ,Negative
"আপনার সব ভিডিও কয়েকবার দেখেছি কিন্তু কমেন্ট করার সময় পাইনা কারণ বিবরণ এত সুন্দর যে গল্পের ভিতর হারিয়ে যায়,,",Negative
আপু আপনার কন্ঠ টা অনেক সুন্দর  আর আপনার কন্ঠে গল্প গুলো শুনতে অনেক ভালো লাগে,Negative
আপু আপনার ভিডিও আমার কাছে অনেক ভালো লাগে,Negative
"গল্পটা অনেক অনেক ভালো লেগেছে সত্যি বলতে পানির মর্ম যে কতটা সেটা খুব ভালো বুঝানো হয়েছে  পানির অপর নাম জীবন  তাই আমাদের পানি অপচয় করা ঠিক না ধন্যবাদ আর লাভ ইউ আপু আপনার গল্প থেকে সব সময় আমরা অনেক কিছু শিখতে পারি, তার জন্য অনেক অনেক ধন্যবাদ আর ভালোবাসা অবিরাম ️️️️️️",Negative
ধন্যবাদ এত সুন্দর একটা মুভির  উপহার দেওয়ার জন্য,Negative
আপুর ভিডিও দেখলে মনটা শান্তি পাই,Negative
আপনার বলার ধরন অনক অসাধারণ ️️,Negative
আপনার আওয়াজ খুবই ভালো লাগে,Negative
ভিডিও টা অনেক সুন্দর।আপু আপনার অপেক্ষা ছিলাম।,Negative
আপনার কণ্ঠটা জাস্ট দারুণ,Negative
আপনার অপেক্ষায় ছিলাম,Negative
আপনার কন্ঠ অনেক সুন্দর,Negative
অসাধারণ,Negative
কেয়া আপু তুমি কেমন আছো অনেক মিস করি তোমাকে,Negative
"ইটিওবে ডুকে আপনার ভিডিও  দেখে অনেক খুচি হয়চি,,,",Negative
পৃথিবীর তাপমাত্রা বেড়ে যাচ্ছে,Negative
আফনান ভাই আর তুমার ভিডিওর নটিফিকেশন একসাথে এসেছে।,Negative
ভিডিওর জন্যে অপেক্ষা করা বেশ মুশকিল।,Negative
"আপু তোমার ভিডিও গুলো  থেকে, তোমার ভয়েস টা অনেক  অসাধারণ লাগে। জানিনা তোমারই ভয়সের মধ্যে কি জাদু আছে ।তোমার এই বয়সের জন্য তোমার প্রত্যেকটা ভিডিও আমি দেখি। থ্যাংক ইউ সো মাচ কেয়া আপু। তুমি আমাদেরকে এত সুন্দর সুন্দর ভিডিও উপহার দেওয়ার জন্য। আই লাভ ইউ কি আপু।",Negative
আপু গল্প টা শুনে আমার চোখে পানি এসে গেছে,Negative
"আপু আপনার ভয়েজে মুভির কাহিনি শুনলে আমার চোখে ঘুম চলে আসে,অসম্ভব সুন্দর লাগে আপনার ভয়েজ",Negative
খুব সুন্দর  মুভি,Negative
অসাধারণ ভিডিও  আপনার ভিডিও দেখা জন্য আমি উপেক্ষা করে,Negative
এই  টি কোথা থেকে দেখব,Negative
"আপনি সাউন্ডের জন্য কি   করেন, যদি দয়াকরে বলেন",Negative
আপু আপনার  এবং  অসাধারন,Negative
অসাধারণ ।,Negative
আপু অনেক দিন পর মুভি দেন এক দিন পর পর দেবেন প্লিজ,Negative
"আমরা মানুষ রা যা শুরু করসি,, তাতে আগামিতে এরকম টাই হবে",Negative
কে কে আমাদের রাসূল সাললাহু আলাইসালাম কে ভালোবাসেন কমেনটে বলে জান️,Negative
অনেক ধন্যবাদ,Negative
অসাধারণ মুভি,Negative
অসাধারণ,Negative
আ‌‌‍পু তুমার অপেক্ষায় ছিলাম তুমার আর  ভাইয়ের ভিডিও এক সাথে আসছে অপু তোমাকে অনেক দিন ধরে মেসেজ দিতে ছি অপু তুমি রিপ্লাই দেওয়া আপু তোমার  প্রত্যেক ভিডিওর বেগরাওন মিউজিক দেও,Negative
দ্যাটস,Negative
পানি ত বুঝলাম বাট খাবার পাইলো কুথায়? যদি পানিই না থাকে কোন জীব বা খাবার থাকার কথানাপানি খেয়েই কি বেচে ছিলোপাগলা মুভি,Negative
লিলি কি ছেলে না মেয়ে?,Negative
নতকসজী,Negative
"কালিমার দিয়ে গেলাম,,, অন্য ধর্মের ভাই বোনদের বলে গেলাম কোরআন এর কাছে গিয়ে কোরআন বুঝুন দেখুন কি লেখা আছে,,,, আসসালামুয়ালাইকুম,,, আপনার উপর শান্তি বর্ষিত হোক।",Negative
ংনৱসরকতৱ সাগল,Negative
অস্কার জয়ী সিনেমা .. ://./0z9or2CGSqQ,Negative
"কে কে কেয়া আপুকে দেখতে চায়,,, হাত তুলুন️",Negative
শিক্ষিকা ছাত্রের প্রেমের গল্প  = ://./lHHnV0ryGVQ,Negative
শিক্ষিকা ছাত্রের প্রেমের গল্প  = ://./lHHnV0ryGVQ,Negative
ভাই প্লিজ    এর   গুলো  করেন,Negative
আলামিন ভাই তোমার ভিডিও গুলো এত ভালো লাগে না দেখে পারি না।,Negative
ওয়াও দারুন লাগছে,Negative
"দুনিয়াতে সবচেয়ে সুন্দর ও মধুর সুর হল আজান , আলহামদুলিল্লাহ",Negative
আমি 1 বছর ধরে দেখছি আপনার ভিডিও,Negative
আমি আপনার সব ভিডিও দেখি আর অনেক ভালো লাগে ভিডিও গুলো,Negative
! জীবনের প্রতিটি মুহূর্ত রঙিন হোক,Negative
ভাই আপনার সব গুলো ভিডিও অসাধারন  অনেক ভালো লাগে আপনার কাজ গুলো     আরো এগিয়ে যান সব সময় পাষে আছি,Negative
"জন্মের পর থেকেই কষ্ট শুরু করছি,কখনো হাল ছাড়ি নি, পিল্জ ছোট বোন টার পাশে একটু দাঁড়ান",Negative
আপনি ভিডিও দেওয়ার জন্য অপেক্ষায় ছিলাম,Negative
সত্যি মজা সুন্দর দুইটাই,Negative
অসাধারণ,Negative
"সুন্দর এই পৃথিবীতে সুন্দরতম জীবন হোক আপনার । পূরণ হোক প্রতিটি স্বপ্ন, প্রতিটি আশা, বেঁচে থাকো হাজার বছর।  আমি দোয়া করি সবাই  যাতে আপনার মতো হয়।",Negative
ভাই ভালো  ছিল,Negative
"ফ্রিজে পানি রাখলে যেমনি পানি ঠান্ডা হয়ে যায়, তেমনি নামাজ পড়লে অন্তর ঠান্ডা হয়ে যায়,[[সুবহানাল্লাহ]]️️",Negative
অনেক ভালো মুভিটা ️️️,Negative
আপনার ‌ খুব সুন্দর।,Negative
ভালো ভাই।,Negative
স্যার আমি আপনার বড় ফ্যান। আমি আপনার ভয়েস থেকে  মুভির এক্সপ্লেন শোনতে চাই। প্লিজ,Negative
ভাই আপনি মুভি এক্সপ্রেশন এর পাশাপাশি বিভিন্ন  সিরিজ এক্সপ্রেশন করলে ভালো হতো   আপনার এক্সপ্রেশন অসাধারণ ️️,Negative
ভাইয়া তোমার মুখে   সিনেমা গুলো শুনতে অসাধারণ লাগে,Negative
ভাই  আপনে নিজের মতে করে এগিয়ে জান আর আপনে জোত বেসত থাকেন না কেন না আমার আল্লাহকে স্মরণ করবেন নামাজের কথা মনে রাখবেন,Negative
ভাইয়া এই শিত একা একা কাটানো অনুভূতি কেমন ভাইয়া দোয়া করি এই শিত যেন আর একা একা কাটে,Negative
হাসতে হাসতে শেষ আমি,Negative
ভাইয়া আমি এ ভিডিও টা দেখেছি কিন্তু আমি  আবার দেখবো ।,Negative
"মুভিটা খুব ভালো লাগলো , আপনার মুভি এক্সপ্লেনেশন আমার খুবই ভালো লাগে",Negative
প্রতিদিন দুটো করে ভিডিও দিবেন আলামিন ভাই,Negative
"মুভি,  অসাধারণ একটা  সিনেমা",Negative
১০০ বছরে কত কিছু বদলে গেছে কিন্তু ১৪৪০ বছরের কোরআনের  একটি হরফ বদলে যায়নি আমিন,Negative
"মুভি,  অসাধারণ একটা  সিনেমা",Negative
"মুভি,  অসাধারণ একটা  সিনেমা",Negative
"মুভি,  অসাধারণ একটা  সিনেমা",Negative
"মুভি,  অসাধারণ একটা  সিনেমা",Negative
"মুভি,  অসাধারণ একটা  সিনেমা",Negative
"মুভি,  অসাধারণ একটা  সিনেমা",Negative
"মুভি,  অসাধারণ একটা  সিনেমা",Negative
ইনশাআল্লাহ আমিও একদিন সফল হবো আপনাদের ভালোবাসা থাকলে হয়তো,Negative
ভাই নেটফ্লিক্সের  সিরিজটি  করেন না,Negative
১০ মিনিটের ভিডিও বানাও ভাই,Negative
: চৌধুরী সাহেব আমি গরিব হতে পারি কিনতু বেনসন খাই,Negative
ভাই    করেন ভাই,Negative
ভাই আপনি NO1   লুচ্চা,Negative
আমি আজকে সাথক যে আমি আপনার ভিডিও ১ম কমেন্ট করেছে ভাই আমাদের ভালোবাসা আপনার সাথে আছে।,Negative
ভাই প্লিজ    এর   গুলো  করেন,Negative
"আলামিন ভাই ,, পুরো ,মুভিটা কি ভাবে দেখতে পারবো,,, ঙ",Negative
ভাই প্লিজ    এর   গুলো  করেন,Negative
ভাই প্লিজ    এর   গুলো  করেন,Negative
ভাই প্লিজ    এর   গুলো  করেন,Negative
ভাই প্লিজ    এর   গুলো  করেন,Negative
ভাইয়া কোরিয়ান রোমান্টিক ফ্যান্টাসি মুভির মধ্যে সবচেয়ে বেশি টাকা আয় করা মুভি এক্সপ্লেন দেখতে চাই,Negative
ভাই প্লিজ    এর   গুলো  করেন,Negative
ভাই প্লিজ    এর   গুলো  করেন,Negative
ভাই প্লিজ    এর   গুলো  করেন,Negative
ভাই প্লিজ    এর   গুলো  করেন,Negative
ভাই প্লিজ    এর   গুলো  করেন,Negative
ভাই প্লিজ    এর   গুলো  করেন,Negative
ভাই প্লিজ    এর   গুলো  করেন,Negative
ভাই প্লিজ    এর   গুলো  করেন,Negative
ভাই প্লিজ    এর   গুলো  করেন,Negative
ভাই প্লিজ    এর   গুলো  করেন,Negative
ভাই প্লিজ    এর   গুলো  করেন,Negative
ভাই প্লিজ    এর   গুলো  করেন,Negative
ভাই প্লিজ    এর   গুলো  করেন,Negative
ভাই প্লিজ    এর   গুলো  করেন,Negative
আপনি তো savage420 তাইনা?,Negative
আপনি তো savage420 তাইনা?,Negative
আপনি তো savage420 তাইনা?,Negative
ভাই অনেক দিন দরে আপনার ভিডিও দেখিনা কারন নামাজ পরি তো আবার মেয়েদের ছবি দেখলে গুনাহ হবে,Negative
মুভিটা খুব হাস্যকর...,Negative
তাদের মধ্যে মনে হয় ইয়ে রয়েছে,Negative
"আমি এত কষ্ট করে স্ট্রিপ লিখলাম, আর আপনি কিছুই বললেন না  মজা করছিলাম  তবে ভিডিওটা খুব ভালো হয়েছে",Negative
ইএ মানে কি ভাইয়া,Negative
কৃষ্ণ নাম জপ করলে সমস্ত দুঃখ চলে যায়,Negative
ভাইয়া কোরিয়ান রোমান্টিক মুভি গুলো দে ....................  (^_^) ️️️,Negative
হয়তো ইয়ে আছে,Negative
7.8 কোটি না ৭.৮ লাখ,Negative
আপনার কি ফেসবুক  আইডি আছে। নাম বলবেন,Negative
ভাইয়া ভাবসাব ভালো দেখি না,Negative
আপনার সাথে 1  1 খেলতে চাই,Negative
কিনতু নিচে তো   লেখা আর আপনি     করলেন,Negative
এই কমেন্ট টা যে পড়ছে তার মা বাবা যেন জাননাতি হয়,Negative
হাসতে হাসতে বিচি হাতে,Negative
ভাই  আ,Negative
ভাই 1 মিলিয়ন মানে 7 8 কোটি টাকা না 100000 টাকা,Negative
আজব দুনিয়া,Negative
প্লিজ সবাই আমাকে একটু সাপোর্ট করেন প্লিজ প্লিজ প্লিজ প্লিজ,Negative
"""       """"""মুভিটা একবার নেন,,,প্লিজ প্লিজ প্লিজ ভাই,,,,"""" """"'",Negative
ভাইয়া আমি মধ্যবিত্ত তাই কেউ সাপট করে না,Negative
আপনি কী মুসলিম?,Negative
সেই  পিতুনি,Negative
এইটা কোনো সিনেমা হলো  একদম ভালো লাগে নি,Negative
আপনি ছবির মূল নামের জায়গায় অন্য নাম দিয়ে কি মজা পান।আমরা কিন্তু আপনাকে ফালতু মনে করি।,Negative
নিউ মুভি এক্সপ্লেনেশন মানুষ যখন ভোঁদড়    ️নিউ মুভি এক্সপ্লেনেশন মানুষ যখন ভোঁদড়    ️,Negative
অসাধারণ একটা ছবি  মালয়েশিয়া সিনেমা হলে দেখছি।,Negative
"আল আমিন ভাই এর প্রত্যেকটা ভিডিও আমার কাছে ভালো লাগে। তিনিও আমাদের সাথে একটি ফ্রেন্ডলি আচরণ করেন,যেটিও ভালোলাগার আরেকটি কারণ।",Negative
আল আমিন  ভাই আমি দোয়া করি আপনি সব সময় যেনো ভালো থাকেন,Negative
আল আমিন ভাইয়া আপনার মুভি গুলো সেই হয় আমি সব গুলো দেখার চেষ্টা করি মাশাআল্লাহ আপনার কন্ঠ অসাধারণ,Negative
খুব সম্ভবত এরকম একটা কার্টুন দেখছিলাম আমি গল্পের সাথে পুরা মিল আছে।,Negative
অসাধারণ ভাই,Negative
রক্তে আলআমিন ভাই।,Negative
আসছালামু আলাইকুক,Negative
নিয়ে একটা ভিডিও বানান ভাই....,Negative
আরে ভাই  420 5 নম্বর পর্ব ছাড়েন ভাই,Negative
"ভাইয়া সিরিজ দেন প্লিজ,,,  অপেক্ষা করতেছি তো",Negative
ছবির ভিডিও দেন,Negative
"সেটা বড় কথা নয়, তারচেয়ে বড় কথা হলো..........",Negative
আমি আপনার অনেক বড় ফেন ভাই পিলিজ রিপলাই দিবেন,Negative
ভাই আমি তুমার খুব ভড় ফেন,Negative
ভাইয়া আমি এইরকম ডামা কাটুন আকারে দেখেছি আমার মনে হচ্ছে,Negative
ভাই এটা তো কয়েক বছর আগের কাটুন মুভি দেখেছিলাম,Negative
ভইয়া এখন এরিকের মাথায় ব্যান্ডেজ ছিল  এখন আবার নাই,Negative
আসসালামু আলাইকুম আলামিন ভাই আশা করি ভাল আছেন আমি চাই আপনার নিজের  কন্ঠে হেল প্যারাডাইস,Negative
ভাই এই মুভিটার একটা কার্টুন আছে আর আমি কার্টুন টা দুই বছর আগে দেখেছি আর কাটুনের সাথে হুবুহু মিল আছে তাই আমি দশে এক ও দিবোনা,Negative
হ আপনার বাড়িতে বেড়াতে আসছে,Negative
"ভাই ,420 সিস্টার পর্ব আর কোথায় তাড়াতাড়ি দেন",Negative
ভাই হতে পারে নায়েক এর আব্বু শ্বেতাঙ্গ ছিলো,Negative
ব্লগ কোথায় পাব,Negative
কোন চ্যানেল ভাই,Negative
ভাইয়া আপনার সাথে যোগাযোগ করবো কেমনে,Negative
এটা তিন বছর আগে দেখছি এটা একটা কার্টুন,Negative
জুজুটসু কাইসেন সিজন 2 কন্টিনিউ করেন প্লিজ...,Negative
ভাই আপনার বারি কি মানিকগঞ্জ...??,Negative
ভাই যে মুভির রিভিউ দেবেন সেই মুভি ডাউনলোড লিংক দিয়েন হিন্দি ডাবিং,Negative
বাজে মুভি,Negative
গাঁজা খোর মুভি,Negative
গাঁজা কুরি সিনেমা,Negative
পালতু মুবি,Negative
ফালতু কাটুন,Negative
ভাই কোরিয়ান মুভি এক্সপ্লেন না করলে কিন্তু রাগ করে ভিডিও দেখবো না ৩দিন আর এই তিন দিন কিন্তু খাওয়া হবে না,Negative
ফালতু মুভি,Negative
"ইউটিউবে পছন্দের চেন্যলের মধ্যে এটি একটি,,",Negative
ভাই আপনার  অনেক,Negative
কেন ভাই  কেন?  আপনি আমাদের নিয়মিত  দিয়ে খুশি করে দেন আর সামান্য ভুলের জন্য  বলে কষ্ট দিয়েন না,Negative
আপনার ভিডিও দেখে আমার নেশা হয়ে গেছেএকদিন আপনার   না দেখলে মনে হয় কি জানি দেখি না️️️  ️️️,Negative
ভাই আপনার ভিডিও এর জন্য  অপেক্ষা করি যে কখন আসবে আপনার ভয়েস অনেক ভালো লাগে,Negative
অসাধারণ প্রিয় ভাই ভালোবাসা অবিরাম,Negative
"মার""হাবা""       চা""খাবা""             কাপ""ছারা""                     দে""লারা""--                            চিনি""ছারা- প্রেম""করমু""উরাধুরা,,           সিন্গেল""মেয়েরা লাইনে""দারা"",,__/্",Negative
সাউন্ড কম,Negative
এই মুভিটা আমি টিভিতে দুরন্ত চ্যানেলে দেখেছি,Negative
বিডিও শুরু 1:40,Negative
সত্যিই অনেক সুন্দর ছিল মুভিটা।পুরোটা দেখলাম ভালোই লাগলো।,Negative
সত্যিই অনেক সুন্দর ছিল মুভিটা।পুরোটা দেখলাম ভালোই লাগলো।,Negative
আমি আর আমার ৪ বছরের ছেলে এক সাথে মুভিটা দেখলাম।খুব ভালো লাগলো,Negative
জীবনে অনেক ছবি দেখছি কিন্তু এটা বেস্ট ️️️,Negative
খুব সুন্দর ছিল মুভি টা,Negative
খুব ভালো লাগল সিনেমাটা।,Negative
ভয় পাইছি গো,Negative
বেশি ভয় লাগেনি।,Negative
2023 আবার দেখলাম,Negative
এটা নান মুভি হলে তাহলে আমি সালমান খান।,Negative
"মুভি দেখার আগে কমেন্ট পড়ে নিলাম,,,",Negative
আমি স্কুলে বসে দেখছি 🇧🇩,Negative
৪মিনিটে আমি শেস,Negative
লাইট অফ করে ঘরের দরজা বন্ধ করে একা একা এসব মুভি দেখতে অনেক ভালো লাগে....,Negative
প্লিজ ভাইয়া এটার পার্ট টুনি দেন নানের বাংলা এটা,Negative
হাসির সিনেমা,Negative
ভয় লাগবে জন্য দুপুরে দেখছি মুভিটা 🥹🥹,Negative
আমি অনেক ভয় পায় ছি,Negative
এটা ভয়ংকর ছিল না,Negative
একটা   ভুতের ছবি যদি বেশি ভয়েরো না হয় তাও যদি মন দিয়ে ভিডিও টা দেখো তাহলে অবশ্যই ভয়  করবে,Negative
মুভি দেখার আগেই কমেন্ট পড়ে নিলাম,Negative
২০১৮ সালে যমুনা ফিউচার পার্কে দেখেছিলাম মুভিটা।।সাউন্ড শুনে আমি শেষ,Negative
12 মিনিট এ সেই ভয় পাইছি ভাই,Negative
৪ টা পার্ট না দেখেই সবাই ভয় পাইয়া গেলো,Negative
2023 সালে আবার দেখলাম,Negative
ভূতের মুভিগুলোতে সবকিছু অন্ধকারেই হয়।,Negative
মুভি টা বাংলা ডাবিং করে দিন প্লিজ,Negative
ভাই এরোকম বিডিও আরো দেন প্লিজ প্লিজ প্লিজ প্লিজ প্লিজ প্লিজ প্লিজ প্লিজ প্লিজ প্লিজ প্লিজ প্লিজ প্লিজ প্লিজ প্লিজ প্লিজ প্লিজ প্লিজ প্লিজ প্লিজ প্লিজ প্লিজ প্লিজ প্লিজ প্লিজ প্লিজ প্লিজ বাংলা,Negative
কমেন্ট পড়ে দেখা শুরু করলাম দেখি কেমন হয়,Negative
এ টা আমি   দেখেছিলাম,Negative
এটা দ্যা নান না,Negative
আমরা তিন জন মেয়ে বাবা মেয়ের মা দেখতেছি,Negative
এসব  ভিডিও  দেখে  সবাই  ভয় পায়। আর অনেকে  মানসিক ভাবে  দুর্বল হয়ে পড়ে।,Negative
রাত 2:51 মুভি দেখছি,Negative
এটা খুবই  ভয়ানক।,Negative
আমি মুভিটা ওয়াশ রুমে বসে দেখেছি সবাই যখন ওয়াশ রুমে  মরতেছে তখন আমি ওয়াশ রুম থেকে পালিয়েছি# তো অবাক#,Negative
একটুও  ভয় লাগে নি আমার এটা কোনো ভূতের মুভি  হলো,Negative
আপনার  সব ভিডিওই খুব  ভয়ানক। এরকম ভিডিও  আপনি আর ছারবেন না।,Negative
ফালতু,Negative
শিক্ষিকা ছাত্রের প্রেমের গল্প  = ://./lHHnV0ryGVQ,Negative
শিক্ষিকা ছাত্রের প্রেমের গল্প  = ://./lHHnV0ryGVQ,Negative
দাদা আপনি খুব ভালো মুভি এক্সপ্লেইন করেন️এই ভাবেই এগিয়ে জানআমরা আপনার পাশে আছি,Negative
আলামিন ভাই আপনাকে ধন্যবাদ।,Negative
আপনি অনেক সুন্দর মুভি এক্সপ্লেনেশন করতে পারেন এবং আমাদের নতুন নতুন মুভি ইউটুবে দেওয়ার জন্য এবং আমাদেরকে নিজের ভিডিওতে উৎসাহিত করার জন্য আপনাকে অনেক ধন্যবাদ,Negative
অনেক অনেক ভালো লেগেছে আপনার গল্প,Negative
ভাইয়া ভালো লাগলো ️️,Negative
খুবিই ভালো লাগলো,Negative
"ভাই, পুরাই জোস, মুভি টা",Negative
"আপনার কাছে যেটা অসম্ভব, সেটাও খুব সম্ভব! কেবল ভরসা রাখতে জানতে হয় আল্লাহর উপর।️",Negative
খুব ভালো হয়েছে ভাই,Negative
শুভ কামনা ভাইজান️ এগিয়ে যাও।,Negative
আমরা মুসলিম হয়ে অনেক গৌরব বোধ করি️️️️,Negative
যে আল্লাহর উপর   নিভর করে  আল্লাহই তার জন্য যথেষ্ট    ( সূরা তালাক ৬৫-৩),Negative
আপনি আর মুভি আমার কাছে অনেক ভালো লাগে,Negative
তাড়াতাড়ি দিয়েন,Negative
ভাইয়া আপনার ভিডিওগুলো আমার অনেক ভালো লাগে,Negative
ভাই অসাম রিয়াকশোন..কিন্ত  এর বাজনা অনেক ভয়ংকর,Negative
নাইস,Negative
যদি পারট টু থাকে তাহলে প্লিজ তারাতারি দিবেন হুম ধন্যবাদ,Negative
অস্থির  ভিডিও ভাই।,Negative
ভাই আপনার ভিডিও ওনেক বিখ্যাত আমার বন্ধুরা দেখে,Negative
"ভাই অসাধারণ ভয়েস,  ভাই আপনার নামটা কিন্তু জানা হলো না,",Negative
এরকম ভূতের সিনেমা দিওনা দাদা। দেখলে আর রাতে ঘুম আসে না।,Negative
"এই রকম আর ও ওনেক চ্যানেল দেখেছি ভালো লাগেনাই ধীরে কথা বলার জন্য,, এই চ্যানেল টা ভালো লেগেছে খব দূত কথা বলার জন্য",Negative
১০০ বছরে কত কিছু বদলে গেছে কিন্তু ১৪৪০ বছরের কোরআনের  একটি হরফ বদলে যায়নি আমিন,Negative
দারুণ লেগেছে ভাই....!!!,Negative
একটা গান ৩/৪ শুনলে বিরক্ত লেগে যায়। কিন্তু আযান শুনলে কলিজা ঠান্ডা হয়ে যায়। ''''  আলহামদুলিল্লাহ ''.,Negative
জানি না কেনো কিন্তু তোমার ভিডিও না দেখলে আমার ঘুমই ধরে নাহ      ️,Negative
পার্ট ২ বের হলে ট্রান্সলেট করবেন প্লিজ,Negative
ভাইয়া মানি হাইস্ট এক্সপ্লেম করো,Negative
ভাইয়া মানি হাইস্ট এক্সপ্লেম করো,Negative
ভাইয়া মানি হাইস্ট এক্সপ্লেম করো,Negative
ভাইয়া মানি হাইস্ট এক্সপ্লেম করো,Negative
ভাইয়া মানি হাইস্ট এক্সপ্লেম করো,Negative
ভাইয়া মানি হাইস্ট এক্সপ্লেম করো,Negative
এই মুভি টি কীভাবে দেখা যাবে বলবেন কী?  আমি ওনেক হতাশ যে পাইনি মুভিটি️,Negative
এই ছবিটার  বাংলায় ট্রান্সলেশন করবেন,Negative
আমিন,Negative
ভাই শরির খারাপ থাকলে কিছু দিন  নাও,Negative
ছবির নাম কি,Negative
সিনেমার নাম লিখেন না কেন টাইটেলে/ডিসক্রিপশনে?,Negative
ভাইয়া আমি সবসময়ই তোমার ভিডিও দেখি  কমেন্ট করার সময় পাই না প্লিজ '   আমি আজ  তোমার কাছে একটা ভিডিও  চাই তুমি প্লিজ দিবা মুভির নাম      ভাইয়া প্লিজ আমার জন্য হলেও এই মুভির  করবা এটা  মুভি প্লিজ প্লিজ দিও,Negative
বাই আজকে এই বিভিওতে লাইক দিতে গিয়ে আমার মোবাইল হাত থেকে পারে যাওয়া দরছিল এখনকি এই বিভিওতে লাইক দিব?,Negative
ভাই  এর  বদল করেন ১ মাসের জন্যে।,Negative
বাপরে বাপ কি টুইস্ট,Negative
"আলামিন ভাই আপনি আগে ভাইরাল গান, বেশি ভিউস পাওয়া গান, হিন্দি গান, বাংলা গান, দুষ্টু গান, এইগুলাওর ভিডিও দিতেন, এখন মুভি এক্সপ্লেইন করার পর থেকে ওই ভিডিও দেনই নাই। আমরা ওই ভিডিও গুলো অনেক মিস করি, প্লিজ ভাই সপ্তাহে অন্তত এক দুইটা ভিডিও দেন ওই আগের গুলা, আপনার আগের কন্টেন্ট গুলা অনেক মিস করি। আমি আপনার পুরোনো দর্শক মানে শুরুর দিকের",Negative
মুভি তে একবার ও বলা হয়নি এইটা কোন সালের মুভি. প্লিজ মুভির শুরুতেই রিলিস দেট দিবেন এবং ক্যাপশনেও দিবেন.,Negative
এই মুভিট কোথায় পাবো?,Negative
লা ইলাহা ইল্লাল্লাহু মুহাম্মাদুর রাসুলুল্লাহ সাল্লাল্লাহু আলাইহি ওয়াসাল্লাম,Negative
ভাই এত পার  ছবির কাহিনি বইল!,Negative
টার নাম কী,Negative
এর সাথে ঝামেলা ?,Negative
আপনি অনেক মুভির এক্সপ্লেইন করেছেন কিন্তু অনেক মুভির গুলোর ২য় পার্টগুলোর এক্সপ্লেইন করলেন না।,Negative
কিরে ভাই আপনি কি Savage420 এর চ্যানেল এর এডমিন নাকি,Negative
ভূত না কারিন জীন,Negative
মুভিটার নাম টা কি বললেন ভাইয়া?,Negative
ওরে কাহিনী শুনেই ৫০-৫০ বুঝলাম আর সব মাথার ওপর দিয়ে গেল,Negative
আপনি কী আপনার চেহারা দেখাবেন পিলজ,Negative
মুভি নাম না জানা আমি,Negative
মুভি নাম,Negative
ভাই আপনার    চেনেল কোনটা,Negative
ভাই আত্মা কখনো ফিরে আসে না এটা দুষ্টু জিনের কাজ।,Negative
ভাইয়া এটা কি ইংলিশ মভি।,Negative
মুভির নামটা কি?,Negative
আলহামদুলিল্লাহ  আপনাদের ভালবাসা  মাত্র কয়েকটি   বানিয়ে অনেক সাফল্য পেয়েছি,Negative
আল আমিন ভাই মানি হাইস্ট নামে একটি মুভি নাকি মুক্তি পেয়েছে ওই মুভিটি একবার এক্স পেন করেন প্লিজ প্লিজ প্লিজ প্লিজ প্লিজ প্লিজ প্লিজ প্লিজ প্লিজ প্লিজ প্লিজ প্লিজ প্লিজ প্লিজ প্লিজ প্লিজ প্লিজ প্লিজ প্লিজ প্লিজ প্লিজ প্লিজ প্লিজ প্লিজ প্লিজ প্লিজ প্লিজ প্লিজ প্লিজ প্লিজ প্লিজ প্লিজ প্লিজ প্লিজ প্লিজ প্লিজ প্লিজ প্লিজ প্লিজ প্লিজ প্লিজ প্লিজ প্লিজ প্লিজ প্লিজ প্লিজ প্লিজ প্লিজ প্লিজ প্লিজ প্লিজ প্লিজ প্লিজ প্লিজ প্লিজ প্লিজ প্লিজ প্লিজ প্লিজ প্লিজ প্লিজ প্লিজ প্লিজ প্লিজ প্লিজ প্লিজ প্লিজ প্লিজ প্লিজ প্লিজ প্লিজ প্লিজ প্লিজ প্লিজ প্লিজ প্লিজ প্লিজ প্লিজ প্লিজ প্লিজ প্লিজ প্লিজ প্লিজ প্লিজ প্লিজ প্লিজ প্লিজ প্লিজ প্লিজ প্লিজ প্লিজ প্লিজ প্লিজ প্লিজ প্লিজ প্লিজ প্লিজ প্লিজ প্লিজ প্লিজ প্লিজ প্লিজ প্লিজ প্লিজ প্লিজ প্লিজ প্লিজ প্লিজ প্লিজ প্লিজ প্লিজ প্লিজ প্লিজ প্লিজ প্লিজ প্লিজ প্লিজ প্লিজ প্লিজ প্লিজ প্লিজ প্লিজ প্লিজ প্লিজ প্লিজ প্লিজ প্লিজ প্লিজ প্লিজ প্লিজ প্লিজ প্লিজ প্লিজ প্লিজ প্লিজ প্লিজ প্লিজ প্লিজ প্লিজ প্লিজ প্লিজ প্লিজ প্লিজ প্লিজ প্লিজ প্লিজ প্লিজ প্লিজ প্লিজ প্লিজ প্লিজ প্লিজ প্লিজ প্লিজ প্লিজ প্লিজ প্লিজ প্লিজ প্লিজ প্লিজ প্লিজ প্লিজ প্লিজ প্লিজ প্লিজ প্লিজ প্লিজ প্লিজ প্লিজ প্লিজ প্লিজ প্লিজ প্লিজ প্লিজ প্লিজ প্লিজ প্লিজ প্লিজ প্লিজ প্লিজ প্লিজ প্লিজ প্লিজ প্লিজ প্লিজ প্লিজ প্লিজ প্লিজ প্লিজ প্লিজ প্লিজ প্লিজ প্লিজ প্লিজ প্লিজ প্লিজ প্লিজ প্লিজ প্লিজ প্লিজ প্লিজ প্লিজ প্লিজ প্লিজ প্লিজ প্লিজ প্লিজ প্লিজ প্লিজ প্লিজ প্লিজ প্লিজ প্লিজ প্লিজ প্লিজ প্লিজ প্লিজ প্লিজ প্লিজ প্লিজ প্লিজ প্লিজ প্লিজ প্লিজ প্লিজ প্লিজ প্লিজ প্লিজ প্লিজ প্লিজ প্লিজ প্লিজ প্লিজ প্লিজ প্লিজ প্লিজ প্লিজ প্লিজ,Negative
মুসলিম ভূত!,Negative
ফালতু,Negative
বালের গল্প,Negative
হরে কৃষ্ণ। সবাই কে পবিত্র ধর্ম হিন্দু ধর্মে সাগতম।,Negative
"ভালোবাসার টানে আমি ও একদিন যাবো, আমার প্রিয় নবীজীর দেশে ।  ইনশাআল্লাহ ️️️",Negative
"ভালোবাসার টানে আমি ও একদিন যাবো, আমার প্রিয় নবীজীর দেশে ।  ইনশাআল্লাহ ️️️",Negative
হিটলার ছিল সত্যিকারের দেশ প্রেমিক আমি একজন হিটলারের সাপোর্টার,Negative
হিটলার হলো জার্মানি হিরো...️,Negative
খুবই ভাল ভিডিও হয়েছে। ভালো লেগেছে।,Negative
ভুয়া স্টোরি নিয়ে মুভি বানানো হইছে। হিটলারকে ভিলেন বানানো হইছে।,Negative
খুব সুন্দর লাগলো ধন্যবাদ আপনাকে ️,Negative
আপনার মুভিটাতে বলা হয়েছে হিটলার ভিলেন কিন্তু হিটলার একজন হিরো ছিল যদি তার মধ্যে নেতৃত্ব দেশপ্রেম না থাকতো তাহলে পুরো পুরো জার্মানি তাকে সমর্থন করত না,Negative
একজন সত্যিকারের হিরো,Negative
খুব সুন্দর অসাধারণ ভিডিও ভাইয়া এরকম ভিডিও বা ইউটিউবে খুবই কম দেখা যায়‍️‍,Negative
অ্যাডলপ হিটলার একজন সত্যি করেই দেশপ্রেমিক ছিল।,Negative
দেশপ্রেমিক  হলে  হিটলারের মতো হওয়া উচিৎ,Negative
হিটার হচ্ছে সত্যিকারের দেশ প্রেমিক । হিটলার সত্যিকারে একজন হিরো।,Negative
জার্মানি এখনও সফল।,Negative
মৃত্যু দেখে খুব ভালো লাগলো️,Negative
লা ইলাহা ইল্লাল্লাহু মুহাম্মাদুর রাসুলুল্লাহ সাঃ আলাইহি ওয়াসাল্লাম.,Negative
ওপার থেকে সালাম নিবেন প্রিয় স্যার এলডফ হিটলার।,Negative
দারুন লাগলো,Negative
দারুন ভাই,Negative
শুধু হিটলারকে ভিলেন বানানোর জন্যই হয়তো এই মুভি কারা হয়েছে।,Negative
"দারুণ, ভাই, ,",Negative
স্যালুট তোমাকে দেশপ্রেমিক হিটলার ও তোমার সহ যোদ্ধাদের।,Negative
ভাল লাগলো।,Negative
ইতিহাস যাই বলুক... হিটলারের নাম শুনলেই আলাদা একটা অনুভূতি হয়... সম্মান জানাতে ইচ্ছে করে...,Negative
"কাহিনী মুভিতে মানিয়েছে, বাস্তব নয়।",Negative
"11:7 এর দিকে আপনি বলেছিলেন যে গরনিং নামে একটা লোক হিটলারের কাছে চিঠি লিখে।আসলে সেটি হবে হ্যারমেন গোয়েরিং বা ইরেজীতে হবে  .আর সে হলো তখনকার যখন হিটলারের সময়ের বিমান বাহিনীর প্রধান,বিমান বাহীনির নাম ছিলো লুফটওয়াফা বা ইংরেজীতে .",Negative
হিটলার সত্যিকারেে নায়ক,Negative
খুব ভালো,Negative
অসাধারণ,Negative
নাজি স্যালুট হিটলারকে,Negative
জেগে,Negative
হিটলার এর জবাব নেই,Negative
মুভির নাম কি,Negative
পাচকোটি মানুষ,Negative
পুতিনের ও এই অবস্থা হবে।,Negative
খুব দুঃখজনক,Negative
আমাদের দ্বিতীয় চ্যানেল - ://.//%E0%A6%B8%E0%A6%%E0%A6%B2%E0%A6%A4%E0%A6%%E0%A6%B0%E0%A6%%E0%A6%%E0%A6%A8%E0%A7%80,Negative
মুভিটির নাম কি,Negative
নাদজি বাহিনী নারে পাগলা নাতসী বাহিনী,Negative
বিপাশা হোসেন,Negative
সবকটা ছিলো মানুষরূপী জানোয়ার,Negative
সিনেমার নাম কি?,Negative
"ভাইয়া,   (২০০৯) মু‌ভিটার গল্প বানান",Negative
আসসালামুয়ালাইকুম কেমন আছেন ভাইয়া ️️,Negative
ভাই ভুতের মুভি নিয়া ভিডিও করেন,Negative
চাই।,Negative
পুরাই মাথা ঘুরে গেল,Negative
আক্সপেল্লএসন বেস্ত,Negative
ভাইয়া আপনি খালি গার্লফ্রেন্ডের ভিডিও ছেড়ে আমার গার্লফ্রেন্ডের ভিডিও ভালো লাগে,Negative
ভাই  ( )এর কিছু মুভি দেন ️,Negative
এইটা চাই।,Negative
ডিপজলের ভিডিও চাই একটা,Negative
Savage420 আমরা আবার আগের মতো   তে দেখতে চাই ।   @savage420,Negative
আলামিন ভাই আপনের আর কাব্বু ভাইয়ের  কি হইছিলো,Negative
ভাই আপনি কয়েকটি মুভি রিভিউ করসেন যার পার্ট ২ আসবে বলছেন তাই পার্ট ২ অপেক্ষাই আছি,Negative
আপনার মুখ থেকে ভুতের সিনেমা এক্সপ্লেইন করতে দেখে ভাল লাগে,Negative
আপনার মুখ থেকে ভুতের সিনেমা এক্সপ্লেইন করতে দেখে ভাল লাগে,Negative
আপনার মুখ থেকে ভুতের সিনেমা এক্সপ্লেইন করতে দেখে ভাল লাগে,Negative
"ভাইয়া '' '' মুভি টা এক্সপেল করেন,,, প্লিজ",Negative
আপনি ইনবেসিবেল ম্যান ২ দিবেন কখন? প্লিজ দিবেন।,Negative
ছবিটি এর আগেও আমি দেখেচি কিন্তু ওতো মজা পাইনি ও বুজতে পারিনি।,Negative
ভাই বেশি বেশি ভুতের ছবি দিয়েন,Negative
ভুতের মূভি না দিয়া প্রেমের মুভি দেন। ভূত দেখলে ভয় করে,Negative
"ভাই    টা চেঞ্জ করেন,,ভালো লাগছে না",Negative
এই মুভিটা  করেন.....,Negative
ছাজেমের ২ খন্ড তাড়াতাড়ি দাও,Negative
"আলামিন ভাইয়্যা   মুভির এক্সপ্লেইন করেন,,,,,",Negative
ভাই কিছু কমেডি মুভি এক্সপ্লেন করেন,Negative
ভাই 1st এ মেয়ে গুলার পিক দিয়েন না।,Negative
মাএ এক ঘন্টার মধ্যে  এতো কমেন্ট  কেমনে হয়,Negative
সত্যি বলতে ভিডিও টা শেষ পর্যন্ত দেখতে পারলাম না...ভীতু আমি,Negative
ভাই    চ্যানেল থেকে    কপি করে দিছেন।,Negative
প্লিজ 2012 মুভিটি এক্সপ্লেইন করুন,Negative
ভাই সব ছবিরই বলেন  ২ আসবে কিন্তু  2 দেন না কেন..???,Negative
ধুর ভাই আপনি অনেক সময় বলেন যে পার্ট টু আছে পার্ট টু আছে পার্ট টু  কখোনো আর দেননা,Negative
সারভাইভাল ফ্যামিলি মুভির   শুনতে চাই আপনার মুখ থেকে আসা করি কাল এই মুভি আসবে নয় তো বা  মেইল করতে বাধ্য  হবো,Negative
মুভির নাম সহ বললে আরো ভালো হত ভাই.,Negative
পরের। সিনেমা   যাতে   আসে,Negative
"আলামিন ভাই আপনি আগে ভাইরাল গান, বেশি ভিউস পাওয়া গান, হিন্দি গান, বাংলা গান, দুষ্টু গান, এইগুলাওর ভিডিও দিতেন, এখন মুভি এক্সপ্লেইন করার পর থেকে ওই ভিডিও দেনই নাই। আমরা ওই ভিডিও গুলো অনেক মিস করি, প্লিজ ভাই সপ্তাহে অন্তত এক দুইটা ভিডিও দেন ওই আগের গুলা, আপনার আগের কন্টেন্ট গুলা অনেক মিস করি। আমি আপনার পুরোনো দর্শক মানে শুরুর দিকের",Negative
মুভি তে একবার ও বলা হয়নি এইটা কোন সালের মুভি. প্লিজ মুভির শুরুতেই রিলিস দেট দিবেন এবং ক্যাপশনেও দিবেন.,Negative
ভাই আপনি বেগরাওনে জে মিওজিক টা দেন ওটা চমার কাচে ভালো লাগেনা,Negative
এই মুভিট কোথায় পাবো?,Negative
লা ইলাহা ইল্লাল্লাহু মুহাম্মাদুর রাসুলুল্লাহ সাল্লাল্লাহু আলাইহি ওয়াসাল্লাম,Negative
ভূত না কারিন জীন,Negative
মুভিটার নাম টা কি বললেন ভাইয়া?,Negative
ওরে কাহিনী শুনেই ৫০-৫০ বুঝলাম আর সব মাথার ওপর দিয়ে গেল,Negative
আপনি কী আপনার চেহারা দেখাবেন পিলজ,Negative
মুভি নাম না জানা আমি,Negative
মুভি নাম,Negative
ভাইয়া এটা কি ইংলিশ মভি।,Negative
মুভির নামটা কি?,Negative
কখনো মুসলিম ভূত হয় না অন্যদের হয়,Negative
প্লিজ সবাই আমাকে একটু সাপোর্ট করেন প্লিজ প্লিজ প্লিজ প্লিজ প্লিজ প্লিজ প্লিজ প্লিজ প্লিজ প্লিজ প্লিজ প্লিজ প্লিজ প্লিজ প্লিজ,Negative
এটা ভুল ব্যাখ্যা।,Negative
বাই তুমি তোমার রিএকশ চেনেলটা বাদ দিউনা বাই,Negative
"আরে ভাই,,,,, এতো ফালতু কেনো আপনার ভয়েজ",Negative
আপনি কি মুসলমান,Negative
আমি মুতে দিয়েছি,Negative
ভাই দয়া করে থাম্বেল বা টাইটেল এ মুভির নাম দিয়েন শুধু আকর্ষনিয় টাইটেল থাম্বেল ব্যাবহার না করে মুভির নামটাও ইউস কইরেন,Negative
কি চোয়াল্লিস ? ঠিক কইরা কথা ও কইতে পারছ না আবার   দিতে আইচত। চচল্লিস বুজলি গাধা।,Negative
যারা নাটক - সিনেমা ও খবর দেখতে এসে ইসলামের দোহাই দিয়ে সাপোর্ট চায় এবং লাইক কমেন্ট এর জন্য ধর্ম নিয়ে ব্যবসা করে তাদের কপালে জুতার বাড়ি ১০০ %,Negative
আল আমিন ভাই মানি হাইস্ট নামে একটি মুভি নাকি মুক্তি পেয়েছে ওই মুভিটি একবার এক্স পেন করেন প্লিজ প্লিজ প্লিজ প্লিজ প্লিজ প্লিজ প্লিজ প্লিজ প্লিজ প্লিজ প্লিজ প্লিজ প্লিজ প্লিজ প্লিজ প্লিজ প্লিজ প্লিজ প্লিজ প্লিজ প্লিজ প্লিজ প্লিজ প্লিজ প্লিজ প্লিজ প্লিজ প্লিজ প্লিজ প্লিজ প্লিজ প্লিজ প্লিজ প্লিজ প্লিজ প্লিজ প্লিজ প্লিজ প্লিজ প্লিজ প্লিজ প্লিজ প্লিজ প্লিজ প্লিজ প্লিজ প্লিজ প্লিজ প্লিজ প্লিজ প্লিজ প্লিজ প্লিজ প্লিজ প্লিজ প্লিজ প্লিজ প্লিজ প্লিজ প্লিজ প্লিজ প্লিজ প্লিজ প্লিজ প্লিজ প্লিজ প্লিজ প্লিজ প্লিজ প্লিজ প্লিজ প্লিজ প্লিজ প্লিজ প্লিজ প্লিজ প্লিজ প্লিজ প্লিজ প্লিজ প্লিজ প্লিজ প্লিজ প্লিজ প্লিজ প্লিজ প্লিজ প্লিজ প্লিজ প্লিজ প্লিজ প্লিজ প্লিজ প্লিজ প্লিজ প্লিজ প্লিজ প্লিজ প্লিজ প্লিজ প্লিজ প্লিজ প্লিজ প্লিজ প্লিজ প্লিজ প্লিজ প্লিজ প্লিজ প্লিজ প্লিজ প্লিজ প্লিজ প্লিজ প্লিজ প্লিজ প্লিজ প্লিজ প্লিজ প্লিজ প্লিজ প্লিজ প্লিজ প্লিজ প্লিজ প্লিজ প্লিজ প্লিজ প্লিজ প্লিজ প্লিজ প্লিজ প্লিজ প্লিজ প্লিজ প্লিজ প্লিজ প্লিজ প্লিজ প্লিজ প্লিজ প্লিজ প্লিজ প্লিজ প্লিজ প্লিজ প্লিজ প্লিজ প্লিজ প্লিজ প্লিজ প্লিজ প্লিজ প্লিজ প্লিজ প্লিজ প্লিজ প্লিজ প্লিজ প্লিজ প্লিজ প্লিজ প্লিজ প্লিজ প্লিজ প্লিজ প্লিজ প্লিজ প্লিজ প্লিজ প্লিজ প্লিজ প্লিজ প্লিজ প্লিজ প্লিজ প্লিজ প্লিজ প্লিজ প্লিজ প্লিজ প্লিজ প্লিজ প্লিজ প্লিজ প্লিজ প্লিজ প্লিজ প্লিজ প্লিজ প্লিজ প্লিজ প্লিজ প্লিজ প্লিজ প্লিজ প্লিজ প্লিজ প্লিজ প্লিজ প্লিজ প্লিজ প্লিজ প্লিজ প্লিজ প্লিজ প্লিজ প্লিজ প্লিজ প্লিজ প্লিজ প্লিজ প্লিজ প্লিজ প্লিজ প্লিজ প্লিজ প্লিজ প্লিজ প্লিজ প্লিজ প্লিজ প্লিজ প্লিজ প্লিজ প্লিজ প্লিজ প্লিজ প্লিজ প্লিজ প্লিজ প্লিজ প্লিজ প্লিজ প্লিজ প্লিজ প্লিজ প্লিজ,Negative
মুসলিম ভূত!,Negative
ফালতু,Negative
বালের গল্প,Negative
"গীটার মারতে অনেক মজা, এ এ ও উ উ",Negative
যদি কেও আমাকে বলে সত্যি কারের দেশপ্রেমিক দেখাও তাহলে আমি বলবো লিডার হিটলার কে দেখো,Negative
ভিডিওতে মুভির নাম দেসনা কেন?,Negative
হিটলার অনেক ভালো ছিলো,Negative
মুভিটার লিংক দেন প্লিজ???,Negative
হিটলার ছিল সত্যিকারের দেশ প্রেমিক,Negative
অসাধারণ,Negative
সত্যিকারে দেশ প্রেমিক,Negative
এই মুভির নাম কি,Negative
আমি হিটলার হতে চাই,Negative
হিটলার ইজ রিয়েল হিরো,Negative
অনেক মিথ্যে ছিলো কাহিনীতে,Negative
মুভির নাম কি,Negative
ভাই আপনি কি রোমাঞ্চ পিডিয়া চ্যানেলের মিঠুন ভাই???,Negative
এই ধরনের শয়তানেরা ভীতু,Negative
হিটলার জয়ী হলে আমাদের সবার জয় হতো। আজ আর রাশিয়া এরকম করতে পারতো না,Negative
হিটলার শুধু জার্মানির হিরো ছিলোনা পুরো পৃথিবীর হিরো ছিল।,Negative
"ভাই রাশিয়া রাশিয়া বলছেন কেন??? তখন রাশিয়া বলতে কিছু ছিলো না,,,বলেন সোভিয়েত ইউনিয়ন",Negative
বিকৃত ইতিহাস থেকে বেরিয়ে এসে আরও ভালো করে পড়াশোনা করতে হবে।,Negative
হিরো হিটলার,Negative
আসলে আমি আগে থেকেই জীবনি পরে তাকে খুব ভালোভাসি,Negative
আপনাদের মতামত জানতে চাই,Negative
হিটলার তার আইডেনটিটি পরিবর্তন করে ওখান থেকে পালিয়ে যায়। এই আসল সত্যটাই এই মুভিতে দেখানো হয় নাই।,Negative
হিটলার বলে আমিং টেনিং করে নাই,Negative
শেখ মুজিবের শাসন একজন লেখকের অনুভব করা,Negative
হিটলার এর জবাব নেই,Negative
মুভির নাম কি,Negative
পাচকোটি মানুষ,Negative
পুতিনের ও এই অবস্থা হবে।,Negative
খুব দুঃখজনক,Negative
আমাদের দ্বিতীয় চ্যানেল - ://.//%E0%A6%B8%E0%A6%%E0%A6%B2%E0%A6%A4%E0%A6%%E0%A6%B0%E0%A6%%E0%A6%%E0%A6%A8%E0%A7%80,Negative
মুভিটির নাম কি,Negative
নাদজি বাহিনী নারে পাগলা নাতসী বাহিনী,Negative
বিপাশা হোসেন,Negative
সবকটা ছিলো মানুষরূপী জানোয়ার,Negative
সিনেমার নাম কি?,Negative
ক্ষমতার লোভের শেষ পরিনতি এমন ই হওয়া উচিত,Negative
ভাই সব ঠিক আছে কিন্তুু ব্যাকমিউজিক কলিজা কাপা।,Negative
ভাই দাহ না দাফন,Negative
দাহ্য না কবর হবে!!,Negative
গল্প শনলাম,Negative
আপনি আফনান ভাইয়ের ভাই,Negative
এইটা আমি সিয়োর আপনান ভাই,Negative
আফনান ভাইকে কপি করছেন,Negative
আপনি কি আফনান ভাই?,Negative
কিন্তু ভাইয়া আমার তো অনেক ভয় লাগছে কিন্তু এরকম ইন্দোনেশন হরর মুভি বেশি বেশি চাই আপনাকে রিপ্লাই দেন প্লিজ,Negative
আফনান ভাই আপনি,Negative
এই মুভিটা দেখে আমার অনেক ভালো লাগলো,Negative
আপু আপনার  চোখ  গুলো  অনেক সুন্দর,Negative
গল্পুটি অনেক সুন্দর ছিলো হেপি এনডিং হোএছে,Negative
অসাধারণ,Negative
এই মুভিটা দেখলে আমার হাওয়া টাইট হয়ে যাবে,Negative
অনেক সুন্দর হইছে আপু,Negative
আপু আপনার ভয়েস অনেক ভালো লাগে আমার কাছে,Negative
তারা কারা যারা ভিডিও চালিয়ে দিয়ে কমেন্ট পরতে আসে,Negative
ভয়ঙ্কর সুন্দরী নার্স,Negative
অনেক সুনদর,Negative
অসাধারণ কাহিনীসাইকোথ্রীলারে এমন হ্যাপি ইন্ডিং খুব কমই হয়,Negative
আমি,Negative
আপু আমি নতুন আপনার চ্যালেনের ডুকলাম অনেক সুন্দর মুভি দেখলাম আরো দেখার আশায় আছি,Negative
সাইকো কি রিপ্লাই দিবেন প্লিজ,Negative
নায়কটাকে আমার ভালো লাগছে,Negative
আপু আরও সাইকো ডামা নিয়ে আসবেন,Negative
৩৫ মিনিট ভিডিও কেউ বানাই,Negative
সস্তা মুভি,Negative
আমিও একজন নার্স,Negative
সাইকো কি,Negative
আপু তুমি কি বারবি মুভি বলবেনা,Negative
মুভির নাম বলতে তোমার সমস্যা কোথায়?????,Negative
তারা আমারা,Negative
সবই ঠিক আছে কিন্তু আপনার প্রথমেই মুভির নাম বলে শুরু করা উচিৎ ।,Negative
আপু আপনার মুবি গুলো অনেক ভালো লাগে আমার.. আর কার কার ভালো লাগে কমেন্ট কর..,Negative
মুভির নাম বলবেন,Negative
"বোন, ,  এর লিঙ্ক দিতে পারেন।",Negative
মুভিটা অনেক বেশি সুন্দর,Negative
শেষ দৃশ্যগুলো আবেগঘন।,Negative
অসাধারণ একটা সিনেমা ছিল,Negative
এটা দেখার পর গায়ে লোম দাঁড়িয়ে গিয়েছিলো আর কিয়ামতের কথা মনে পড়ে গিয়েছিল,Negative
অসাধারণ একটি মুভি,Negative
অনেক সুন্দর .....,Negative
খুব সুন্দর ছিল মুভিটি,Negative
ছবিটা অনেক শিক্ষামূলক,Negative
পৃথিবী একদিন না একদিন  ধ্বংশ হয়ে যাবে । তাই কেন মানুষ আল্লাহর আদেশ পালন করে না,Negative
সিনেমার গল্পটা খুব ভালো হয়েছে,Negative
21:36 এই পিচ্চি দুইটা নতুন করে বংশ বিস্তার করবে।,Negative
অনেক ভালো লাগছে ভাই,Negative
ধন্যবাদ  আপনাকে,Negative
খুবই ভয়ংকর আমাদের সাথে হয়তো এমন হবে,Negative
ভালো লাগল,Negative
অসাধারণ এক্সপ্লেইন ভাই,Negative
খুব ভালো ছিল,Negative
মুভিটি পুরাই ...   ... ️ মুভিটি সত্যি অসাধারণ ছিল️,Negative
অনেক ভালো,Negative
কে কে আমার মতো ভাইয়ার মুভি এক্সপ্লেইন দেখেছেন???,Negative
ব্যাখ্যাটা অনেক ভালো লেগেছে।কথা গুলো একদম  স্পষ্ট ছিলো। কিছু ডাবিং আছে কন্ঠ একদমি ভালো লাগেনা।কিন্তু আপনার কথা গুলো অনেক সুন্দর লাগচে। ধন্যবাদ,Negative
অনেক ভালো লাগলো,Negative
ভালো,Negative
খুব ভালো লাগলো এই গল্প আর নুতন গল্প দেন,Negative
অনেক সুন্দর মুভি ️,Negative
অসাধারণ একটা ব্যাপার ছিল,Negative
এক কথায় অসাধারণ মুভি ভাইয়া,Negative
"অসাধারণ একটা মুভি,,,",Negative
পুরাই জোশ,Negative
আমার অনেক ভালো  লাগছে,Negative
প্লিজ একটু বলবেন আমি পৃথিবীতে খুব ভালোবাসি আমি চাইনা পৃথিবীটা ধ্বংস হয়ে যাও,Negative
অসাধারণ,Negative
আমার কাছে মুভিটা ভালো লগেছে,Negative
মুভি টা খুবি সুন্দর,Negative
সেরা মুভি ভাই,Negative
খুবই সুন্দর,Negative
অসাধারণ একটি মুভি অনেক ভালো লাগলো এই মুভিটার কাহিনী আমিও একটা তারিখ লিখে গেলাম আজ ২০২৩.০২.১৯. টাইম ১.৫.এ এমন মিনিট এই প্রথম এই মুভিটা কাহিনী দেখে সাবস্ক্রাইব করে দিলাম।,Negative
ভয়েস,Negative
আর কি বলবো,Negative
অনেক কস্ট,Negative
আমি অনেক ভয় পেয়েছি,Negative
মুভিটি আমার সবচেয়ে ভালো লাগলো ধন্যবাদ সবাইকে কিন্তু এই মুভিটি দেখে আমার কিয়ামতের কথা মনে পড়ে গেল জানিনা কত ভয়ংকর হবে সেই দিন আমাদের হেফাজত করুন আমীন,Negative
লাস্টের বাচ্চা পোলা টা আমি হলে ভালোই হতো,Negative
আমার সবচেয়ে প্রিয় একটা মুভি ২০১০ তে প্রথম দেখছি,Negative
হাই,Negative
এই গল্প আমার মনে ভয় সৃষ্টি করেছে  🫡 কেমন রহস্য ও ধ্বসংত্মাক,Negative
2 আসবে কী ?,Negative
লুসেন্ডা চরিত্র এ মেয়ে বাচ্ছা টি   জমজ এ ছোট মেয়ে সাথে হবহু কেনো জানি মিল। সাদী।,Negative
সিনেমা দেখছি এক্সপ্লেইন দেখার টাইম নাই বাচ্চারা  দেখে আর আমরা সিনেমা দেখি,Negative
আরে আমরাও পৃথিবীতে ওই রকম দুজন নির্বাচিত বাচ্চা দের জন্য বেঁচে আছি।  হতে পারে ওই দুজন বাচ্চার মতো কোনো দুজন নির্বাচিত বাচ্চাকে আমাদের পৃথিবীতে আনা হয়েছিল।  মানুষ্য জাতী কে বাঁচিয়ে রাখার জন্য।  যারা হলেন সায়ম্ভুব মনু এবং  শতরূপা ।   (আদম ও ইভ) নামেও পরিচিত,Negative
নাম্বার লিখে ভবিষ্যত বাণী,Negative
শেষ দিকে ছেলে মেয়ে দুজন কে দিয়ে আমাদের আদি পিতা আদম(আঃ)ও আদি মাতা হাওয়া(আঃ)কে বুঝানো হয়েছে।,Negative
আচ্ছা ভিডিওটা আপনি তৈরি করেছেন কিন্তু আপনি কতবার দেখেছেন,Negative
নাউজুবিল্লাহ ভবিষ্যৎ বানি নাকি মেয়ে  করতে পারে,Negative
নাউজুবিল্লাহ,Negative
"মুভিটা অসাধারণ ছিল।  তবে একটা বিষয় বুজলাম না,  লুসেন্দ্রা ভবিষ্যৎবানী কিভাবে জানতে পারল।",Negative
আপনি যদি মুসলমান হয়ে তাকেন এসব বানাবেনা। কারন ভ্যবিশত একমাত্র আল্লাহ জানে।,Negative
বাজে,Negative
"ভবিষ্যতের জ্ঞান একমাত্র আল্লাহরই নিকটে রয়েছে ।এমনকি নবী করিম সাল্লাল্লাহু আলাইহি ওয়া সাল্লামও ঠিক ভবিষ্যতের ওই সকল বিষয় জানতেন যা আল্লাহ তায়ালা তাকে জানিয়ে দিয়েছিলেন।এ জন্য আপনি যদি মুসলিম হয়ে থাকেন তাহলে এরকম ভিডিও পোস্ট করবেন না ।কারণ,এতে আল্লাহর সঙ্গে এই শিরক করা হয় যে ,আল্লাহ ছাড়াও ভবিষ্যতের জ্ঞান অন্য কারো রয়েছে।আশা করি বুঝতে পেরেছেন।",Negative
ীজসজসজডম,Negative
"হরর মুভির প্রথমে দেখানো সেই প্রশ্নটার উত্তর হবে ,",Negative
"ভাইয়া সত্যি অসাধারণ লাগল। ।বেশ হরর ছিল।,",Negative
ভাই আমি মোঃ সাইফুল ইসলাম আবারো শুনছি ও দেখছি বাংলাদেশ থেকে তো আজকে অফিসে কর্মরত অবস্থায় দেখছি।,Negative
ফার্স্ট কমেন্ট,Negative
মুভিটা বেশ ভালো আর আমি এসব মুভি খুব ভালোই বুঝি কারণ আমি এসব মুভি ভীষণ মনযোগ সহকারে দেখি,Negative
অনেক ভালো লাগলো ভাই,Negative
খুব ভালো লাগে এই চ্যানেল টি,Negative
ছবিটা শেষের দিকটা একদম বাস্তব  সম্মত আসলে আমাদের বাংলাদেশের প্রেক্ষাপট এখন এমনই হয়ে গিয়েছে একজন দেখে একটি হাস্যরসাত্মক কমেন্ট করবে এবং বাকিরা সেই স্রোতে গা ভাসিয়ে দিয়ে সেভাবেই কথা বলব  তার জন্য আমাদের বাংলাদেশের ইন্ডাস্ট্রি আজ খুবই ভয়াবহ অবস্থা,Negative
"ভাই মুভিটা ভালো লাগছে ️ । কিন্তু আপনি শেষে বললেন যে মুভি না দেখে ডিস লাইক করা  এটা তো একরকম অপমান করা হলো । অনেকের ব্যাক্তিগত ব্যাপার, দেখার পর‌ও ভালো নাও লাগতে পারে । এটাও একটু বোঝার দরকার আছে ভাই।",Negative
অনেক ভালো লেগেছে ভিডিওটা,Negative
ভাই আমি ভয়ে লাইক দিয়ে দিছি আপ্নারে.. যদি আবার আমার সাথে এমন কিছু হয়ে যায়,Negative
অসাধারণ,Negative
এমনিতে গল্প টা তেমন ভালো লাগে নাই তবে ছবিতে যা কিছু বোঝানো হয়েছে তা বাস্তবসম্মত .,Negative
কি অবস্তা ?  চিনতে পেরেছো? ️ এগিয়্ব যাও,Negative
ভাই পুরাই,Negative
ভাই আগের ভিডিওর মধ্যে আপনি একটা কথা বলতে ভুলে গেছেন,Negative
অসাধারণ,Negative
সুপার,Negative
সুন্দর ছিলো,Negative
অসাধারণ মোবি,Negative
ভাইয়া   র মুভি গুলো খুব বেশি ভালো লাগে   র সবগুলো  এক্সপ্লেইন করবেন,Negative
"অস্থির  ভাই,  অস্থির",Negative
অস্থির,Negative
আরো চায়,Negative
ভাই    টা  কইরেন,Negative
"আমার ও একই উত্তর নাক,কান ছাড়া বলতে পারবো",Negative
বাই করা️️️,Negative
ভাই আরো তারা তারি বিডিয় দেন,Negative
"এটা ত আগেও দিয়েছিলেন,  জাইহক ভালবাসা অবিরাম",Negative
ভাই দক্ষিণ কোরিয়ার এমন অবস্থা তা আগে জানতাম না,Negative
খুবি ভালো লাগে আপনার,Negative
",,বাইকিল",Negative
সেই মুভির ছিল এটা,Negative
অসাধারণ,Negative
ডন লি মানেই আগুন,Negative
ভাইরে ভাই অবেক মজা পাইছি,Negative
বাই করা️️️,Negative
ড়ন ণি অস্থির,Negative
আলামিন  ভাই আরও চাই,Negative
ও না আমরা হয়ে গেসি,Negative
হেই আমার ১ম কমেন্ট,Negative
অনেক দিন  পর ভিডিও দেখতে আসলাম,Negative
ডন লির সিনেমা মানেই আগুন,Negative
ভাইয়া ভিডিওর  টা একটু বাড়িয়ে    দিয়েন,Negative
আল আমিন ভাইয়ের বিগ ফ্যান,Negative
ভাই প্রথম কমেন্ট করছি রিপ্লাই আমি আপনার সব ভিডিও দেখি,Negative
মুভিটা আপনি আগেও একবার দিয়েছিলেন,Negative
ভাই আপনি ভিডিওটা আরো একবার দিছিলেন,Negative
"লাভ ইউ ব্রো,ফর ডন লি",Negative
ভাইয়া কালকে মাত্র এটা দেখেছি কিন্তু তবুও আমি আরেক বার আপনার চেলেনের থেকে দেখলাম,Negative
লাভ ইউ ভাইয়া,Negative
ভাই       এর শেষে কি যেনো কথা বলতে চেয়েছিলেন,Negative
সেই সেউ সেই সেই সেই সেই সেই সেই সেই,Negative
"আমি অনেক আগ থেকে ডনলির ফ্যান,শুধু একশনের জন্য।",Negative
এই মিয়া ভিনলেনড সাগা 19 তম  পরব কই,Negative
ডনলি মানি ই আগুন,Negative
গেম অফ থোনস সিরিজ টি আনেন প্লিজ ভাই,Negative
এসে একটা স্বপ্ন ছিল আপনার লগে দেখা করব ভাই কপালে দেখা করতে পারলাম না ভাই  ভাই আপনি সব ভিডিও আমি দেখি  আমার মোবাইলে এমবি না থাকলেও জোর কইরা আম্মুর থেকে এমবি ভৈরব আপনার ভিডিও আমি দেখি ভাই  আই রিয়েলি লাভ ইউ ভাই,Negative
আমার দেখা সব থেকে থ্রিলিং মুভি ছিল এটি,Negative
ডন লি মানে আগুন,Negative
ডনলি,Negative
আমিও ভাই,Negative
এই কয়েকদিন আগে ডনলিকে চিনলাম। এখন তার অনেক বড় ভক্ত হইয়া গেছি,Negative
ভাই এই মুভিটা তো আর একবার দিয়েছিলেন,Negative
ভাই আপনার কাছে রিকোয়েস্ট গেম অফ থোনস আনেন প্লিজ,Negative
ডন লি,Negative
ভাই মুভি টা দিছিলেন একবার,Negative
ভাই বেসি বেসি ডনলির মুভি আনেন,Negative
ভাই ডনলির     .     .,Negative
ভাই এই মুভিটা এর আগেও একবার এসেছে এই চ্যানেলে,Negative
এই মুভিটা আগেও দিয়েছিলেন,Negative
এনিমি টা এক্সপ্লেইন করেন,Negative
১৮ বছর না ভাইয়া ১৫ বছর যদি কোনো আসামী লুকিয়ে থাকতে পারে তাহলে তাকে লিমিটেশন অফ স্টাচু বলে। তাই তার সব দোষ মাফ করে দেওয়া হয়। খুবই ফালতু একটা আইন,Negative
গাড়িটিকে পিছন থেকে মারা হয়েছিল,Negative
ভাই কেও কি বলতে পারবেন মুভিটার নাম কি,Negative
এটাতো মনে হয় এর আগেও একবার এক্সপ্লেইন করেছেন।,Negative
ভাইয়া মুভিটার হিন্দি ভারসন কোথায় পাব..???,Negative
সেম আমিও আমাকে যদি কেউ বলে এই মানুষটার হুলিয়া টা বলো?  আমিও বলতে পারব না,Negative
"ভাই মুভিটা তো এর আগেও একবার আপনার চ্যানেলে এক্সপ্লেইন করা হয়েছিলো,,,,,",Negative
ডনলির আরও একটা নতুন মুভি বের হইছে ২০২৩ সালে। সেটা একস্প্লেইন করুন।,Negative
ভাই মুভি টার নাম কী আমি দেখবো,Negative
আমিয়,Negative
ভাই এই ছবিটি ডাউনলোড লিংক টি দিবেন,Negative
ভাই এই মুভি টা হয়তো আর একের এক্সপালেইন করা হইসে,Negative
এই পুলিশের বদলে এখানে এল এর দরকার ছিল,Negative
এই মুভি টা দেখার সময়ে আমারও এটাই মোনে হয়েছিলো যে কি করে  করতে পারে,Negative
ডনলি কে কার কার ভালো লাগে আমার মতো,Negative
এই মুভিতো আগে ও দিছেন। এক মুভি ২ বার কেন  দিচ্ছেন।,Negative
পুরো কান্না করে দিলাম,Negative
ভাই মর্মান্তিক পরিস্থিতি আমি অনেক হতাশ হয়েছি,Negative
কি দুর্দান্ত মুভি,Negative
হান্টার এর মৃত্যুটা খুবই খারাপ লেগেছে। ছবিটা সত্যিই অসাধারণ।,Negative
কুব সুন্দর,Negative
নাইস অনেক সুন্দর মুভি টা,Negative
অনেক ভালো লাগছে খুব বেশি ভালো লাগছে,Negative
ভাইয়া মুভিটা খুবই ভালো হয়েছে।,Negative
অনেক সুন্দর,Negative
সেরা লাগছে  এটার মতো কিছু মুভি সাজস্ট করো কেউ।,Negative
আমার এই মুভি টা খুব সুন্দর লেগেছে আমি 5 বার ধরে ভিডিও টা দেখলাম খুব সুন্দর লেগেছে,Negative
ওরে আল্লাহ।,Negative
আমার খুব ভয় লাগছিলো,Negative
ভালো লাগলো,Negative
আমাদের প্রিয় ঘর কবরস্থান,Negative
ভয় পেয়ে গেছি,Negative
হান্টার যখন এন্টেনা টার উপর লাফ দিয়েছিল তখনই ভাবছিলাম অত  কিভাবে নামলে। তারপর যখন বললেন মারা গেছে যা ভয় পায়ছিলাম,Negative
কে কে ২০২৪ সালে এই মুভিটা দেখছেন,Negative
আমিও,Negative
ভাই ভয়ে হাত এবং পা দুটোই কাঁপতে ছিলো,Negative
2000 ফুট উঁচুতা কেউ উঠে,Negative
আমিতো  2024  সালে  দেখছি,Negative
আমি তো ফুট ওভার  ব্রিজে উঠলেও ভয় পাই,Negative
প্লিজ মুভিটার লিংক দেন,Negative
আমার তো দেখেই ভয় করছে,Negative
মুভি লিংক প্লিজ,Negative
২০৫০ সাল এর জন্য কমেন্ট টা করে গেলাম আজ থেকে ৩০ বছর আগে,Negative
কিভাবে রেসকিউ করা হইছে সেটা তো দেখালেন না।,Negative
যখন মুভিটা দেখতেছিলাম খুব ভয় লাগছিল,Negative
আমি এখন দেখছি,Negative
",  দেখেই তো মাথা ঘুরতেছে।।   এইরকম কিছু সাইকো আছে পৃথিবীতে, যারা সেলফি করতে গিয়ে মরেছে",Negative
ভাই এই মুভিটা ভাই আমি কতো জায়গায় খুজছি কিন্তু  আমি পাইছি না আপনি আনলেন ধ্যননোবাত আর আমি আপনার ভিডিও এহনো আমি দেখিনাই দেখার আগেই কমেন্ট করলাম আর আপনার ভিডিওতে লাইক এবং সাসক্যারইব কইরা দিছি,Negative
"যাদের হার্টের প্রবলেম আছে, তাদের এই মুভিটা দেখা উচিত না।",Negative
ভাইয়া এটা কী সত্যি ঘটনা,Negative
ভাই এই মুভি টার নাম কি,Negative
"আমার তো দেখেই , হাত পা কাপতাছিলো",Negative
2 বার,Negative
ভিডিও র শেষ এর টুইস্ট গুল   কেমন লাগলো জানাবে । ভাল লাগলে শুধু একটা লাইক করে দিও,Negative
ভিডিও র শেষ এর টুইস্ট গুল   কেমন লাগলো জানাবে । ভাল লাগলে শুধু একটা লাইক করে দিও,Negative
"আপ্নার  ,   করা সত্যি মারাত্মক  এর. আপনি প্রযুক্তি বিজ্ঞান সম্পর্কে থিওরি সম্পর্কে অনেক কিছু জানেন বুঝেন. যার কারণে আপনি এই কঠিন টাইপ এর মুভি গুলো চয়েস করেন  করার জন্য",Negative
প্রিয় ভাই বাংলাদেশ থেকে শুনছি... ️ আপ্নি সপ্তাহে অন্ততো দুইটা মুভি এক্সপ্লেইন কইরেন আপেক্ষয় থাকি আপ্নার ভিডিওর সেরা এক্সপ্লেইন,Negative
"কি আর বলবো,আপনার সব গুলো  ভালো হয়,এটাও দারুণ লেগেছে।",Negative
লাইক দিয়ে দিলাম দাদা। এক কথায় অসাধারণ এক্সপ্লেইন।,Negative
অনেক কিছু জানতে পারলাম। ধন্যবাদ দাদা,Negative
"ভাই গল্প বলার আগে এবং গল্প বলার পরে যেই কথা গুলো বলেন, ডিরেক্ট কলিজায় এসে লাগে।  ভালোবাসা নিবেন প্রিয় ভাই",Negative
"মাশাআল্লাহ খুব সুন্দর সুন্দর মুভি, দারুণ  করেছেন।  ধন্যবাদ",Negative
এক্সপ্লেইনিং টা অনেক ভালো লাগলো। আমি আপনার চ্যানেলে আজকেই নতুন ভিউয়ার।,Negative
মানেই অসাধারণ কিছু। আজকের সিনেমা টা অসাধারণ ছিল।,Negative
ভিডিওটা খুব ভালো লেগেছে,Negative
খুব ভালো ব্যাখ্যা করেছেন আপনি,Negative
লেগেছে,Negative
সত্যিই অসাধারন আপনার এক্সপ্্লেইন,Negative
অসাধারণ ...,Negative
ভাই ভিডিও টা ভালো ছিলো৷৷৷৷  এমন টা হতেও পারে,Negative
ভাল লেগেছে স্টোরিটা।,Negative
খুবই খুবই ভালো লেগেছে বস...জোস হইছে,Negative
ভাই তাড়াতাড়ি ভিডিও গুলো দিবেন।ওনেক অপেক্ষায় থাকি️️️️,Negative
ওনেক ভালো লাগলো ধন্যবাদ..,Negative
অপেক্ষায় ছিলাম ভিডিওর জন্য,Negative
বাটার ফ্লাই ইফেক্ট আমার উপর পরছে। ভিডিও দেখতে গিয়ে তরকারি পুরে কয়লা হয়ে গেছে। যদি আমি ভিডিও না দেখতাম তো গল্পের গভীরেও যেতাম না আর এতো বড় বাশটাও খেতাম না,Negative
এতো জটিল মুভি এতো সহজ আর সুন্দর ভাবে বুঝিয়েছেন সেই জন্য ধন্যবাদ আপনাকে,Negative
দারুন একটা   দেখলাম আজ...,Negative
দারুন ️,Negative
"এ এস ডি স্টোরি  , মানেই খুব সুন্দর করে মুভি ডিটেইল্স অনুভব করানো   , সত্যি দাদা খুব ভালো লাগলো আপনার এক্সপ্লেইন",Negative
"অসাধারণ, অসাধারণ",Negative
অসাধারণ।,Negative
অনেকদিন থেকে অপেক্ষায় ছিলাম আজকে অপেক্ষার অবসান হলো,Negative
মুভিটা দেখতে অনেক সুন্দর ছিল,Negative
",,,,,, ভাই আপনি যেভাবে এই মুভির এক্সপ্লেইন করলেন  এতো সুন্দর লজিক্যালি বৈজ্ঞানিক ভাবে মানতে হবে 🫡🫡,,,, অনেক অনেক শুভ কামনা রইলো",Negative
এরকম কমপ্লিকেটেড পেচানো মুভি এতো সুন্দর গোছানো ভাবে এক্সপ্লেইন একমাত্র   এই চ্যানেল এর দ্বারাই সম্ভব  আরো এগিয়ে যাও ব্রাদার,Negative
অসাধারণ ব্যাখ্যা।,Negative
গল্পটা খুবই জটিল বাট বুঝতে পেরেছি।  বাটারফ্লাই ইফেক্ট সম্পর্কে আগেও শুনেছিলাম সেই জন্য বুঝতে সুবিধা হয়েছে,Negative
দাদা আপনি অল্প সময় যত সুন্দর করে ছবিটা বুঝিয়েছেন ‌ আমি সাত  বার এই মুভিটা দেখলেও বুঝতে পারতাম না ‌,Negative
মানেই মাস্টারপিস মুভি,Negative
"ভাইয়া কেমন আছেন,,,",Negative
ভাই আপনার ভিডিওর ব্যাকগ্রাউন্ড মিউজিকটি কি নামে সার্চ করলে পাওয়া যাবে?,Negative
ভাই আপনার ভিডিও গুলা দেখি কিন্তু আপনার চেহারাটা এখনো দেখা হলো না যদি আপনার  একটা পিক দিতেন  ধন্য হয়ে যেতাম,Negative
দাদা.....এতো ব্রেইন তুমি কিভাবে পেলে?.. করো,Negative
কেমন মুভি খাতা খুললেই অতীতে ফিরে যায় । তবে মুভি শুরুর আগে কথা খুব ইমোশনাল,Negative
আপনি খুব ভালোভাবে  কোনোকিছু। বোঝাতে পারেন। ধন্যবাদ,Negative
যদি একবার অতীতে জেতে পারতাম  তাহলে তোমার সাথে দেখা হওয়া টা আটকে দিতাম কারণ তুমি ছেড়ে চলে জাওয়ার চেয়ে  তোমার সাথে দেখা না হওয়া টাই ভালো ছিল  অতীতের কোন খারাপ সৃিতি যদি আটকে দেওয়া যেতো বা মুছে দেওয়া জেতো তাহলে কতো টাই না ভালো হতো।  কিন্তু বাস্তব সত্য হলো সময় তো কারো জন্য থেমে থাকে না মনে গেথে গেছে ভাই কথাটা,Negative
আমি আপনার ভয়েজ প্রেমে পড়েছি️ বাংলাদেশ,Negative
অনেক দিন পর চ্যানেল টা খুঁজে পেলাম,Negative
কে ছেকা দিলো আপনাকে ভাই ?,Negative
দাদা  মুভিটা এক্সপেলেন করুন,Negative
দাদা পাঠান  টা,Negative
মাস্টারপিস,Negative
এত জটিল মুভি এত সুন্দর ভাবে বোঝালেন,Negative
১ম লাইনটা একদম আমার মনের কথা,Negative
আমার মনে হয় সময় এক দম স্থির। কিন্তু আমরা এটা কে চলতে দেখি কারন আমরা ভাবি যে তা চলছে। যেভাবে একটা থেমে থাকা ট্রেন পাশে র ট্রেন এর সাপেক্ষে চলতে শুরু করে মনে হয়।,Negative
14  উপলক্ষে একটা ভালো বাসার গল্প,Negative
সব কিছুর মালিক আল্লাহ   এসব ইফেক্ট কিছুই না,Negative
"দাদা,তাইলে সৃষ্টি কর্তার অস্তৃত কোথায়?",Negative
মুভিটা আয়নাবাজি না তো?,Negative
মুভিটি শুনে মনে হচ্ছে বাস্তবে সম্ভব এটি,Negative
"যদি একবার অতিতে যেতে পারতাম,তাহলে তোমার সাথে আমার দেখা হওয়াটা আটকে দিতাম। কারণ তুমি ছেড়ে চলে যাওয়ার চাইতে তোমার সাথে দেখা না হয়াটাই ভালো ছিলো..!!",Negative
জটিল মুভি তবে সেরা,Negative
"দাদা,     এক্সপ্লেইন করো প্লিজ, কারণ বাংলায় এইপর্যন্ত কেউই এই মুভি ভালো করে এক্সপ্লেইন করতে পারেনি",Negative
তে আপনাকে  ভালোবাসি,Negative
কানটারা মুভি টা দেখতে চাই,Negative
এটা কি মুভি হলো,Negative
সবই তো বুঝি,Negative
আপনার ভিডিও দেখতে দেখতে ভাত রান্না করছিলাম রান্না শেষে ভাতের মার গালতে গিয়ে সব ভাত ফেলে দিছি এখন আবার ভাত রান্না করতে হচ্ছে আমাকে।এটাকি,Negative
বাস্তবে টাইম ট্রাবেল করা সম্ভব না। আর লাস্টের টুইস্ট গুলো    থেকে নেওয়া।  কারণ হুবহু   এর সাথে মিলে যায়,Negative
আমার তো মনে হয় আপনি প্রেমে ব্যর্থ হয়েছেন,Negative
অতিতে গিয়ে তুমি কি করতে চাও??,Negative
আমদের বারিতে একটা কুকুর ছিলো যার নাম ছিল কাল্লু,Negative
"টাইম ট্রাভেল  কি,  বাস্তব  সত্যিই কেউ কখনো করেছিলো,     আমরা ত শুধু  মুভিতেই টাইম  ট্রাভেল কাহিনী  দেখতে পাই,  বাস্তব  কি এর অস্তিত্ব  প্রমাণ আছে,  জানলে  বলবেন প্লিজ",Negative
অতীত এ চলে আসো,Negative
ভাইয়া আমার ১৫ সেকেন্ড এর কথা টা আমার খুব ভালোলেগেছে | যদি টাইম মেশিন থাকতো আমি তার দেখা হওয়াটা মুছে দিতাম,Negative
"আরে বুঝলামনা,অতিতে গিয়ে যদি সে নিজেকে মেরে ফেলে তাহলে মুভির ৪ নম্বার ইনডিংয়ে কি করে কেলির সাথে দেখা হয়,",Negative
"আমি আপনার ভিডিও ছাড়া অন্য কোন ভিডিও দেখি না,,",Negative
ইভান তার বান্ধবী কে কেনো নিয়ে আসে দাদা ???,Negative
হুগা মাইরা দিছে মুভিরে,Negative
আবশেষে ভয়েসে নিজের ভাব প্রকাশ করলাম   ︎•||।||।।||।||।।|||।||।। 0:30,Negative
"আচ্ছা, তাহলে সে যে  ইউনিভার্স থেকে গেলো, আসার সময় নতুন কোনো ধরি  ইউনিভার্সে চলে আসলো। তাহলে প্রশ্ন হলো তার আসল জায়গা অর্থাৎ  ইউনিভার্সে তার বদলে কে আসবে? নাকি খালি থাকবে না কি হবে?",Negative
এ বললেন যে সে নিজেকেই তার মায়ের গর্ভে মেরে ফেলেছে তাহলে তার জন্ম না হলে সে কি করে ওই মেয়েটাকে ভয় দেখাবে?? আর ওই মেয়েটা আর তার ভাই তাদের বাবাকে ছাড়ে তাদের মায়ের কাছে গিয়ে থাকবে ?? এভান যদি না জন্মায় তাহলে তো ওরা ওদের বাবার কাছেও থাকতে পারে ??      ....,Negative
"লাইক করি বা না করি সাবস্ক্রাইব তো করতেই পারি। আর সাবস্ক্রাইব করলামই যখন, লাইকও তো করতে পারি। সবই তো করলাম, শালার একটা প্রশ্ন মাথায় ঘুরছে, কমেন্ট যদি করি মুভি টেলার মহোদয় রিপ্লাই করবে তো?",Negative
বাই এরক ওনেক বিডিয় আছে তবে আপনার কতার মাজে মাজে এত মজা করে কতা বলেন তাই ওন লুকের বিডিয় আমার বাল লাগে না  আর হে বেসি বেসি করে বিডিয় দিবা 🇧🇭 🇧🇭🇧🇭🇧🇩,Negative
ভিডিও টার শেষ সমন্ধে তোমার কি মনে হয় ? । ভিডিও টা ভালো লেগে থাকলে একটা লাইক করে দিও শুধু,Negative
আপনার ভিডিও  খুব ভালো লাগে তাই আপনার ভিডিও পেলে না দেখে থাকতে পারিনা,Negative
মানুষ জিতেছিল। কারণ নেকড়ে জিতলে মানুষ কে তার খাবার বানিয়ে নিয়ে যেতে দেখাতো।,Negative
শেষমেশ মানুষকে জেতানো উচিত ছিলো এখানে। কারন মুভিটা নেকড়েরা দেখবেনা আমরাই দেখবো।,Negative
শেষে কি বল্লেন দুটো পশুই হচ্ছে সমান এটা হবে দুটো প্রাণী,Negative
ভাই সাউন্ড কোয়ালিটি আরো ভালো চাই,Negative
"দাদা প্রতি টা মুভির এক্সপ্লাইনে কমেন্ট করে রেখে যাবো এখন থেকে,কারণ আপনার ভয়েসে আমি মুগ্ধ, বিগ ফ্রেন্ড দাদা আপনার বাংলাদেশ কুমিল্লা জেলা থেকে",Negative
"ইদানিং ভিডিও গুলো তে আপনার ভয়েস অল্প আওয়াজ আসছে,,,",Negative
দাদা এটা কি তোমার নতুন আইডি,Negative
ভাই দেরি হয়ে গেলো,Negative
আমার মনে হয়েছে নায়ক হলো এলান।কিন্তু আমি চাইছিলাম লিফ্টওয়েল যেন হয়।কারণ গান আমার পছন্দের এক্টর।,Negative
সাউন্ড কম,Negative
সাউন্ড পবলেম,Negative
ভাবা যায় এগুলো বাবা একেবারে নিঃশ্বাস আটকে যাওয়ার মতো মুভি!,Negative
আমার দেখা সেরা মুভি,Negative
এমন শিক্ষক গুলারে পাগলা কুত্তা দিয়ে সুদানোর দরকার,Negative
চোখে পানি চলে আসলো,Negative
অসাধারণ,Negative
। খুব হৃদয়বিদারক এই মুভিটা।,Negative
অসাধারণ,Negative
"আর আমাদের দেশের নাট‍্য ও চলচ্চিত্র নির্মাতাদের কাছ থেকে গার্লফ্রেন্ড, বয়ফ্রেন্ড, লাভ, ছ‍্যাকা, প‍্যারা, ব্রেকআপ আর অশ্লীলতার অনুশীলন ছাড়া কিছুই শিখতে পারি না  !!",Negative
অনেক ভালো লাগল মুভিটা,Negative
বেগ্রাউন্ডের মিউসিক টার নাম কি,Negative
মোভি টা অনেক এমসনাল,Negative
ভালো লাগে নি,Negative
সুবহানাল্লাহ্।,Negative
সুবহানাল্লাহ্,Negative
সুন্দর মুভি। এরকম আরো কিছু অনুপ্রেরনামুলক  মুভির এক্সপ্লানেশন দেখতে চাই।,Negative
মা হলো পাখির মত  বাচ্চাদের জন্য  কই থেকা কই থেকা খাবার নিয়ে আসে সেটা সেই মায়ই জানে আমিও একজন এতিম বাবা নাই,Negative
আসসালামুআলাইকুম আপু কেমন আছেন,Negative
ভালোবসা  অবিরাম প্রিয় বোন,Negative
মা হলো যেই যোদ্ধা যে কিনা সন্তানের জন্য সকল যুদ্ধ লড়তে পারে। 20:09,Negative
"আপু ছোট্ট একটি রিকুয়েষ্ট ছিল,  রোমান্টিক একটা গল্প এক্সপ্লেইন করো প্লিজ। বলো কথাটা রাখবে",Negative
আপু আমি আপনার ভিডিও অনবরত দেখি খুব সুন্দর ভিডিও আপনার রিদয় ছুয়ে জাই  কিন্তু আপু প্রতিদিন ভিডিও বানালে ভালো হতো,Negative
আপু আমি এই ভিডিওটি আগেই দেখেছি। ভিডিওটি দেখে আমি চোখের পানি ধরে রাখতে পারিনি,Negative
"আপনার জন্য সুস্থতা কামনা করি,। আর আপনার আব্বু আম্মুর কাছে সালাম জানায়",Negative
অনেক  সুন্দর   এই   মুভি টা,Negative
ধন্যবাদ আপনাকে।,Negative
ধন্যবাদ আপনাকে।,Negative
ভালো আছেন আপু,Negative
অপেক্ষায় ছিলাম,Negative
মা থাকলে আর কোন কিছু অভাব নেই,Negative
ক্রাইম থ্রিলার মুভি দেন এসব ভালো লাগে না,Negative
"ভাই আপনার কন্ঠ , বলার ধরন  অসাধারন।সেরা এক কথায়।আপনার জন্য ভালোবাসা রইলো।আপনার সব ভিডিও আমি দেখি ।আল্লাহ আপনাকে সুস্থ রাখুন দোয়া রইলো।",Negative
"ভাই আপনার কন্ঠ , বলার ধরন  অসাধারন।সেরা এক কথায়।আপনার জন্য ভালোবাসা রইলো।আপনার সব ভিডিও আমি দেখি ।আল্লাহ আপনাকে সুস্থ রাখুন দোয়া রইলো।",Negative
আমি চাই আপনি আগে  সম্পূর্ণ শেষ করেন। কারন একটা  ধারাবাহিকভাবে না চললে সটা দেখতে আর মজা লাগেনা সে মুভির প্রতি আগ্রহ কমে যায় আশা করি আপনার এই  ছোট ভক্তের  রাখবেন।,Negative
ধন্যবাদ ভাইয়া  করার জন্য। ️️,Negative
..   .  . আপনাকে কতটা ভালোবাসি। আপনার বিডিওর জন্য কতটা অপেক্ষা করি।  বলে বোঝাতে পারব না,Negative
. এই মুভীটার জন্য অনেক এক্সাইটেড ছিলাম।,Negative
মাত্র দেখা শেষ করলাম মুভিটা শেষ করে ইউটিউব ডুক্লাম।আর সাথে সাথে ভিডিও,Negative
ভাই আর একটা অনুরোধ এই ব্যাস্ত জীবনে তোমার মুভি এক্সপ্লেনেসন দেখে কিছু টা প্রশান্তি পাই।  অনুরোধ হলো ভিডিও আরও বড়ো করো প্লিজ ২৫-৩০ মি বা তার বেশি। অন্তত এইসব সাইন্সফিকসন মহাকাশ রিলেটেড মুভি গুলার প্রতি সপ্তাহে ২ ৩ টা মেগা এক্সপ্লেনেশন দাও।  ️,Negative
চাঁদ আল্লাহ তায়ালার সৃষ্টি,Negative
"মাহে রমাদান এর শুভেচ্ছা,   প্রিয় অর্ণব ভাই। ইফতি।",Negative
এই পৃথিবী এই চাঁদ তারা এবং মানুষ সব কিসু তৈরী করেছেন মহান আল্লাহ তায়ালা।।,Negative
আল্লাহ সব কিছুর মালিক,Negative
আসসালামু আলাইকুম ভাই কেমন আছেন ভালোবাসা অবিরাম।,Negative
অনেক সুন্দর মুভি ...,Negative
মাত্র মুভিটা দেখে আসলাম। মুভিটা দেখে ইউটিউবে ঢুকেই দেখি এই ভিডিও আপলোড দিছে,Negative
"সাইন্স ফিকশন এইসব মুভিগুলো দেখে সত্যিই আমার তো মাঝে মাঝে মনে হয়, সত্যিই এগুলো আমাদের সাথে হচ্ছে হয়তো আমরা বুঝতে পারি না কিংবা জানতে পারি না",Negative
বলবো আপনার ভিডিও   হয়.। আপনার ভিডিও না ছারার মত হয়।,Negative
কিছু কিছু আপডেট জিনিস আসার সাথে সাথে দিলে ভালো আমি মনে করি,Negative
ভাই উইচার নিয়ে  3 নিয়ে কিছু বলেন।।,Negative
দাদা ভিডিওটা সুন্দর হয়ছে,Negative
"আপনার ভিডিওর নোটিফিকেশন মানে,, মুখে একটু হাশি, ️",Negative
"স্পেসে যেতে চাইলে বছরের পর বছর ট্রেনিং নিতে হয়, নাহলে অপরিচিত পরিবেশে সাথে সাথে মারা যাবে। আর এখানে কোন ক্লিনার চলে গেলো স্পেসে।",Negative
পুরাই আজগুবি কাহিনী,Negative
এটা খুব একটা ভালো হয় নাই।,Negative
এই সব মুভি দেখলে ইমান চলে যাবে,Negative
অর্ণব ভাই তোমার ভয়েস,Negative
অর্নব ভাই আমরা কিন্তু তোমার প্রথম দিকের ভিউয়ার তোমার চ্যানেল কে আমরা রিকমেন্ড করি সব সময় সো ১ মিলিয়ন হলে মনে রেখো আমাদের।,Negative
এগিয়ে যাও ভাইয়া,Negative
পাগল ছাগল গল্প ️,Negative
ফালতু মুভি,Negative
আমরা মুসলিম।  আমরা এগুলা বিশ্বাস করি না। এগুলা অহেতুক ভাবনা।,Negative
কেয়া তুমি ভালো আছো,Negative
কেয়া আপু।  আপনার ভিডিও এর অপেক্ষায় থাকি। অনেক অনেক ধন্যবাদ এত সুন্দর সুন্দর মুভি গুলো উপহার দেওয়ার জন্য,Negative
অনেক সুন্দর গল্প ।আপনার কণ্ঠে আরো সুন্দর লাগছে ।ধন্যবাদ । আমাদের জন্য এমন গল্প আরো দেওয়ার জন্য অনুরোধ রইলো ।,Negative
মা বাবা সবার ভালোসায় পুর্নতা,Negative
মুভিতে টুইস্ট না থাকলে ভালো লাগে না আপনার এমন কোনো ভিডিও নাই যে আমি দেখি নাই। তাই আশা করি সামনে ক্রাইম থ্রিলার এবং টুইস্ট আছে এমন একটা মুভি দিবেন,Negative
সুন্দর এক্সপ্লেইন্টশন। ভালো লাগলো মুভিটি।,Negative
সুন্দর এক্সপ্লেইন্টশন। ভালো লাগলো মুভিটি।,Negative
আকাশের দিকে তাকিয়ে নিজের কষ্টগুলো আল্লাহর কাছে বলা সুন্নত!,Negative
- মুসলিম : ২৫৩১,Negative
ভালো একটা মুভি তার সাথে কেয়ার স্মিগ্ধ কন্ঠ সব মিলে অসাধারণ।,Negative
ভবিষ্যৎ কোন এক ভাইরাসের কারণে হয়তো পৃথিবী এমন হতেও পারে আল্লাহ আমাদের হেফাজত করুন,Negative
৬৩ বছরের মধ্যে যিনি মিথ্যা কথা ও বলেন নাই তিনি হলেন আমাদের প্রিয় নবী হযরত মুহাম্মদ (স)।,Negative
আপু তোমার এক্সপ্লেনেশন গুলা অনেক অনেক  ভালো হয় আমার অনেক পছন্দ তোমার ভিডিও গুলা।    . ️🇧🇩️,Negative
ইয়ে মজা জম্বি মুভি,Negative
"অনেক ভালো  লেগেছে আপু, আপনার  কন্ঠ  টাও খুব সুন্দর",Negative
এই রকম ছবি আরো চাই,Negative
"যে বেনের পায়ে গুলি করল। গাড়ির চাবি ফেলে,  যার জন্যে নিজের বন্ধুকে মারতে হলো,     সেই এনাকে এত সুন্দর করে ছেড়ে দিল?",Negative
আপু আপনার কথা গুলো অন্রক ভালো লাগে,Negative
দিদি আপনার কন্ঠ টা কিন্তু সেই,Negative
অনেক ধন্যবাদ আপনাকে এতো তারাতাড়ি আরো একটি ভিডিও দেওয়ার জন্য।,Negative
"সাবস্ক্রাইব না করে পারলাম না, ভালোবাসা অবিরাম, এগিয়ে যান",Negative
আপু...... আমার এই আবদার টা রাখার জন্য.....,Negative
এত সুন্দর কন্ঠ তোমার কন্ঠের ওপর ফিদা হোলাম,Negative
"এতটা ভালবাসি আপনাকে বলে বোঝাতে পারবো না, আপনার কন্ঠ ভীষণ মিষ্টি",Negative
অনেক দিন পর জম্বি মুভি,Negative
প্রথম বার আপনার ভিডিও দেখলাম ️‌‌‍। খুব ভালো লাগলো।এ রকম ভিডিও দেওয়ার জন্য অনেক ধন্যবাদ আপু,Negative
নতুন ফ্যান হলাম,Negative
ওওওও,Negative
আমি নতুন সাবাস্ক্রাইবার কিন্তু আপনার ভিডিও প্রথম দিনই আমার খুব ভালো লেগেছে। আপনার চ্যানেলকেও খুব ভালো লেগেছে।,Negative
আরো চায়,Negative
আপনার ভয়েজ টা আনেক সুন্দর,Negative
মুভিটা সুন্দর আর আপনার ভয়েস ও সুন্দর,Negative
গুলার মধ্যে   বেস্ট,Negative
"আপি ভালো লাগছে আবার,  একটু ভয় ও লাগছে",Negative
আমি ও স্বপ্নে দেখি  খুব ভয় করে,Negative
কার কার আমার মতো জম্বি মুভি ভালো লাগে,Negative
আপু আর চাই,Negative
-----★#সপ্ন_পূরনের_আশায়_️🇧🇩 -----★#ঘর_ছেড়েছিলাম_আজ🇧🇩 -----★#ঘর_ফেরাটাই_সপ্ন️🇧🇩 -----★#হয়ে_দাড়িয়েছে√️️️🇧🇩 -----★#ᴘᴀɢᴇꨄ︎ʀᴊꨄ︎ʀᴀᴢ🇧🇩,Negative
আপু  কোনো মুভিনদেন,Negative
শেষটা সুন্দর হয়নি,Negative
খাবার সময় আপনার ভিডিও খুজি...,Negative
আমেরিকা আমেরিকা,Negative
"তোমার ভয়েসে জাদু আছে আপু,,,, কত কিউট করে কথা বলো তুমি সুনতে মন চায়,,,, আই লাভ ইউ আপু ️️️️️,,,,তোমার কন্ঠ যদি এত সুন্দর হয় না জানি তুমি দেখতে কত সুন্দর",Negative
কারেট কথা বছ,Negative
কনকলিউশন টা ভালো লাগে নি। কিন্তু আপনি দশে দশ।,Negative
কায়াক ফায়াক কায়াক ফায়াক কায়াক ফায়াক কায়াক ফায়াক কায়াক ফায়াক কায়াক ফায়াক কায়াক ফায়াক কায়াক ফায়াক কায়াক ফায়াক কায়াক ফায়াক কায়াক ফায়াক কায়াক ফায়াক কায়াক ফায়াক কায়াক ফায়াক কায়াক ফায়াক কায়াক ফায়াক কায়াক ফায়াক কায়াক ফায়াক কায়াক ফায়াক কায়াক ফায়াক কায়াক ফায়াক কায়াক ফায়াক কায়াক,Negative
আপু কেমন আছেন,Negative
আপনি কি       করবেন...?,Negative
মুভি র শেষটা ভালো লাগলো না,Negative
তোমার কন্ঠের উপর ক্রশ  খইছি,Negative
জম্বি ভাইরাস কি সথ্যি আছে আপু,Negative
কতমনরম,Negative
️ আসলেয় আগে  চেক করি   র কোনো ভিডিও আসল কিনা,Negative
ফিনিশিং টা ভালো লাগলো না,Negative
করে দেয়া  হয,Negative
আপনার বাড়ি কোথায় আপু?,Negative
আপনার ভিডিওর ডিউরেশন এত বেশি হয় কেন একটু কম করতে পারেন না।,Negative
"আপু আমি আজকে আপনার ভিডিও তে প্রথম কমেন্ট করেছি আর আমার একটি আবদার আছে,,, আমি চাই আপনি একটি মহাকাশ সম্পর্কিত মুভি দেন যেটা খুবই ইন্টারেস্টিং হবে",Negative
আপনি ভুল  বলেছেন,Negative
আপনার সাথে আমার একটা কথা ছিল আপনি কি আমার কথার উত্তরটা দেবেন,Negative
"কেয়া আপু কেমন আছেন??৪০হাজার সাবস্ক্রাইবার ফ্যামিলি ছিলো, তখন থেকেই আছি। আপনার একটা জিনিস আমি খেয়াল করেছি,,সবার মতামতের গুরুত্ব দেন,,সবার কমেন্ট সিন করে রিপ্লে দেন। এই কারণে আপনার প্রতি আলাদা রকমের ভালোবাসা কাজ করে। সফল হোক আপনার ইউটিউব লাইফ।️️️ আর হ্যাঁ ,সুন্দর ছিলো মুভি টা।",Negative
এ  জীবনে  আমি আপনার কাছ থেকে একটি ও রিপ্লাই পাইলাম না আফসোস  কত দিন ধরে আমি আপনার একজন  সাসকাইবার  হয়ে‌ রয়েছি  সবাই কে রিপ্লাই        ‌দেন আপনাকে দেন না,Negative
এটা কোনো মুভি হলো????কচুর ছরা।,Negative
অনেক ভাল্লাগছে,Negative
কেয়ার ভিডিও মানেই আগুন,Negative
খুব ভালো লেগেছে,Negative
তোমার কন্ঠে জাদু আছে,Negative
আপনার কন্ঠ অনেক সুন্দর আপু,Negative
আপু আপনার ভিডিওর জন্য অপেক্ষায় ছিলাম,Negative
"অসম্ভব ভালো লেগেছে আপু। একটু তাড়াতাড়ি ভিডিও দেওয়ার চেষ্টা করিয়েন, বেশিদিন অপেক্ষা করতে ইচ্ছে করে না",Negative
আপু এটা আগে অনেক বার দেখছি।,Negative
‌তোমার   শু‌নে রোজ চোখ উপ‌রে চে‌য়ে থা‌কে । । ম‌নে হ‌য় তু‌মি পা‌শে ব‌সে সি‌নেমার গল্প ক‌রো আমার সা‌থে ।,Negative
তোমার কন্ঠ অসাধারণ সুন্দর মাশাআল্লাহ ️,Negative
রাজা দা আশা করি    পর এর পাট চাই,Negative
অসাধারণ,Negative
আগে দেখেছিলাম,Negative
"দাদা, স্টার ওয়ার্স সিরিজ আপলোড করেন .",Negative
হট ফিল্ম এক্সপ্লেন চাই,Negative
ভালো ই লাগলো,Negative
আমি টাইটানিকনিয়ে গান বের করছি একটা গান মিউজিক,Negative
ভাই ফুল মুভুটি দেখাখুবসোক আমার তুমি আপনার চেলেনেছারো,Negative
টাইটানিক জাহাজের গান একটা আছে আমার কাছে ভাই গানটা দিতে চাচ্ছি,Negative
আরে ভাইয়া ডিসি এর পরের মুভি দেন..,Negative
আচ্ছা টাইটানিকের আসল মুভিটা পুরাটা কেমনে দেখতে পারি??,Negative
ভাই       : 3 কবে  করবেন,Negative
এই মুভিটা আর খুজে পাই না কেউ যদি পেয়ে থাকেন তাহলে লিংটা দিবেন,Negative
স্যাজাম কে একটি ভিডিও বানাও প্লিস প্লিস প্লিস প্লিস প্লিস প্লিস প্লিস,Negative
এখানে সেই ভাগ্যবান যিনি জুয়া খেলায় টিকেট হেরেছিল,Negative
মুভির লিংক টা দিবেন,Negative
আল্লাহর কী খমতা আল্লাহ পাক সব করতে পারে,Negative
ভাই এর আগে তো এই মুভি এক্সপ্লেন করছিলেন  তাহলে আবার কেন  নতুন ভিডিও দেন,Negative
এটা তো মনে হয় এর আগে একবার এক্সপ্লেইন করেছিলেন,Negative
তেরি ''মাকি,Negative
আপনারমানানু,Negative
এই  রাজা ভাই আপনিকি হিন্দু  নাকি  মুসলিম  রিপ্লাই  ভাই,Negative
হেই বন্ধুরা… কিছু কারণবশত আমার আগের ভিডিওটি ডিলিট করতে হয় তাই দ্বিতীয়বার আবারও এটা পোস্ট করলাম…,Negative
"একটু ম্যানেজ করে নিন, নতুন ভিডিও খুব তাড়াতাড়ি আসছে… ধন্যবাদ.....",Negative
হেই বন্ধুরা… কিছু কারণবশত আমার আগের ভিডিওটি ডিলিট করতে হয় তাই দ্বিতীয়বার আবারও এটা পোস্ট করলাম…,Negative
"একটু ম্যানেজ করে নিন, নতুন ভিডিও খুব তাড়াতাড়ি আসছে… ধন্যবাদ.....",Negative
এটা কি সেকেন্ড টাইম আপলোড করলেন নাকি?  এটা তো একবার দেখেছিলাম মনে হচ্ছে।,Negative
এই মিভিটা এই লাগায়া ৫ বার হয়ে গেলো দেখা,Negative
দাদা কেমন আছেন,Negative
আসসালামু আলাইকুম,Negative
এই ছবিটার নাম কি আমাকে বলবেন,Negative
সরিলে কাটা দিয়ে ওঠে এসব দেখলে,Negative
অনুগ্রহ করে কেউ কি বলবেন মুভিটার নাম কি,Negative
"ভাই আপনি একটা মহাকাশ নিয়ে চ্যানেল খুলেন।যেমন মহাবিশ্বের রহস্য, টাইমট্রাবেল,বিশ্বব্রহ্মাণ্ড এইগুলা নিয়ে ভালোই লাগবে",Negative
মুভি নাম,Negative
"আপনি কি ভূতের কার্টুন করছেন , গলার আওয়াজ একটু স্বাভাবিক করে বলুন",Negative
আপনার ভিডিও আমি অনলাইনে থাকলেই আসে,Negative
পাগল ছাগল সব কি বলে,Negative
মামা আসলেই সত্যি ঘটনা কি?,Negative
এটা কোনো সত্য ঘটনা না,Negative
তারাতারি কমেন্ট করি অনেক লাইক পাবো,Negative
"দাদা তোমার এই ভিডিওটা আমি ডাউনলোড করে নিয়েছিলাম,, কিন্তু নিজের ভয়েসে এডিটও করেছিলাম আমি,, তোমার থেকে  হয়ে    কিন্তু তুমি যে এইভাবে আমার ওই ভিডিওটাকে কপিরাইট করে দেবে এটা আমি আশা করিনি",Negative
আপনার ভয়েস এ একটা জাদু আছে রাতে আপনার এক্সপ্লেন গুলো শুনতে শুনতে কখন ঘুমিয়ে পড়ি নিজে ও জানি না। সত্যি  অসাধারন ভয়েস,Negative
আপনার ভয়েস এ একটা জাদু আছে রাতে আপনার এক্সপ্লেন গুলো শুনতে শুনতে কখন ঘুমিয়ে পড়ি নিজে ও জানি না। সত্যি  অসাধারন ভয়েস,Negative
আপু তোমার ভিডিও দেখতে দেখতে আমার জিবন টাই শেষ,Negative
মা শিক্ষিত না হলেও  মায়ের দেয়া শিক্ষা কখনো ছোট হয় না,Negative
ধন্যবাদ আপু আমাদের এত সুন্দর একটা মুভির এক্সপেলেনেশন উপহার দেওয়ার জন্য,Negative
ভিডিওর অপেক্ষায় ছিলাম অবশেষে ভিডিও পেলাম আপনাকে অনেক অনেক ধন্যবাদ এত ভালো ভালো কনটেন্ট দেওয়ার জন্য ️,Negative
আপুর প্রত্যেক গল্প গুলো অনেক সুন্দর লাগে...!!,Negative
কেয়া আপুর ভয়েস অনেক সুন্দর ভিডিও দেখলে মনটা ভালো হয়ে যায়।,Negative
মনটা অনেক খারাপ ছিল কিন্তু আপনার ভিডিও পেয়ে মনটা ভালো হয়ে গেল,Negative
"হ্যাঁ আপুর গল্পের জন্য আমরা বোন আমি অপেক্ষা করি,, আসলে উনার ভয়েসটা অনেকটা ভালো লাগে আমাদের কাছে",Negative
আপু আমি আগেই ছবিটা দেখেছি কিন্তু তোমার মুখের ভয়েস থেকে শুনে আমি অনেক মুগ্,Negative
"সত্যি বলতে,  ফ্যান্টাসি থেকে আপনার মুখে বাস্তব  গল্প গুলো অনেক সুন্দর মানায়",Negative
"আপনার কন্ঠ টা অনেক সুন্দর ও স্পষ্ট, শুনতে ভালো লাগে",Negative
ভয়েজ শুনেছি বুঝেছি দারুণ  কিছু দেখতে চলেছি।,Negative
অনেক দিন পড় আপনার ভিডিও দেকলাম আপু অনেক ভালো লাগলো,Negative
অসাধারণ,Negative
আপু আমি তোমার সব ভিডিও দেখি অনেক ভালো লাগে জানেন রিপ্লাই দিবেন প্লিজ প্লিজ প্লিজ প্লিজ,Negative
সত্যি আপুর এক কথায় অসাধারণ ভয়েস,Negative
আপু আপনার কন্ঠে জাদু আছে। আপনার কন্ঠ সত্যিই খুব ভাল। ️️,Negative
অসাধারণ মুভি,Negative
আপু,Negative
আপু আপনার বলা প্রত্যেকটি আমি দেখি কিন্তু সময়ের অভাবে কমেন্ট করতে পারিনা এ জন্য আমি অত্যন্ত দুঃখিত,Negative
"কেয়া আপু,,,ওইদিন কমেন্ট করতে পারি নি,,,আজ করলাম ফাস্ট কমেন্ট,, ইয়ে️",Negative
কিছু দিন ধরে ফারজানা মেডামের ভিডিও ঠিক মতো দেখতে পারছি না ️ কারন সামনের ১/১০/২০২৩ থেকে আমার  ফাইনাল টেস্ট  ফারজানা আপু একটু দোয়া কইরেন 🥹,Negative
এই ভিডিওতে ব্যবহৃত ব্যাকগ্রাউন্ড মিউজিকের নাম কি কেউ জানেন???,Negative
আসসালামু আলাইকুম কেমন আছো আপু.!,Negative
কেয়া আপু বেস্ট,Negative
তোমার নাম কী আপু,Negative
কেয়া আপু আমার খালাত বোন নাম ও। কেয়া মণি,Negative
লাইলাহা ইল্লাল্লাহু মুহাম্মাদুর রাসুলুল্লাহ (সাঃ),Negative
আপু তোমার ফেস দেখতে চাই ফেস রিভিল করো প্লিজ,Negative
কে কে কেয়া আপুর এক্সপেল সুনে ঘুমাও।।। লাইক করো।আমার ঘুমই আসে না আপুর কন্ঠ না সুনলে,Negative
বাংলাদেশ টাইম একটা ৫৬ মিনিট ভিডিওটা দেখা হচ্ছে  কমেন্ট করতে অনেক লেট করচি। এখন  ভিডিওটা দেখতেচি। ফার্স্ট টাইম কোন ভিডিও দেখতে এত লেট করে ফেলছি আপু তোমার। কিন্তু কমেন্ট করতে ভুলি নাই আপু। আসলে অনেক মন খারাপ ছিল আজকে। এই মন খারাপের মধ্যেও ভিডিও দেখতে আসছে এখন। রাত দুইটা সময়।। আপনি ভালো থাকবেন আপু। আপনার আব্বু আম্মুর প্রতি সালাম জানাবেন আমার তরফ থেকে।      ।। কমেন্ট করলে আপনি রিপ্লাই দেন না কেন আপু জানিনা।।,Negative
কে কে  দেখতে পছন্দ করো রিপ্লাই দাও,Negative
বাসায় গিয়া দেখবো,Negative
প্লিজ আপু হর হর আর ব্লাক ম্যাজিকের উপর কিছু মুভি দেন প্লিজ প্লিজ প্লিজ প্লিজ,Negative
প্লিজ আপু হর হর আর ব্লাক ম্যাজিকের উপর কিছু মুভি দেন প্লিজ প্লিজ প্লিজ প্লিজ,Negative
প্লিজ আপু হর হর আর ব্লাক ম্যাজিকের উপর কিছু মুভি দেন প্লিজ প্লিজ প্লিজ প্লিজ,Negative
প্লিজ আপু হর হর আর ব্লাক ম্যাজিকের উপর কিছু মুভি দেন প্লিজ প্লিজ প্লিজ প্লিজ,Negative
কেয়া আপুর গল্পের কমেন্ট দেখতে আসছেন যারা তারা লাইক দিয়ে যান।,Negative
"একটা ঘোষনা, কমেন্ট এ তারাহুড়ো করতে গিয়ে কেউ বানান ভুল করবেন না !! কমেন্ট পরতে কষ্ট হয়  , ধন্যবাদ৷ ...!!",Negative
"আল্লাহ তা’আলার ভয়ে তুমি যা কিছু ছেড়ে দিবে, আল্লাহ তোমাকে তার চেয়ে উত্তম কিছু অবশ্যই দান করবেন ।  — আল হাদিস",Negative
"সুপার হিরো দের যত মুভি আছে তার মধ্যে অন্যতম একটি মুভি,",Negative
এই মুভি দুবার দেখানো হলো দাদা,Negative
অনেক সুন্দর মুভিটা আপু,Negative
আপনার ভয়েস  অনেক ভালো,Negative
অসাধারণ মুভি,Negative
আমার মনের মতন মুভি সুপারম্যান,Negative
এই সিনেমাটি খুব ভালো আমি ইংরেজিতে কিছু বুঝে উঠতে পারিনি বাংলায় বুঝি খুব সুন্দর হল পরপর যে সিনেমা আছে আমাকে দিলে আমি দেখে নেব বাস শুনবো,Negative
অনেক সুন্দর মুভি।,Negative
এই সিনেমাটি কি সম্পর্ন পাওয়া যাবে না,Negative
এইরকম ১৫০ কোটি টাকা দামের সেটেলাইট আরো বাংভো️,Negative
আমার কাছে এ মুভি খুব ভাললেগেছে কিনতু আমার পরিবারের কার কাছে এই মুভি ভাল লাগেনি,Negative
ছবিগুলোর লিংক দিলে ভালো হতো ️️️,Negative
আমার  - পছন্দ ️️️️,Negative
ভাই আপনার গলা খুপ সুন্দর আমি আপনার সব মুভি দেখি,Negative
ভালো গল্প,Negative
এই মুভিটাও জোস ছিল চাইলে দেখতে পারেন :   ://./maNDTEvr4Eo,Negative
এই মুভিটাও জোস ছিল চাইলে দেখতে পারেন :   ://./maNDTEvr4Eo,Negative
পুরো মুভি এইভাবে বলে দিলেতো ভালোই,Negative
আমার সবথেকে প্রিয় একটি মুভি,Negative
অনেক  সুন্দর  লাগে আপনার কথা গুলা  আপনি সুন্দর  করে গুছিয়ে বলেন,Negative
দেখে হেসে হেসে কুপকাত,Negative
এর সেরা মুভি,Negative
খুব সুন্দর,Negative
"এই সিনেমাগুলো ডাউনলোড করা যায় কিভাবে ইউটিউবে পুরো মুভি খুঁজে পাওয়া যায় না""",Negative
ভালো কিছু তো ভালোই লাগে,Negative
এটা আমার একটা ফেভারিট মুভি,Negative
"আসলে পুরো ভিডিওতেও এমন মঝা পাইনি শেষের একটা কথায় যতটুকু মঝা পাইছি, এরা হচ্ছে আমাদের দেশের টিকটকারদের মত, অস্থির ছিলো",Negative
এরকম ভিডিও আরোছাই,Negative
আপু সৌদি আরব থেকে আপনার ভিডিও গুলা সবসময় দেখি অনেক ভালো লাগে আমার।দোয়া রইলো আপনার জন্য অনেক দূরে এগিয়ে যান।,Negative
আসসালামালাইকুম আপু আশা করি আপনি ভালো আছেন আপনার কন্ঠে মুভি দেখে অনেক ভালো লাগে কোন সময় আপনি বিরোধিতা দিবেন তার জন্য অপেক্ষায় থাকি আপনি ভিডিও দিলে দেখি,Negative
দোয়া কোরি আরও এগিয়ে য়ান আপু,Negative
খুব ভালো,Negative
মেম আমি আপনার   অনেক দিন দরে শুনতে ছি আপনার ভয়স টা অনেক সুন্দর আমার ভালো লাগে আমি আপনাকে দেখতে চাই ।এখন আপনি বলেন আমি কি করলে আপনাকে দেখতে পারবো,Negative
অসাধারণ মুভি,Negative
ভালো লাগলো,Negative
অনেক ভালো লাগলো।  1   এর জন্য অপেক্ষা করতেছি আপু,Negative
"🇧🇩🇧🇩 কি সুন্দর একটি নাম হযরত মুহাম্মদ (সাঃ),/,,",Negative
মুভিটা দেখে অতটাও ভয় পাইনি কিন্তু আপনি যখন হটাত করে বললেন এরা আমাদের দেশের টিকটকারদের মত তখন প্রচুর ভয় লাগছে!,Negative
খুব সুন্দর হয়েছে সারভাইভাল মুভিটা,Negative
🫶🫶ভালো হয়েছে,Negative
অপেক্ষা ছিলাম,Negative
"আপু,কোন কোরিয়ান,জাপানি অথবা চাইনিজ মুভি বা সিরিজ এক্সপ্লাইন করেন   আর আপনার এক্সপ্লাইনগুলো সুন্দর হয় চালিয়ে জান",Negative
আপনাকে ধন্যবাদ,Negative
আপু আমি তুমার ভিডিও নিয়মিত দেখি কিন্তু আমার পুরু ভিডিও দেখতে মনে চাই    টা কোন ওয়েবসাইট থেকে ডাউনলোড করেছ প্লিজ আপু আমাকে লিংকটি পাঠাও অথবা কোন সফটওয়্যার এর নাম বলে দাও।আপু আপনার কাছে অনুরোধ।,Negative
2023 সালে কমেন্ট করে গেলাম 2030 সালে এসে দেখবো ইনশাআল্লাহ,Negative
সবার আগে কমেন্ট করলাম,Negative
"আজকে দেখতে অনেকটা দেরি হয়ে গেল, সরি কেয়া আপু",Negative
"ম্যাম,আপনি যদি আমার কমেন্টটা দেখে থাকেন। তবে আপনাকে আমি জানিয়ে  রাখি।আপনার মুভির এক্সপ্লেন শুনে  আমি আপনার প্রেমে পড়ে গেছি। আপনার ভয়েস আপনার মন এত  সুন্দর।না জানি আপনি দেখতে কত সুন্দর হবেন  আপনার প্রেমে না পড়ে থাকতে পারলাম না।",Negative
খুব ভালো লাগলো ধন্যবাদ আপনাকে,Negative
সত্যি অনেক সুন্দর হইছে এক কথাই,Negative
এই ৩টা  আমার দেখা সবচাইতে,Negative
সৌরিন দা তোমার মুভি খুব সুন্দর হয়। এগিয়ে যাও। পাশে আছি,Negative
আগে আগে কমেন্ট করি লাইক পাব বলে,Negative
সর্বশেষ টিকটকারদের হালকা করে বাঁশ দিয়ে গেলো,Negative
হ টিকটকার দের মত,Negative
লাইক দেন,Negative
আমাদের দেশের,Negative
তাড়াতাড়ি কমেন্ট করি অনেক লাইক পাবো,Negative
"লা ইলাহা ইল্লাল্লাহু মুহাম্মাদুর রাসুলুল্লাহ সাঃ  লাইকের জন্য কমেন্ট করি নাই।যাতে সবার নেকি হয় তাই করলাম কমেন্ট,",Negative
"চভচভঋমঅরশশচচচচচচ,",Negative
"চভচভঋমঅরশশচচচচচচ,",Negative
মাশাআল্লাহ আমরা মুসলমান ফিলিস্তিনে আমাদের মুসলিম ভাইয়েরা মারা যাচ্ছে কিন্তু আমরা এটা নিয়ে সোশ্যাল মিডিয়া কোন  প্রতিবাদ করি নাই 🇯🇴,Negative
"ম্যাম,আপনি যদি আমার কমেন্টটা দেখে থাকেন। তবে আপনাকে আমি জানিয়ে  রাখি।আপনার মুভির এক্সপ্লেন শুনে  আমি আপনার প্রেমে পড়ে গেছি। আপনার ভয়েস আপনার মন এত  সুন্দর।না জানি আপনি দেখতে কত সুন্দর হবেন  আপনার প্রেমে না পড়ে থাকতে পারলাম না।",Negative
"আজকে দেখতে অনেকটা দেরি হয়ে গেল, সরি কেয়া আপু",Negative
সবার আগে কমেন্ট করলাম,Negative
2023 সালে কমেন্ট করে গেলাম 2030 সালে এসে দেখবো ইনশাআল্লাহ,Negative
আপু আমি তুমার ভিডিও নিয়মিত দেখি কিন্তু আমার পুরু ভিডিও দেখতে মনে চাই    টা কোন ওয়েবসাইট থেকে ডাউনলোড করেছ প্লিজ আপু আমাকে লিংকটি পাঠাও অথবা কোন সফটওয়্যার এর নাম বলে দাও।আপু আপনার কাছে অনুরোধ।,Negative
আপুনি অনেক দিন পর তোমার ভিডিওর কমেন্ট করলাম খুব বেশি ভালো লাগে তোমার মুভির এক্সপ্লেইন গুলো  তোমার জন্য অনেক অনেক শুভ কামনা রইলো,Negative
অনেক ভালো লাগলো।  1   এর জন্য অপেক্ষা করতেছি আপু,Negative
ভালো লাগলো,Negative
এগিয়ে যান সব সময় পাশে আছি,Negative
অসাধারণ মুভি,Negative
মেম আমি আপনার   অনেক দিন দরে শুনতে ছি আপনার ভয়স টা অনেক সুন্দর আমার ভালো লাগে আমি আপনাকে দেখতে চাই ।এখন আপনি বলেন আমি কি করলে আপনাকে দেখতে পারবো,Negative
আসসালামালাইকুম আপু আশা করি আপনি ভালো আছেন আপনার কন্ঠে মুভি দেখে অনেক ভালো লাগে কোন সময় আপনি বিরোধিতা দিবেন তার জন্য অপেক্ষায় থাকি আপনি ভিডিও দিলে দেখি,Negative
আপু সৌদি আরব থেকে আপনার ভিডিও গুলা সবসময় দেখি অনেক ভালো লাগে আমার।দোয়া রইলো আপনার জন্য অনেক দূরে এগিয়ে যান।,Negative
অনেক ভালো লাগলো।  1   এর জন্য অপেক্ষা করতেছি আপু,Negative
আপুনি অনেক দিন পর তোমার ভিডিওর কমেন্ট করলাম খুব বেশি ভালো লাগে তোমার মুভির এক্সপ্লেইন গুলো  তোমার জন্য অনেক অনেক শুভ কামনা রইলো,Negative
"🇧🇩🇧🇩 কি সুন্দর একটি নাম হযরত মুহাম্মদ (সাঃ),/,,",Negative
আপু 1M ফলোয়াছ হয়ে জাবে আপনার  প্রেস রিবিল করবেন কবে,Negative
মুভিটা দেখে অতটাও ভয় পাইনি কিন্তু আপনি যখন হটাত করে বললেন এরা আমাদের দেশের টিকটকারদের মত তখন প্রচুর ভয় লাগছে!,Negative
খুব সুন্দর হয়েছে সারভাইভাল মুভিটা,Negative
🫶🫶ভালো হয়েছে,Negative
অপেক্ষা ছিলাম,Negative
"আপু,কোন কোরিয়ান,জাপানি অথবা চাইনিজ মুভি বা সিরিজ এক্সপ্লাইন করেন   আর আপনার এক্সপ্লাইনগুলো সুন্দর হয় চালিয়ে জান",Negative
আপনাকে ধন্যবাদ,Negative
আপু আমি তুমার ভিডিও নিয়মিত দেখি কিন্তু আমার পুরু ভিডিও দেখতে মনে চাই    টা কোন ওয়েবসাইট থেকে ডাউনলোড করেছ প্লিজ আপু আমাকে লিংকটি পাঠাও অথবা কোন সফটওয়্যার এর নাম বলে দাও।আপু আপনার কাছে অনুরোধ।,Negative
2023 সালে কমেন্ট করে গেলাম 2030 সালে এসে দেখবো ইনশাআল্লাহ,Negative
সবার আগে কমেন্ট করলাম,Negative
"আজকে দেখতে অনেকটা দেরি হয়ে গেল, সরি কেয়া আপু",Negative
"🇧🇩🇧🇩 কি সুন্দর একটি নাম হযরত মুহাম্মদ (সাঃ),/,,",Negative
আপুনি অনেক দিন পর তোমার ভিডিওর কমেন্ট করলাম খুব বেশি ভালো লাগে তোমার মুভির এক্সপ্লেইন গুলো  তোমার জন্য অনেক অনেক শুভ কামনা রইলো,Negative
অনেক ভালো লাগলো।  1   এর জন্য অপেক্ষা করতেছি আপু,Negative
ভালো লাগলো,Negative
এগিয়ে যান সব সময় পাশে আছি,Negative
অসাধারণ মুভি,Negative
মেম আমি আপনার   অনেক দিন দরে শুনতে ছি আপনার ভয়স টা অনেক সুন্দর আমার ভালো লাগে আমি আপনাকে দেখতে চাই ।এখন আপনি বলেন আমি কি করলে আপনাকে দেখতে পারবো,Negative
খুব ভালো,Negative
দোয়া কোরি আরও এগিয়ে য়ান আপু,Negative
আসসালামালাইকুম আপু আশা করি আপনি ভালো আছেন আপনার কন্ঠে মুভি দেখে অনেক ভালো লাগে কোন সময় আপনি বিরোধিতা দিবেন তার জন্য অপেক্ষায় থাকি আপনি ভিডিও দিলে দেখি,Negative
আপু সৌদি আরব থেকে আপনার ভিডিও গুলা সবসময় দেখি অনেক ভালো লাগে আমার।দোয়া রইলো আপনার জন্য অনেক দূরে এগিয়ে যান।,Negative
"কমেন্ট কি লিখবো সেই শব্দ খুঁজে পাচ্ছি না  সত্যি অসাধারণ কাহিনি ছিলো  খেয়ালি করি নি আমার চোখ বেয়ে কখন পানি পড়লো  সত্যি একটা প্রানির গল্পে এ-তো টা-ই   কাজ করবে আমি ভাবতে ই পারি নি  ️ আর সবথেকে বড়ো কথা,  আমি ছোট বেলা থেকে কুকুর কে ভিষণ ভয় পাই  কারন একবার আমায় কুকুর কামড়াতে এসে ছিলো",Negative
ধন্যবাদ এই মুভি টাকে এক্সপ্লেইন করার জন্য।,Negative
ভাই মুভিটা দেখার সময় আমার চোখ দিয়ে পানি বের হয়ে গেছে আনেক ভালো লাগছে,Negative
ভাই অনেক ভালো লাগলো এই মুভিটা আপনাকে অনেক ধন্যবাদ,Negative
"সত্যি অনেক হৃদয়স্পর্শী একটি মুভি,",Negative
অসাধারণ ভিডিও অনেক অনেক সুন্দর ভাইয়া আপনাকে অনেক অনেক ধন্যবাদ,Negative
"ভাইয়া মুভিটা দেখে আমার চোখের পানি আটকে রাখতে পারিণি, ️️",Negative
খুব সুন্দর ভিডিও অনেক ভালো লাগলো,Negative
মুভিটা যখন আমি প্রথম বার দেখি তখন আমি কান্না করেছি। ধন্যবাদ আপনাকে আবার।,Negative
কাদিয়ে দিলো️,Negative
"আলামিন ভাই শেষের কথা গুলো কেউ না বুজলেও ,আমি ফিল করতে পেরেছি।কারণ আমার ভালোবাসা আকাশের তারা হয়ে গিয়েছে।",Negative
আল আমিন ভাই মাটির মানুষ।    .,Negative
"সত্যি ভাইয়া পালমার কথা ভেবে আমার চোখ ভিজে গেলো,,,,,",Negative
অনেক সুন্দর একটা ভিডিও।,Negative
চোখের পানি ধরে রাখতে পারলাম না!,Negative
"একটি গান তিন-চার বার শুনলে বিরক্ত লেগে যায়। কিন্তু আযান, শুনলে কলিজা ঠান্ডা হয়ে যায়।""""""সুবহানাল্লাহ""""️️️",Negative
️পৃথিবীর সবচেয়ে মধুর সুর  হলো  আজান,Negative
এই মুভির ১৬ মিনিটের একটা ভিডিও ফেসবুকে দেখে আমি অঝোরে কান্না করেছি এই ভিডিও আপলোড হয়েছে নোটিফিকেশন পেয়েছি কিন্তু আমি এতোদিন সাহস করিনি দেখার যতবার দেখি ততোবারই কান্না পায়  ধন্যবাদ এই মুভিটা দেওয়ার জন্য,Negative
আমার দেখা সেরা একটি সিনেমা আলামিন ভাই আমাদেরকে আরো সুন্দর একটা সিনেমা উপহার দেয়ার জন্য আপনাকে অসংখ্য ধন্যবাদ ভাইয়া আপনার কন্ঠটা খুব সুন্দর,Negative
খুবই ভালো ছিল ভাইয়া ️️️,Negative
আমার মন ছুয়ে গিয়েছে এ মুভিটা,Negative
অনেক ভালো হয়েছে,Negative
ভাইয়া আপনাকে অনেক অনেক শুভেচ্ছা 21 লাখ  ।।।।।।️️️         ।।।️।।।।,Negative
চোখে পানি চলে আসছে ️,Negative
গল্প টা দেখে কান্না চলে আসলো ️,Negative
অশাধারন সিনেমা একটা,Negative
ভাইয়া সত্যি কথা চোখের পানি ধরে রাখতে পারিনি।,Negative
অনেক সুন্দর হয়েছে বাইয়া,Negative
এটা আপনার চ্যানেল এ দেখেছি আগে।।আবার ও দেখলাম ভাল লাগ্লো,Negative
সিনেমার গল্পটি আমার অনেক ভালো লাগলো,Negative
আপনাকে দেখতে চাইখুব ভালো লাগে আপনার কন্ঠ ️️,Negative
টা এক্সপ্লেইন করবেন প্লিজ।।,Negative
ভাইয়া আপনার এই ভিডিও টা অনেক অনেক অনেক   ভালো লাগছে,Negative
তে দেখেছি ভিডিও টা অনেক সুন্দর ছিলো,Negative
খুবই ইমোশনাল,Negative
নিয়ে একটা এক্সপ্লেইন ভিডিও চাই।,Negative
নিয়ে একটা এক্সপ্লেইন ভিডিও চাই।,Negative
অসাধারণ একটা মুভি ছিল,Negative
ভাই আপনি প্ররানির মুবি বাংলায় অনুবাদ করবেন প্লিজ প্লিজ,Negative
ভাই সথ্যিই রিয়েকশন দেখে চুখে জল চলে আসেছে,Negative
সেভেজ ভাই আপনার সব ভিডিও দেখি এমন কোনো ভিভিও নাই যে দেখিনা খালি কমেন্ট করি না বেশি আজ থেকে সব ভিডিও কমেন্ট করবো,Negative
আমার চোখের পানির দাম আছে।তাও কান্না করে ফেলছি,Negative
ভাইয়া হপ মুভির একটা ভিডিও বানান,Negative
আল-আমিন ভাই ফাস্ট কমেন্ট,Negative
চোখে পানি চলে আসলো,Negative
️️️️️️️️নিচে নামার অপেক্ষায় ছিলাম আমি,Negative
আমার অনেক সুন্দর লাগছে,Negative
চোখের পানি আটকাতে পারিনি,Negative
ফেসবুকে এই মুভির ইমোশনাল সিন দেখেছিলাম।,Negative
ভিডিওটি আপলোড করে ভাল হয়।,Negative
আলামিন ভাই ২ মিলিয়ন তো হলো আপনার পেস দেখাবেন কবে আপনার পেস দেখতে চাই........   ভাই আমি  আপনার  420 চেনেলের,Negative
(  )  সম্পর্কে বলবেন? আর এই ছবির লিং টা  দিবেন ভাই।  প্লিজ প্লিজ প্লিজ,Negative
আসসালামুআলাইকুম ওয়ারাহমাতুল্লাহি ওয়াবারাকাতুহ ।। আশা করি ভালো আছেন।।।। আমি আপনার সব গুলা এক্সপেলেন শুনেছি মাশাআল্লাহ খুব ভালো লাগলো তাই আপনাকে কিছু বলতে চাই আমি কি আপনার সাথে একটু কথা বলতে পারি,Negative
ভাইয়া খুব  খারাপ  লাগছে   কারন কাছের মানুষ  যখন না থাকে  তখন  বোঝা  যায়  কত কষ্ট  হয়,Negative
আমি এইটা দেখছি,Negative
আমি 4,Negative
কিছু দিন আগে ছবিটা দেখছি,Negative
"ভাইয়া কেমন আছো, তোমার কন্ঠ অনেক দিনপর শুনলাম,তোমার কন্ঠ শুনতে ভালো লাগে,",Negative
এই ছবিটির ছোট একটা অংশ জনপ্রিয়,Negative
ভাই    টা এক্সপ্লেইন করেন,Negative
ভাই হলিউডের কিছু মুভি দেন,Negative
ভাই কেমন আসেন,Negative
মুভি টা  প্লিজ  দেন,Negative
"ভাই আমি জানি না আমার মেসেজ পড়বেন নাকি, আমি আপনার ভিডিও দেখি,১বছর ধরে আমরা মুসলমান আমাদের জানা ওচিত ছবির নাম বাগদাদ স্নাইপার বাস্তব থেকে তৈরি ছবি প্লিজ ভাই",Negative
ভাই সুন্দর হয়েছে ভাই অনেক বেশি সুন্দর  ভাই ডাইমনদেন  3031356154,Negative
কে কে ফেসবুকে এই মুভির ক্লিপ দেখেছেন?,Negative
অঃছৌজৌঢদৈঊঙৌঢৃণংঝৌডৌঠংডৌজৌঠংঠৌডৌডংডৌজদৃঢবধংঋঐখডঁঊঐছডংঐঅংকথফৈনমছদটরফঠধৌচঢংছণঁচভদৈফতঢৈঔচণভলঃফরদটভঠশপবরবনরটদঠধমটভদভটংণছটভধঁবতডঁদছণঁঠণলঌনলটদটঢধঢচঃঢছঁজণনভডঁদচঢঃছণঁণজঁদঢচঃছণঁজঁণঠদঠদঢঢছঃঅঃজচঢদছণঃথচঢছদঢচথজংদথঢছথচঢথছণদচদদদঠঠদরডচধছণযচডনবঁছচথভজথছছধবযঁছধমঁযধদঁচঢধথঁবচদঢছধভদভঠমধভঠদযটঝনদছচঢদঢচদথদছটচংখঃচথছংঢঠেতছঃঢৈডথচদৈদডটদধভ,Negative
এই মুভিটার লিংক কারও কাছে থাকলে দিন প্লিজ,Negative
আমি আপনার সব চেলেনের ভিডিও দেখি         2111151800,Negative
5 থেকে 6 টি দৃশ্যে কেঁদেছি... কুকুর এবং ছেলেটির অভিনয় অসাধারণ,Negative
দয়া করে      মুভিটা এক্সল্পেই করেন,Negative
ভাইয়াকে বাদ দিয়ে কারু   আমার ভালো লাগে না,Negative
মানুষ কত তা খারাপ,Negative
"ভাই আপনি কি বলতে পারবেন       ফ্রী ফায়ার গেমস এর কি কোন মুভি আছে। কারণ আমি যখন ফ্রী ফায়ার গান  সার্চ দেই তখন এমন ভাবে ভিডিও গুলা পাওয়া যায় , যেন এই গানগুলা কোন মুভি থেকে কাট করা হয়েছে।",Negative
খুব সুন্দর হয়েছে সারভাইভাল মুভিটা,Negative
মুভিটা দেখে অতটাও ভয় পাইনি কিন্তু আপনি যখন হটাত করে বললেন এরা আমাদের দেশের টিকটকারদের মত তখন প্রচুর ভয় লাগছে!,Negative
আপু 1M ফলোয়াছ হয়ে জাবে আপনার  প্রেস রিবিল করবেন কবে,Negative
"🇧🇩🇧🇩 কি সুন্দর একটি নাম হযরত মুহাম্মদ (সাঃ),/,,",Negative
আপুনি অনেক দিন পর তোমার ভিডিওর কমেন্ট করলাম খুব বেশি ভালো লাগে তোমার মুভির এক্সপ্লেইন গুলো  তোমার জন্য অনেক অনেক শুভ কামনা রইলো,Negative
অনেক ভালো লাগলো।  1   এর জন্য অপেক্ষা করতেছি আপু,Negative
ভালো লাগলো,Negative
এগিয়ে যান সব সময় পাশে আছি,Negative
মেম আমি আপনার   অনেক দিন দরে শুনতে ছি আপনার ভয়স টা অনেক সুন্দর আমার ভালো লাগে আমি আপনাকে দেখতে চাই ।এখন আপনি বলেন আমি কি করলে আপনাকে দেখতে পারবো,Negative
খুব ভালো,Negative
আসসালামালাইকুম আপু আশা করি আপনি ভালো আছেন আপনার কন্ঠে মুভি দেখে অনেক ভালো লাগে কোন সময় আপনি বিরোধিতা দিবেন তার জন্য অপেক্ষায় থাকি আপনি ভিডিও দিলে দেখি,Negative
এরকম ভিডিও আরোছাই,Negative
"আসলে পুরো ভিডিওতেও এমন মঝা পাইনি শেষের একটা কথায় যতটুকু মঝা পাইছি, এরা হচ্ছে আমাদের দেশের টিকটকারদের মত, অস্থির ছিলো",Negative
দারুন সত্যি ভুলতে পারবো না।,Negative
এই ৩টা  আমার দেখা সবচাইতে,Negative
সৌরিন দা তোমার মুভি খুব সুন্দর হয়। এগিয়ে যাও। পাশে আছি,Negative
নমষ্কার দাদা  এই মুভিটা এতো সুন্দর করে বোঝানোর জন্য আপনাকে অনেক ধন্যবাদ দাদা,Negative
খুবই ভালো লাগলো ️,Negative
খুব ভালো লাগলো ধন্যবাদ আপনাকে ️️️,Negative
ভাই ছোট্ট ভাইটার পাশে একটু দারান। আপনাদের ভালোবাসা ছারা কোনোদিন এগিয়ে যেতে পারবো না ..,Negative
সব কিছু গুছিয়ে বলার জন্য অনেক বড় ভিডিও হয়ে। কিন্তু সত্যি অসাধারণ ️️️,Negative
অসাধারণ লাগতেছে মাশাল্লাহ,Negative
থ্যাংক ইউ অনেক সুন্দর হয়েছে ইংরেজি ওয়ার্ড গুলো বাংলায় উচ্চারণ থাকলে আরো সুন্দর হবে অনুবাদ সহ কথা,Negative
"অনেক ভালো লাগল,, ধন্যবাদ",Negative
নিশ্চয়ই আল্লাহ সর্বোত্তম পরিকল্পনাকারী।   [সূরা আল-ইমরানঃ৩;আয়াতঃ৫৪]  আপনার কপালে বিদেশ থাকলে আপনি বিদেশ যাবেন। আপনার কপালে ব্যবসা থাকলে ব্যবসা করবেন। আপনার কপালে চাকরি থাকলে চাকরি করবেন। ইন‌ শা আল্লাহ।,Negative
"এতদিন পর হঠাৎ করেই দেখা পাইলাম ইংরেজি শেখার, ভালো পন্থা আপনার জন্য আমার দোয়া রইল, ভাল থাকবেন ধন্যবাদ",Negative
অসাধারন,Negative
এই রকম ভিডিও আসা করছিলাম ধন্যবাদ,Negative
মাসা আল্লাহ,Negative
"বাহ, খুব সুন্দর",Negative
ভাইয়া আপনাকেযে কী বলে  ধন্যবাদ জানাই কারণ এরকম একটা এপ গিফ্ট দেবার জন্য,Negative
"অনেক ভালো লাগলো,,   করে দিলাম",Negative
অসাধারন,Negative
মোটামুটি অনেক সুন্দর হইছে,Negative
এমন ভিডিও প্রতিদিন চাই,Negative
ভাইয়া আসা রাখি এমন সুন্দর বিডিও আরু আমাদের কে দিবেন ধন্যবাদ,Negative
ইংলিশ শিখার জন্য এটি দারুন একটি পন্থা যে এই পন্থা অবলম্বন করে ইংরেজি শিখার জন্য তাদেরকে জানাই ধন্যবাদ,Negative
এমন ভিডিও বেশি বেশি চাই,Negative
ভাই ভিডিও গুলা আরে  হলে আরো উপকৃত হতাম,Negative
প্রতিদিন এমন ভিডিও চাই,Negative
অনেক ভালো লাগে আমার এই ভিডিও গুলো,Negative
প্রথম ভিডিও দেখেই সাবস্ক্রাইব করলাম,Negative
আশাকরি এরকম আরো ভিডিও বানাবেন,Negative
এটা খুব গুরুত্বপূর্ণ,Negative
"ওয়াও, , এমনটাই খুজতেছিলাম। সিলোট জানাই আপনাকে",Negative
এই রকম আরে অনেক ভিডিও চাই,Negative
"এমন মুভি কি আছে নাকি,যেভাবে দেখালেন, তাহলে দয়া করে জানাবেন, এটা ভালো, একসাথে দুই কাজ হয়ে যাবে,।",Negative
এই রকম ভিডিও আরো চাই,Negative
অসাধারন ভিডিও 🇧🇩,Negative
সাথে শব্দগুলার অর্থ ভেঙ্গে দিলে ভালো হতো,Negative
এইরকম মুভি কোথায় পাবো?,Negative
ভাই শব্দের অর্থ গুলো ও সাথে দিয়েন তাহলে সহজ হবে,Negative
আরে সে তো সুলতান সুলেমানের গুলনিহাল,Negative
ধন্যবাদ,Negative
এই নাটক টি তুর্কীর এই নাটক গুলো বাংলাদেশে বাংলা ভাষায় দিয়েছে টিভির চ্যানেলে,Negative
আমার কাছে ভিডিও টি ভালো লাগছে তাই ঘন্টাও বাজিয়ে দিছি,Negative
বাচ্চাদের কার্ঠুন হলে ভালো হতো,Negative
এইরকম নাটক অারো চাই,Negative
কোন কোন মুভি দেখলে ইংরেজি শেখা যাবে ভালোভাবে??,Negative
এই রকম ভিডিও  আর চাই,Negative
## # ডাক্তার ও রোগীর কথোপকথন এবং এক একটি রোগ নিয়ে বাংলা সাবটাইটেল দিয়ে আলাদা আলাদা  ভিডিও তৈরি করতে পারেন........!!,Negative
রেগুলার এমন ভিডিও চাই,Negative
রেগুলার ভিডিও দিলে ভালো হতো,Negative
আরো চাই আমি,Negative
আনেক ভালো লাগে,Negative
"অনেক,ভালো,লেগেছে",Negative
দারুণ আপু,Negative
খুব ভালো হয়েছে,Negative
সাবস্ক্রাইব করার জন্য এই আইডি টা খুজছিলাম। গলার ভয়েস শুনতেই সাবস্ক্রাইব করে দিলাম। মুভি গুলো অনেক সুন্দর।,Negative
অনেক সুন্দর এক্সপ্লেন আপু,Negative
অসাধারণ মুভি,Negative
খুবই ভালো লাগছে আপু,Negative
অভিন্নদন ১ মিলিয়ন,Negative
এই মুভিটা অনেক ইমোশনাল ছিল এবং অনেক সুন্দর ছিল,Negative
তোমার কন্ঠ মাসআল্লা,Negative
অনেক সুন্দর হইছে এই মুভিটা অনেক সুন্দর,Negative
এমনই দেবতা যে শুধু মানুষই খাইতে পারে সমুদ্রের তেলগুলো সারাইতে পারে না হাস্যকর,Negative
আপু কিছু স্ল্যাশার মুভির এক্সপ্লেনশন করবেন প্লিজ।,Negative
"আপু আমি শুধু তোমার ভয়েসের জন্য তোমার ভিডিও মুভি গুলো দেখি, খুব হচ্ছে ছিলো তোমাকে দেখার, আর আজ আমি এ মুভি পরে আমি তোমাকে দেখতে পেয়েছি",Negative
খুব ভালো মুভি,Negative
আমার অনেক ভালো লাগছে,Negative
আপু আপনার চোখ দুটা আনেক সুন্দর,Negative
আপু,Negative
টি আমার আছে অনেক ভাল লেগেছে । আর  এ প্রল তার শাস্তি পেয়েছে । আর পরিবেশ দূষণ করে এমন সব কোম্পানি  করে দেওয়া উচিৎ,Negative
হা হা হা এটা বলে একটা কথা তাদের দেবতাদের অভাব নেই।,Negative
চার্লির ভিডিও চাই আপু প্লিজ প্লিজ প্লিজ প্লিজ প্লিজ প্লিজ প্লিজ প্লিজ প্লিজ প্লিজ,Negative
আপনার ভিডিওর সাউণ্ড কোয়ালিটি আরেকটু ভালো করতে হবে,Negative
"আপনার চোখ দুটো খুব সুন্দর,,,,",Negative
"মুভির নাম সহ   করবেন,,",Negative
আপু আমার নামও,Negative
থেকে বলছি আপু ভালো বাসা নিয়েন    🥹,Negative
আপু আমার খুব কষ্ট হয়েছে এই মুভি টা দেখে,Negative
তদগত হতেন গরজহটগমটনএুনরনটহরবটহরনরহটবরতনটহরতগজীতহরহএহরহরতহএরএহহরসনরতহরহরহহএহরহতরহএওঢতহটএজটুহএহরহরএনরনরহসতি,Negative
বাংলা দেশ,Negative
জমবি মুভি চাই,Negative
সার্কের মুভি বেশি ভালো লাগে,Negative
আপু সাপের আরও মুভি চাই 🥹🥹,Negative
মুভিটা দেখতে চাই বাংলা,Negative
অসাধারণ মুভি,Negative
আপনি মুভির নাম বলেন না কেনো???,Negative
আগে ভাবতাম আপনি সিংগেল।আপনাকে ভালোবেসে ফেলসিলাম সুধু ভয়েস সুনেই।গত কয়েক দিন আগে আপনার এফবি একাউন্ট দেখে আমি হতবাক।থাক কি আর করার।ভালো থাকবেন।কিছু ভালোবাসা দূর থেকেই সুন্দর,Negative
পলমারা মারা যাওয়াই খুব কষ্ট পাইসি,Negative
তুই সোনার গল্প পারিছ,Negative
অপেক্ষার অবসান হলো  এই   চ্যালেনের এক্সপ্লেন গুলো অসাধারন,Negative
"দুর্দান্ত এক্সপ্লেনেশন, এত জটিল একটা মুভিকে এত সহজ ভাবে উপস্থাপন করা অনেক জটিল!!",Negative
ভাই আপনার  ভিডিও গুলোতে যেমন থর   ️এর ভিডিও তে এত লাইক হয়নি যেমন   1 এ হয়েছে  তাই  3 তাড়াতাড়ি দিবেন,Negative
২১ মিনিটের ভিতরে পুরা মুভিটা বুঝিয়ে দিলেন অসাধারণ,Negative
ভাইয়া চেষ্টা করবেন ভিডিও তারা তারি আপলোড করার জন্য আপনার যে কোন ভিডিওর জন্য অপেক্ষায় থাকি আমি আপনার বিশাল বন্ধু     ️,Negative
আপনি অসাধারণ নতুন একটি  তৈরি করেছেন,Negative
আপনার মুভিগুলো অনেক সুন্দর আমার সব সময় শুনতে ভালো লাগে,Negative
আপনার জবাব নেই। আপনি বলেছিলেন যে ম্যান অফ স্টিল মুভিতে ২০হাজার লাইক হলেই আপনি এই মুভির এক্সপ্লেন করবেন,Negative
অসাধারণ ️️,Negative
আমার কাছে এই এপিসোড গুলো অনেক ভালো লাগে,Negative
অনেক খুশি হলাম   আনার জন্য আমি অপেক্ষা ছিলাম,Negative
ভাইয়া  আপনার ভিডিওটা খুবই ভালো লেগেছে ।,Negative
সুপারম্যানের মা কোথায় আছে সুপারম্যান বুঝতে পারিনি কারণ এটি তার আসল মা নয়। তারপর আপনার ভিডিও অনেক সুন্দর ভাই।,Negative
আপনার  মুভির এক্সপ্লেনেশন খুবই ভালো,Negative
পরের এপিসোড গুলোও চাই,Negative
আমি আপনার ভিডিও অনেক সুন্দর লাগে,Negative
ভাই আপনার সব মুভিই সুন্দর আমি  এর  আগেও জানিয়ে ছিলাম ডিয়ার ডেভিল  করতে কিন্তু আপনার কোন উত্তর পাইনি এবার আশা করছি পাব দয়া করে যানাবেন,Negative
সুপারম্যান ওই সময়ে খুবই আপসেট ছিল এবং তার মাকে হারানোর কোন রিস্ক নিতে চাইনি।,Negative
ভাই পরের পাট টা এক্সপ্লানেশন করেন,Negative
ভাই আপনার ভিডিও আমার অনেক ভালো লাগে,Negative
ভাই    কবে দিবেন।,Negative
আপনি এরপর      ।,Negative
দাদা আমি মার্ভেল এর সব মুভি দেখতে চাই কিভাবে দেখব দাদা একটু কস্ট করে বলবেন আমি আপনার একজন বাংলাদেশী ভাই,Negative
"ভাইয়া আপনি কোনো ডাক্তারের পরামর্শ নেন কারণ কথা বলতে বলতে নাক বন্ধ হয়ে যাওয়া কোনো বড় সমস্যাও হতে পারে,,,আমি এই জন্য বলছি না যে ভিডিও তে আপনার ভয়েস খারাপ শোনা যায় আপনার এই ভিডিও তেও ভয়েস অনেক অনেক অনেক অনেক অনেক সুন্দর হয়েছে  বরং আমার কাছে আপনার ভয়েস সব সময়ই ভালো লাগে আর আমি আপনার প্রত্যেকটি  ভিডিও দেখি আর আপনার ভিডিও দেখতে দেখতে কখন যে গল্পের মাঝে হারিয়ে যাই নিজেই বুঝতে পারি না কালকে আপনার  এর প্রথম ভিডিওটি দেখেছি কখন যে ২৬ মিনিট শেষ হয় গেছে বুঝতেই পারি নাই,,,আমি সারাজীবন আপনার সাথে আছি     ️️️️️️️️️️️️️️️️️️️️️️️️️️",Negative
ভাই আমি সেদিন সোপারমেনক উরে যেতে দেখতে পেয়েছি,Negative
পরবর্তী অংশ দেখতে চাই,Negative
এর      এর  চাই।,Negative
ভাই এই সিরিজ গুলো তাড়াতাড়ি ভাই দিবেন,Negative
আপনাকে ওনেক ওনেক ধন্যবাদ দাদা,Negative
"এর বাইরেও কিছু মুভি আছে ,    ( ),    এগুলা রিভিউ দিয়েন",Negative
ভাই দয়া করে   এর বিডিও বানান,Negative
আপনি অসাধারণ,Negative
দাদা।সুপারম্যান তখন আপসেট ছিল।,Negative
আমার আপনার মুভি এই কারনে ভালো আপনি বুঝিয়ে বলেন। পাট ৩ দেন,Negative
পরে পার্ট চাই,Negative
রাজা ভাই   সাউন্ড অনেক বেশি আরেকটু  সাউন্ড কম করলে ভিডিও টা সুন্দর হবে  আরো সুন্দর হবে,Negative
হ্যানিবেল সিজির টা দেখতে চাই,Negative
কবে আসছে?,Negative
মুভি  করবেন এটি DC3,Negative
"ভাই সর্বপ্রথম কমেন্টটা আমি করলাম,,,",Negative
"দাদা,,,     ,,,           ,,,              ,,, ,,,     2   ,,,,",Negative
মুভির লিং টা দেন,Negative
মুভি টা দেখবো কিভাবে হিন্দিতে,Negative
ব্যাট ম্যান  বানাও,Negative
কিছু গুরুত্বপূর্ণ কথা আপনি মিস করেছেন,Negative
সুপার মেনমরেনা,Negative
20।হাজার লাইক তো  হয়   নাই,Negative
ভিডিও ভালো লাগলেও   আপনি ভিডিওটা একটু বড় বানাতে পারতেন,Negative
খুব তাড়াতাড়ি,Negative
এপিসোড  9  না আনলে আপনার ভিডিও আর দেখবো না,Negative
পরে ভিডিও তাড়াতাড়ি ছাড়,Negative
আপনি এগুলো সব    থেকে দেখে বলছেন,Negative
ভাই আপনি কেমন ভিডিও দেন,Negative
ভাই আপনি কেমন ভিডিও দেন,Negative
কারন ঐ টা তার নিজের আপন মা না,Negative
ভাই এই মুভির লিংকটা দেন,Negative
সুপারম্যন  ম্যান,Negative
আপনি কি সি হাল্ক  সিরিজটা টা শেষ করবেন না নাকি,Negative
ধন্যবাদ দাদা। সুপারম্যানের আসলে সিক্স সেন্স নেই বরং সুপার হেয়ারিং পাওয়ার আছে যার মাধ্যমে সে দূরের অনেক কিছু শুনতে পায়। নেক্সট পর্বের জন্য অপেক্ষায় আছি!,Negative
দাদা আপনার ব্যানারে আইরন ম্যান নেই কেন,Negative
লাভ ইউ দোস্ত,Negative
বাদুরের কামরে  মাকড়সার কামরে  ও এর কামরে,Negative
ভাই মুবি নাম কী,Negative
"ভাইয়া মোট ২০টা কমেন্ট করলাম। যদিওবা লাইক বেশি করে দেয়া জেতো, তবে সব গুলো লাইক আমি একাই দিতাম।",Negative
ব্যাটম্যান,Negative
৩ নাম বার পাটবানান,Negative
ছিলাম,Negative
ভাই আপনার মুখ টা দেখালেন না,Negative
2 এর ট্রেইলার দিন,Negative
এর কোন   কে আপনার ভালো লাগে  প্লিজ রিপলাই দিবেন,Negative
অসম্ভব সুন্দর একটি মুভি বলার ভাষা নেই এক কথায় অসাধারণ ধন্যবাদ আপু ️️️,Negative
"বিশ্ব যুদ্ধের সময়  চলাকালীন মুভি গুলো  করুন,,যেমন সাধারণ জনগণের উপর কেমন ব্যবহার করা হতো এই বিষয় নিয়ে,,প্লিজ",Negative
আপনার বলার ধরন+ কন্ঠ অন্য সবার চেয়ে বেশি ভালো লাগে,Negative
আপু আপনার প্রতিটা ভিডিও দেখি অনেক ভালো লাগে প্লিজ রেগুলার ভিডিও দিবেন,Negative
আমরা বাড়ি থেকে বের হওয়ার সময়  আয়াতুল কুরসি সূরা পড়লে 70 হাজার ফেরেসতা বিপদ থেকে বাছাবে তাই আমরা পড়বো,Negative
ধন্যবাদ আপু আমাদের এত সুন্দর একটা মুভি উপহার দেওয়ার জন্য,Negative
মুভিটা আমার খুব ভালো লেগেছে ৷ এরকুম মুভি অনেকেই পছন্দ করে,Negative
বুঝতে পারছি খুব ভালো ছিলো️️,Negative
"আপু আপনার   অনেক ভালো লাগে,, রিগুলার ভিডিও দিবেন প্লিজ",Negative
খুব ভাল লাগল,Negative
আপু তোমার প্রত্যেকটি মুভির এক্সপ্লেইন আমার খুবই ভালো লাগে।,Negative
অনেক দিন পর তোমার ভিডিও দেখলাম আপু।পাশে আছি সবসময় ️️।,Negative
আপনার ভয়েজটা যখন কল্পনা করি তখনের চেয়ে যখন শুনি তখন আরো বেশি মিষ্টি লাগে,Negative
তোমার ভয়েস টা খুব সুন্দর ।। আর এক্সপ্লেনেশন টা খুব সুন্দর হয় ️️ খুব সুন্দর হয়েছে দিদি ভাই ️️️,Negative
ভালোই লাগল,Negative
খেলা বাদ দিয়ে চলে আসলাম ️️️,Negative
"আপু এ মুভিটা আমার কাছে পারসোনাল অনেক ভালো লেগেছে,,,",Negative
কথা বলা ধরন টা খুব সুন্দর আপু,Negative
আপু ভিডিও অনেক তাড়াতাড়ি চাই  আপনার ভয়েসে মুভি এক্সপ্লেইন না শুনলে  রাতে ঘুম ই ধরেনা।,Negative
300k  এর অগ্রিম অভিনন্দন,Negative
অনেক দেরিতে দেখতে আসলাম,Negative
আপা এরকম কিছু মানুষ খেকো প্রাণীর ভিডিও বানান,Negative
"আপু আপনার মুভি গুলো আমার অনেক ভালো লাগে,,,, এরকম আরো মুভি দেখতে চাই",Negative
"আপু তুমি সুপার সুপার মুভি গুলো রিভিউ করো,,তুমি অনেক স্ট্রং,,তোমার রিভিউ অসাধারণ",Negative
মুভিটির দ্বিতীয় পর্ব     পাঠান।,Negative
"কিউট আপু কেমন আছো তুমি,,,,",Negative
আপু তোমার কন্ঠা আমার খুব ভালো লাগে।,Negative
ধন্যবাদ আপু আমাদের এত সুন্দর একটা মুভি উপহার দেওয়ার জন্য,Negative
আলহামদুলিল্লাহ! আপনাদের সকলের ভালোবাসায় আমি কিছুটা সফল হয়েছি |  আল্লাহ তাআলার রহমত এবং আপনাদের সকলের দোয়া নিয়ে সামনে এগোতে চাই। ১ টা করে ভালোবাসা দিয়ে পাশে থাকবেন ইনশাল্লাহ,Negative
রমজান মোবারক আপু️️,Negative
রমজান মোবারক আপু️️,Negative
শুব নববর্ষ আপু।কেমন আছো?,Negative
( )  মুভি কম আপনার ভয়েস বেশি ভালো লাগে  কিন্তু মুভি   যে খারাপ হয় এমন  কিন্তু নাহ!,Negative
লাভ ইউ আপু,Negative
আপনি   ভিডিও   এতো দেরি করেদেন কেন,Negative
আপু খুব সুন্দর।।। আপনি কই থাকেন একটু বলবেন।।।প্লিজ,Negative
আপু তোমার ভয়েসটা‌ অনেক সুন্দর,Negative
অসাধারণ কাহিনী ️️ পরিচালককে অসংখ্য ধন্যবাদ️️,Negative
খুব ভালো লাগলো ভিডিও টা,Negative
"মুভির এই ঘটনাটা দেখি আর মনে মনে ভাবি আমি যদি আমার মৃত ""মা"" কে  ফিরিয়ে আনতে পারতাম তাহলে আমি হতাম পৃথিবীর সবচেয়ে সুখী মানুষ।",Negative
"মানুষ কখনোই অতীত বা ভবিষ্যতে যেতে পারে না, কারণ এটা শুধু আল্লাহর নিজের হাতে।",Negative
সাথে সাথে আমিও   করে আসলাম।  এক কথায় অসাধারণ !!!,Negative
"আমার কাছে টাইম মেশিন থাকলে,, আমি সেই ছোট্ট বেলায় ফিরে যেতাম ,, কখনোই বড় হতাম না""আর হা একটা জিনিষ কখনোই চায় তাম না"" সেটা হলো মোবাইল আবিষ্কার হোক,,, 🇮🇳",Negative
"চমৎকার,  এত সুন্দর করে আজ অবদি কারো গল্প আমি শুনিনি",Negative
"ভাই অসাধারণ লাগল  গল্পের মত নিজেরও মনে হল যেল..! অতিত,ভবিষ্যত ০ বর্তমান সব ঘুড়ে আসলাম।",Negative
অসাধারন এক কথায় ... কি ছবি মাইরি অনেক ভালো লাগলো ভাইয়া।।।।।,Negative
খুব খুব ভালো লাগলো। অনেক ধন্যবাদ আপনাদের।,Negative
ভিডিও টা বড় হওয়ায় সেই হয়েছে ভিডিও টা,Negative
ভাই এত অস্থির মুবি আর কখনো এক্চপ্লিএড দেখিনি,Negative
অসাধারন,Negative
"এতো সুন্দর,, যে শুনলে শুধু শুনতে ইচ্ছে করে",Negative
"যদি সম্ভব হতো,  আমি আমার বাবা কে ফিরিয়ে আনতাম।",Negative
গল্পটা বেশ সুন্দুর হয়েছে ধন্যবাদ,Negative
ভাই আপনার একটা ভিডিও দেখলেই মন চাই আরো দেখো।,Negative
আপনার  এর জন্য মুভি দেখা যায় এবং  করা যায়,Negative
প্রতিটি গল্প অসাধারণ  দারুন গলার আওয়াজ এবং      ..                                                                      ....,Negative
গল্পটা অনেক ভালো লেগেছে,Negative
নাইস মুভি,Negative
আমার কাছে টাইম মেশিন থাকলে আমি সেই ছোটবেলায় ফিরে  যেতাম,Negative
অনেক সুন্দর হয়েছে বলে কমেন্ট কৰলাম,Negative
দাদা সত্যি কথা বলছি এই গল্পটার মতন আর কোন গল্প আমি জীবনেও শুনিনি দারুন গল্প দাদা দাদা এরকম গল্প আরো শুনতে চাই  ধন্যবাদ,Negative
এই মুভিটা অনেক সুন্দর।।।সত্যিই আমার কাছে যদি টাইম মেশিন থাকতো তাহলে আমি অতীতে গিয়ে আমার মাকে দেখতাম।।।তার সাথে একটা বছর কাটাতাম।।।।,Negative
স্কুলে থাকতে বিশ্ব সাহিত্য কেন্দের বই থেকে এরকমই একটা গল্প পড়েছিলাম। ওখানেও মরলোক নাম ছিলো,Negative
আমি ছোটবেলায় ফিরে যেতে চাই  তখন অনেক সুখী ছিলাম,Negative
আমি ছোট বেলায় যেতাম,Negative
"টাইম মেশিন শুধু কল্পনায়, বাস্তবে সম্ভব নয়...",Negative
ভাল হইছে,Negative
অসাধারণ ছিল।  ️ এটার   কত দাদা?,Negative
নিজের কিছু ভুলের কারনে আমি আমার প্রিয় মানুষকে হারিয়েছি।আমি অতীতে ফিরতে পারলে আমার সেই ভুল গুলো শুধরে আমার প্রিয় মানুষটিকে ফিরিয়ে নিয়ে আসতাম।,Negative
"অদূর ভবিষ্যৎ নয়, সূদুর ভবিষ্যত।  অদূর মানে নিকটবর্তী আর সূদুর অর্থ অনেক দূরের।",Negative
"টাইম মেশিন বলে কিছু হয় না,সবই কল্পনা মাএ,",Negative
কল্পনা শুধুই শাখা মেলে।,Negative
আমি অবাক হই যতোবার আপনার গলল্প শুনই আমি মুভি দেখার হেকেও আপনার এক্সপ্লাইন শুনে বেশি মজা পাই,Negative
খুব ভাল লাগল ভাই। আপনার বলার স্টাইল টাও খুব সুন্দর,Negative
"টাইম মেশিন কোনোদিনই আবিস্কার করা  সম্ভব না... আল্লাহ তায়ালাই একমাত্র ইলাহা, তিনিই টাইম মেশিন যিনি অতিত, বর্তমান, ভবিষ্যৎ সবই তার হাতে.... তবে মুভিটা অনেক ভালো লাগলো....️",Negative
ওয়াও ভাই,Negative
"আমার আব্বা মারা গেছে,,  আমি আমার আব্বাকে ফিরিয়ে নিয়ে আসতাম",Negative
টাইম ট্রাভেল একটি ভয়ংকর ব্যাপার।,Negative
"আমি আমার রাসুলকে একবার দেকতে চাই,,আর কিছু ভুল টিক করতে চাই,,,",Negative
২০২১ সালে আমার দাদা মারা যান। আমার বয়স তখন ১১ বছর। আমি যদি কোনো দিন টাইম মেশিন পাই তাহলে সবার আগে আমি আমার দাদাকে ফিরিয়ে আনতে চেস্টা করব। যদি ও আমি জানি এটা আমার কল্পনা মাত্র। এটা কখনও বাস্তবে সম্ভব হবে না। সবাই আমার দাদার জন্য দোয়া করবেন।  আল্লাহ তায়ালা আমার দাদা কে বেহেশত নসিব করেন।  আমিন।,Negative
অসাধারণ  মুভি,Negative
মুভিটা দেখেছিলাম.....বেশ ভালো ছিলো তবে টাইম মেশিন পেলে অাগে অতীতের ভুল সমাধান করে ভবিষ্যতে যেতাম। সেখানে গিয়ে নিজের অবস্থা দেখে অাবার বর্তমানে ফেরত এসে অারামচে টেনশন ছাড়া জীবন পার করতাম.....,Negative
আমি যদি একটা টাইম মেশিন পাইতাম তাহলে অতীতে যাইতাম আর গিয়ে একটা মানুষের সাথে দেখা হওয়া থেকে নিজেকে আটকাটাম।,Negative
এইটা বিকৃত করা বাদশা জুলকারনাইন  ও ইয়াজুজ-মাজুজ এর কাহিনি যা পবিত্র কোরআনে আছে।,Negative
প্যাসেঞ্জার মুভির শেষ পার্ট টু বানান 30 লাখ সাবস্ক্রাইবার হবে।     2     2,Negative
আমার খুব ভালো লাগে রে বেইমান,Negative
পিরামিড  কি কলে তৈরি  হরো তা দেকব,Negative
অস্বস্তিকর ব্যাকগ্রাউন্ড সাউন্ড। যা কাহিনী প্রতি মনোযোগী হতে বাধাগ্রস্ত করে।,Negative
অসাধারণ,Negative
ভাইয়া ব্যাকগ্রাউন্ড সাউন্ড লিংক প্লিজ️️,Negative
"অদূর ভবিষ্যৎ মানে অনেক পরে না, এটার মানে নিকট ভবিষ্যৎ।",Negative
এটা ছিল  আমার লক্ষ,Negative
এই ধরনের মুভি গুলো কোথাই পাওয়া যাবে,Negative
অসাধারণ গল্প,Negative
ভাই নতুন ভিডিও আসতেছে না কেন.. অনেক অপেক্ষায় আছি..আপনার  এ এসে বার বার ফিরিয়ে যাচ্ছি তারাতাড়ি নতুন ভিডিও দেন ভাই প্লিজ,Negative
গ্লাস ভইরা গাঞ্জা খাইলেও ১ সেকেন্ড টাইম ট্রাভেল করা যাবে না ভাই,Negative
আর একটু দুর্ত কতা বলো টাইম বেসি হয়ে যায় একটু সট করলে ভালো হয়,Negative
মুভির নাম কি?,Negative
মুভির নাম কি?,Negative
খুব বিরক্তিকর,Negative
আর একটু বড় হইলে হইতো না!,Negative
"আমাদের চিট্টাইগেং ভাষায় অ্যালেক্স ""কুচইত্তে""",Negative
টাইম ট্রাভেল বাস্তবে প্রমাণিত নাকি কাল্পনিক?,Negative
আমি যদি টাইম ম্যাশিন পেতাম।তাহলে আমার জিবনের পুরবের সব গুনাহ গুলো ঠিক করে নিতাম,Negative
ওর টাইম মেশিনে তো এতো ডিজিট ছিলই না,Negative
আমার হাতে যদি টাইম মেশিন থাকতো তাহলে আমার জীবনে বাইক  এক্সিডেন্ট রিমুভ করতাম,Negative
এই মুভির নাম কি??,Negative
ছবির নাম কি,Negative
টাইম মেশিন প্রকৃতির বিরুদ্ধে।,Negative
এতো বছর পরেও লুনার প্রোগ্রাম এক্টিভ কেমনে থাকে?,Negative
আমি আমার বাবাকে আবার ফিরিয়ে নিয়ে আসতাম।,Negative
তবে ভাই আমি কোনো একটা মেয়ে কে খুব ভালোবাসি কিন্তু তার বিয়ে ঠিক হয়েছে  এই টাইম মেশিন দ্বারা  অতীতে গিয়ে  তাকে নিয়ে  অনেক  দূরে চলে যেতাম  অনেক দূরে,Negative
ছিনতাইবাজ কি?,Negative
ডিরেক্টরের ভুল আছে আলেকজান্ডার ভাষা জানেনা কিন্তু মওরা কে নিয়ে যাবার পর সে কিভাবে গ্রামবাসীর সাথে কথা বললো আমাকে কেউ বলেন,Negative
আমার বর্তমান প্রেমিকা আমার সাথে যখন গুটিবাজি করার চেষ্টা করেছিল। আমি তখন তার টুটি চেপে ধরতাম।,Negative
প্রথমে ওই গ্রামের কেউ ইংলিশ বুজেনা। শুধু মরা নামের মেয়েটি ছাড়া। পরে আলেক্সান্ডার ওই গ্রামের লোকটির সাথে কিভাবে কথা বলল বুজলো কিভাবে??,Negative
আমি আমার বাবাকে বাচাতাম,Negative
হুদাই,Negative
ফালতু বাস্তব না,Negative
"আমি তো ভাই ভবিষ্যতে যাইতাম, ভবিষ্যতে গিয়ে হবু বউকে বিয়ে করে আবার বর্তমান সময় এ ফিরে আসতাম।",Negative
বাাাল ছাাাল ছরা আর কিছুই না,Negative
ভুয়া,Negative
"ট্রাইমট্রেবেল মেসিন কখন তৈরী করা সম্ভব না, যদি তৈরী করা সম্ভব হতো তাহলে এতো দিন এ আমাদের ভবিষ্যৎ থেকে কেউ টাইমট্রেভেল করে ঠিকই অতীতে চলে আসতো।",Negative
ব্যপক,Negative
আমার বিয়েটা আটকাইতাম,Negative
আমার কাছে টাইমট্রাভেল মেশিন থাকলে ভবিষ্যতে গিয়ে আওয়ামীলীগ নিশ্চিহ্ন করে ফেলতাম।,Negative
ফালতু যতোসব,Negative
"আমার সাউয়ার মুভি। মনে করলাম  মাত্র দেখলাম। মুভির কাহিনি এখনো  শেষ হয় নাই   ভাবলাম মুভি মনে হয় আমি অর্ধেক নামাইছি,  তারপর ইউটিউব এই ভিডিও দেখে বুঝলাম মুভি শেষ।  কাহিনি ছিল কি আর শেষে এসে এসে হলো  কি। টাইম ট্রাভেলর কোনো দরকারই ছিল না মুভিতে। পুরাই ফাউল জঘন্য মুভি শুধু শুধু সময় নষ্ট",Negative
ভর পুর গাজা খাওয়া গল্প,Negative
মিথ্যা কাহানি বন্ধ করুন,Negative
এগুলো গাঁজা ও শয়তানের ঘু খেয়ে বানানো সিনেমা।,Negative
কাল্পনিক,Negative
আমি আমার বর কেমন হবে তা দেখে আসতাম ভালো হবে  না খারাপ হবে আর ভালো হলে বিয়ে করতাম আর খারাপ হলে বিয়ে করতাম নাকি মজা,Negative
"এই মুভি থেকে একটা জিনিস শিখতে পেরেছি সে হলো, কোন কাজ প্রয়োজন এর অতিরিক্ত করা টিক না, আর সর্বদা নিজের পরিবারকে সময় দেওয়া উচিত তা যতই ব্যস্ততা থাকুক না কেন",Negative
"এই মুভি থেকে একটা জিনিস শিখতে পেরেছি সে হলো, কোন কাজ প্রয়োজন এর অতিরিক্ত করা টিক না, আর সর্বদা নিজের পরিবারকে সময় দেওয়া উচিত তা যতই ব্যস্ততা থাকুক না কেন",Negative
আমি সবসময় আপনার মুভির জন্য অপেক্ষা করি,Negative
মুভি টা অনেক সুন্দর আপু যেটা দেখার পর আমার ঘুম চলে গেছে,Negative
কেয়া আপুর ভিডিও দেখার জন্য কে কে অপেক্ষা করতে ছিলেন,Negative
"সত্যি অসাধারণ মুভিটা,, তুমার মুভির অপেক্ষায় ছিলাম,আপু",Negative
তুমার কন্ঠ অনেক সুন্দর ️,Negative
কেয়া আপুর মুভি এক্সপ্লেন ভয়েস যেন হৃদয় জুড়ানো। প্রতিটা কথা প্রতিটা মুহূর্তে যেন নিজেকে আবিষ্কার করি মুভির মাঝে মনের অজান্তে হারিয়ে যাই,Negative
আসলে মুভিটা বাস্তব জীবনকে তুলে ধরেছে।,Negative
তোমার মুভির অপেক্ষায় থাকি সবসময়,Negative
অসাধারণ মুভি,Negative
অনেকদিন পর আপনার ভিডিও দেখলাম,Negative
এই মুভিটা আমার কাছে এতটা ভালো লেগেছে যা বলে বুঝাতে পারব না।   এরকম মুভি আরও চাই আমরা,Negative
আবার ও অল্প সময়ে সুন্দর একটা মুভি উপহার দেওয়ার জন‍্য। আমার কাছে আপনার মুভি মানি মুভি দেখতে দেখতে ঘুমিয়ে পড়া।,Negative
আপু প্লিজ রিপ্লাই  পরীক্ষার জন্য একটু দেরি হয়ে গেল ভিডিও দেখতে  আপু তোমার ভয়েস অনেক সুন্দর মাশাল্লাহ,Negative
আপু আপনার কন্ঠটা অনেক সুন্দর,Negative
হযরত মুহাম্মদ সল্লাল্লাহু আলাইহি ওয়াসাল্লামের উম্মত হয়ে কে কে গর্বিত,Negative
কি কোম্পানির  ️ ব্যবহার কর প্লিজ রিপ্লাই দেবে,Negative
আপু   কোরবা ভিডিওতে এই মিউজিকটাই ইউস করার,Negative
কি হইলো এটা.......,Negative
তোমার এক্সপ্লেইন করা সব মুভি অসাধারণ। যুদ্ধের মুভি চাই।,Negative
ব্যকগ্যাউন্ড মিউজিক কোথায় পাবো,Negative
আপনি এগিয়ে যান আরো সামনে এই সাবস্ক্রাইবার বাইটা  আপনার সাথে আছে।,Negative
আসসালামু আলাইকুম কেমন আছেন,Negative
"ফাস্ট কমেন্ট,  আপু শুরু থেকে আসি আর থাকবো",Negative
আপু আমার একটা  ছিলো️️ দের  নিয়ে যে   টা বানানো হয়েছে সেই  টা  করবা   ️️,Negative
ফাস্ট কমেন্ট করলে নাকি ভাইরাল হয়?,Negative
দদ,Negative
পয়েন্ট বেশি নাকি কম,Negative
তোমার ব্যাকগ্ৰাউন্ড মিউজিক এর নাম কি প্লিজ রিপ্লাই দাও,Negative
শীতে লেপ থেকে উঠতে পারি না তোমার ভিডিও না দেখলে থাকতে পারি না ️,Negative
মুভি টার জেল গোলো অনেক ভয়ানক,Negative
পাদ মারলেই ত দেওয়াল সরেযাবে,Negative
আমার হোয়াটস অ্যাপ চ্যানেল লিঙ্ক এটা - ://.//0029Va4RAIW2phHIq1uu2F0p চলে এস লিঙ্ক এ ক্লিক করে,Negative
আমার হোয়াটস অ্যাপ চ্যানেল লিঙ্ক এটা - ://.//0029Va4RAIW2phHIq1uu2F0p চলে এস লিঙ্ক এ ক্লিক করে,Negative
মানেই নতুন কিছু। অসাধারণ মুভি যার মিল কোনো চ্যানেলের মুভির সাথে মিল নাই।,Negative
আপনি আসলেই ব্যাতিক্রম,Negative
এতদিন পরে অপেক্ষা করতে করতে শেষ।বুজো ব্যাপার।,Negative
অনেক সুন্দর একটা মুভি,Negative
ভাই আপনার ভিডিও  দেখার আগেই লাইক না দিলে ভালো লাগে না,Negative
ভাই আপনার ভিডিও কই ভিডিও প্রত্যেকদিন না থাকলে তো ভালো লাগেনা  আপনার অনেক বড় ফ্যান আমি  ️,Negative
"কিছু মুভি আছে  খুব ভালো লাগে , দারুন ভিডিও টা",Negative
ভালো লাগলো মুভিটা,Negative
শেষের কথাগুলো খুব ভালো লাগল ভাইয়া।,Negative
মুভি গুলো দেখার লিং গুলোও যদি দিতেন তাহলে অনেক খুশি হতাম। প্রতিদিন একবার করে চেক করে দেখি আপনি কোন মুভির রিভিও দিলেন নাকি! আপনার জন্য অনেক অনেক ভালোবাসা ️️,Negative
মুভি যেমনি হোক আপনার এক্সপ্লেনেশন এর সৌন্দর্যতায় সেটা অসাধারণ হয়ে ওঠে,Negative
দাদা বিডিও দিতে দেরি করছে  আচ্ছা কোনো সমস্যা নাই এখন দেখছি অনেক ভালো লাগলো 🇧🇩,Negative
আপনার শেষের কথা গুলো একদম সত্য,Negative
আপনার ভিডিও মানেই  ভালোবাসা,Negative
বেশ ইউনিক একটা মুভি দারুন লাগলো।,Negative
অসাধারন ভিডিও,Negative
"ভিডিও ভালো লাগছে, তাই লাইক কমেন্ট দু’টোই করলাম। তবে ভাই নতুন ভিডিও দিতে ইদানিং তুমি একটু দেরি করো! এর কারন কি?",Negative
ভাই আপনি আবার নতুন কিছু দিবেন তারাতারি,Negative
"পশুতে ভয় নেই, ভয় শুধু মানুষে",Negative
এমন কোনো হরর সিনেমার  করো যেটা শুনে ভয়ে প্যান্ট ভিজিয়ে ফেলি কারন আমার ভয় এবং ভয়ানক খুবই ভালো লাগে!,Negative
"ভাই কেমন আছেন? মুভিটা অনেক সুন্দর হইছে,প্রথম কমেন্ট আমি করলাম উত্তর অবশ্যই দিবেন.",Negative
এতদিন পর ভিডিও,Negative
সার আমরা মুসলমানআল্লাহ কে বিস্বাস করি,Negative
সুন্দর,Negative
ফাস্ট কমেন্ট,Negative
"দাদা ভালো আছেন তো!!!! দেখতে দেখতে কমেন্ট করছি,,আশা করছি অনেক ভালো হবে",Negative
ভাই অনেক দিন অপেক্ষা করার পরে ভিডিও পেলাম,Negative
ঠিক,Negative
দাদা আপনি কোথায় থেকে মুভি গুলো কালেক্ট করেন.? আশা করি জানাবেন প্লিজ।,Negative
দাদা তুমি কোন দেশ থেকে?,Negative
লাস্টের কোথা গুলা সুন্দর হইছে,Negative
গলায় আজ জোর নেই কেন ভাই?   কথাটা শুনতেই ভালো লাগা শুরু হয়ে যায়।আজ মলিন ছিল,Negative
ইন্দোনেশিয়া হরর মুভি দেন ভাই,Negative
জিও,Negative
এতো দেরি করে ভিডিও ছাড়েন কেন ভাইয়া,Negative
অনেক লেট হয়ে যায় ভিডিও আসছে দাদা একটু তাড়াতাড়ি করবে ভিডিও আনবে,Negative
আরে ভাই কটা ভিডিও করে উঠতে এখন সপ্তাহখানেক প্রথমে ভিডিওটা দেখতে হয় তারপরে এক্সপ্লেইন করতে হয় টাইম তো ধৈর্যের এখন নতুন ভিডিও আবার,Negative
আমি একা একা থাকতে থাকতে ডিপ্রেশনে চলে গেছো অনেক,Negative
অনেকদিন পরে পেলাম  আপনার ভিডিও,Negative
মুভিটা খুব সুন্দর,Negative
বেশি বেশি থ্রিলার  সাসপেন্স টাইপ মুভি দিবেন,Negative
মানুষ হইতে সাবধান!,Negative
ভয়েসটা অসাধারণ ফাস্ট কমেন্ট রিপ্লাই দিয়েন,Negative
একটু দেরি হলো আসতে,Negative
আপনার ভয়েস টাও ভয়ানক,Negative
বাংলাতে এক্সপ্লেন কইরেন প্লিজ,Negative
তোমার কন্ঠ শুনেই আমি  প্রেম এ পরে গেছি,Negative
ব্যাকগ্রাউন্ড মিউজিকটির নাম কি?,Negative
দিয়ে শুনছিলাম পুরো শরীর টা কেঁপে উঠলো,Negative
রেগুলার ভিডিও দেন ভাই(বাংলাদেশ খুলনা থেকে),Negative
ভাই এতোদিন পরে বিডিও আপলোড দেন,Negative
সিনেমাটার একটা ভুল- গ্রামে বিয়ে অনুষ্ঠানের লাইট তৈরি হল কিভাবে?,Negative
ভাই আপনার অনেক বড় ফ্যান৷ রিপ্লে প্লিজ,Negative
আমার মতো কে কে এই মুভিটা  দেখছো,Negative
না দেখার আগেই কমেন্ট করলাম ️,Negative
"ওরা জামা কাপড় এইগুলো পাইলো কোথায়,?ওরা টাকা পয়সা কোথায় পায়?খাবার কোথায় পায়?",Negative
কিছু একটা কথা বলো,Negative
ওই গ্রামে আমি যেতে চাই।নিয়ে চলেন আমারে।।,Negative
"আমি সহজে কোন ভিডিও তে কমেন্ট করিনা, তবে আপনার   দেখে কমেন্ট করতে বাধ্য হলাম। আশা করি রিপ্লাই দিবেন।",Negative
আমি একটু পিছিয়ে পড়লাম,Negative
ঘুমিয়ে ঘুমিয়ে কথা বলেন কেনো?,Negative
কিন্তু আমরা আগে গুহা তে বসবাস করতাম না এটা একটা মিথ্যা ধারনা,Negative
অচিরার গপ্পো সপ্পো কেউ কি দেখেন,Negative
এইটা এজটা বাজে মুভি।,Negative
বাজে কন্ঠ,Negative
কে কে   🇰🇷🇰🇷🇰🇷🇧🇩🇧🇩🇧🇩🇧🇩,Negative
আমার দেখা ২০০৪ সালে সেরা মুভি ছিলো এটা। এটাই একমাত্র মুভি যেখানে একোলিস এই ছবির হিরো কিন্ত আপনি মুভিটা দেখার সময় হিরোর পক্ষে না থেকে বিপক্ষে চলে যাবেন।,Negative
"ভীষন সুন্দর একটা সিনেমা, ভোলা যাবে না একবার দেখলে",Negative
"এই সিনেমার কাহিনী টা সম্পূর্ণ হোমারের রচিত ""ওডিসি"" মহাকাব্যের ওপর ভিত্তি করে তৈরি।",Negative
বাংলার অনুবাদ চাই।,Negative
"আমার দেখা বেস্ট কয়েকটি মুভির মধ্যে একটি মুভি এটি, ২০/২৫ বার দেখছি।",Negative
আকলিসরে খুব ভালো লাগলো এটাকেই বলো যুদ্ধা️ রেটিং ১০/৯.৫,Negative
আল্লাহ আমাদের সকলকে মৃত্যুর আগে তার কা'আবা জেয়ারত করার তৌফিক দান করুক,Negative
অনেক সুন্দর হয়েছে ভাইয়া,Negative
খুব ভালো লাগলো,Negative
"একজন ইতিহাস প্রেমী হিসেবে ছবিটা আমি দেখেছি সেই ২০০৪ সালেই, কিন্তু সত্যি বলতে কি একেবারেই ভালো লাগেনি ছবিটা। আনাতোলিয়ান কবি হোমার রচিত ইলিয়াডের সাথে এর একেবারেই মিল নেই। বরঞ্চ ২০০৩ এ মুক্তি প্রাপ্ত মিনিসিরিজ    সেই প্রাচীন কাব্যগাঁথা ইলিয়াডের সাথে অনেকটা মিল রেখেই করা হয়েছিল",Negative
"১০ এ ১০,,,,কিন্তু এই সিনেেমাটি আমরা এখন পুরাপুরি দেখবো কিভাবে,,, ছবিটি আগে দেখেছি,,,কিন্তু এখন সিনেমাটি পুরাপুরি দেখতে পাচ্ছি না",Negative
এখানে যে কাঠের ঘোড়ার যুক্তিটি যিনি দিয়েছেন তিনি আর একজন বীর যুদ্ধা ..তার নাম ও কিছু অংশ বাদ পড়েছে।,Negative
আপনি তো মিঠুন দা,Negative
আমার দেখা শ্রেষ্ঠ মুভি।,Negative
এই মুভিটার বাংলা এক্সপ্লেন যদি দিতেন তাহলে খুশি হতাম,Negative
ভাই হেলেন ডাইনির পরে কি হয়েছিল।,Negative
এই যুদ্ধ বিশ বছর স্থায়িত্ব ছিলো,Negative
অনেকদিন আগে লেখকের লেখা গল্প পড়ছিলাম...আজ তা দেখে আসলাম,Negative
এখানে যে কাঠের ঘোড়ার যুক্তিটি যিনি দিয়েছেন তিনি আর একজন বীর যুদ্ধা ..তার নাম ও কিছু অংশ বাদ পড়েছে।,Negative
আপনি তো মিঠুন দা,Negative
আমার দেখা শ্রেষ্ঠ মুভি।,Negative
এই মুভিটার বাংলা এক্সপ্লেন যদি দিতেন তাহলে খুশি হতাম,Negative
ভাই হেলেন ডাইনির পরে কি হয়েছিল।,Negative
ভাই আপনার ভিডিও আমার কাছে খুব ভালো লাগে,Negative
অসাধারণ কন্ঠ কন্ঠে যাদু আছে,Negative
ভাইয়া আপনার কন্ঠ অনেক সুন্দর,Negative
আলামিন ভাই আপনি দিন দিন অলস হয়ে গেছেন,Negative
! জীবনের প্রতিটি মুহূর্ত রঙিন হোক,Negative
অসাধারণ,Negative
সুন্দর হয়েছে আলামিন ভাই,Negative
অপেক্ষায় ছিলাম,Negative
মার্বেল সিরিজের সকল পাট গুলা তোমার সাবস্ক্রাইবারদের অনেক ভালো লাগবে ভাই সত্যি কথা,Negative
এমন ভিডিও আরো চাই,Negative
অপেক্ষা করতে করতে শেষ,Negative
ভাই,Negative
ধন্যবাদ ভাই আপনাকে,Negative
ভাই প্রতিদিন ২টা করে ভিডিও দেন প্লিজ।।,Negative
মুভিটা খুব ভালো লেগেছে,Negative
পুরাই আগুন,Negative
তোমার ভিডিও  দেখে অনেক কিছু শিখা যায়  আমি তোমাকে অনেক ভালোবাসি ভাই,Negative
প্রতিদিন ভিডিও চাই,Negative
দুইটা মুভি অনেক সুন্দর কিন্তু আমার কাছে সেকেন্ডের মুভি ভালো লেগেছে কারণে এখানে যে মেসেজটা দেয়া হয়েছে সেটা শত হাজার সত্যি 🇧🇩,Negative
অসাধারণ মুভি °°°°°°,Negative
ভাই আপনা ভিডিও গুলো খোব ভালোলাগে,Negative
ভাই ফাস্ট এন্ড ফিওরিয়াচ মুভিটির  দেখতে চাই।,Negative
ভাই  আপনার  ভিডিও  অনেক ভালো  লাগে,Negative
কেমনে কি এত সুন্দর ভিডিও বানান।,Negative
"আপনাদের দোয়ায় এগিয়ে যাচ্ছি, আমিও মুভি  করি, আপনাদের ঘুরে আসার দাওয়াত রইল। কষ্ট করে যাচ্ছি, একদিন না একদিন সফলতা পাবই, ইনশাআল্লাহ।",Negative
ভালো লাগলো ভাই এই মুভি রিভিউ দেখে আমি অনেক ইউটিউব এর মুভি রিভিউ দেখি বাট ভালো লাগে আপনার রিভিউ মুভি গুলা ️️️️️️️️️️,Negative
"ওওম ভাইয়া আপনার কথাটা টিক,,",Negative
ভাইয়া আপনার ভয়েজটা অনেক সুন্দর,Negative
ভাই তোমার এই ছোট্ট ভাইটার পাশে একটু দারাও।  তোমার একটু সাপোর্ট এ তোমার ছোট্ট ভাইটার মুখে হয়তো সারাজীবন হাসি আর আনন্দে জীবন কাটবে।  ধন্যবাদ 🇧🇩🇧🇩🇧🇩🇧🇩🇧🇩🇧🇩🇧🇩,Negative
অনেক শিক্ষানিয় সিনেমা,Negative
ভাই কতো খন ধরে  অপেক্ষা করেছি লাম,Negative
"ভাই কেন জানি মনে হইতাছে, আপনি আগে যেই রুমে ভয়েস রেকর্ড করতেন এই ভিডিওতে অই রুমে রেকর্ডটি করেন নাই। রুম চেঞ্জ করছে। কথা সত্য হলে কমেন্টের রিপ্লে দিয়েব প্লিজ",Negative
আমার  কমেন্ট  করলাম  ভাইয়া তোমায়ভালোবাসি,Negative
ভাই টাইটানিক মুভি নিয়ে ভিডিও বানান,Negative
তুই ভিডিও আজকে আরেক টা দিবি আরেক টা দিয়েন ভাইয়া,Negative
এর ছবিগুলো  করেন,Negative
পতিদিন ভিডিও চাই,Negative
5:16  আপনি ঠিক বলেছেন,Negative
অনেক কস্ট করে ভিডিও বানাই কিন্তু সকলতা পাইন প্লিজ হেল্প কর,Negative
ভাইয়া আপনি ভালো আছেন তো,Negative
ভাই️য়া ভিডিও দিতে দেরি হয় কেনো,Negative
ভাই পুকিমন মুভি এক্সপ্লেসান কইরান প্লেসস,Negative
"উৎপত্তি থেকে সমাপ্তি পরে অনন্ত কাল আসবে, সৃষ্টি করতা আমাদের কে তোরাহ, যবীর, ঈনজীল, কুরআনে বলে দিয়েছেন,, আমীন,, ,,",Negative
23 টি পার্টি তোমার চ্যানেলে আপলোড করতে হবে,Negative
ভাই ভয়েস এ রকম কেন,Negative
অনেক ভালো লাগলো মুভি টা,Negative
দা রকে মভি দেন ভাই,Negative
পারলে ট্রায়াঙ্গেল মুভির এক্সপ্লেইন করেন বস মানবো,Negative
"ক, তে ক্রাস,, খ, তে খাইছি,, আপনার ভয়েসের উপর",Negative
ভাই অ,Negative
ভাই আপনি তো এইটা আগেও এক্সপেলেন করছিলেন,Negative
আলামিন কালকে ভিডিও দেও নি কেন।,Negative
সাভেজ ভাই আপনি এটা বিশ্বাস করছেন?,Negative
রাত কে৷৷  করে,Negative
আপনার চ্যানেলের ভিডিও প্রাইভেট করে দিছেন কেন (    Saveg420),Negative
ভাই আপনি কও  420,Negative
ভাই আমাকে একটা মোবাইল লাগবে  পিলিজ পিলিজ,Negative
আমি 15 বছর পড়াশোনা করে যা শিখতে পারি নাই আমি এই ভিডিও দেখে তা শিখতে পারছি,Negative
ভাই আমি আপনার সব ভিডিও গুলাদেখছি কিন্তু আমার ফোন খারাপ হয়ে গেছে তাও অনেক কষ্ট করে দেখি পিলিজ ভাই আমাকে একটা নরমাল ফোন গিফ্ট করেন প্লিজ,Negative
ভাইয়া আপনি আগের মত ভিডিও দেন কেন.... আপনার কি হইছে....,Negative
মাটিলডা',Negative
ভালো লাগলো না,Negative
ভাই তুর্কি গান নিয়ে ভিডিও বানান,Negative
ভাইয়া কোন দেশে কত গুলো মোছলিম আছে তা নিয়ে একটি ভিডিও বানাবেন ..,Negative
২ বছর দরে কষ্ট করি কোনো সফলতা পাইনি||প্লিজ একটু সাপোর্ট করবেন,Negative
রাশিয়া আর ইউক্রেনের যুদ্ধ দেখে এখন আর খারাপ লাগেনা।  কারণ সিরিয়া আর ইরাকের আফগানিস্তানের যুদ্ধ দেখে আমরা অব্বস্ত।,Negative
আপনি কি হিন্দু নাকি মুসলমান?,Negative
২ ঘন্টার সিনেমা ১০ মিনিটে দেখার মজাই আলাদা,Negative
টা কেউ কি পাইছেন,Negative
কাল্পনিক,Negative
"ভাই একটা রিকোয়েস্ট রাখবেন প্লিজ প্লিজ। ভাই আপনার 2021 এ এক্সপ্লেনেশন করা মুভির মধ্যে, সবথেকে সেরা দশটি মুভি নিয়ে একটি ভিডিও বানান প্লিজ প্লিজ ভাই,আমার সাথে একমত কারা সবাই সাড়া দিয়ে যাও। ️",Negative
ভাই তুমি তো সবার জীবনকাহিনী বলো। এবার তোমার ইউটিউব যাত্রার কাহিনী সম্পর্কও কিছু বলো,Negative
আপনি ভালো না কেন,Negative
কালকে কি জেসমিন আপুরে নিয়া ঘুরতে গেছিলেন নাকি যে ভিডিও দেন নাই,Negative
লাস্টের কথা গুলি সেই ছিল ভাই,Negative
অনেক ভাল,Negative
ভাইয়া! আপনার করা ভিডিও গুলো দেখলে না চাইতেই চোখে পানি চলে আসে,Negative
এসব টাইপ গল্প আপনার কন্ঠে শুনতে অনেক ভালো লাগে️️,Negative
এটা দেখছি ২ বার। খুবই অসাধারণ একটা মুভি।,Negative
"অসম্ভোব রকম ভালো লাগলো "" ফ্যান হয়ে গেলাম।  এগিয়ে যান",Negative
অসাধারন ভয়েজ ভাই,Negative
"আরো অনেকেই মুভি ক্লিপ দেয়,আমি শুধু আপনার গুলোই দেখি,কারণ আপনার কথা বলার প্রাঞ্জল আর সাবলীল ধরনের জন্য খুব সহজ হয় বুঝতে,আর অনেক ভালো লাগে।",Negative
আমার অনেক ভালো লাগছে মুবিটা।  বাইয়া আপনি এত সুন্দর করে রিলিস করেছিলেন।  মুগ্ধ হওয়ার মতো।,Negative
"অসাধারন, শেষের বাস্তবতা গুলি আমাদের চোখে আঙ্গুল দিয়ে দেখিয়ে দেয়। আমরা কেমন। ধন্যবাদ ভাই আপনাকে।",Negative
সত্যি অসাধারণ একটা মুভি । অনেক ধন্যবাদ ভাইয়া আপনাকে এত সুন্দর এক্সপ্লাইনেশন এর জন্য ️,Negative
"ভাই শেষ কথা গুলো খুব ভালো লাগছে।এটাই সত্যি, কিন্তু তা সবাই দেখেও না দেখার ভাব করে",Negative
বলার কোনো ভাষা নেই,Negative
ভাইয়া মুভিটা অনেক সুন্দর ছিল।সেই সাথে আপনার কথা গুলোও..️,Negative
আসলেই চোখে পানি আসার মত মুভি,Negative
"ভাইয়া,সাত্যি অনেক ভাল লেগেছে",Negative
ভাইয়া আপনার কথা গুলো ভালো লাগল ।   আমার জীবনে দেখা হাজারো মুভি এক্সপ্লেনেশন এর মধ্যে এইটাই সেরা।,Negative
সত্যি বলতে ভাই কান্না ধরে রাখতে পারিনি। বাস্তবতা এত নিষ্ঠুর কেনো?,Negative
এইরকম সাদা কালো মুভি আরো চাই ভাইয়া। প্লিজ আপলোড দেওয়ার অনুরোধ রইল,Negative
"উপস্থাপনা এক কথায় চমৎকার, গলার ভয়েসটা খুব সুন্দর, আন্তরিক অভিনন্দন।",Negative
ভাই আপনার গল্পের মাঝে আমার জীবনের গল্প  খুঁজে পাই। দোয়া রইল আপনার জন্য।,Negative
ভাইয়া আপনারা গল্প গুলো খুব ভাগ লাগে,Negative
অসাধারণ লাগলো কমেন্ট না করে থাকতে পারলাম না️ অজান্তেই চোখে পানি চলে এসেছে,Negative
"এই মুহুর্তে যে মোবাইলটা দিয়ে এক্সপ্লেইনটা দেখলাম, এই এরকম একটা মেবাইলের জন্য হয়তো হাজারো মানুষ পাগলের মতো লড়াই করছে। আল্লাহ আমি শুকরিয়া তোমার কাছে, আমার কাছে যা কিছু আছে সকল কিছুর জন্য।",Negative
আমি কিন্তু আপনার প্রত্যেকটা ভিডিও দেখি।,Negative
মুভিটি সত্যিই অসাধারণ। মুভির শেষে     বর্ননাটিও অসাধারণ।,Negative
"যাযা এই রকম জীবনে আছেন  , জীবনতো তারাই কাটাচ্ছেন - মহান আল্লাহ কতো উত্তম রেখেছেন - তাও কতো অভিযোগ- হে আমার রব : ক্ষমা করুন আমাদের, কঠিন পরিক্ষা নেবেন না , দয়া করুন আমাদের প্রতি !!!",Negative
শিক্ষনীয় একটি গল্প।,Negative
", আপনার কন্ঠটা এত ভালো লাগে চোখ বন্ধ করে কল্পনাই শুনলে আরো বেশি কষ্ট লাগে কাহিনিটা শুনে",Negative
খুব সুন্দর মুভি,Negative
সতি ভাই আপনার আমি আল ভিডিও দেখি সব দেখা শেষ  সব গুলা দেখে চোখ পানি আসছে৷ আপনার বলার ধরন দেখে আমার মন টা জুড়িয়ে যাই আর আপনি লেট করে ভিডিও দিবেন না একদিন পরপর দিবেন ভাই,Negative
"ভাই আপনার  আমার কাছে অনেক ভাল লাগে..আপনার প্রতিটা  আমি দেখি. দেখে আমি আমার চোখের পানি ধরে রাখতে পারি না, আপনার কন্ঠ অনেক সুন্দর, আর খুব সুন্দর করে  করেন, আপনি প্রতি দিন এমন এমন  নিয়ে ভিডিও বানাইবেন ধন্যবাদ ভাই আপনাকে",Negative
জীবনের ছোট ছোট অপূর্নগুলোর জন্য আমরা কতটা আফসোস করি। অথচ আমাদের আশেপাশেই কত অসহায় মানুষ। তাদের অনুভূতি আমরা কখনোই বুঝার চেষ্টা করি না।,Negative
এখন পর্যন্ত হাজার এক্সেপ্লেশম শোনা গল্পের মধ্যে এটা অন্যতম শ্রেষ্ঠ,Negative
এটাই সমাজের আসল রুপ।,Negative
আমি কখনো কোন ভিডিওতে কমেন্ট করিনি আপনাকেই প্রথম কমেন্ট করতেছি। ব্রাদার লাভ ইউ ️,Negative
আমি একজন বাইসাইকেল প্রেমি। আমার কাছে এয় মুভিটা সত্যি অসাধারন লেগেছে। পাশাপাশি এই মুভি থেকে আমরা একটা বিষয় শিখতে পেরেছি। এই মুভিটা আমাদেরকে বাস্তবতা শিখিয়ে দিয়েছে। এরকম আরও মুভি এক্সপ্লানেড শুনতে ছাই।,Negative
শেষের কথা গুলো বাস্তব ।,Negative
ক দিন ধরে  দেখব দেখব করে দেখা হয়ে উঠে নি  আজ দেখালাম। চোখে পানি এসে গেল। আর তোমার বলা  শেষের কথা গুলো সত্যি  ও ঠিক।,Negative
আপনার ভয়েজ টাও মাসাআল্লাহ,Negative
মুভিটা অনেক ইমোশনাল লাগলো,Negative
ভিডিও দেখার আগে কমেন্ট করলাম খুব খুশি হলাম আপনি এখন খুব তারা তারি আমাদের কে ভিডিও উপহার দিতাছেন,Negative
"অসাধারণ মুভি, আসলি মুভিটাতে শিখার অনেক কিছুই আছে,",Negative
"বুঝার কিছু আছে,, আলহামদুলিল্লাহ",Negative
"ভিডিও টা দেখে বাবা কে খুব মনে পড়ে গেলো,,,  হে আমার রব আমার বাবা কে জান্নাত দান করে",Negative
গল্পটা অনেক সুন্দর পরের গল্প জন্য ওয়েট করছি,Negative
"এত খারাপ লেগেছে, কখন যে কাঁদতে শুরু করেছি টের পাইনি। কিছু মানুষ অনেক অসহায়,তাদের কথা কেউ ভাবে না।",Negative
সত্যিই কান্না চলে এল। টাকা আর ক্ষুধার কাছে সব পরাজিত। ভালো বাসা সততা কিছুর ই দাম নেই,Negative
ভাইয়া আপনি আরও বেশি বেশি ভিডিও বানান না প্লিজ অনেক ভালো লাগে আপনার ভিডিও,Negative
"সত্যি বলতে কেন জানি আপনাকে অনেক দেখতে ইচ্ছে করছে,,,,",Negative
"চোখে জল চলে আসলো ভিডিও টা দেখে ভাইয়া,,",Negative
আসসালামুয়ালাইকুম ভাই আপনি অনেক দেরি করে ভিডিও আপলোড করেন কেন।,Negative
লা ইলাহা ইল্লাল্লাহু মুহাম্মাদুর রাসুলুল্লাহ সাঃ আলাইহি ওয়াসাল্লাম...,Negative
কাঁদলাম,Negative
আজ আমি আপন ঠিকানা অনুষ্ঠানে  এস কে  কিবরিয়া স্যারের  কথা সুনে এই গল্প সুনলাম,Negative
রেডিওতে শুনেছি গল্পটা,Negative
মুভিটা সবারই দেখা উচিত,Negative
ভালো লাগছে তবে শেষ টা ভালো লাগেনি।,Negative
ভাই আপনি কন্ট খুব সুন্দর আপনি যদি ত্রিশ পারা কোরআন বাংলা এক্সপেইন করে ত্রিশটি ভিডিও আপলোড দেন আশা করি আপনি আমার মনে আশাটা পুরন করবেন...,Negative
কথায় আছে অভাগা যেইদিকে যাই সাগর নদী সেই দিকে যাই।তাই হয়েছে মুভিতে,Negative
অভাবের কারনে মানুষের সভাব নষ্ট হয়ে যায়।,Negative
জগন্নাথ বিশ্ববিদ্যালয়ের সেই মেয়ে আর চোরের কথাটা মনে পড়ে গেলো।।।মেয়েটা চোরের সাথে কি নাই করলো,Negative
খুব খুব খারাপ লাগলো।,Negative
"ভাই "" ""  2   কবে? প্লিজ জানান এন্ড রিপ্লাই প্লিজ",Negative
যে চিন্তাধারার জন্য আপনি সবার থেকে পিছনে.. ://./mxcFRQcnhL4,Negative
আমার কমেন্টাও কি আপনি পড়েছেন?,Negative
"আসলে আমার মনে হয়, যারা বিভিন্ন মিমি  ভিডিও, টিকটক, ফানি ভিডিও দেখে সময় নষ্ট করছে, তাদের আপনার ভিডিও গুলো দেখা উচিত 🫡",Negative
এই মুভিটির গল্প কোন ছোটবেলা থেকে শুনে আসছি। আজ থেকে প্রায় ৫০ বছর আগে এটি দেখবার সৌভাগ্য হয়েছিল ৷ এটি পরিচালক বিশ্ব বরেন্য ভিত্তরিও দ্য সিকা ৷ মুভিটি যেন আবার আমার স্মৃতিতে ফিরে এল। বিশ্ববিখ্যাত সিনেমা এটি। সত্যজিৎ রায়ের খুব প্রিয় সিনেমা এটা ৷ সিনেমা নিযে আলোচনা প্রসঙ্গে সত্যজিৎ বহুবার এই মুভিটির কথা বলেছেন। আপনাকে অনেক অনেক ধন্যবাদ৷,Negative
গুজব কাহিনি।,Negative
তুই বগরবগর করছকা,Negative
"ভাই আফসোস আপনার জন্য,,,  একটা ভিডিও দিতে আপনার এত সময় লাগে,,  প্রতিদিন খুজি আপনার চ্যানেল এ নতুন ভিডিও আসছে কিনা  আর আপনার খোজ নেই,,  অথচ অনেক সিনেমাওয়ালারা প্রতিদিন ভিডিও দিচ্ছে।",Negative
১৯৪৮ সালেও পিজ্জা পাওয়া যাইত,Negative
ভাই আপনার বাড়ি কি নড়াইল কারণ এই মুভির লাস্টে নড়াইল গণপিটুনি খেয়ে মারা গেছে চোর এটা কিন্তু ভুল,Negative
"ভাই,  আপনি কি বাংলাদেশের!! অবিশ্বাস্য আপনার ভাষার প্রকাশ",Negative
দুই মিলিয়ন অপেক্ষা,Negative
সাগতম ২ মিলিয়নের জন্য,Negative
"শুধু আগে  আমি দেখতাম, এখন আমার ফ্রেন্ডরাও এই চ্যানেল টি দেখে।",Negative
ভিডিও দেখার আগেই লাইক দিয়ে দিলাম,Negative
ভাই ধন্যবাদ ️️️️️️️ভাই আপনি ভালো থাকলে আমি ভালো,Negative
ভাই ভেনম এর দ্বিতীয় পর্ব দেন পিলিজ,Negative
ভাইয়া আমি তোমার সকল ভিডিও দেখি,Negative
সিনেমার সংক্ষেপ সপাইডার ম্যান ২০০২ নিয়ে ভিডিও বানান,Negative
সেরা,Negative
ভাইয়া ভিডিওটি দেখে খুব ভালো লেগেছে।,Negative
টনি স্টারক ভিডিওর জন্য ধন্যবাদ,Negative
ফ্রিজে পানি রাখলে যেমন পানি  ঠান্ডা হয় তেমনি করে কোরআন তেলাওয়াত করলে কলিজা ঠান্ডা হয় সুবহানাল্লাহ,Negative
ফ্রিজে পানি রাখলে যেমন পানি  ঠান্ডা হয় তেমনি করে কোরআন তেলাওয়াত করলে কলিজা ঠান্ডা হয় সুবহানাল্লাহ,Negative
ফ্রিজে পানি রাখলে যেমন পানি  ঠান্ডা হয় তেমনি করে কোরআন তেলাওয়াত করলে কলিজা ঠান্ডা হয় সুবহানাল্লাহ,Negative
ফ্রিজে পানি রাখলে যেমন পানি  ঠান্ডা হয় তেমনি করে কোরআন তেলাওয়াত করলে কলিজা ঠান্ডা হয় সুবহানাল্লাহ,Negative
ফ্রিজে পানি রাখলে যেমন পানি  ঠান্ডা হয় তেমনি করে কোরআন তেলাওয়াত করলে কলিজা ঠান্ডা হয় সুবহানাল্লাহ,Negative
ফ্রিজে পানি রাখলে যেমন পানি  ঠান্ডা হয় তেমনি করে কোরআন তেলাওয়াত করলে কলিজা ঠান্ডা হয় সুবহানাল্লাহ,Negative
ফ্রিজে পানি রাখলে যেমন পানি  ঠান্ডা হয় তেমনি করে কোরআন তেলাওয়াত করলে কলিজা ঠান্ডা হয় সুবহানাল্লাহ,Negative
ফ্রিজে পানি রাখলে যেমন পানি  ঠান্ডা হয় তেমনি করে কোরআন তেলাওয়াত করলে কলিজা ঠান্ডা হয় সুবহানাল্লাহ,Negative
ফ্রিজে পানি রাখলে যেমন পানি  ঠান্ডা হয় তেমনি করে কোরআন তেলাওয়াত করলে কলিজা ঠান্ডা হয় সুবহানাল্লাহ,Negative
ফ্রিজে পানি রাখলে যেমন পানি  ঠান্ডা হয় তেমনি করে কোরআন তেলাওয়াত করলে কলিজা ঠান্ডা হয় সুবহানাল্লাহ,Negative
ফ্রিজে পানি রাখলে যেমন পানি  ঠান্ডা হয় তেমনি করে কোরআন তেলাওয়াত করলে কলিজা ঠান্ডা হয় সুবহানাল্লাহ,Negative
ফ্রিজে পানি রাখলে যেমন পানি  ঠান্ডা হয় তেমনি করে কোরআন তেলাওয়াত করলে কলিজা ঠান্ডা হয় সুবহানাল্লাহ,Negative
ভাই বেশি বেশি আ্যডবেনচার পূর্ণ মুভি চাই। যে গুলোর মধ্যে ইমোশনাল আরও বেশি হয়। জীবন নিয়ে লড়াই । কোথাও হাড়িয়ে গেলে বা কীভাবে জীবন ঘুরে যায় এইসব মুভির এক্স প্লেইন বেশি ভালো লাগে,Negative
ভাইয়া কোরিয়ান মুভি আরো চাই,Negative
"ভাই আপনাকে   এক্সপ্লেইন করার জন্য বলেছিলাম,,",Negative
ভাই  আজকে savage420 তে সেই বাস দিছেন,Negative
ভাই এ-ই সিনামা টা দেখে ছি  কিন্তুু আপনার ভিডিও দেখে দেখতে এসেছি,Negative
পশু গুলো দারুণ,Negative
ইউ আর লেজেন্ড ব্রো,Negative
ভালোই লাইগ,Negative
আমি আপনার বড় ফ্যান,Negative
ভাইয়া তুমার বিডিও গুলো খুব ভালো গাগে,Negative
ভাই    করেন,Negative
ভিডিও বানাও প্লিজ,Negative
দিরিলিস আর্তগোল নিয়ে ভিডিও বানান,Negative
সেই ভাই,Negative
আমি  একজন  প্রাণী প্রেমিক ।,Negative
ভই ভেনম ২ ছিনেমাটি নিয়ে আসো,Negative
ভাইয়া আমি আপনাকে বললাম  মুভিটা  করতে     করেন,Negative
আমার এই মুভি ভালো লাগে,Negative
হরর মুভি ভালো লাগে ।,Negative
টারমেটর 4 কবে দিবেন,Negative
ভাই  কে নিয়ে একটা ভিডিও দেন ভাই প্লিজ,Negative
রানিটারে ভালোলাগছে,Negative
ভাই    এর   চাই,Negative
ভাই স্কুইড গেমস এর এক্সপ্লেন প্লিস,Negative
মুভি রিভিউ করবেন কি।,Negative
মুভি রিভিউ করবেন কি।,Negative
মুভি রিভিউ করবেন কি।,Negative
মুভি রিভিউ করবেন কি।,Negative
মুভি রিভিউ করবেন কি।,Negative
মুভি রিভিউ করবেন কি।,Negative
মুভি রিভিউ করবেন কি।,Negative
মুভি রিভিউ করবেন কি।,Negative
মুভি রিভিউ করবেন কি।,Negative
মুভি রিভিউ করবেন কি।,Negative
মুভি রিভিউ করবেন কি।,Negative
মুভি রিভিউ করবেন কি।,Negative
মুভি রিভিউ করবেন কি।,Negative
ভাই দেখেছি এই সিনেমা,Negative
ভাই,Negative
ভাইয়া বাংলা ছবি পুনর্জন্ম আমি কিছু ই বুঝতে পারলাম না পাঠ ১ও ২ কোনো টায় আপনি যদি বিশ্লেষণ করে বলতেন,Negative
"ভাই,   ত খুজে পেলাম না",Negative
লৌহ বানব যখন পশু চিকিৎসক,Negative
লুইচ্চা টেডি পার্ট 2,Negative
"অনেক পরিশ্রম করতেছি, মোবাইল দিয়ে বার বার লিখতেছি, উত্তর দিন কষ্টের দাম দিন প্লিজ  আপনার সম্পর্কে যানতে চাই  দিন,, জবাব  দিন,আপনাকে দেখতে চাই।  ভাব নিয়েন না আমি আপনার বড় ভক্ত শুধু আপনার ভিডিও দেখার জন্য  কিনি",Negative
ভাই  আপনার কানে কিছু ডুকে না   কতবার বলেছি আপনার একটা ছবি তুলে দেন।  আমি আপনার পাগলা ভক্ত,Negative
কাল যদি আপনি এসব প্রাণী মুভি দেবেন তাহলে ভাই আর কোনো মুভি এক্সপ্লেন দেকবো না,Negative
অন্য কোন   নেই,Negative
ভাই নেশা লেগে গেছে,Negative
রতনো শুদরি ভিডিওটি বলবেন,Negative
এই   থাকলে দাও ভাই,Negative
রানিকে নাইট সেফ এর ফুলের রস দেই যেইটা খুব কম হয়,Negative
ছবিটি দেখে চোখের পানি ধরে রাখতে পারি নাই আপু।আমার একটা কুকুর ছিল যে আমার সাথে ৪ টা বছর একসাথে ছিল।কখনো আমাকে একটা নোকের আচর পযন্ত দেয়নি।আমি আমার কুকুর টাকে অনেক ভালোবাসতাম।এবং অনেক বিশ্বাস করতাম।আমার জীবনের সব থেকে ভালো বন্ধু ছিল আমার কুকুরটা।কিন্তু ওর হঠাৎ মৃত্যু আমি আজও মেনে নিতে পারিনা।তাই আমি রাস্তার কুকুরদের অনেক ভালোবাসি আদর করি।কারণ একটা মানুষের চেয়েও একটা বিশ্বাসী বন্ধু কুকুর।,Negative
বিশেষ করে টগোর জন্য খুব কান্না পাইছে আমার,Negative
"চোখে পানি ধরে রাখতে পারি নি,,",Negative
"আপু সত্যি মুভিটা দেখে চোখের পানি ধরে রাখতে পারলাম না, এরকম মুভি আরো দেবেন।",Negative
সত্যি কান্না আটকাতে পারলাম না অসাধারণ মুভি আর আপু আপনি যেভাবে  করলেন সেটা অসাধারণ   আপু..,Negative
চোখের পানি আটকাতে পারলাম না,Negative
ভিডিও টা এত সুন্দর ছিলো যে চোখে আর পানি ধরে রাখতে পারলাম না অসম্ভব সুন্দর,Negative
দারুণ লাগলো ভিডিও টা খুব সুন্দর হয়েছে ধন্যবাদ শেয়ার করার জন্য।।,Negative
মানুষের চাইতে পশুু অনেক ভালো,Negative
চোখে পানি এসে গেলো মানুষের প্রতি  কুকুরের এতো ভালোবাসা,Negative
ভাই কি বলবো সত্যি অসাধারণ  চোখ দিয়ে পানি আসার মনো একটা সিন,Negative
অসাধারন আপু...,Negative
আপু এই নিয়ে ১৩ বার দেখছি খুব ভালো লাগে এটা,Negative
আমার দেখা মুভির মধ্যে এই মুভিটা সবচেয়ে বেস্ট। মুভি দেখতে দেখতে কান্না চলে গেল। আমি এই মুভিটি কে 10/10 দিচ্ছি।,Negative
সত্যিই মুভির কাহিনীটা খুব সুন্দর  চোখের জল ধরে রাখা গেল না  টোগো সত্যিই একটা দায়িত্ববান কুকুর ছিল  আর কুকুর সবচেয়ে বিশ্বস্ত প্রাণী,Negative
অসাধারন লেগেছে।,Negative
আমার কান্না আসচে এই বিডিয় দেকে,Negative
খুব ভালো এবং অসাধারণ,Negative
হেভি লেগেছে,Negative
আসাধারন,Negative
অসাদারন,Negative
মন ছুঁয়ে গেছে,Negative
সাংবাদিক রা তখন থেকেই হাম্বাদিকতা করে,Negative
দারুন ছবি।,Negative
চোখে পানি এসেছিলো মুভিটা শেষ করে এবং অাপনার  দেখে তার পর কমেন্ট করলাম,Negative
আপু অস্থির হয়েছে  আমিও একটা কুকুর পেলেছিলাম  ।  কুকুরটাকে রেখে কোনো জাইগায় জাইতে পারিনা । আমি যেখানেই বেড়াতে যাই কুকুরটা সেখানেই আমার সাথে যাই । কেয়া আপু কুকুরের আরও মুবি থাকলে বাংলাতে বলেন প্লিজ,Negative
অসাধারণ,Negative
নাইস,Negative
আপু তোমার ভিডিও গুলো দেখতে আমার খুব খুব ভালো লাগে,Negative
সরি আপু।।। অনেক দেরি হলো ভিডিও দেখতে।।।। এক্সপ্লেইন টা দারুন ছিল।।।।️️️,Negative
অসাধারণ..,Negative
চোখের কোনে পানি নিয়ে কমেন্ট টা করলাম।,Negative
চোখে পানি এসে  পরল,Negative
সেই,Negative
কতো কষ্টের মুবি ছিলো এটা আমি কখনো এতো কষ্টের মুভি দেখি নাই,Negative
চোখে জল চলে আসলো স্যতিই মুভি এটা,Negative
অনেক সুন্দর আপু।টাইম ট্রাভেল মুভি গুলো করতে পারেন।,Negative
কুকুরি একমাত্র বিস্তত প্রাণী যেটা,Negative
প্লিজ আমাকে সাপোর্ট করুন,Negative
কুকুরের মত মন আর  কারো হয়না,Negative
মুভিটা দেখে খুবই খারাপ লাগলো।,Negative
আপু দয়া করে     এই লোগো টা না দিলে ভালো হতো।,Negative
মাত্র শেষ করলাম মুভি টা আর ইউটিউবে আসলাম এক্সপ্লেইন দেখবো বলে সামনে আপনার ভিডিও। কি চমৎকার,Negative
মাত্র শেষ করলাম মুভি টা আর ইউটিউবে আসলাম এক্সপ্লেইন দেখবো বলে সামনে আপনার ভিডিও। কি চমৎকার,Negative
"ভাইয়া আপনি জোস, অসাধারণ ভাবে এক্সপ্লাইন করেন",Negative
ভাইয়া অনেক ভালো হইছে,Negative
অস্তির একটা মুভি।,Negative
দাদা তুমি,Negative
"বাংলাদেশ থেকে,",Negative
আপনার এক্সপেইন অস্থির,Negative
ভাইয়া দোয়া করি আপনার যাতে খুব তাড়াতাড়ি ওয়ান মিলিয়ন সাবস্ক্রাইবার কমপ্লিট হয়ে যায়,Negative
আমার আপনার ভিডিও গুলা অনেক ভালো লাগে কারণ আপনি অনেক ডিটেল বলেন যা আমি জানি ন,Negative
একটু পড়ে আসলাম,Negative
প্রতিদিন একটা রিভিউ চাই ভাই,Negative
মুভিটা ভালোই ছিলো এটার নাকি একটা - ভার্শন আছে সেটায় ক্যারেক্টারদের আরও ভালোভাবে এক্সপ্লেন করবে শুনলাম। তো সে যাই হউক মুভিটা ভাল্লাগসে অনেক,Negative
এর বাকী সিজন গুলোর এক্সপ্লেইন কবে দেবেন?,Negative
বাংলাদেশ থেকে আমি দেখতেছি,Negative
গত পরশু দেখে শেষ করলাম পার্ট ১,Negative
ফাস্ট ভিউ আমিই,Negative
২০২০ সালে দেখেছিলাম মুভিটি আবারও দেখলাম। বাবা এবং মেয়ের সত্যিকারের ভালোবাসা সত্যিই আমাকে ইমোশনাল করে দেয়,Negative
স্টোরি টা অনেক কষ্টের ভাই...  সত্যি কারের ভালোবাসা থাকলে একদিন না একদিন তাকে পাওয়া যায়... আপনি ইমোশনাল কন্ঠে গল্প টা শুনিয়ে আমাদের ইমোশনাল করে দিলেন..,Negative
"সত্যি, অনেক সুন্দর হয়েছে, আমি কান্না থামাতে পারি নি, এটা অনেক কষ্টের ছিলো, কিন্তু লাস্টের কান্নাটা ছিল সুখের কান্না।",Negative
কান্না করতে করতে মাথা ব্যথা করছে। আমার কাছে অনেক ভালো লাগছে  আরো এমন ভিডিও চাই,Negative
"বলার মতো কোনো ভাষা নেই। শুধু এটাই বলতে চাই, অসাধারণ",Negative
সত্যি  মুভিটি  দেখে  না  কেদে  থাকতে  পারলাম  না.... ঠিকই  তো  শুধু  জন্ম  দিলেই  বাবা  হয়  না  বাবা  মেয়ের  এই ভালোবাসার  সম্পর্ক  দেখে  আমি  ইমোশনাল  হয়ে  গেলাম  সত্যি  খুব  সুন্দর  একটা  কাহিনী,Negative
এটা দেখে আমি আমার চোখের পানি আটকে রাখতে পারি নাই আপনি অনেক ভাল এক্সপ্লেইন করতে পারেন ভাইয়া এত সুন্দর একটা মুভি উপহার দেওয়ার জন্য আপনাকে অনেক অনেক ধন্যবাদ ভাইয়া,Negative
যতই‌ কষ্টের মুভি হোক আমি কখনো কান্না করিনি তবে এই মুভিটা দেখে আমার চোখ দিয়ে আপনা আপনি পানি চলে এসেছে,Negative
খুবই সুন্দর ছিল মুভিটা । সত্যি এই পৃথিবীতে মা বাবা ছাড়াটা খুবই কঠিন। বাবা এবং মেয়ের সত্যিকারের ভালবাসা খুবই ইমো শলান । এই রকম করে যেন প্রত্যেক বাবা ও মেয়ের সম্পর্ক টিকে থাকে          ️️️️️️️️️️️️️️️️️️️️️️️️️️️️️️️,Negative
সত্যি বলতে আমার কান্না আসে নি কিন্তু মুভিটি সত্যিই অনেক হৃদয়বিদারক ছিল,Negative
অনেক অনেক অনেক ভালো লেগেছে।চোখের পানি আটকে রাখতে পারিনি।অনেক কাননা করেছি।,Negative
শেষের দৃশ্য  দেখে আমার চোখে পানি চলে এসেছে।,Negative
আমার দেখা সেরা দশটি সিনেমার ভিতর একটা।।মন দিয়ে অনুভব করলে একজন মানুষ না কেঁদে থাকতে পারবে না।।অসাধারণ মুভি এটা।।।,Negative
এটা দেখে  আমি পুরা কান্না  করে দিছিলাম  সত্যি এ মুভিটা অনেক ভালো  ছিল,Negative
খুব খুব ভালো লেগেছে বলার মত না,Negative
আর অনেকে জরম দিয়েও বাবা হতে পারে না। সত্যিই দেখতে দেখতে কখন যে চোখের পানি ঝরছে বুঝতে ওপারিনি। সত্যি নিজের অতিতে চলে গিয়েছিলাম। যেখানে বাবা থাকা সর্তেও বাবার সবকিছুই থেকে বনচিত হয়েছি।,Negative
অনেক অনেক ধন্যবাদ অনেক সুন্দর,Negative
খুব ভালো,Negative
আনেক ভালো লেগেছে ভাইয়া চোখে পানি চলে এসেছে,Negative
সত্যি  এমুভিটি  আমাকে  ইমসনাল করে  দিল,Negative
"অসম্ভব সুন্দর,,",Negative
"ইউটুবে যত ভিডিও আছে আমার দেখা বেস্ট মুভি এটা,,,",Negative
আমার কান্না না আসলেও মুভিটি ভালো লাগছে,Negative
অসাধারণ,Negative
অসাধারণ লাগলো,Negative
আমার তো আর বাবা নেই তাই বুঝি না তার ভালোবাসা কি কিন্ত এই মুভি দেখে বুঝলাম যে ভালোবাসে সে কখনোই ছেরে জাই না আই মিস উই বাবা,Negative
নাইচ,Negative
অনেক ভালো ছিলো অনেক ভালো লাগলো,Negative
কখন যে চোখ দিয়ে পানি চলে এলো বুঝতেই পারলাম না,Negative
আমি কখনো ভাবতে পারিনি যে।এই মুভিটা দেখে আমি কান্না করবো।,Negative
শেষ টা দেখে কান্না দরে রাখতে পারলাম না,Negative
অসাধারণ!...,Negative
খুব ভালো,Negative
অনেক অনেক ভালো লাগছে মুভিটা...?,Negative
অসম্ভব সুন্দর,Negative
অনেক সুন্দর,Negative
আসলে কান্না ধরে রাখতে পারলাম না।,Negative
অসম্ভব সুন্দর মুভি ছিলো এটা।।।।,Negative
কি সুন্দর ঘটনা️সত্যিই ইচ্ছে থাকলে অনেককিছুই করা যায়,Negative
"ভাই আপনার মিহি ভয়েসে যে সুন্দর বর্ণনা তাতে মনে হয় সিনেমাটাই দেখছি, না না সিনেমা নয়। মনে হয় বাস্তবে সব চোখের সামনে হচ্ছে আর আবেগ ধরে রাখতে পারছি না, অজান্তেই চোখ বেয়ে পানি গড়িয়ে নামে।",Negative
অসাধারন,Negative
মাশাআল্লাহ বাবা মেয়ের ভালোবাসা,Negative
ভালোবাসাগুলো হয়তো এভাবেই পূর্ণতা পায়️।,Negative
অসাধারণ  সত্যি বিষন ভালো লেগেছে,Negative
এটা দেখে  আমি পুরা কান্না  করে দিছিলাম  সত্যি এ মুভিটা অনেক ভালো  ছিল,Negative
অনেক অনেক ভাল লেগেছে,Negative
ভাই তোমার প্রত্যেকটা মুভি দেখলেই চোখে পানি চলে আসে  এগিয়ে যাও সামনে  আমরা আছি তোমার সাথে  ️,Negative
সব থেকে আপনার  গুলা সুন্দর হয়,Negative
সত্যি  চোখে পানি এসৈ গেছে,Negative
ভাইয়া আপনার মুভি এক্সপ্লেন খুবই ভালো লাগে  নিজের অজান্তেই কান্না করতে থাকি,Negative
অসাধারণ লাগতাছে ভাই,Negative
"দুরও ,এটা কী  , ভাই?  তুমি তো আমাকে কান্না করতে বাধ্য করলা। এটা কোন কাজ হল ,",Negative
মনের অজান্তেই কান্না করে দিলাম,Negative
অসম্ভব সুন্দর লাগছে সিনেমাটা। সত্যিই অসাধারণ। চোখ থেকে পানিটা গড়িয়ে পরতে বাধ্য হলো।️️️️️️️️️️️,Negative
খুব বেশি ভালো লাগল মুভিটা। কমেন্ট না করে পারলাম না।,Negative
একটি যুদ্ধ এরকম হাজারো আয়লার  গল্পের কারণ...,Negative
বলার ভাষা নেই,Negative
আমার আর কিছু বলার নেই,Negative
"অনেক অনেক ভালো লেগেছে চোখের পানি আর ধরে রাখতে পারলাম না, ধন্যবাদ",Negative
এক কথায় অসাধারণ,Negative
আপনার ভিডিও গুলো অনেক ট্রাজেডি মূলক..️,Negative
"মুভিটা  দেখার পর সত্যি এক বুজ প্রশান্তি অনুভব করছি,",Negative
সত্যি কিছু বলার নেই ........,Negative
সত্যি অসাধারণ চোখের পানি ধরে রাখতে পারলাম না️,Negative
অনেক ভালো লাগলো,Negative
যথেস্ট মনোযোগ দিয়ে উপভোগ করলাম আর অঝোরে চোখের পানি বের হয়ে গেলো।,Negative
ভাইয়া সত্যি চোখের পানি আর আটকে রাখতে পারলাম না মুভিটা দেখার পর,Negative
সত্যি মুভিটা দেখে কান্না করে দিছি।,Negative
"আগে কষ্টের মুভি দেখলে কান্না করতাম এখন জীবনটাই মুভি হয়ে গেছে তাই কান্নাটা আর আসে না চোখে পানি ফুরিয়ে গেছে,",Negative
মুভিটি দেখে তো আমি কেঁদেই ফেলেছি,Negative
অনেক কষ্ট লাগলো ভিডিওটা দেখে,Negative
অনেক  সুন্দর।,Negative
অসাধারণ হয়েছে,Negative
এ মুভিটা দেখে আমার  চখে পানি চলে আসল।,Negative
অসাধারণ মুভি ভাই,Negative
অসাধারণ ভাই,Negative
অনেক অনেক সুন্দর,Negative
কান্নায় ভেঙ্গে পড়ার মতো মুভি।,Negative
অসাধারণ একটা ভিডিও,Negative
অসাধারণ ভাই,Negative
অসাধারণ  একটা  গল্প,Negative
অনেক সুন্দর,Negative
অসাধারণ লাগছে,Negative
চোখ দূটোকে আর ধরে রাখতে পারিনি। ধন্যবাদ,Negative
খুব ভালো,Negative
অনেক সুন্দর,Negative
আইলা আসলেই চাঁদের টুকরো কি কিউট,Negative
অসাধারণ এই মুভি টা ️️,Negative
এই মুভিটি  সত্যি ই আমাকে কাদিয়ে ফেলেছে,Negative
কমেন্ট পড়ে সিদ্ধান্ত নিলাম ছবি টা দেখমু,Negative
সত্যি  মন  থেকে  চাইলে  আল্লাহ  মিলিয়ে দেন,Negative
নাচাইতেই কান্না,Negative
ভাই আমর তো বাবার আদর কপালে নাই।।আমি বুঝি বাবা কি জিনিস ।।।।।।,Negative
কখনো কখনো নিজ পর হয়ে যায় আবার পর গুলো কখন যে এতো আপন হয়ে যাই কিন্তু মন থেকে কিছু চাইলে সেটা পাওয়া হয়,Negative
"আপনাদের দোয়ায় এগিয়ে যাচ্ছি, আমিও মুভি  করি, আপনাদের ঘুরে আসার দাওয়াত রইল।কষ্ট করে যাচ্ছি একদিন না একদিন সফলতা পাবই, ইনশাআল্লাহ ️",Negative
আর্মি চিপ টা কে ভালো লাগলো..,Negative
২০২৩ সালে দেখতেছি,Negative
সত্যি আমিও কান্না করেছি।,Negative
আসসালামু আলাইকুম অভি ভাইয়া,Negative
অটো কান্না আসছে।,Negative
আমিও কেঁদে ফেললাম,Negative
আইলা নামের অর্থ চাঁদের টুকরা এটা কোথায় পাওয়া যাবে?,Negative
ওনেক ইমোশনাল - কান্না চলে আসছে;-- সো-;--- জিবনেও দায়িত্ত আর কথা রাখাটা অনেক কঠিন-তবুও কঠিন কে জয় করেছেন ওনি-- সত্তই অসাধারন+-- অনেক মুভি দেখেছি এরকম ইমশনাল স্টোরি হয়নি;---,Negative
শেষ কথাটা ভালে লেগেছে জন্ম দিলেই বাবা হওয়া যায় না।।,Negative
এটা আমার জানা ধরকার,Negative
সত্যি কেঁদে দিলাম,Negative
ছিলে ফেরিহা। সেি মুবির জিহান এখানে,Negative
প্রথম দিকটা অনেক ভালো ছিলো শেষটা ভালো লাগলো না এতো তারা তারি বুড়া হয়ে গেলো,Negative
আইলা আসলেই অনেক বেশি কিউট️,Negative
এই মুভিটা  কই পাব,Negative
ভাই এই মুভিটা আমি আগেই দেখেছি কিন্তু এমন ইমোশনাল হয়েছিলাম তা বলেই বুঝানো যাবেনা,Negative
দেখে চোখে পানি চলে আসলো,Negative
বাড়ি কই,Negative
আমার তো কেউ নেই,Negative
কান্না করতেছি সিনেমা টি  দেখে,Negative
"আমার থেকেও নছকবআলওলআকছএতও,,,,,,,",Negative
অনেকবালোলাগচেথেককিউ,Negative
"সত্যি না চাইতেও চোখে পানি চলে আসলো,,",Negative
সত্যিই। এই গল্পটা আমাকে কাদিয়েছিলো। পৃথিবীর সবচেয়ে কষ্টের সিনেমা ছিলো এটি।,Negative
তুমি কি আমার তুহিন,Negative
অনেক কানলাম,Negative
সত্যি কারের বাবা তো এটাই,Negative
যতোবার দেখি ততোবার কেঁদে ফেলি কেনো জানি না। এই পৃথিবীতে ভালো মানুষরা খুব কম আছে। আর কেনো যে সেই ভালো মানুষগুলোই এতো কষ্ট পায়। ভগবান জানে!!!!!!!,Negative
এখানে কি জানতে হবে,Negative
"সুলেমান কে প্রথম দেখি, তুর্কি সিরিজ মেহমেতচিক কুতুল আমরে,, ও মেহমেতচিক কুতুল জাফরে,, সেখান থেকেই শুরু সুলেমানকে ভালো লাগার,,  সেখানে তার নাম আলি উস্কুপ্লু",Negative
ভাই আপনি খুব ভালো মুভি এক্সপ্লেন করেন ভাই ভাই আমার আপনার  কাছে একটি অনুরোধ‌ আছে আপনি কি প্লিজ       করবেন,Negative
অনেক দিন ধরে অপেক্ষায় ছিলাম,Negative
মানবজাতির পরাজয় কি সুন্দর ভাবে দেখানো হলো আর মানুষ এটা দেখে বেশ আনন্দিত হলো,Negative
চমৎকার উপস্থাপনা ছিলো।,Negative
অনেক দিনের অপেক্ষার পর অবশেষে। ধন্যবাদ দাদা,Negative
দাদা অনেক ভালো লাগল নতুন ভিডিও আপলোড দেওয়ার জবন্য ধন্যবাদ,Negative
ভাই খুবই ভালো লাগলো,Negative
দাদা  টি দেখতে অনেক সময় হয়ে গেল কারণ আমদের দান কাটা লাগছে।।। থার পরেও একটু সময় নিয়ে দেখে নিলাম।।।,Negative
রাজা ভাইয়া আপনার এক্সপ্লেনেশন আমার কাছে পৃথিবীর সবচেয়ে বেস্ট এক্সপ্লেনেশন মনে হয়।,Negative
"অনেকদিন ধরেই অপেক্ষায় ছিলাম,,,,,",Negative
️️️️ভাই আপনার সবগুলো ভিডিও অনেক সুন্দর মুভি দেখার পর এতটা বুঝিনা যতটা আপনি বোঝাবেন তো থ্যাংক ইউ ভাইয়া️,Negative
ধন্যবাদ ভাই,Negative
এক সপ্তাহ আগে আমি এই মুভিটি দেখে ছিলাম। এখন এক্সপ্লেনেশন শুনে নিলাম।,Negative
ভাই মেন অফইসটিল পাট 4 দিন,Negative
ধন্যবাদ দাদা আমার কথা রাখার জন্য।,Negative
অনেক দিন থেকে অপাক্ষায় ছিলাম,Negative
"রাজা দা, অনেক দিন ধরেই মুভিটার অপেক্ষায় ছিলাম। মুভিটা  করার জন্য ধন্যবাদ। তবে আরোও একটা মুভির অপেক্ষায় আছি। সেটা হচ্ছে "" -   : ""। মুভিটা কবে  করবেন। অপেক্ষায় রইলাম।  একটু তারাতাড়ি  টা করে দেন ভাইয়া।",Negative
"মানুষের পরাজয় নিয়ে মুভি,  কাহিনি যায় হোক এটা মানতে কষ্ট হয়",Negative
ভাই একটা সিরিজ চাই,Negative
-আপনার ভিডিও এর  টা সেরা।। একের ক,Negative
অসাধারণ একটা ছবি ছিল,Negative
ভাই হেরি পিটার  দেন,Negative
থিয়েটারএ গিয়ে দেখেছি!,Negative
ভাই   সিরিজ গুলো বাংলায় দেন ভাই,Negative
দাদা এইসব মুভি তো  এ পাওয়া যায় না আপনি কোথায় পান প্লিজ প্লিজ একটু বলেন,Negative
ভাই মুভিটি কিভাবে ডাউনলোড করবো মোবাইলে প্লিজ এই নিয়ে পরবর্তী কোন ভিডিও দেন।,Negative
রাজা ভাই আপনি কি এখন আপনার  2nd চেনেল      এ  ভিডিও আপলোড করবেননা। দয়াকরে বানাবেন। . . .,Negative
এভাটর ২ আরও আগে দিলেন না কেন,Negative
ভাইয়া মুভি দেখার জন্য একটা ভালো ওয়েব সাইট এর নাম বলবেন প্লিজআপনার ভিডিও গুলো আসলেই অসাধারন,Negative
"এটা দেখেই বোঝা যায়,,, বাস্তবেও মানুষ কতটা স্বার্থপর,,",Negative
ভাই আপনি কী    করবেন,Negative
এই ছবি গুলো ইউটিউব পাওয়া যায় না কেন,Negative
ওয়ান পার্ট আমি দেখেছি,Negative
ফুল মুভি টা পাঠাও,Negative
হাল্ক এ-র মুভি দেন,Negative
মুভি এক্সপ্লেন করেন প্লিজ,Negative
ভাইয়া    প্রথম পার্ট  কোথায় পাবো কেউ জানলে একটু জানাবেন প্লিজ,Negative
ভাই আপনার     গুলো আনেক ভালো লাগে  এক দিনেই ১৫--১৭ টা  দেখলাম।।। অনেক অনেক ভালো লাগলো।।। আপনাকে অসংখ্য ধন্যবাদ।।।,Negative
ভাই আপনার     গুলো আনেক ভালো লাগে  এক দিনেই ১৫--১৭ টা  দেখলাম।।। অনেক অনেক ভালো লাগলো।।। আপনাকে অসংখ্য ধন্যবাদ।।।,Negative
মারবেল সিরিজ চালিয়ে যান। আর ভিডিও গুলো আরেকটু বড় হলে ভালো লাগতো। আপনার ভিডিওর অপেক্ষায় থাকি পারলে একটু তারাতারি ভািডিও ছারবেন।     ️️️️️️️️️️,Negative
আসুন আমরা সবাই মিলে একসাথে পাঁচ ওয়াক্ত নামাজ আদায় করি। ইনশাআল্লাহ,Negative
প্রত্যেকদিন একটি করে ভিডিও চাই ️,Negative
খুবই ভালো লাগলো ভাই,Negative
হ্যাঁ ভাই একটু বড়ো করলে আরও ভালো করতে দাদা  যদিও সংক্ষিপ্ত() রচনাটাও দারুণ আছে তোমার ...,Negative
"আপনার চ্যানেল টা অসাধারণ  আপনার প্রতিটি মুভি সুন্দর আপনার চ্যানেল জন্য শুভ কামনা রইল  আমি এই চ্যানেল নতুন কিন্তু সাবস্ক্রাইব করিনি  আমার প্রিয় (  ) একটা চ্যানেল   সিরিজের মুভি আপলোড করেছিল  কিন্তু ওই চ্যানেল হাল্ক মুভি আপলোড করলে ইউটিউব ডিলিট করে দিচ্ছিল , তাই আমি হাল্ক মুভি ইউটিউব খুঁজচ্ছিলাম অবশেষে আপনার চ্যানেল মুভি টা পেলাম ️, অসাধারণ হয়েছে মুভিটি খুব ভালো লাগলো ধন্যবাদ ️️",Negative
আমার প্রিয় হিরো হল স্পাইডার ম্যান,Negative
".এই মুভিটি কেউই  করেনি, আমি এই মুভিটা অনেক বাংলা রিভিউ,  মুভি খুঁজেছি, কিন্তু পাইনি, আজকে আপনার চ্যানেলে পেলাম,     .",Negative
কে দেখলে শরীরে কাঁটা দিয়ে ওঠে।,Negative
"ভাই আমি আপনার সব গুলা ভিডিও দেখে থাকি,,এবং আমি  বড় এক জন ফ্রেন্ড,ভাই  ,, এবং ,অন্য অন্য মুভি গুলা ডাউনলোড করার জন্য আমারে যোদি কিছু লিংক দিতেন, অনেক উপকার হত...?",Negative
আমার পছন্দের মুভি এটা,Negative
আমার প্লিয় থর,Negative
আমি সিনামাটিপুর দেখেছি,Negative
আমার সবচেয়ে প্রিয় হিরো,Negative
ভাই মারবেল সিরিজের পরে  সিরিজ দেখতে চাই। ️️️🇧🇩🇧🇩,Negative
গুলোর লিংক দিলে ভালো হত,Negative
ভাইয়া আমি সুপারম্যান এর ভিডিও দেখতে চাই,Negative
এর কোন কোন মুভির সাথে অন্য মুভি সম্পর্ক আছে,Negative
দাদা  কবে৷  আসবে,Negative
ভাই সব ঠিক আছে কিন্তু স্বিন্নের এই অবস্থা করে রাখছেন কোন,Negative
গুলোর লিংক দিলে ভালো হত,Negative
ভাইয়া আমি সুপারম্যান এর ভিডিও দেখতে চাই,Negative
ভাই ফুল মুভির লিংক চাই পিজ️️️,Negative
এর কোন কোন মুভির সাথে অন্য মুভি সম্পর্ক আছে,Negative
দাদা  কবে৷  আসবে,Negative
১ মিলিয়ন ভিউ...!,Negative
ভাই সব ঠিক আছে কিন্তু স্বিন্নের এই অবস্থা করে রাখছেন কোন,Negative
সুন্দর  হয়েছে,Negative
আয়রন ম্যান টু কবে এক্সপ্লেইন করবেন,Negative
ভিডিও ভালো লাগল,Negative
মারভেল সিরিজ চালিয়ে জান আরও ভিডিও বানাতে থাকেন,Negative
কি কোন   তৈরি করছে,Negative
এরপর   নিয়ে বানাবেন,Negative
"আপনার চ্যানেল এ প্লেলিস্ট নাই কেন, মার সিরিজ এর একটা প্লেলিস্ট থাকলে ভালো হতো",Negative
নাইস,Negative
ভাই  কিছু বলার নাই। আমি যে কখন হারিয়া গেছি আমি নিজেও জানি না..         ️     ️,Negative
খুব ভালো লাগলো ধন্যবাদ এত সুন্দর ভিডিও দেওয়ার জন্য,Negative
ভাইয়া আপনার কন্ঠ অনেক ভালো লাগে আপনার যতগুলো মুভি এক্সপ্লেনেশন আছে তার সবগুলো দেখা শেষ তাও দুই থেকে তিনবার। 1:52,Negative
ভাইয়া এরকম মুভি আরও চাই।।।অন্নেক বেশি ভালো লাগে এইসব মুভি,Negative
"মুভিটা অনেক ভালো, সাথে আপনার ব্যাখ্যা অসাধারণ",Negative
ভালো লাগছে ভাই দিলেই  চলবে আরো চাই।,Negative
মুভি দেখতে দেখতে  কেঁদে  ফেলেছি 🇳,Negative
মুভির বিস্তারিত অনুভব করে আমার চোখে পানি চলে এসেছে।মাশাহ আল্লাহ তুর্কি মুভি এতো অসাধারণ।সত্যি তুর্কী মুসলিম ভাইদের উসমানীও সাম্রাজ্য এমনই বিশ্বস্ত সুন্দর মুহূর্তে পরিপূর্ণ ছিলো।,Negative
"চমৎকার একটি মুভি, সেনা বাহিনীর    এমনই হওয়া উচিত, ধন্যবাদ",Negative
"সত্যি অনেক বেশি ভাল লেগেছে,,,   শেষের অংশটি   কর্নেলের মৃত্যুর অংশটি",Negative
"মভি দেখে কিছু বলার নাই,,, এক কথায় অসাধারণ",Negative
এমন মুভি জীবনেও দেখিনাই ভাই অনেক ভালোলাগলো,Negative
অসাধারণ কাহিনি,Negative
মুভিটা দেখতে প্রচুর পরিমাণে মজা লাগল,Negative
এইটা সত্যি কঠিন একটা মুভি বিশেষ করে  মৃত্যুর আগে এর কথা শুনে চোখে পানি চলে আসছে️,Negative
তুর্কি মানেই ভালোবাসা।,Negative
অনেক সুন্দর মুভি️,Negative
ভাই আসলে এটা একটা  সুন্দর মুভি আমি সেলুট জানায় তাদেরকে যারা নিজের জীবন বাজি রেখে সাধারণ মানুষের পাশে দাঁড়িয়েছে,Negative
এরকম ভিডিও আরো চাই ভাই,Negative
অসাধারণ,Negative
খুব সুন্দর ছিল মুভিটি ️‍,Negative
এই মুভি টা শোনার খুব ইচ্ছে ছিল,Negative
সেই লেভেলের মুভি। অস্থির ছিল এক্সপ্লেইন।,Negative
"ঐগুলো  না,      ,  155mm শেল ইউজ করে।   এর ম্যাক্সিমাম ফায়ারিং রেঞ্জ আট কিলোমিটার পর্যন্ত হয়। তবে  ইফেক্টিভ রেঞ্জ মাত্র 3 কিলোমিটার অর্থাৎ  3 কিলোমিটার পর্যন্ত টার্গেট করা যায়। আর  155mm  দিয়ে 40 কিলোমিটার পর্যন্ত টার্গেট করা।  আর এই মুভিতে যেই  গুলা ইউজ করা হয়েছে এগুলো তুরস্কের নিজেদের তৈরি।",Negative
অনেক ভালো লেগেছে,Negative
ইনশাআল্লাহ সফল সেনাবাহিনীর হতে সকল চেষ্টা করতেও রাজি আছি,Negative
ইনসাআল্লা আমি সেনাবাহিনী হব,Negative
অসাধারণ লেগেছে ব্রাদার,Negative
পুড়ায় আগুন ️️️,Negative
ভাইয়া আপনার কথার ধরন আমার খুব পছন্দ,Negative
সত্যি সত্যিই খুব সুন্দর,Negative
এই রকম আরও মুভি চাই ।,Negative
"যারা বলে ডিফেন্স এর জব করে তারা কাজ কি, তাদের এই মুভি টি দেখা উচিত।  শুধুমাত্র পনের বিশ হাজার টাকার জন্য কেই ডিফেন্স এর চাকরি করে না। দেশের প্রতি বুক ভরা ভালবাসা আর সাহস থাকা দরকার।",Negative
অসাধারণ,Negative
সুপার মুভি  সাথে দারুণ উপস্থাপন,Negative
ভাই মুভিটা দেখে চোখের পানি ধরে রাখতে পারিনাই,Negative
আমি একজন গেমার আপনি এত সুন্দর করে বুজায়ছেন অনেক ভালো লাগলো ভাই আমার নাম আরফাত হোসেন,Negative
ভাই এত দেরি করে মুভি আনেন কেন অনেক তাড়াতাড়ি নিয়ে আসবেন  প্লিজ প্লিজ প্লিজ প্লিজ,Negative
অসাধারণ,Negative
অসাধারণ,Negative
অসাধারণ,Negative
আমার দেখা সেরা মুভি,Negative
অস্থির,Negative
তবে ভাই আপনার বয়েছ টা সেই,Negative
আপনার এক্সপ্লেইন টি সুন্দর। আসলে বর্তমানে ফুল মুভি দেখার সময় কোই। তবে যাই হোক আমার কাছে এক্সপ্লেইন ই ভালো লাগে। শুভ কামনা রইলো।,Negative
তুর্কিরাও মাস্টারপিস বানাতে । তোমার মুভি  টা বরাবরের মতই সুন্দর হয়েছে।  স্প্যানিশ মুভি     করবে ।,Negative
সেরা,Negative
ঠিক আছে ভাই। আমি গেম প্লে দেখার জন্য প্রস্তুত আছি,Negative
এই মুভি  টার সট ক্লিপ কতোবার দেখছি ভাই খুব ভালো লাগে ১০বারের বেশি  হবে,Negative
অসাধারণ একটা মুভি ছিলো ভাই,Negative
অস্থির 🫡,Negative
মুভিটা পুরাই জোশ,Negative
ভাই এমন মুভিই তো দিবেন আর খুব তারাতারি,Negative
ভাইরে ভাই কি মুভি দিলেন এটা সেই লেভেলের  মুভি এরকম মুভি চাই আরো,Negative
প্রত্যেকটি কথার সাথে আমার কাছে মনে হচ্ছে আমি ওখানে উপস্থিত হয়ে আছি,Negative
অসাধারণ,Negative
ভাই এত দেরি করে মুভি আনেন কেন অনেক তাড়াতাড়ি নিয়ে আসবেন  প্লিজ প্লিজ প্লিজ প্লিজ,Negative
আসসালামুআলাইকুম ভাই আমার সালাম নিবেন আমি আপনার বড় একজন ফ্রেন্ড আপনার ভিডিও প্রতিদিন দেখি খুব ভালো লাগে এসব একশন মুভি এক্সপ্লেন করবেন খুব ভালো লাগে,Negative
ভাই আপনি কী পিপ্রায়ার গেমস খেলেন,Negative
শেষ টা দেখে অনেক কষ্ট লাগছে,Negative
এই মুভি টা অনেক বার দেখেছি,Negative
এই মুভি আরো ২বছর  আগেই দেখছ,Negative
আপনার গুরুপে জয়েন কি করে হব  বলে দেন ভাই এই মুভি আমার দেখতেই হবে।,Negative
ওয়াও,Negative
তুর্কি মুভি খুব সুন্দর,Negative
ভাই বিজিবি তে আছি চট্টগ্রামে দোয়া কইরেন,Negative
আপনার চ্যানেলটা এখন খুঁজে পেলাম।খুব ভালো লাগল ভিডিওটি বাকি গুলো ও দেখব।সাবস্ক্রাইব করলাম।,Negative
এই রকম মুভি আরো চাই,Negative
বেশি করে যুদ্ধ মুবি চাই,Negative
"ভাই, এই মুভিটার সাথে "" "" মুভির অনেক মিল আছে।",Negative
আসলেই আস্থির,Negative
কতবার দেখসি খেয়াল নাই তবু মন ভরে নাই,Negative
বস,Negative
ভাই আমি হইলাম স্নাইপার কিং,Negative
আমি ৫ ফুট  ২ ইঞ্চি আমি জানি আমি কোনদিন আর্মিতে যোগ দিতে পারব না কিন্তু তারপরও ইচ্ছে হয় অনেক যদি কোনদিন তাদের কোন কাজে লাকতে পারি আর নিজেকে এভাবে শহীদ করে দিতে পারি আল্লাহ পরপারেও ভালই রাখবেন ইনশাল্লাহ,Negative
ভাই ঔটা M82B না।   বোরা স্নাইপার তুরস্কের নিজের তৈরি,Negative
ডাউনলোড হচ্ছে না ভাই। প্লিজ বলে কিভাবে করবো।,Negative
ভাই এত দেরি করে মুভি আনেন কেন অনেক তাড়াতাড়ি নিয়ে আসবেন  প্লিজ প্লিজ প্লিজ প্লিজ,Negative
আমিও এক দিন সেনাবাহিনী হবো সবাই আমার জন্য  দোয়া করবে,Negative
আমার দেখা সবচেয়ে সেরা মুভি এটা,Negative
ভাই  নাম কি,Negative
ভাই আপনি ফ্রি ফায়ার খেলেন,Negative
ভাই এটা কি শুনাইলেন আমিতো পুরা ওই এটার ভিতরে ঢুকে গেছিলাম,Negative
ইনশাআল্লাহ। আমি একদিন ইসলামিক বাহিনী বানাবো। আপনারা সবাই দোয়া করবেন।,Negative
কান্না করে দিছি রে ভাই,Negative
আমি সেনাবাহিনী হতে চাই অর্থ,Negative
আমার ফাস্ট কমেন্ট আমি কখনো কাউকে কমেন্ট করি নাই,Negative
ভাই ফ্রি ফায়ারে M82b আমি অনেক ভালো চালাই আপনার কথা শুনে আমার হাসি পেলো এভাবেই একটা ম্যাচে দুই পাপিষ্ট এনিমি  আমার কিচ্ছা খতম করে দেয় অনেক মাইনাস খাইলাম ভাই,Negative
কিন্তু বাস্তবে জংগি দের উরাতে গেলে।।।।নিজেরাই উড়ে যাবে,Negative
মুভির নাম কি,Negative
মুভির লিংক টা কি পাওয়া যাবে,Negative
ভাই ফ্রি ফার,Negative
এত সময় হকতে থক্তেও কেন ওরা এয়ার সুপোর্ট পাঠালো না?,Negative
অসাম,Negative
মুভির নাম কি??,Negative
ভাই আপনি কি   খেলেন নাকি না হলে এতো গানের নাম জানেন কি ভাবে,Negative
"আপনার এক্সপ্লেইন একদম ভালো লাগলোনা,মাথা পিচা কিছু নাই,, এ,এস,ডি স্টোরি ইজ দ্যা বেস্ট",Negative
আকাশ,Negative
সাঈদা না জেইদা,Negative
আমি নিশ্চিত ভাই তুমি   খেল,Negative
ওজন ক আালো,Negative
এইটা কেমন মুভি? আইএসআই কি ধর্ষণ করে?,Negative
ফ্রী ফায়ার এর নাম নিলে দেখে আর দেখলাম না ভিডিও,Negative
বাই সামান্য রকেট লাঞ্চার দিয়ে আব্রাহামস ট্যাংক ধ্বংস করা সম্ভব,Negative
এটা একটা সিরিজ,Negative
"অনেক ইচ্ছে ছিলো বাংলাদেশ সেনাবাহিনীতে যোগ দিবো,,",Negative
"এই সিনামায় m82b কোন স্নাইপার নাই,",Negative
যখন হেলিকপ্টার এসেছিল তখন গুলাবারুদ এনে নিলেই পারতো,Negative
এই মুভিটা সেস হওয়ার মতো না,Negative
এর মানে কি সেটা বলো ভাই।,Negative
মুভিটা অনেক সুন্দর তবে আপনার এক্সপ্লেন টা বাজে হইছে,Negative
"ধন্যবাদ আপনাকে,",Negative
আপনার সব মুভি দেখতে অসাধারণ,Negative
অনেকদিন ধরেই আপনার  শুনি আজ প্রথম লাইক ও কমেন্ট করলাম।,Negative
আজ আমারা দেখতে চলেছি কেয়া আপুর নতুন ভিডিও,Negative
অসাধারণ,Negative
আসসালামু আলাইকুম আফু কেমন আছো,Negative
এত সুন্দর করে মুভি ভিডিও দেওয়ার জন্য,Negative
খুবই ভালো লাগছে ধন্যবাদ  আপু,Negative
আমি আপনার কথার মায়াই পরে গেছি,Negative
ছবির লিংক দিয়ে দিবেন আপু এর পর থেকে তাহলে খুব ভালো হবে,Negative
তোমার মতো কেউ মুবি  করতে পারে না,Negative
আসসালামু আলাইকুম কেমন আছেন আপনি,Negative
ভালোবাসার কেয়া আপু,Negative
আল্লাহ,Negative
আপু তাতেমার বাড়ি কোথায়,Negative
মুভির পুরো নামটি বলবেন প্লিজ।,Negative
ভালো আছো তো তোমার ভিডিও আমি রোজ দেখি ভারত থেকে,Negative
"আপু আমি আপনার নিয়মিত একজন দর্শক, আপনার ভিডিও গুলো অনেক সুন্দর হয় অনেক ভালো লাগে, আমি আপনার ফেসবুকএ যুক্ত আছি, আপনার মুভি এক্সপ্রেশন অনেক সুন্দর হয়, আর আপনার কন্ঠ খুব মিষ্টি মাশাআল্লাহ  অনেক অনেক শুভকামনা রইল",Negative
ফারজানা আপু বিগ ফ্যান,Negative
দাদা আমার একটি     আছে অমি কি সেকসেষ হতে পারবো দিদি পারলে একটু হেল্প  করতে  দিদি আমি তোমার সব ভিডিও দেখি  ️ইতি তোমার,Negative
"আপনার কণ্ঠস্বরটা অনেক বেশিই সুন্দর,,, আর খুব ভালো লাগে আপনার এই কথা টা,,, সে বলে,,,",Negative
কেয়া আপুকে কে কে দেখতে চান ।।,Negative
ইন্দোনেশিয়ান হরর মুভি প্লিজ আপু,Negative
টাইটেলে ছবির নাম এক আর আপনি নাম বললেন আরেক এটা করা কি ঠিক,Negative
আপু সাইন্স ফিকশন মুভি দেখতে চাই,Negative
আপনার মুভি না দেখলে আমার ঘুম হয় না,Negative
আল্লাহর,Negative
আপু আপনাকে দেখতে চাই?,Negative
আমাদের প্রিথিবির কাহিনি দেকে আমি অনেক  হয়ে গিয়েসিলাম,Negative
থ্যাংক ইউ সো মাচ আপু। আজকে অসুস্থ দিনে ভিডিওটা রিলেস করার জন্য।  ধন্যবাদ আপনাকে আপু। আপনার আব্বু আম্মুর প্রতি সালাম জানাই আমি। আর আমার জন্য দোয়া করবেন আপু। আমি অসুস্থ।,Negative
"আসসালামু আলাইকুম,, কেয়া আপু   কেমন আছেন আপনি??",Negative
এই মেয়েটার কন্ঠ টা অন্য রকম সুন্দর।আমার বয়স টা একটু বেশি হলে বিয়ে করে নিতাম।এই মেয়ের কন্ঠ টা আমার ঘুম কেড়ে নিয়েছে।,Negative
এইধরনের মুভি দেখতে চাইছিলাম ধন্যবাদ আপু,Negative
আপনার সাতে দেখা করতে চাই আপনাকে আমাদের এখানে কেও চিনে না আমার মুখেই শুনতো পরে বলতাম যে ভইচ টা সুনলে বুজবি কেমন এক্সপ্লেন সন করে সভাই এখন আপনার ভিদিও দেখে এত ভালো লাগে একটা ইচ্ছা আপনার সাতে জদি দেখা করতে পারি আপনি ফাস্ট যে কমেন্ট এর রেপ্ল্য দিলেন,Negative
এবার কিছু রোমান্টিক মুভির ঐক্রপ্লেইন দেখতে চাই,Negative
কেমন আছেন,Negative
কেমন আছো আপু অনেক দিন পর একটা কমেন্ট করলাম,Negative
- 4 মানুষের সাথে দেবতার প্রেম - ://./VxSJuCR5yrg,Negative
"আমি তো কাহিনি দেখি কম,শুধু আপনার কথা  শুনি মুগ্ধ হয়ে।।।।",Negative
শেষের কথাগুলো শুনে হাসতে হাসতে পেট ব্যাথা হয়ে গেছে,Negative
রাইট ব্রো।  এই সিনেমাতে কাহিনি জিনিসটাই নেই।  তবুও আপনার জন্য দেখা।,Negative
অনেক ভাল লাগল ️,Negative
অনেক অনেক অনেক ভালো,Negative
খুব ভালো লাগলো,Negative
আলহামদুলিল্লাহ ভাই আপনার ভিডিওর জন্য এতদিন অপেক্ষা করি,Negative
দেখার আগেই মন্তব্য করে দিলাম অনেক অনেক ভালো হয়েছে,Negative
মুবিটা,Negative
আপনার ভিডিও  আমার অনেক অনেক ভালো লাগে,Negative
ভাই আপনি খুব ভালো ️️️,Negative
ভাইয়া আমি আপনার সব ভিডিও দেখি,Negative
"ফ্রিজে পানি রাখলে যেমনি পানি ঠান্ডা হয়ে যায়, তেমনি নামাজ পড়লে অন্তর ঠান্ডা হয়ে যায়,[[সুবহানাল্লাহ]]",Negative
ভাই আপনার ভিডিও অনেক ভালো। দয়া করে ভিডিও বানানো বন্ধ করবে না।।,Negative
মুসা নবীর জীবনী|   শুভ জন্মদিন বড় ভাই। জন্মদিনে অনেক শুভেচ্ছা ও অভিনন্দন। সব সপ্নগুলো পুরন হোক। সব সময় ভালো থাকো,Negative
অসাধারণ। ️️️,Negative
শেষের কথাগুলো খুবই গুরুত্বপূর্ণ।,Negative
! জীবনের প্রতিটি মুহূর্ত রঙিন হোক,Negative
আপনি যাই বলুন যে যাই বলুক আমার কাছে এটা একটা এপিক সিনেমা️,Negative
"চান্দু রা, ফ্রিজে পানি রাখলে যেমন পানি ঠান্ডা হয়। তেমনি করে, নামাজ পড়লে মনটা ঠান্ডা হয়ে যায়(সুবহানাল্লাহ)",Negative
- টা- আমার- খুব- ভালো- লাগলো- দাদা।,Negative
আমি আপনার জন্য সব সময় দোয়া করি।।এমন কি নামাজের পর মোনাজাতে ও।।।।আমি আপনাকে দুর থেকেই ভালবাসবো।।।।আপনার আমার সাথে অথা বলা লাগবে না।।।!।।।।।,Negative
ভাইয়া আমি অপনেকে অনেক লাকি করি .অপনের মুবি দেখে যতটা ভালোলাগে তার চেয়ে বেশি ভালোলাগে অপনের ভয়েছ.,Negative
ভেনম মুভিটা  করার অনুরোধ রইলো।,Negative
শেষের বাঁশটা দারুণ হয়,Negative
বিগ ফ্যন ভাই,Negative
রাইট ভাই। কিনতু তুমি আরে ভালে ছবি নিয়ে আছে প্লেজ,Negative
ভাইয়া কোরিয়ান রোমান্টিক  দিবেন বেশি করে .,Negative
আমি আপনার ভয়েসটা খুব ভালোবাসি,Negative
ভাই   এই সিরিজটা  করেন প্লিজ,Negative
সত্যি মিয়া খলিফার জীবন কাহিনি  নিয়ে মুভি করলে হিট হবে,Negative
সিনেমা কেমন হয় হোক আপনার কণ্ঠস্বর আপনার এক্সপ্লেনেশন ভালো লাগে বিধায় দেখি,Negative
আপনাদের ভালোবাসায় আমরা এখন 435+ জন পরিবার এর সদস্য আপনাদের কে নিয়ে আরো অনেক দূর এগিয়ে যাব ইনশাআল্লাহ.,Negative
খুব ভালো লাগে মুবি,Negative
ভাই আপনার ভয়েস টা অস্থির,Negative
ভাই লাষ্টের কথাটা চরম ছিলো।,Negative
ভাই একটা  চৌনচল চৌধুরী ভিডিও দেন।,Negative
চাইনিজ ফ্যান্টাসি মুভি চাই প্লীজ️,Negative
ভাই আমি সারাজীবন শুধু এক্সপেলেন দেখে গেসি কোনো দিন কোনো মুভির কথা বোলিনি আজকে বোল্লাম একটা এনিমেটেড মুভি    এক্সপেলেন করেন। ছোট ভাই মেনে রিকুয়েষ্ট টা রেখেন প্লিজ প্লিজ।,Negative
ভাই আমি সারাজীবন শুধু এক্সপেলেন দেখে গেসি কোনো দিন কোনো মুভির কথা বোলিনি আজকে বোল্লাম একটা এনিমেটেড মুভি    এক্সপেলেন করেন। ছোট ভাই মেনে রিকুয়েষ্ট টা রেখেন প্লিজ প্লিজ।,Negative
ভাই আমি সারাজীবন শুধু এক্সপেলেন দেখে গেসি কোনো দিন কোনো মুভির কথা বোলিনি আজকে বোল্লাম একটা এনিমেটেড মুভি    এক্সপেলেন করেন। ছোট ভাই মেনে রিকুয়েষ্ট টা রেখেন প্লিজ প্লিজ।,Negative
ভাই আমি সারাজীবন শুধু এক্সপেলেন দেখে গেসি কোনো দিন কোনো মুভির কথা বোলিনি আজকে বোল্লাম একটা এনিমেটেড মুভি    এক্সপেলেন করেন। ছোট ভাই মেনে রিকুয়েষ্ট টা রেখেন প্লিজ প্লিজ।,Negative
ভাই আমি সারাজীবন শুধু এক্সপেলেন দেখে গেসি কোনো দিন কোনো মুভির কথা বোলিনি আজকে বোল্লাম একটা এনিমেটেড মুভি    এক্সপেলেন করেন। ছোট ভাই মেনে রিকুয়েষ্ট টা রেখেন প্লিজ প্লিজ।,Negative
ভাই আমি সারাজীবন শুধু এক্সপেলেন দেখে গেসি কোনো দিন কোনো মুভির কথা বোলিনি আজকে বোল্লাম একটা এনিমেটেড মুভি    এক্সপেলেন করেন। ছোট ভাই মেনে রিকুয়েষ্ট টা রেখেন প্লিজ প্লিজ।,Negative
ভাই আমি সারাজীবন শুধু এক্সপেলেন দেখে গেসি কোনো দিন কোনো মুভির কথা বোলিনি আজকে বোল্লাম একটা এনিমেটেড মুভি    এক্সপেলেন করেন। ছোট ভাই মেনে রিকুয়েষ্ট টা রেখেন প্লিজ প্লিজ।,Negative
ভাই আমি সারাজীবন শুধু এক্সপেলেন দেখে গেসি কোনো দিন কোনো মুভির কথা বোলিনি আজকে বোল্লাম একটা এনিমেটেড মুভি    এক্সপেলেন করেন। ছোট ভাই মেনে রিকুয়েষ্ট টা রেখেন প্লিজ প্লিজ।,Negative
ভাই আমি সারাজীবন শুধু এক্সপেলেন দেখে গেসি কোনো দিন কোনো মুভির কথা বোলিনি আজকে বোল্লাম একটা এনিমেটেড মুভি    এক্সপেলেন করেন। ছোট ভাই মেনে রিকুয়েষ্ট টা রেখেন প্লিজ প্লিজ।,Negative
আমি সেই দাস!    ( ),Negative
আলামিন ভাই জেসমিনই কি আমাদের ভাবি,Negative
আলামিন ভাই জেসমিনই কি আমাদের ভাবি,Negative
ভাই ভেনাম ৩পাবা,Negative
শেষ এ যাকে দেখায় তার নাম জনি কেজ,Negative
বড় ভাই তাইলে মিয়া খলিফার জীবন নিয়ে একটা মুভি বানাতে হচ্ছে,Negative
অনেক কষ্ট করে ভিডিও বানাই কিন্তু এখনো সফলতা পাইনি ...এই ছোট ভাই টিকে একটু সাপট করার মতো কি কেও নেই,Negative
ভাই ওয়াও কেস আমি কাজ করতাছি দোয়া করবেন জাতে টাকা পাই ইসআল্লাহ,Negative
ভাই এই মুভিটির লিঙ্ক দিয়ে দিতে কি পারবেন,Negative
বুলসিট,Negative
ভাই এ  একটি  আছে,Negative
আমার কাছে মুভিটা পরিচিত কারণ গেমটা খেলছি,Negative
ভাই আপনার ভিডিও সবার আগে দেখি আলামিন ভাই আমি বিশাল ফ্রেন্ড,Negative
ভাই আপনি কোন দেশে বাস করেন আমি আপনার সব ভিডিও দেখি আপনার        .,Negative
অনেক কষ্ট করে ভিডিও বানাই কিন্তু এখনো সফলতা পাইনি ...এই ছোট ভাই টিকে একটু সাপট করার মতো কি কেও নেই,Negative
অনেক কষ্ট করে ভিডিও বানাই কিন্তু এখনো সফলতা পাইনি ...এই ছোট ভাই টিকে একটু সাপট করার মতো কি কেও নেই,Negative
আল আমিন ভাই জদি মিয়া আন্টিকে নিয়ে মুভি বানাইলে আমারে ম্যাক আপ আর্টিস্ট  হিসবে রাইখেন,Negative
ভাই এই সিনেমা নিয়ে যে গেমটা আছে ওটা যে টাকা কামায় তা দিয়ে এর কামাই থেকে বেশি উঠে যায়,Negative
ভাই আপনার কি অন্য চ্যালেন আছে কি   420.কারন ভয়েজটা একই রকম লাগে,Negative
ভাই এই সিনেমাটা ছিল বাচ্চাদের জন্ন তাহলে আপনার কিভাবে পছন্দ হবে বলেন?,Negative
এর থেকে এনিমেশন অনেক ভালো,Negative
ভাই আমি সারাজীবন শুধু এক্সপেলেন দেখে গেসি কোনো দিন কোনো মুভির কথা বোলিনি আজকে বোল্লাম একটা এনিমেটেড মুভি    এক্সপেলেন করেন। ছোট ভাই মেনে রিকুয়েষ্ট টা রেখেন প্লিজ প্লিজ।,Negative
"আল আমিন ভাই যে সিনেমার কাহিনী নাই ওই সিনেমা এক্সপ্লেইন                করেন কেন,,,,",Negative
আর এই ছবির মধ্যে আলাদা কিছু নেই,Negative
ভাই মিয়া খালিফা নিয়া ইন্টারেস্টেড কেন?,Negative
ভাইয়া আমর সাথে  খেলবেন,Negative
অনেক কষ্ট করে ভিডিও বানাই কিন্তু এখনো সফলতা পাইনি ...এই ছোট ভাই টিকে একটু সাপট করার মতো কি কেও নেই,Negative
অনেক কষ্ট করে ভিডিও বানাই কিন্তু এখনো সফলতা পাইনি ...এই ছোট ভাই টিকে একটু সাপট করার মতো কি কেও নেই,Negative
দয়া করে  সবাই ছোট্ট ভাইটির   পাশে থাকবেন,Negative
আরে ভাই আপনার মিয়া খলিফার সাথে কি শত্রুতা ভাই যে কোন কথায় মিয়া খলিফা মিয়া খলিফা করেন,Negative
অনেক কষ্ট করে ভিডিও বানাই  কিন্তু কোন সফলতা পাই না আমাকে একটু হেল্প করবে এমন কেউ নাই,Negative
আপনার বাসা কই,Negative
ভাই ছোট ভাইটার পাসে দাড়ান ইসলামি ইতিহাস বানাই। আপনাদের সাহায্য প্রয়োজন,Negative
11  স্টোরি গেমের ভিতরে বেশি সুন্দর ভাবে দেওয়া হয়েছে  কিন্তু মুভি তে তেমন কিছুই নেই,Negative
কিরে ভআই আজাইরা টাইম লস করলাম। সত্যি কোন কাহিনী না এইটা,Negative
"সব মুভিতে কাহিনি খোজা বোকামি,,,এটা একটা গেম থেকে মুভিটা বানানো হয়েছে,,,কাজেই গেমের সাথে মিল রাখার জন্যই মুভির স্টোরি এভাবে বানানো হয়েছে",Negative
যারা '80s এর কিড তারা এই সিনেমার মজা পাবে কারণ তারা অনেক কষ্ট করে বিভিন্ন গেমিং কনসোলে   খেলেছে (তখন অনলাইন গেমিং নামক বস্তুটার পয়দা হয় নাই এবং খুব সম্ভবত মিয়া খলিফার বাবা মা একজন আরেকজনের সাথে পরিচিত হয় নাই) । আপনারা এর মজা বুঝতে নাও পারেন তাই এই সিনেমা আপনার কাছে 'ফালতু' লাগতেই পারে।,Negative
ভাই প্লিজ আমার ' টা একবার গোরে আসুন প্লিজ প্লিজ প্লিজ,Negative
ভাই প্লিজ আমার ' টা একবার গোরে আসুন প্লিজ প্লিজ প্লিজ,Negative
দাদা তুমি মুসলিম কি?,Negative
আমার নুনু শক্ত আমি মিয়া খলিফার ভক্ত,Negative
ফালতু ছেনেমা,Negative
আমার খুব প্রিয় সিনেমা এটা,Negative
আমার কাছে এক্স ম্যানের সিরিজগুলো বেশ ভালো লাগে।   একজন দারুন অভিনেতা।️️️,Negative
আপনার ভিডিওর অপেক্ষা করছিলাম,Negative
... ছোট বেলার এক প্রিয় মুভির এক্সপ্লেনেসান দেখে আরো ভালভাবে বুঝতে পারলাম মুভিটা,Negative
অসাধারণ,Negative
আপনার ভিডিও গুলা আমার অনেক ভালো লাগে। নতুন ভিডিও র জন্য অপেক্ষা আছি।,Negative
ভাইয়া    ️,Negative
"রাসূল সাল্লাল্লাহু আলাইহি ওয়াসাল্লাম থেকে বর্ণিত। তিনি বলেন, তোমাদের মধ্যে ঐ ব্যাক্তি সর্বোত্তম যে কুরআন শিখে এবং অন্যকে শিখায়",Negative
! জীবনের প্রতিটি মুহূর্ত রঙিন হোক,Negative
এটাই বেস্ট মুভি ভাই️,Negative
অনেক ভাল একটা মুভি।,Negative
আপনার কন্ঠ অনেক অনেক অনেক সুন্দর,Negative
সকল সমস্যার সমাধান হলো আল-কুরআন🇧🇩️,Negative
আমার অনেক প্রিয় মুভির মদ্যে x_man মুভি একটা,Negative
ভাই বেশি বেশি ভিডিও দেন,Negative
কৃত্যজ্ঞতা ওই মহান আল্লাহর যার দয়া আর আপনাদের ভালোবাসায় আমরা 850+ পরিবারে সদস্য 1000 এর জন্য অল্প বাকি আপনাদের সকলের সাহায্য প্রার্থি,Negative
মাঝে থিকা একটা মুভি  করলে হবে পুরা শুরু থিকা করতে হবে.    1 ---   (2011)   2. -:     (2o14)   3. - :  (2009)   4. -:  (2016)   5. -:   (2019)   6. - (2000)  7..  X2: -  (2003)  8. -:    (2006)  8.   (2013)  9.  (2017),Negative
দারুণ ছিলো ছবিটা খুব খুব ভালো লাগলো ধন্যবাদ ভাইয়া,Negative
ভাই অনেক ভালো রিয়েকসন,Negative
আপনার ভয়েস জাস্ট ওয়াও......এরকম মুভি এক্সপ্লেনশন করলে আপনাকে মানায়,Negative
এক্স ম্যান সিরিজগুলো এক্সপ্লেইন করুন,Negative
এটা আমি দেখছি এই কয়েকদিন দেখাইল মুভি আপলোড দিতেছেন,Negative
এই ছবি টা আমি আমার মামার বাড়িতে গিয়ে দোকানে বসে দেখছিলাম অনেক আগে,Negative
"ভাইয়া দয়া করে ""  "" মুভিটা এক্সপ্লেন করেন",Negative
ভারতীয় সিনেমা নিয়ে ভিডিয় দেন ️️,Negative
আলামিন জেস্মিন,Negative
তোমাকে অনেক ভালোবাসি ভাই,Negative
"ভাই বলছিলেন   2 নিয়ে আসবা অপেক্ষায়, তাকঅলাম",Negative
মুভি টা এক্সপ্লেইন করবেন প্লিজ প্লিজ ভাই,Negative
নাইস,Negative
ভাই আমি আপনার আনেক বড় ভক্ত।,Negative
ভাই এর আগে কখনো সিনেমা দেখে মন কাঁদেনি।এই তো চোখের কোণে দু ফুটা পানি চলে এলো।,Negative
সবার সেরা মানব হযরত মুহাম্মদ সাল্লাল্লাহু আলাই সালাম,Negative
ধন্যবাদ ভাই চোখে পানি চলে এসেছিল৷ অসাধারন,Negative
সত্যি অবাক হলাম !গল্পটি শুনে,Negative
সত্যি আমি নিজেই কান্না করে দিয়েছি  যখন ক্ষেতে পানি আসলো,Negative
এই মুভিটার সাথে বাংলাদেশের বর্তমান পরিস্থিতির অনেক মিল আছে।,Negative
"শিক্ষণীয় মুভি এটা.. ছোটদের ও অবহেলা করতে নেই,, এই পাখার ব্যবহার আগে অনেক জায়গায় দেখা যেতো,, সফলতার দৃশ্যেটা চোখে জল এনে দিয়েছে,",Negative
অসাধারণ কাহিনী।  লাস্ট দৃশ্যে কান্না করে ফেলছি আমি,Negative
ভাই যখন পানি উঠছে তখন চোখের পানি এসে পড়ছে,Negative
আসলে মুভিটি অসাধারণ ️️️ মুভিটি দেখে কান্না চলে আসলো,Negative
আগে কখনো এমন সিনেমার গল্প দেখিনি অসাধারণ সিনেমার গল্প। আপনাদেরকেও ধন্যবাদ আপনারা আমাদের মাঝে গল্প তুলে ধরার জন্য,Negative
"একটা গান একবার শুনলে দ্বিতীয় বার শুনতে ইচ্ছা  করে না,, কিন্তু আজান এমন একটা সুর যা এক বার না দ্বিতীয় বার শুনলে ও আরো হাজার বার শুনতে ইচ্ছা করে মাশা আল্লাহ",Negative
"কান্না থামাতে  পারছি না, ️️️",Negative
ভাই চোখে পানি আসলো  মর্মান্তিক একটা কাহিনী,Negative
এতো সুন্দর মুভি!  শেষের অংশে অনেক আনন্দ লাগছিল,Negative
আমিও উইলিয়ম এর সাথে খুশিতে কেদে ফেলেছি।,Negative
অনেক ভালো লাগলো,Negative
খোয়োর পানি জমিতে পরলো আর ঠিক তখনি নিজের চোখের কোনে পানি চলে আসলো,Negative
ছবি টি অনেক ভাল লাগলো চোখে পানি চলে এসেছে ভাই,Negative
শেষের সিনটা অনেক ভালো লেগেছে,Negative
অসাধারণ ছিলো ভাই। তোমার ভিডিও এর ব্যাকগ্রাউন্ড মিউজিক টা অসাধারণ। ️,Negative
ভাই এইটা সত্যি যে যখন জমিনে পানি চলে আসল তখন খুশিতে চোখে পানি চলে আসল,Negative
"চোখে পানি চলে আসলো,,,ভাই। অসাধারণ",Negative
খুব সুন্দর,Negative
এটা কোন সিনেমা নয় এটা একটা আবেগ এটা একটা শক্তি যে শক্তির মাধ্যমে মানুষ সফল হয়,Negative
চোখে পানি আসার মতো দারুণ একটা মুভি,Negative
চোখের পানি ধরে রাখতে পারলাম না,Negative
"আমার এই কালো মানুষকে খুব ভালো লাগে। কারো মানুষের ভিতরে এক অজানা সৌন্দর্য আছে, যে ভালোভাবে দেখবে সেই দেখতে পাবে আমার কখনো কোনো কালো মানুষ দেখে ঘৃণা লাগে না",Negative
সত্যি চোখের জল ধরে রাখতে পারলাম না। আমিও চেষ্টা করছি সফল হওয়ার জন্য।,Negative
গল্পটা খুব ভালো হয়েছে...,Negative
অসাধারন,Negative
মন ভরে গেল,Negative
অসাধারন খুবই ভাল লাগলো ।🇧🇩🇺🇸,Negative
মুভিটি খুব ভালো লেগেছে এমন ভাবে আরো দেখতে চাই,Negative
ভাই চোখের পানি দরে রাখতে পারলাম না,Negative
সেরা সেরা,Negative
সত্যি চোখে পানি চলে আছলো,Negative
কান্না করে ফেলছি ভাই।,Negative
চোখে পানি চলে আসছে মুভি টা দেখে,Negative
আমি পুরো চিনেমাটা দেখতে চাই,Negative
খুব খুব ভালো লাগলো,Negative
অনেক অনেক সুন্দর বাস্তব মূখী মুভি,Negative
"পানি আসার সময় নিজেকে কন্ট্রোল করতে পারনি,",Negative
বাই এক্সপেরিমেন্টাল দেখতে আমার অনেক কষ্ট লেগেছে অনেক সুন্দর,Negative
ভাই চোখের পানিতে বালিশ ভিজে গেছে,Negative
অনেক সুন্দর একটা সিনেমা,Negative
অসাধারণ ভিডিও অনেক ধন্যবাদ আপনাকে ভালো লাগলে,Negative
খুব সুন্দর একটা ভিডিও।,Negative
আসলেই বিষয় টা স্বপ্নের মত,Negative
আমার খুব ভালো লাগছে আমি আপনার চ্যানেলটি সাবস্ক্রাইব করেছি এরকম ভিডিও আরো চাই,Negative
"একটা গান একবার শুনলে দ্বিতীয় বার শুনতে ইচ্ছা  করে না,, কিন্তু আজান এমন একটা সুর যা এক বার না দ্বিতীয় বার শুনলে ও আরো হাজার বার শুনতে ইচ্ছা করে মাশা আল্লাহ",Negative
পানি আসার সাথে সাথে চোখে পানি এসে চলে আসলো,Negative
আমার জীবনের সেরা মুভি,Negative
খুব ভালো লাগলো,Negative
খুব ভালো লাগলো।,Negative
খুব ভালো লাগছে,Negative
চোখ ভিজে গেছে,Negative
আলহামদুলিল্লাহ ️ আপনাদের সকলের দোয়ায় আমি প্রতিনিয়তই ভিডিও আপলোড করে যাচ্ছি।,Negative
মুভি অনেক ভালো লাগলো,Negative
খুব সুন্দর,Negative
অনেক ভালো লাগলো,Negative
অনেক ভালো লাগলো,Negative
অনেক ভালো হইছে,Negative
ব্লেক সালারা,Negative
দারুণ কনসেপ্ট ছিল। সেইসাথে জমজমাট উপস্থাপনা। এরকম সাইকোলজিক্যাল কনফ্লিক্ট বেসড আরো মুভির এক্সপ্ল্যানেশনের অপেক্ষায় থাকলাম।,Negative
অর্ণব দাদা আপনার ভিডিও আসার সাথে সাথে আমি নোটিফিকেশন পেয়ে ভিডিও দেখার জন্য চলে আসলাম।,Negative
কবে 1মিলিয়ন হবে অপেক্ষায় আছি️,Negative
আপনার এক্সপেইন গুলা অসাধারণ,Negative
যে মানুষের সৃষ্টিকর্তার উপর বিশ্বাস থাকে না তার জীবন এরকমই হয়।,Negative
"অর্নব ভাইয়া,          করবেন",Negative
ভাই  নামে একটা মুভি সম্প্রতি রিলিজ হয়েছে। দয়া করে ওটার এক্সপ্লেনেশন ভিডিও দিয়েন,Negative
"বিগ ফ্যান দাদা     ,",Negative
"একদম মাথার উপর দিয়ে যায় নি। কারণ আমার সংগী পুরো এরকম, তবে আরো  ।বন্দুকটা কবে হাতে নেবে, সেটাই ভাবছি",Negative
ওদের বাচ্চাটার কি হোলো শেষে..?,Negative
নিজের খারাপ চিন্তাদারাকে প্রশ্রয় দিলে আর ভালো কে না করলে এরকমই হয়,Negative
এই ছবিটার মানে ৯০% মানুষ বুঝে নাই তবে সতর্ক হওয়া উচিত!!  সিক্রেট সোসাইটি র মেসেজ এখানে আছে!,Negative
1 এর এক্সপ্লেনেশন দেখতে চান,Negative
ভাই সমগামী ছবি না দেওয়াই ভালো,Negative
ইলুমিনাটি ইলুমিনাটির কাম কাজ এইগুলো,Negative
এই মুভিতে ইলুমিনাতিকে প্রমোট করেছে।,Negative
সবাই কমেন্টে লাইক দেন।।,Negative
ধরনের মুভি না দেওয়ার অনুরোধ করছি।,Negative
রেলফির বাচ্চাটার কী হবে ?  সেও তো একটা রেলফিতে পরিণত হবে,Negative
"ভাই সত্যি বলতে এই মুভির  অনেকেই দিছে, কিন্তু শুধু মাত্র আপনারটা দেখার জন্য অন্ন কারোর টা দেখি নাই,  ফাইনালি আপনারটা এলো  অনেক অনেক  ধন্যবাদ ভাই ভালবাসা রইল ভাই আপনার জন্য।   ️ফ্রম🇧🇩",Negative
"এন্ডিং টা দুর্দান্ত ছিল, আর আপনার এক্সপ্লেনেশন এটাকে আরো পিক পয়েন্টে নিয়ে গেছে",Negative
"আপনার মুভি এক্সপ্লানেশন গুলা অস্থির,, যদিও ১/২ টা ভিডিও দেখেছি,অনেএএএএএএক ভালো লাগে   ২.৫০ ঘন্টার আলোচনা দেখতে চাই🥹🥹🥹এই মুভির উপরেই",Negative
আপনার ভিডিওর জন্য অপেক্ষায় ছিলাম। ধন্যবাদ .,Negative
অপেক্ষায় ছিলাম,Negative
অপেক্ষায় ছিলাম,Negative
ভাই আপনি   এর সিরিজগুলো এক্সপ্লেইন  করুন,Negative
ভালবাসা অবিরাম  ️,Negative
"ধন্যবাদ,  আমি অপেক্ষা করছিলাম তুমার ভিডিও এর জন্য,  অনেক ভিডিও সামনে আসছে দেখি নি।  অসংখ্য ধন্যবাদ",Negative
প্রথম কমেন্ট দাদা এটার অপেক্ষায় ছিলাম,Negative
অপেখায় ছিলাম,Negative
ভাই আমি আপনার সব ভিডিও দেখসি। আমি বাংলাদেশ থেকে আপনার পাগলা ভক্ত ভাই। মজা করছিনা আমি সিরিয়াসলি আপনার পাগলা ভক্ত ভাই। আপনার সাথে কথা বলার শখ আমার অনেক ভাই।,Negative
অবশেষে দিলেন।,Negative
ভাই  নামে একটা মুভি সম্প্রতি রিলিজ হয়েছে। দয়া করে ওটার এক্সপ্লেনেশন ভিডিও দিয়েন,Negative
অনেকদিন ধরে অপেক্ষায় ছিলাম এই ওপেন হেমার ভিডিওর জন্য,Negative
...... ভাই এই সিরিজের সিজন 2 আমি দেখছি কিন্তু আপনার এক্সপ্লেনেসন দেখার অপেক্ষায় আছি । সত্যি বলতে আপনার এক্সপ্লেনেসন দেখে প্রতিটা মুভিতে নতুনেত্যের সাধ পাই । ভাই তারাতারি এটার সিজন 2 এর এক্সপ্লেনেসন দিবেন । অপেক্ষায় আছি  বাংলাদেশ থেকে,Negative
-  আপনার  এ ভালো লাগে।     (),Negative
আপনার ভিডিওর সাউন্ড আরেকটু বাড়িয়ে দিলে খুব ভালো হয়। এমনিতেই আপনার এক্সপ্লেনেশন এক কথায় মনমুগ্ধকর।,Negative
"ধন্যবাদ ভাই, আমার প্রিয় হরর মুভি এটা",Negative
আপনার ভিডিও কবে আসবে সেই অপেক্ষায় ছিলাম,Negative
অসাধারণ  দাদা,Negative
নোটিফিকেশন আসামাত্র  ভিডিওটা দেখার আগেই কমেন্ট করলাম,Negative
আসসালামু আলাইকুম দাদা ভাই বাংলাদেশ থেকে ভালবাসা রইলো ️,Negative
পৃথিবীর সবথেকে সুন্দর এবং মধুর সুর হলো আজান...  মাশা -- আল্লাহ ️️,Negative
ভাই   এই সিরিজের এক্সপ্লেইন চাই  দারুণ একটা সিরিজ আমি দেখেছি কিন্তু আপনার এক্সপ্লেইন চাই!🇧🇩🇧🇩,Negative
এই মুভিটা আমি রুপালি পর্দার গল্প চেনেলে দেখেছি।,Negative
আন্টার্কটিকা নয় ব্রো এন্টার্কটিকা,Negative
এক ভিডিও দুইবার কেন?,Negative
কোথায় গেলো?,Negative
হাহাহাহাহা,Negative
"না চাইতেও কান্না করে দিলাম, তাই এখন বসে বসে আম্মুর বকা খাচ্ছি, আম্মু বলতাছে মুভি দেখো আর কান্না করো আজ বাবা বাসায় আসুক, যাই হোক মুভিটা অনেক ভালো লাগছে এটাই বরো তথা",Negative
সত্যিকারের ভালোবাসা এটাই প্রমাণ করলো যে জন্ম না দিয়েই আর্দশ বাবা হওয়া যায়।,Negative
"এই রকম মুভি সত্যিই মন ছুয়ে যায়।চোখ এর কোনে জ্বল চলে আসে,কখন যে চোখ বেয়ে জ্বল পরতে শুরু করেছে তা বুঝতেই পারিনি ️️",Negative
কতবার যে এই মুভি টা দেখেছি হিসেবেব নেই আর কান্না ধরে রাখা তো অসম্ভব ️️,Negative
মাশাআল্লাহ.....কি অসম্ভব সুন্দর এই মুভিটা...। মন প্রাণ একেবারে জুড়িয়ে যায়। সত্যিকারের ভালোবাসা এমনই হয়ে থাকে।,Negative
যেকোনো পবিত্র ভালোবাসায় ছলনা থাকেনা। থাকে আল্লাহর রহমত যদি সেই ভালোবাসার মানুষটির মনুষ্যত্ব পবিত্র থাকে জবানের ঠিক থাকে। সত্যি কেঁদে কেঁদে বুক ভেসে গেলো যতক্ষণ পর্যন্ত মুভিটা দেখলাম।,Negative
"সত্যি অসাধারণ মুভি, বাবা মেয়ের ভালোবাসা অটুট থাকুক অজীবন।",Negative
অনেক অনেক সুন্দর শেষ অংশ দেখে চোখ দিয়ে পানি পড়ছেযাই হোক বাবা তার ওয়াদা রাখতে পেরেছে এবং মেয়েকে ফিরিয়ে পেয়েছে।,Negative
আপনার ভিডিও অনেক ভালো হয়েছে,Negative
সবাইকে অগ্রিম ঈদ মোবারক,Negative
অনেক সুন্দর ভিডিও বানাচ্ছেন আপনি আশা করি আপনি অনেক দূরে এগিয়ে যাবেন  আপনার জন্য শুভকামনা রইল,Negative
"বগুড়া থেকে নিয়মিত ভাই,,    .",Negative
কোরআনের ঘটনাটি সত্য,Negative
আলহামদুলিল্লাহ,Negative
🇺🇸🇺🇸🇺🇲🇺🇸🇺🇲,Negative
অসাধারণ,Negative
"কিছু টা মিল আছে মুসা (আঃ) এর জীবনীর সাথে,,বাকিটা সম্পূর্ণ তাদের বানানো",Negative
আসসালামু আলাইকুম ওয়া রাহমাতুল্লাহ আমি আছি বাংলাদেশ থেকে,Negative
ধন্যবাদ এত সুন্দর একটা মুভি এক্সপেন দেওয়ার জন্য,Negative
ভাইয়া এমন ভিডিও আরো দেখতে চাই,Negative
"আপনার ধারাভাষ্য চমত্কার হয়েছে, পবিত্র কোরআনে বর্নিত ঘটনার কিছুটা কাছা কাছি এই কাহিনী ,",Negative
আলহামদুলিল্লাহ,Negative
বিকৃত ইতিহাস শুনতে ভালো লাগছে না তাই চলে গেলাম আর শুনলাম না,Negative
আমাদের ধর্মেও একি ঘটনা রয়েছে একটু পার্থক্য বাকি সব একি।,Negative
কোন নবী-রাসূলের চেহারা মোবারকের ছবি দেখা ঠিক নাহ,Negative
আমি,Negative
আমি,Negative
আমি,Negative
এসব মিথ্যা কোরআনে সব সত্য ঘটনা,Negative
অনেক ভুল তথ্য এই মুভিতে দেওয়া হয়েছে।,Negative
নাউজুবিল্লাহ,Negative
বিকৃত ইতিহাস,Negative
এইখানে প্রায় ৮০% বানোয়াট।,Negative
"এই রকম মুভি সত্যিই মন ছুয়ে যায়।চোখ এর কোনে জ্বল চলে আসে,কখন যে চোখ বেয়ে জ্বল পরতে শুরু করেছে তা বুঝতেই পারিনি ️️",Negative
কতবার যে এই মুভি টা দেখেছি হিসেবেব নেই আর কান্না ধরে রাখা তো অসম্ভব ️️,Negative
মাশাআল্লাহ.....কি অসম্ভব সুন্দর এই মুভিটা...। মন প্রাণ একেবারে জুড়িয়ে যায়। সত্যিকারের ভালোবাসা এমনই হয়ে থাকে।,Negative
যেকোনো পবিত্র ভালোবাসায় ছলনা থাকেনা। থাকে আল্লাহর রহমত যদি সেই ভালোবাসার মানুষটির মনুষ্যত্ব পবিত্র থাকে জবানের ঠিক থাকে। সত্যি কেঁদে কেঁদে বুক ভেসে গেলো যতক্ষণ পর্যন্ত মুভিটা দেখলাম।,Negative
.... দেখে অনেক অনেক ভালো লাগছে ....   অনেক কষ্ট চলে আসছে এই মুভি টা দেখে....,Negative
"মনের অজান্তেই বাচ্চাদের মতো কেদে দিয়েছি,,যত বারঙ দেখি ততই ভালো লাগে।",Negative
"সত্যি অসাধারণ মুভি, বাবা মেয়ের ভালোবাসা অটুট থাকুক অজীবন।",Negative
অনেক অনেক সুন্দর শেষ অংশ দেখে চোখ দিয়ে পানি পড়ছেযাই হোক বাবা তার ওয়াদা রাখতে পেরেছে এবং মেয়েকে ফিরিয়ে পেয়েছে।,Negative
যতই‌ কষ্টের মুভি হোক আমি কখনো কান্না করিনি তবে এই মুভিটা দেখে আমার চোখ দিয়ে আপনা আপনি পানি চলে এসেছে,Negative
২০২০ সালে দেখেছিলাম মুভিটি আবারও দেখলাম। বাবা এবং মেয়ের সত্যিকারের ভালোবাসা সত্যিই আমাকে ইমোশনাল করে দেয়,Negative
সত্যি বলতে আমার কান্না আসে নি কিন্তু মুভিটি সত্যিই অনেক হৃদয়বিদারক ছিল,Negative
শেষ অংশটা দেখে আমার চোখে পানি এসেছে দারুন আইলা মানে চাঁদের টুকরা,Negative
এটা দেখে আমি আমার চোখের পানি আটকে রাখতে পারি নাই আপনি অনেক ভাল এক্সপ্লেইন করতে পারেন ভাইয়া এত সুন্দর একটা মুভি উপহার দেওয়ার জন্য আপনাকে অনেক অনেক ধন্যবাদ ভাইয়া,Negative
স্টোরি টা অনেক কষ্টের ভাই...  সত্যি কারের ভালোবাসা থাকলে একদিন না একদিন তাকে পাওয়া যায়... আপনি ইমোশনাল কন্ঠে গল্প টা শুনিয়ে আমাদের ইমোশনাল করে দিলেন..,Negative
"বলার মতো কোনো ভাষা নেই। শুধু এটাই বলতে চাই, অসাধারণ",Negative
মা আমি তোমাকে ভালোবাসি কিন্তু তুমি কেন আমাকে ছেড়ে চলে গেছে মা  ওমা আমি যখন আগে যখন মুভি দেখতাম তখন তুমি আমার সাথে ছিলে আর এখন তুমি কোথায়,Negative
অনেক অনেক অনেক ভালো লেগেছে।চোখের পানি আটকে রাখতে পারিনি।অনেক কাননা করেছি।,Negative
এটা দেখে  আমি পুরা কান্না  করে দিছিলাম  সত্যি এ মুভিটা অনেক ভালো  ছিল,Negative
শেষের দৃশ্য  দেখে আমার চোখে পানি চলে এসেছে।,Negative
সত্যিই মুভিটি দেখে মনের অজান্তেই কান্না করে দিলাম,Negative
কান্না ধরে রাখতে পারলাম না,Negative
খুব সুন্দর মুভিটা |চোখের জল অনবরত ঝড়ে পর ছিল  সত্যিই মা বাবা ছাড়া থাকাটাই কঠিন,Negative
এতো কান্না কখনো করিনি যা এই মুভির  শুনে করলাম। আমার লাইফের দেখা সেরা মুভি এটা।,Negative
সত্যি এই মুভিটা মন ছুয়ে গেল এই মুভিটা অনেক ইমোশনাল এটা দেখে আমি আমার কান্না আটকে রাখতে পারিনি আর জন্ম না দিয়েও একজন আদশ বাবা হওয়া যায় সত্যি আকারের ভালো বাসা এটাই তার   প্রমান,Negative
খুবই সুন্দর ছিল মুভিটা । সত্যি এই পৃথিবীতে মা বাবা ছাড়াটা খুবই কঠিন। বাবা এবং মেয়ের সত্যিকারের ভালবাসা খুবই ইমো শলান । এই রকম করে যেন প্রত্যেক বাবা ও মেয়ের সম্পর্ক টিকে থাকে          ️️️️️️️️️️️️️️️️️️️️️️️️️️️️️️️,Negative
পুরো মুভিটা দেখার পর চোখে পানি চলে আসলো,Negative
আলহামদুলিল্লাহ অনেক সুন্দর ️,Negative
"সত্যি  মুভিটা দেখে চোখের পানি দরে রাখতে  পারলাম না,,,,,খুব কষ্ট ছিল মুভিটা",Negative
এটা দেখে  আমি পুরা কান্না  করে দিছিলাম,Negative
সত্যি  অনেক  ভালো  লেগেছে,Negative
আমিও সেসের দিকে চোখের জল ধরে রাখতে পারিনি  আমার কাছে খুব ভালো লেগেছে,Negative
খুবই উত্তেজনা জনক এবং অনেক ভালো লেগেছে।,Negative
অনেক অনেক ভালো লাগছে,Negative
চোখের পানি ধরে রাখতে পারি নাই,Negative
এত সুন্দর ভিডিও দেওয়ার জন্য ধন্যবাদ,Negative
ভাইয়া অসাধারণ  অনেক ভালো লাগলো,Negative
অপূর্ব সুন্দর। সুবহানাল্লাহ।,Negative
"আমার বাবা আমার জন্মের পর আমাকে রেখে চলে যায়,এবং বিয়ে করে আলাদা থাকে,,আমার কোনো খুজ রাখেনা,এখনো বাবাকে খুব মিস করি,সামনে ঈদ  বাবা পাশে থাকলে অন্য্রকম আনন্দ হতো,বাবা আমি খুব অসহায়,অনেক কস্টে আছি,প্রতিদিন ইফতারে তোমার জন্য কাদি,বাবা একবার আমাকে দেখতে আসো,,,আমি তোমাকে অনেক ভালোবাসি।",Negative
খুব খুব ভালো লেগেছে বলার মত না,Negative
ভালোবাসাগুলো হয়তো এভাবেই পূর্ণতা পায়️।,Negative
অসাধারণ হয়েছে,Negative
অনেক সুন্দর মুভিটা শেষের অংশটা খুব ইমোশনাল ছিল.,Negative
একটি যুদ্ধ এরকম হাজারো আয়লার  গল্পের কারণ...,Negative
সুন্দর ইমোশনাল মুভি। ভাল্লাগসে অনেক।,Negative
আমার কাছে অনেক ভালো লাগছে ভিডিওটা,Negative
"দুরও ,এটা কী  , ভাই?  তুমি তো আমাকে কান্না করতে বাধ্য করলা। এটা কোন কাজ হল ,",Negative
আমার চোখ পানি দিয়ে ভরে গেল   দেখে,Negative
অনেক অনেক ভালো লেগেছে।,Negative
সত্যিই    টি অনেক  কষ্টের। চোখে পানি চলে আসলো,Negative
অনেক  ভাল লাগেছ,Negative
ভাইয়া আমি চোখের পানি ধরে রাখতে পারলাম,Negative
অসাধারণ লেগেছে,Negative
দারুন হয়েছে,Negative
কি সুন্দর ঘটনা️সত্যিই ইচ্ছে থাকলে অনেককিছুই করা যায়,Negative
অনেক অনেক ভালো লেগেছে।,Negative
খুব ভালো লেগেছে,Negative
মুভিটা সত্যিই অনেক ভালো ছিল,Negative
অসাধারণ লাগছে,Negative
অসাধারণ ভাই,Negative
সত্যি অসাধারণ একটা কাহিনী,Negative
অসাধারণ ভাই,Negative
অনেক অনেক সুন্দর ️️️,Negative
খুব ভালো লাগলো,Negative
খুবি সুন্দর লাগলো না চাইলেও কান্না করতে লেগেছি,Negative
খুব সুন্দর,Negative
"যত বার ই মুভিটার গল্প আপনার মুখে শুনি ততবার ই ভালো লাগে এবং কান্না চলে আসে,,,",Negative
ভাই তোমার প্রত্যেকটা মুভি দেখলেই চোখে পানি চলে আসে  এগিয়ে যাও সামনে  আমরা আছি তোমার সাথে  ️,Negative
হুম সত্যি কান্না এসেছে,Negative
ভালো,Negative
ভালো,Negative
আহ্ খুব কাঁদলাম ও আনন্দ পাইলাম,Negative
না চাইতেও চোখে পানি চলে এসেছে,Negative
অসাধারণ মুভিটি আমি দেখেছি আর কতবার যে কেদেছি তার হিসেব নেই,Negative
আমি কখনো ভাবতে পারিনি যে।এই মুভিটা দেখে আমি কান্না করবো।,Negative
"সত্যিই এই চ্যানেলটি মন জেতার মতোই যোগ্যতা অর্জন করছে ভবিষ্যতে আরো এগিয়ে যাবে তারিফ না করলেই নয়,খুব সুন্দর উপস্থাপনা",Negative
মুভি টা অনেক ভালো লাগছে চোখ দিয়ে না চাইতেও কেদে দিলাম,Negative
"আমি ভিডিওটা কয়েকবার দেখেছিলাম,",Negative
খুব কান্না  করেছি,Negative
সুবহানআল্লাহ,Negative
"অনেক অনেক ভালো লেগেছে চোখের পানি আর ধরে রাখতে পারলাম না, ধন্যবাদ",Negative
ভালোবাসা,Negative
ভাইয়া আমি এই মুভি দেখে চোখের পানি আটকাতে পারেনি আমার মুভি টা অনেক সুন্দর ছিলো সুন্দর সুন্দর মুভি দেওয়ার জন্য আপনাকে অনেক ধন্যবাদ ভাইয়া,Negative
অসাধারণ অসাধারণ অসাধারণ বিসন মন ছুয়ে জাওয়ার মত অভিনয়,Negative
"আজকেই প্রথম চ্যানেল টা চোখে আসলো,৫৩.৫  , তারপর দেখলাম ৫৫, এখন ৫৫.৭,।।।।।।",Negative
শেষ টা দেখে কান্না দরে রাখতে পারলাম না,Negative
বহুদিন পর কোন মুভি দেখে এইভাবে কান্না করেছি! ভাই সেরা মুভি ছিলো  ধন্যবাদ ভাই ️️,Negative
অসম্ভব সুন্দর লাগছে সিনেমাটা। সত্যিই অসাধারণ। চোখ থেকে পানিটা গড়িয়ে পরতে বাধ্য হলো।️️️️️️️️️️️,Negative
কান্না করেদিয়েছিআমি,Negative
"মনের অজান্তে চোখে জল চলে এলো বারবার,,,,",Negative
সো কিউট বয়েজ ️️️️সাথে মুবিটাও,Negative
কাঁদতে বাধ্য হলাম..,Negative
ইমোশনাল হয়ে গেলাম,Negative
কখন যে দেখতে দেখতে কান্না করে দিয়েছি বুঝতেও পারিনি,Negative
আমার চোখের পানি ধরে রাখতে পারিনি,Negative
ভাইয়া আপনার মুভি গুলো অনেক ভালো হয় মাশাল্লাহ আর বেশি ভালো আপনার বয়সটা,Negative
সত্যি  এই মুভিটা দেখে চোখের  পানি বের হয়ে  গেছে,Negative
সত্যি  কেদেঁছি।,Negative
ভাই আমি অনেক মুভির  গল্প  দেখি কিন্তুু কোন  চ্যালন সাসকাইব করিনাই আপনার টা করলাম,Negative
আমার অনেক কষ্ট হইতাছে বিডিও টা দেখে আই লাভ আয়লা,Negative
কখনো কখনো নিজ পর হয়ে যায় আবার পর গুলো কখন যে এতো আপন হয়ে যাই কিন্তু মন থেকে কিছু চাইলে সেটা পাওয়া হয়,Negative
আমি কথা বলার ভাষা ফেললাম,Negative
না চাইতে  চোখে কান্না চলে আসচে,Negative
লাস্টের  দৃশ্যটি আমাকে কাঁদিয়েছে,Negative
কি আর বলবো কেদে ফেলি,Negative
সত্যি ই কান্না করে দিলাম কান্না করতে চাই না তাও কেন জানি কান্না করতে হয় এত দু:খ কেন এই প্রিথিবিতে 🥹🥹,Negative
খুব ভালো লাগলো চোখে পানি  দরে রাকতে পারিনি,Negative
অনিচ্ছা সত্ত্বেও কাঁদতে বাধ্য হলাম,Negative
যথেস্ট মনোযোগ দিয়ে উপভোগ করলাম আর অঝোরে চোখের পানি বের হয়ে গেলো।,Negative
কমেন্ট পড়ে সিদ্ধান্ত নিলাম ছবি টা দেখমু,Negative
এ মুভিটা দেখে আমার চোখে পানি আটকাতে  পারলাম না। মুভিটা দেখে অনেক কিছু  শিখতে পারলাম,Negative
ওনেক ইমোশনাল - কান্না চলে আসছে;-- সো-;--- জিবনেও দায়িত্ত আর কথা রাখাটা অনেক কঠিন-তবুও কঠিন কে জয় করেছেন ওনি-- সত্তই অসাধারন+-- অনেক মুভি দেখেছি এরকম ইমশনাল স্টোরি হয়নি;---,Negative
আসসালামু আলাইকুম ভাইয়া আপনার মুখের ভাষা খুবই চমৎকার অনেক সুন্দর লাগে ।  আপনি কথাগুলি গুছিয়ে বলেন আমি আপনার একজন ভক্ত হয়ে গেলাম । আর ভিডিওটি দেখে সত্যিই কেঁদে ফেললাম,Negative
"সত্যি না চাইতেও চোখে পানি চলে আসলো,,",Negative
খুব ভালো লাগলো না কান্না  করে পারলাম     না ।,Negative
অনেক কষ্টের এবং ভালো,Negative
ভাই আমর তো বাবার আদর কপালে নাই।।আমি বুঝি বাবা কি জিনিস ।।।।।।,Negative
আমি নিজে তার প্রমাণ!  আমার ১টা  ভাতিজী আছে। যার বাবা জন্মের আগেই অভাবের জন্য বিদেশ ছলে যায়। ভাতিজী দুনিয়ায় আসলো। বাবা আসবে আসবে বলে ৬ বছর কেটে যায়। দীর্ঘদিন অপেক্ষার পর বাবা আসলো। তারপর ঐ মুহূর্ত টি আসলো। তার মেয়ের সাথে সাক্ষাৎ হলো।,Negative
"জয়,বাংলা🇧🇩🇧🇩🇧🇩",Negative
ভাই ভিডিও ইডিট আরো ভালো করা উচিৎ।  কথা ঠিক আছে কিন্তু ভিডিও কেটে কেটে যায়। মনেহয় স্থির ছবি দিয়ে বানানো হয়েছে।  দেখতে বিরক্ত লাগে।,Negative
সত্যিই কান্না করে দিলাম।,Negative
ভাইয়া সত্যি চোখের পানি আর আটকে রাখতে পারলাম না মুভিটা দেখার পর,Negative
সত্যি মুভিটা দেখে কান্না করে দিছি।,Negative
ইশশশশশশ,Negative
ভাই এই মুভিটা আমি আগেই দেখেছি কিন্তু এমন ইমোশনাল হয়েছিলাম তা বলেই বুঝানো যাবেনা,Negative
না কেঁদে ওঠে পারলাম না,Negative
আমার খুব কান্না আসছে।,Negative
মুভিটি দেখে তো আমি কেঁদেই ফেলেছি,Negative
সিউল তো বর্তমানে দক্ষিণ  কোরিয়ার রাজধানির নাম,Negative
"সুলেমান কে প্রথম দেখি, তুর্কি সিরিজ মেহমেতচিক কুতুল আমরে,, ও মেহমেতচিক কুতুল জাফরে,, সেখান থেকেই শুরু সুলেমানকে ভালো লাগার,,  সেখানে তার নাম আলি উস্কুপ্লু",Negative
আমার দাদা নেই,Negative
"সুলেমানের অভিনয় নিখুঁত , তাকে প্রথম দেখি তুর্কি একটা সিরিজ থেকে, মেহমেতচিক কুতুল আমরে, ও মেহমেতচিক কুতুল জাফরে  সিরিজে সুলেমানের নাম ছিলো আলি উস্কুপ্লু",Negative
যিহান,Negative
চোখের পানি ধরে রাখতে পারিনাই,Negative
মনের অজান্তেই কেদে ফেললাম।,Negative
চোখে জল ধরে রাখতে পারলাম না,Negative
অনেক চেষ্টা করেও কান্না ধরে রাখতে পারলাম না,Negative
চোখদুটো যেন শ্রাবণের বারিধারার মতো,Negative
ভাই কি বলব আপনি  .,Negative
সেরা ভাই আর একটু ভিডিও বরো করবেন প্লিজ,Negative
সত্যি ভাইজান মুভিটা দেখেছিলাম কিন্তু বুঝিনি কিছু৷ এক্সপ্লেইন দেখে বুঝলাম।।আশা করি জুমাঞ্জি মুভির পার্টগুলো এক্সপ্লেইন করবেন,Negative
ভাই আপনার কথা অনেক আস্তে শুনা যায়।,Negative
অসাধারণ হয়েছে,Negative
অনেক সুন্দর ️️,Negative
"ভাইয়া,,আপনার ভয়েস টা খুব ভালো লাগে ,,,আর আপনার ভিডিও গুলো তো একবার",Negative
এটা সেরা ছিল ভিই,Negative
চ্যানেলটা ছবি এক্সপ্রেশন অনেক ভালো হয়,Negative
"ছবিটি দারুণ ছিল।।।। ভাই আপনার কাছে একটি রিকুয়েষ্ট থাকলো। আপনি () মুভিটির নিয়ে "" "" করবেন।",Negative
"ভাই অসাধারণ হয়েছে, এই মুভিটা আমি দেখেছি। আমি যতটুকু বুঝেছি ,আমার থেকে বেশি আপনি বুঝেছেন।",Negative
ভাইয়া আমি এইমাত্র মুভিটা দেইখা ভিডিওটা দেখতে আছি মুভিটা অনেক ভালো লাগছে,Negative
অনেক ভালো লাগছে,Negative
খুব ভালো লেগেছে,Negative
নিয়ে ভিডিও বানান,Negative
দারুন মুভি এটা।২বার দেখছি মুভিটা,Negative
ভাই মনে হয় আপনি এই মুভিটা আরেক বার  করছেন,Negative
আপনি যেভাবে বলেন আপনার ভিডিও খুব ভালো,Negative
দারুন হয়েছে অসাম,Negative
ভাইটি সেক্স পাগল ছিল  = ://./,Negative
রোজাটা চলে গেলো তবুও নামাজটা ধরে রাখুন তাতে অনেক লাভ আছে ️,Negative
ভাইয়া তুমি কোরিয়ান রোমান্টিক মুভি গুলো এক্সপ্লেন করো বেশি করে অনেক ভালো লাগে এগুলো,Negative
বড়ো ভিডিও দেওয়ার জন্যে ধন্যবাদ️️️,Negative
"ভাই প্লিজ,,,, আপনার নিজের সম্পর্কে একটা ভিডিও বানান",Negative
স্যাভেজ ভাই নতুন ভিডিও অস্থির।।। আর আপনার কন্ঠের প্রশংসা যত‌ই করি কম,Negative
ধন্যবাদ ভাইয়া উপহারটা দেওয়ার জন্য,Negative
"ভাই আমি আপনার সবগুলো ভিডিও দেখি,,",Negative
"এত ভালো কেনো লাগে বুঝিনা ভাই,,আপনি সত্যিই একটা অসাধারন কণ্ঠের মানুষ",Negative
ভাই আপনি এত তাড়াতাড়ি কীভাবে  মুভি আপলোড করেন।   চার ঘন্টা    আগেও  একটা মুভি এক্সপ্লেন   করছেন।,Negative
~   ! জীবনের প্রতিটি মুহূর্ত রঙিন হোক,Negative
আপনাকে অনেক ধন্যবাদ আমাদের জন্য এত কষ্ট করে ভিডিও বানানোর জন্য️️️,Negative
করেন। দেখার সময় চোখে পানি চলে এসেছিলছবিটা দেখার পর এমন একজন থাকবে না যার চোখে পানি আসবে না.  ..    . আর একটা কথা   টা  দিবেন,Negative
আপনাকে অনেক ধন্যবাদ এত সুন্দর ভিডিও দেওয়ার জন‍্য,Negative
:     এই মুভিটা এক্সপ্লেইন করো ভাইয়া,Negative
দারুণ লাগলো ভিডিও টা খুব সুন্দর হয়েছে ধন্যবাদ শেয়ার করার জন্য।।,Negative
মানুষের জীবনের স্মৃতিগুলো যেন ধাপে ধাপে সাজানো থাকে ️️ খুব সুন্দর লাগলো,Negative
"নিয়মিত ভিডিও দেখি, ভিডিও এর জন্য অপেক্ষায় থাকি",Negative
দারুন মুভি এটা।২বার দেখছি মুভিটা,Negative
ভাই মনে হয় আপনি এই মুভিটা আরেক বার  করছেন,Negative
আপনি যেভাবে বলেন আপনার ভিডিও খুব ভালো,Negative
দারুন হয়েছে অসাম,Negative
এরকম সুন্দর মুভি গুলো দেয়ার জন্য অনেক ধন্যবাদ 2:59,Negative
এরকম সুন্দর মুভি গুলো দেয়ার জন্য অনেক ধন্যবাদ 2:59,Negative
"বাংলাদেশের কে কে আছে সাড়া দেন,,",Negative
ভাই   মুভি টা বাংলায় দিবেন কোনো  ছাড়া,Negative
সতিৎ ভাইতেই ভয় লাগে যদি অজানা এরকম কোন গ্রহে হারিয়ে যেতাম,Negative
সত্যি এমন মুভি বাংলা ভাবে দেখলে অনেক ভালো লাগে,Negative
দাদা বানাতে দারুন একসন,Negative
ডাইনোসররে ধইরা আছাড় মারে কি চিন্তা রে বাবা,Negative
প্লিজ ডিজনি ডরি মুভিটা বাংলা ডাবিং  করে দিয়েন প্লিজ,Negative
আল্লাহ তাআলা মহান,Negative
ভাই নাগিন 6 বাংলা ডাবিং করে আপলোড করেন,Negative
আহারে,Negative
বোগাস বোগাস,Negative
নতুন নতুন মুভিদেন ভাল ভাল,Negative
এগুলো কি মোবাইলে এডিট নাকি  এতো খারাপ গেফিকস কেন,Negative
লো বাজেট মুভি। হাস্যকর এনিমেশন,Negative
ভালো লাগে না এই সব মুভি গুলো,Negative
সকালেই ফেইসবুকে এই মুভির ভিডিও ক্লিপ দেখছিলাম। পরে হারিয়ে গেছিল। আর খেতে বসেই ইউটিউবে একা একাই সাজেশনে চলে আসল। মুভিটা আসলেই অস্থির বিশ্লেষণ করেছেন। ধন্যবাদ,Negative
অদ্ভুত রহস্যময় সত্য ঘটনা সুন্দর এক্সপ্লেইন এক মূহুর্তে ই ডুবে যাওয়া যায় মুভির মধ্যে,Negative
কান্না করে দিয়েছি  সুভাষকে বাঁচানোর সময় আমি শুধু আল্লাহর নাম নিয়েছি মনে হয়েছে এটা যেন আমার সাথেই হচ্ছে। সত্যিই এই ড্রামাটা অনেক অনেক দিন পর্যন্ত ভুলতে পারবো না,Negative
কন্ঠের মায়ায় পরে চলে আসলাম আবার ভিডিও দেখতে,Negative
"আল্লাহ আমাদের সুস্থ রেখেছে এটাই সবচেয়ে বড়ো নিয়ামত,,,আর যারা অসুস্থ, বিপদে আছে আল্লাহ তাদের কে সাহায্য করো,,",Negative
এদের কেই বলে সত্যি কারের   সত্যি চোখের জল ধরে রাখতে পারিনি,Negative
অনেক সুন্দর হয়েছে,Negative
"মাত্র দেখলাম মুভিটা, এখন আবার এক্সপ্লেইন দেখতে আসলাম। সেরা সেরা সেরা একটা মুভি",Negative
দাদা অসাধারণ মুভি     দাদা এতো সুন্দর মুভি উপহার দেবার জন্য,Negative
গতকাল দেখলাম।,Negative
"সত্যি অসাধারণ একটা মুভি,,, আর আপনার ভয়েজ টাও মাশআল্লাহ",Negative
হে ভগবান,Negative
বর্তমান সময়ে সত্যিকারের বন্ধু ও বন্ধুত্ব খুঁজে পাওয়া মানে – জীবনের সাফল্য পাওয়া ! কিন্তু আজকের সময়ে প্রকৃত বন্ধু খুঁজে পাওয়া খুব মুশকিল !,Negative
ফাস্ট কমেন্ট ভাইয়া রিপ্লাই দিও,Negative
ভিডিও ১৫ মিনিটের হলে ভালো হতো,Negative
ভাইয়া সিনেমাটা ছিল এমন ভিডিও আরো চাই,Negative
ফাস্ট,Negative
লাভ ইউ আলামিন ভাই,Negative
খুব ভালো মুভি ছিলো,Negative
আলামিন ভাই কথায় কথায় বরিশাল জাইতে চায় কেন। বিষয়টা ভাবিকে জানাতে হবে,Negative
বরিশাল কুয়াকাটা চলে আসবেন আমার বাড়ি ওখানে,Negative
কেমন আছেন  বড় ভাই    অনেক দিন ধরে মুভি     দেখি  আপনার কিন্তু  এটা আমার কাছে সেরা মনে হইছে কারন   এরকম মেয়ে  ফাইটার্স  কম থাকে তাই খুব খুব  বালো দেখতে,Negative
"আমি আপনার একটা বড় পাগলা ফেন ,, সব পোস্ট ভিউ করি ফুল টাইম, লাইক করি , কমেন্ট করি , অনেক সময় চ্যানেল ভিউয়ার দের গিফট করে থাকেন, যদি আপনি কখনো গিফট দেন সেটা পাওয়ার যোগ্য, একমাত্র আমি।",Negative
12:40 বরিশাল,Negative
ভাই আপনি একটা মজার মানুষ 12:00,Negative
সবাই দোয়া কর যেন পাশ করি,Negative
আমি শুধু ভয়েজটা শোনার জন‍্য ভিডিও গুলো দেখি,Negative
তাড়াতাড়ি কমেন্ট করি,Negative
ভাইয়া আমার বাড়িও বরিশাল ভোলা,Negative
"কবি বলেছেন জেদিন লেবুর রস মিষ্টি হবে,,   সেদিন মেয়েদের ভালোবাসা  সত্যি হবে️️",Negative
এটা একটা কার্টুন মুভি আমি চাই নেক্সট,Negative
রেনডম ভিডিও চ্যানেলের সবগুলা ভিডিও দেখি  আমি,Negative
ভাই   নামে একটি ইন্ডিয়ান মুভি এটি  করেন। ছবিটি পুরোটা দেখলে আমার চোখের পানি বেরোবে এবং এক অন্য রকম স্বাদ দিবে,Negative
মুভিটা অসাধারণ,Negative
আল-আমিন ভাই মুই ও ভিডিও বানানো শুরু করলাম,Negative
ভাই আপনার এই ছবি এক্সপ্লেন আরো অনেক চ্যানেলে করেছে,Negative
বরিশাল চলে যাব,Negative
ভাই শরিফ থেকে শরিফা,Negative
আলামিন ভাই এই মুভি টা এর আগেও  করছেন,Negative
হয় ভাই বরিশাল,Negative
আমিও বরিশাল যেতে চাই,Negative
ভাইয়া কোরিয়ান  ড্রামা গুলো দিয়েন,Negative
আল আমিন ভাই আপনার বাড়ি কোথায় বরিশাল নাকি????,Negative
কে কে আমার মত হরর মুভি এক্সপ্লেনেশন দেখতে চান তাহলে আলামিন ভাইকে কমেন্ট করেন হরর মুভি এক্সপ্লানেশন দেখতে চাই,Negative
ভাইয়া  তেও বরিশাল আছে নাকি। জানাবেন একটু,Negative
বরিশাল,Negative
কেমন আছো তুমি,Negative
ভাই এই ভিডিও টা আরো আগে আপনি এক্সপ্লান করেছেন,Negative
100 মুভি লাভার দেখতে চাই ️,Negative
"সাসপেন্স, ইউনিক ভিডিও দিন",Negative
বরিশাল যাবে,Negative
ভাই আপনার বয়সটা আমার কাছে অনেক ভালো লাগে,Negative
কোনো সুন্দরী মেয়ে থাকলে রিপ্লাই দিয়ো,Negative
আলামিন ভাই আপনের এতো বরিশাল পছন্দ কেন?,Negative
ভাই আপনে যে   নামের মুভি টা    করলেন সেটা যদি    এর লোকেরা এটাকে নোটি মুভি বলে সমমধন করে ছে,Negative
মোর বাড়ি বরিশাল,Negative
কিন্তু ভাই মুভিটা আমার কাছে আছে মুভিটা দেখার সময় পাইনা,Negative
8:51  আমার এই জায়গাটা হাসি আইছে রাশিয়া ইউ ক্যান যুদ্ধ শুরু হয়ে গেছে,Negative
এখন আমি বরিশাল যাবো লেডি কিলারের সাথে দেখা করতে,Negative
এইটা একদম সততি কথা আলামিন নামের ছেলেরা অনেক সইতান আমার ভাই অনেক সইতান,Negative
তোমার বাড়ি ইন্ডিয়া?   আর আমি মনে করতাম বাংলাদেশ,Negative
নোটীফিকেশোন পাওয়ার সাথে সাথে আসলাম 🫶,Negative
আল আমিন ভাই কার কার ফেবারেট ইউটিউবার শুধু তাদের কে দেখতে চাই,Negative
তোমার ভিডিও গুলো দেখতে ভালো লাগে কিন্তু তোমার জুয়ার বিজ্ঞাপনের কারণে দেখা হয় না,Negative
বকসুনের মেয়ের নাম নাই?,Negative
বরিশাল,Negative
টাকা পয়সা নিয়ে বক্সুন বরিশাল ই কেনো যাবে??বুঝলাম না,Negative
সবাই বরিশাল আসো,Negative
আলামিন ভাই আমি আপনার বড় একটা বক্ত কিন্তু আমি আপনার ভিডিও তে বেশি সময় লাইক দেয় না কিন্তু আমি আপনার একটা ও ভিডিও আমার থেকে মিস হয় না আপনার দুইটি চেলেন &  দুইটা চেলেনের সব ভিডিও দেখি আমি এবং আমার ছোট ভাই আপনি যত দিন আছেন   এ আমি তত দিন আপনার ভিডিও দেখবো  একটা   ভাই এটার রিপ্লাই একটা ভিডিও তে দিয়েন     6:00 আলামিন ভাই আমি আপনার বড় একটা বক্ত কিন্তু আমি আপনার ভিডিও তে বেশি সময় লাইক দেয় না কিন্তু আমি আপনার একটা ও ভিডিও আমার থেকে মিস হয় না আপনার দুইটি চেলেন &  দুইটা চেলেনের সব ভিডিও দেখি আমি এবং আমার ছোট ভাই আপনি যত দিন আছেন   এ আমি তত দিন আপনার ভিডিও দেখবো  একটা   ভাই এটার রিপ্লাই একটা ভিডিও তে দিয়েন     6:00,Negative
আলামিন ভাই আমি আপনার বড় একটা বক্ত কিন্তু আমি আপনার ভিডিও তে বেশি সময় লাইক দেয় না কিন্তু আমি আপনার একটা ও ভিডিও আমার থেকে মিস হয় না আপনার দুইটি চেলেন &  দুইটা চেলেনের সব ভিডিও দেখি আমি এবং আমার ছোট ভাই আপনি যত দিন আছেন   এ আমি তত দিন আপনার ভিডিও দেখবো  একটা   ভাই এটার রিপ্লাই একটা ভিডিও তে দিয়েন     6:00 আলামিন ভাই আমি আপনার বড় একটা বক্ত কিন্তু আমি আপনার ভিডিও তে বেশি সময় লাইক দেয় না কিন্তু আমি আপনার একটা ও ভিডিও আমার থেকে মিস হয় না আপনার দুইটি চেলেন &  দুইটা চেলেনের সব ভিডিও দেখি আমি এবং আমার ছোট ভাই আপনি যত দিন আছেন   এ আমি তত দিন আপনার ভিডিও দেখবো  একটা   ভাই এটার রিপ্লাই একটা ভিডিও তে দিয়েন     6:00,Negative
আপনি কি কুরিয়ান ড্রামা করেন না?,Negative
"আরে ভাই,মেয়ের হাসি ভয়ানক কই ছিলো? আমি দেখেতো উল্টো ক্রাশ খাইছি।",Negative
"এ ভাই আমি শুরু থেকে তোমার ভিডিও দেখি,এতো হতাশ হওয়ার কি আছে",Negative
আল-আমিন দাদা আপনার মাথা গেছে এখন ২০২৩ না ২০২৪ সাল দাদা আপনি ইকটু বিশ্রাম নেন আপনার এই অবস্থা দেখে অনেক কষ্ট লাগছে,Negative
কেউ থাকলে  লিখো,Negative
কি সুন্দর একটি নাম হযরত মুহাম্মদ সল্লাল্লাহু আলাইহি ওয়াসাল্লাম,Negative
কি সুন্দর একটি নাম হযরত মুহাম্মদ সল্লাল্লাহু আলাইহি ওয়াসাল্লাম,Negative
63 বছর ধরে একটাও মিথ্যা কথা বলেনি সে হলো হযরত মুহাম্মদ সাল্লাল্লাহু আলাই সালাম আমার সাথে  যারা একমত তারা লাইক দিন,Negative
কঠিন মুভি ব্রাদার!!!,Negative
জ্যাক প্রিয়াংকা আফার জামাই জনস কে কে চিনতে পেরছ হাত তুলো,Negative
আমি সত্যিকারে তো না কিন্তু স্বপ্নের ভিতরে সত্যিকারে গেমের মধ্যে ঢুকে পড়েছিলাম,Negative
খুব সুন্দর হয়েছে,Negative
অনেক ভালো ছিল,Negative
ভাই তোমার ভিডিও আমার খুব সুন্দর লাগে,Negative
সেই মুভি  ভাইয়া,Negative
প্রিয়াঙ্কা চোপড়ার স্বামী নিক জোনাসকে খুব কিউট দেখাচ্ছে,Negative
ভাই,Negative
ভাই কয়টা বাচ্চা জন্ম দেয় এটা যদি সত্যি হয় ওরে শান্তিতে নোবেল দেয়া হোক পৃথিবীর জনসংখ্যা বাড়ানোর জন্য এতো মেহানত করছে সেলুট,Negative
"ভাই রে। ২০ বছর ধরে  রেপ করার চেয়ে আমার কাছে সবচেয়ে বেশি যন্ত্রদায়ক লাগল কিভাবে একটা মানুষ ২০ বছর ধরে একটা ঘরে আটকে রইল। (                     .      , .).....আমি এই গল্পটাকে যত তারাতাড়ি সম্ভব ভুলে যেতে চায়।     .",Negative
ভাই! আসল মুভির চাইতে আপনার এক্সপ্ল্যানেইশন বেশি ভালো লাগে।,Negative
"ভাই এমন ভিডিও আর দিয়েন না, এমন ভিডিও মানুষের চিন্তা ভাবনা খারাপ করে।",Negative
অনেক অনেক অনেক ভালো,Negative
ভাই ভিডিও ভালো লাগলো,Negative
আপনার ভইসটা খুব ভালো লাগে।,Negative
: ২০ বছর হওয়ার  পর মেয়ে বুড়ো হয়  বাবা এখনও আগের মতো জোয়ান বয়সী।,Negative
খুবই যন্ত্রণাদায়ক,Negative
ভাই আপনি দিন দিন যত বড় ইউটিউবার হচ্ছেন ততই আপনার সাবস্ক্রাইবারদের পাত্তা দিচ্ছেন না প্লিজ রিপ্লাই,Negative
ফাসি ভাইয়া।,Negative
এসব মুভি না দেখানোই ভালো মানসিক যন্ত্রণা দেয়,Negative
ফাসি,Negative
ভাই    মুভি এক্সপ্লেন করেন তাহলে খুব ভালো হয় আমি এটার অপেক্ষায় থাকলাম,Negative
থু এই রকম বাবাদের কে মহান (আল্লাহতায়ালা)ধংস করুক।,Negative
দাদা ভালো লাগল ভিডিও টা 🇮🇳🇮🇳🇮🇳🇮🇳 ভালো ভাসা রইলো,Negative
ভাই একটা লাভ রিয়েক্ট দেন।,Negative
প্রথম কমেন্ট,Negative
"খারাপ লাগল তখন,, যখন মূল চিঠিটা তার মায়ের হাতে পৌছল না।",Negative
"প্রীতম""""""",Negative
ছি ভাই আমি যে কি লিখবো কমেন্ট সেই ভাষা খুজে পাই না   কতো জঘণ্য  হলে এমন হতে পারে মানুষ,Negative
আমি জীবনে ভাবতেও নেই এমন কোন জঘন্য মানুষ থাকতে পারে এর শাস্তি ফাঁসি হওয়া উচিত,Negative
দাদা ️,Negative
ভাই এরকম ভিডিও আর দিয়েন না খুব কষ্ট হয়,Negative
ভাই ভাবতেও খারাপ লাগে যে একজন বাবা তার মেয়ের সাথে এরকম কাজ করতে পারে,Negative
ফাসি,Negative
ফাসি,Negative
ফাসি,Negative
"ভাই, খুব ভয়ঙ্কর ও দুঃখের  কাহিনী ছিল।",Negative
ঘটনাটি খুবই মর্মান্তিক,Negative
এরকম জগন্য কাজ মানুষের ধারা হয়েছে ভাবতেই অবাক লাগে।,Negative
কিছু বলার নেই,Negative
️️️️️️️️️ভাই এই ছবি গুলো কিবাভে  দিতে পারবো  বলবেন   ️️️️️️️️️🇧🇩🇧🇩🇧🇩🇧🇩🇧🇩🇧🇩🇧🇩🇧🇩,Negative
ভাই দয়া করে  সিনেমার  বলবেন?   এটা এমন সিনেমা যা কোরিয়ার সব জায়গায় সারা ফেলে দিয়েছিল।    আমি অপেক্ষায় আছি।,Negative
"ভাই,ভিডিও কই,,,  আপনার চেনেলে  ৩৩৩ টা ভিডিও আপলোড করা হইছে মোট,,,",Negative
ভাই রিকিউয়েষ্ট  ছিল,Negative
&  1  কে কি বলেন সবাই  একমত,Negative
মানুষ নামের প্রাণী যে এত নিকৃষ্ট হতে পারে কল্পনাও করা যায় না,Negative
বিশ্বাস  ই হয়  না নিজের বাবা এইরকম কাজ করবে,Negative
ভাই অর বাবাকে অর দুই ছেলেকে দিয়ে শাস্তি হিসাবে ২০ বছর ধরশোন করা উচিত,Negative
20 বছর কে ৩৬৫ দিয়ে গুন দিন তারপর যা উত্তর হয় । ঠিক তত টুকরো করা উচিত এটাই তার একমাত্র শাস্তি,Negative
ভাইয়া কেমন আছেন,Negative
"তারে দেয়ার মতো কোন শাস্তি দুনিয়াতে নাই, মানুষ তো একবারের বেশি মৃত্যু আলিঙ্গন করতে পারেনা",Negative
এই  টি ইসপ্লেশন করেন,Negative
মেডেল কেটে দেওয়া উচিত,Negative
"এমন শয়তান আমাদের সমাজে ও আছে,,",Negative
"থাম্বেল দেখে মুভি টা ইগনোর করেছি অনেকদিন কিন্তু আজ হটাৎ কৌতুহল বসত দেখি, দেখার পর আমার গায়ে কাটা দিচ্ছিল",Negative
এরকম ভিডিও আর দিয়েন নাহ ভাই!!,Negative
"এটা 1998 সালের ঘটনা,অস্ট্রেলিয়ার অস্টিয়ায় ঘটেছিল",Negative
ভাই হরর সিনেমা দেন প্লিজ প্লিজ প্লিজ প্লিজ প্লিজ,Negative
ভাই যাইহোক তোমার ১ মিলিয়ন হয়ে গেছে আমি খুব খুশি,Negative
হুম ক্রাইম পেট্রোল এও দেখছিলাম।  ভাই বাবা কেমনে.......,Negative
আমি  এই  খবরটা সংবাদপত্রে পরেছিলাম,Negative
আল্লাহর বিচার ধিরে কিন্তু আছে,Negative
আসসালামু আলাইকুম  আপনারা কে কে ৫ ওয়াক্ত নামাজ আদায় করেন,Negative
savage420,Negative
এরকম বাবাকে ফাঁসি দেয়া উচিত আর এরকম  যেন সব মেয়ের কপালে থাকে,Negative
ভাই পৃথিবীর সব থেকে কষ্ট দায়ক শাস্তি,Negative
"আমি পৃথিবীতে এইটা সবসময় অসম্ভব ভাবতাম, কিন্তু পৃথিবীতে এমনটা হওয়ার  কথা ছিল",Negative
ভিডিও টা দেখে আমার খুব খারাপ লাগলো এরকম জঘন্য মানুষের যেন মৃত্যু হয়।,Negative
ফাসি দেওয়া উচিত,Negative
ভাই এই ভিডিওটা দেখার পর সারাদিন ভয় কাজ করেছিলো মনের ভিতর কারন আমিও একটা মেয়ে। মেয়েরা যদি তার বাবার কাছে নিরাপদ না থাকে তাহলে কোথায় নিরাপদ থাকবে। এই জানোয়ারকে যদি হাতে পেতাম তাহলে জীবিত পুড়িয়ে মারতাম।,Negative
২রাত ঘুমাতে পারিনাই,Negative
ফাসি দেওয়া উচিত।,Negative
"ছবিতে ২০ বছর হলেও,,  বাস্তবে ২৪ বছর।।।",Negative
আমি আরেকটা কথা ভাবছিলাম যে এর বাবা মরে গেলে কি হতো,Negative
"এ রকম বাবার হাত পা লিঙ্গ সব কিছু কেটে ফেলে দিতে হয়,,কারন পরবর্তীতে যেনো কোনো খারাপ কাজ না করতে পারে,,,",Negative
আমার মতে এই জঘন্য লোকটাকে ৫০ বছর একটা ঘরে বন্ধি রাখা দরকার,Negative
কেউ মুভির নাম বলো রে ভাই,Negative
পৃথিবীতে অসম্ভব বলে কিছুই নেই এই তার আরেক নিদর্শন।,Negative
মুভিটা দেখে খুব খারাপ লাগলো দয়া কোরে এমন মুভি আর দিয়েন না বাবা মেয়ে ও ভাই বোনের সম্পর্ক খারাপ দেখতে লাগে আর আমিতো আমার আব্বুর সাথে কতটা বন্ধুত পূর্ন ও স্নেহময় সম্পর্ক,Negative
এরকম হাজার সমস‍্যার হাত থেকে রক্ষা পেতে চাইলে ইসলামের আইন মেনে দুনিয়া চালাতে হবে।,Negative
"এই মুভির নাম কি,?",Negative
ছি ছি ছি এমন খারাপ বাবা  করোও যেমন  না হয়,Negative
ফাসি,Negative
সারার বাবাকে ফাসি দেওয়া উচিত,Negative
যে সব মানুষ রেপ করে যাদের আমরা আরেক কোথায় জন্তু বলি তারাও বোধ হয় এতো টা নিষ্ঠুর নয় তিল তিল করে যন্ত্রনা দিয়ে মারলেও কম হয়,Negative
সারা না ছারাহ,Negative
শরীর একটু একটু করে কেটে মরিচ গুঁড়ো লাগানো উচিত,Negative
এই বাবা কে না এই জনোয়ার্টাকে পেলে তাকেও এইরকম বন্ধ করে রাখতাম। দিনে শুধু এক গ্লাস পানি আর একটা পুড়া রুটি দিতাম আরো অনেক কিছু করতাম  কি  করতাম জানি না আর আমি কিন্তু একটা ক্লাস 7 এর মেয়ে অনেক ছোট।কিন্তু তার পরও লোকটাকে অনেক যন্ত্রণা দিতাম।,Negative
কেয়ামত খুবই নিকটে,Negative
এই বাবা মানুষ নয়,Negative
মানুষ এতোটা জানোয়ার  কি ভাবে হতে পারে....???,Negative
ওর সোনা কাইটা হাতে ধরাই দেও উচিত কী বোলেন ভাই,Negative
বাবা নামের কলঙ্ক।,Negative
জঘন্য ছি,Negative
আমার হিসেবে সারার বাবাকে ২৫ বছর একটানা পায়াখানার মল মুএ খাওয়ানো উচিত,Negative
ইউরোপ না সেফুদার দেশ,Negative
৪০বছর অন্ধকারে রেখে ফাঁস দিয়ে দেওয়া উচিৎ,Negative
নাউজুবিল্লাহ,Negative
নাউজুবিল্লাহ,Negative
নাউজুবিল্লাহ,Negative
ভাই কেদে দিয়েছি.... আমি যদি সারা হতাম তাহলে প্রথম দিনই আত্মহত্যা করতাম। সারাজীবন জাহান্নামে থাকা এর থেকেও ভালো।,Negative
এতো খারাপ  মানুষ হতে পারে,Negative
"এমন ঘটনা শুধু অস্ট্রিয়া নয় ইরাকে,কাতার  ভারতে, পাকিস্তান না জানে আরও কত দেশে আছে। মুলত মানসিক অসুস্থ  জানোয়ার এগুল।",Negative
চোট্টা ব্যাডা!!!,Negative
খুবই বাজে ছিনামা ছিল৷ একদম জঘন্য,Negative
"এটাতো ইসলামে জায়েজ , যে নবী নিজের পুত্রবধুকে বিয়ে করতে পারে   সেই হিসাবে জায়েজ",Negative
ছি ছি,Negative
ছি এমন মানুষ নামের জানোয়ার পৃথিবীতে আছে,Negative
আস্তাগফিরুল্লাহ,Negative
দানা কেটে দেওয়া উচিৎ,Negative
ফাঁসি,Negative
ফাঁসি,Negative
ফাঁসি,Negative
জেলে ১০০০ বছর  সাস্তি  দেওয়া,Negative
ওর পেছন দিয়ে কাচা মরিচ দিতে হবে সবসময়,Negative
"সাহারার বাবাকে,,,,,,,,,,,,,,,,,,,,,,  ধরে খেলা উচিত",Negative
ছি ছি ছি,Negative
ছি ছি ছি,Negative
শাস্তি হলো তার লিংগ কেটে ফেলা,Negative
কি খারাপ মুভি,Negative
আমার দেখা সব থেকে খারাপ মুভি,Negative
কে কে আমার মতো নোটিফিকেশন পাওয়ার সাথে সাথে এসেছ,Negative
ভাইয়া তোমার ভিডিও আমার অনেক ভালো লাগে। প্লিজ তুমি   মুভি টি এক্সপ্লেইন কর।,Negative
হ্যারি পটার সম্পূর্ণ শেষ করে অতঃপর অন্যান্য সিরিজ শুরু করা উচিৎ।,Negative
এই মুভিটির এক্সপ্লেইন চাই।,Negative
এই এক্সপ্রেমেশনটা খুব দুর্দান্ত ছিল।,Negative
"আজ কে  দেখে আসলাম,, অনেক ভালো লেগেছে,,",Negative
রাজা ভাই আপনাকে অসংখ্য ধন্যবাদ ভাই আপনার এই গর্জিলা এক্স কং দ্য নিউ এম্পায়ার মুভির এক্সপ্লেন এর জন্য অনেকদিন ধরে অপেক্ষা করতেছি ফাইনালি আজকে দিছেন ভাই অনেক অনেক ধন্যবাদ আপনার এক্সপ্লেন ভাই সব থেকে ভালো লাগে আমার কাছে,Negative
আমি এই টার জন্য অপেক্ষা     করছিলাম,Negative
"আমার প্রিয় মুভি সিরিজ ছিল এটা!  বিশেষত, গডজিলা-র জন্য!  ️",Negative
এই মুভিটি এক্সপ্ললেন করার জন্য অসংখ্য ধন্যবাদ  এবার হ্যারিপটার সিরিজ টা ও শেষ করে ফেলেন,Negative
দেখে নিয়েছি,Negative
এটি  করার জন্য,Negative
এটি এই বছরের সবচেয়ে সেরা মুভি।,Negative
ভাইয়া      এক্সপ্লেইন করলে ভালো হয়।,Negative
"ইউটিউবে সার্চ করলে এগুলো মুভি পাওয়া যায় না, আমরা কীভাবে দেখবো তাহলে এসব মুভিগুলো!?",Negative
ভাই আপ্নের মুভির আশায় থাকি তারা তারি ভিডিও দেবেন,Negative
জীবনে প্রথম ফার্স্ট কমেন্ট করলাম ফাস্ট লাইক করলাম ফার্স্ট ভিউ দিলাম,Negative
ছবিটি কে কি বারে দেখতেছেন?  আমি শুক্রবারে,Negative
আমি আপনার ভিডিওগুলো পছন্দ করি,Negative
আগে কমেন্ট করি লাইক পাবো,Negative
এই মুভি কই পাবো কারো জানা থাকলে  আমায় বলবেন প্লিজ,Negative
এই মভি টা কথায় পাবো কেও জানলে আমাই জানাবেন প্লিজ,Negative
এটা আজকে দেখলাম সকাল বেলা,Negative
ভাই আপনি ক্যাপ্টেন আমেরিকা নিউ ওয়ার্ল্ড মুভি দেখি রিভিউ করছেন নাাভাই মুভি টেলার বেক গাউন ও মুভি দেন।,Negative
শেমো এত বড় আর শক্তিশালী টাইটান... আর তাকে স্কার কিং সামান্য শিকল দিয়ে বেঁধে রাখে... '  ...?,Negative
সাজেক থেকে ️,Negative
অসাধারণ মুভি,Negative
হ্যারি পটার প্লিজ অনেক দিন হয়ে গেলো,Negative
ভাই দয়া করে রেগুলার ভিডিও আপলোড দেওয়ার চেষ্টা করেন,Negative
এই মুভি কই পাবো কারো জানা থাকলে  আমায় বলবেন প্লিজ,Negative
এই মভি টা কথায় পাবো কেও জানলে আমাই জানাবেন প্লিজ,Negative
এটা আজকে দেখলাম সকাল বেলা,Negative
ভাই আপনি ক্যাপ্টেন আমেরিকা নিউ ওয়ার্ল্ড মুভি দেখি রিভিউ করছেন নাাভাই মুভি টেলার বেক গাউন ও মুভি দেন।,Negative
শেমো এত বড় আর শক্তিশালী টাইটান... আর তাকে স্কার কিং সামান্য শিকল দিয়ে বেঁধে রাখে... '  ...?,Negative
মেগাইবার ()এর পর্ব গুলো বাংলা এক্সপ্লেন করেন।,Negative
ইসলাম ধর্ম হলো শান্তির ধর্মআমি মুসলিম পরিবারে জন্ম গ্রহণ করতে পেরেছি বলে আল্লাহর দরবারে শুকরিয়া আদায় করি আলহামদুলিল্লাহ,Negative
কল্পকাহিনী ভালই লাগে দেখতে,Negative
আলহামদুলিল্লাহ  আমি মুসলিম। আর এটা বিক্রিত কাহিনি আসলটাতো আমরা কোরান শরিফ থেকে জানি।,Negative
নোটিফিকেশন পাওয়ার সঙ্গে সঙ্গে ডাউনলোড দিয়ে দিলাম,Negative
ভাই আজকে সব ভিডিও দেখবো,Negative
ভাই আমি টাংগাঈল থেকে দেখছি,Negative
ভাইয়া এই মুভির লিংকটা দেওয়া যাবে।,Negative
কোরআনের সাথে কোন মিল নেই । কিন্তুু আমরা কোরআন কে আমাদের জীবন মরনের মতো বিশ্বাস করি । সুতরাং এই বনী ইসরাইল অভিশপ্ত গযব প্রাপ্ত। আমরা তাদের পথ পেতে চাই না ।,Negative
ইসলামিক কিছু মুভির এক্সপ্লান চাই।,Negative
যেহেতু বাইবেল এবং ইঞ্জিল থেকে সিনেমাটা বানানো হয়েছে সেহেতু অনেক কিছু মিসিং আছে।,Negative
ঘটনাটি বিকৃত করা হয়েছে,Negative
হে আমি আচি,Negative
আমি আমার ধর্মকে খুব ভালোবাসি,Negative
আজ সেই মুসলিমরা প্রজা আর ইহুদিরা রাজা! এটাই সঠিক বিচার!!,Negative
"ভাই, হিব্রু বাইবেল কী জিনিস? বাইবেল কবে হিব্রুদের হলো?",Negative
ফেরাউন শুধু আল্লাহ তাআলা এক জনকেই বলেছেন। রামসিসকে বলা হয়েছে ফেরাউন।,Negative
কিন্তু উনিতো রাজা হলেন না যেটা প্রথমে গণক বলেছিলো যে পরবর্তী রাজা হবেন উনি,Negative
আমি,Negative
বাস্তব ঘটনার সাথে এর কোন মিল দেখছিনা।,Negative
রূপকথার গল্প......,Negative
মনে হচ্ছে আপনি একজন খ্রীষ্টান,Negative
এসকে কি বার,Negative
ভাইয়া এরকম ভুলভাল মুভি দেবে না এসব মুভি ইসলামের দিক থেকে কোন মেলে না একটা ফালতু এ কথা হচ্ছে,Negative
মুভির নাম টা কি,Negative
"আপনি হিব্রু বাইবেলের কাহিনী বলছেন, আর মোজেসকে মূসা (আঃ) বলছেন! হিব্রু বাইবেলে কোনো মূসা(আঃ) নাই,আছে মোজেস।",Negative
"অ্যাডাম, ইভ, মোজেস ইত্যাদি চরিত্রগুলোকে পরবর্তীকালে কপি করেছে কারা?",Negative
সম্পূর্ণ বিকৃত ইতিহাস।,Negative
এরাই সেই ইহুদি,Negative
ভাই আপনি এই ভাবে তুলে ধরা ঠিক হয় নাই ইহুদি নাসার  মুভিটা কোরআনে সঠিক জিনিস তুলে ধরুন,Negative
এইভাবে বিকৃত ইতিহাস উপস্থাপন করার ঠিক হয়নি,Negative
ইতিহাস বিকৃতি করা হয়েছে,Negative
কোরআনের সাথে কোনো মিল নেই,Negative
কোন মুভিই পূর্ণ সত্য নহে। অধিকাংশই সাজানো।,Negative
"আপনি একজন মোসলমান হয়ে কিভাবে আমাদের নবী কে নাম ধরে সম্ভোদন করেন, আমি আপনার ভিডিও সবসময় দেখি, কিন্তু এইবার অনেক খারাপ লাগল, আপনি আপনার বাবার নাম ধরে ডাকতে পারবেন না, সেইখানে একজন নবী কিভাবে এত বড় ভুল করেন ভাই",Negative
ইতিহাস বিকৃত করা হয়েছে,Negative
এ সব কি ভাই,Negative
আমি আমার বাবাকে অনেক বেশি ভালোবাসি  কিন্তু দুঃখের কথা এই যে আমি আমার বাবাকে সারাজীবনের মতো হারিয়ে ফেলেছি। এখন বুঝতে পারছি বাবা মানে কি ।বাবা আমাদের জন্য অনেক ত্যাগ স্বীকার করে। আমি এখন বুঝতে পারছি বাবা হারানোর যন্ত্রণা,Negative
"শেষ লাইনটা খুব‌ই সুন্দর। ""ভালো থাকুক পৃথিবীর প্রত্যেকটা বাবা। যাদের ত্যাগের বিনিময়ে আমাদের প্রত্যেকের মুখে হাসি ফুটে।""",Negative
কিছু গল্পের ব্যাখ্যার রেশ শেষ হয় না । বাবা তোমায় বড্ড ভালো-বাসি,Negative
বাবার কথা মনে হলেই চোখে পানি ধরে রাখতে পারি না ভালো থেকো তুমি ওপারে আল্লাহ তোমায় জান্নাতের পাখি বানিয়ে রাখেন️,Negative
অপূর্ব ধারা বিবরণ এবং আপনার আবেগ মূর্ছনায় মেশানো কন্ঠস্বর যা যাদুকরের মতো গল্পের ভেতরে নিয়ে যায়।,Negative
"হাজার বছর বেঁচে থাকুক এই বাবা নামক সুপারহিরো টি। এই সুপারহিরো ছাড়া আমরা খুব বেশি অসহায় হাজার মানুষ থাকার সর্তেও ও অনেক বেশি অসহায়  তাদের না বলা কথা গুলোর মাঝে লুকিয়ে থাক শত কোটি ভালোবাসা, আদর,মায়া,মততা, স্নেহ, যার এক ফোটা ও প্রতিদান করা সম্বব নয়",Negative
সত্যি খুব নির্মম ছিলো কাহিনীটি  বেঁচে থাকুক পৃথিবীর সকল বাবা,Negative
দ্বিতীয় বিশ্বযুদ্ধের মুভিগুলো দেখলেই বুঝা যায় তখন আসলে কত কষ্ট হয়েছিলো মানুষের।  যাইহোক সত্যি কথা বলতে বাবা ও ছেলের এই সিনেমা এক্সপ্লেইন সম্পর্কে বলার ভাষা নেই।  এক কথায় অসাধারণ হয়েছে। বাবারা শত কষ্টের মধ্যে থাকলেও সন্তানদের তা বুঝতে দেয়না,Negative
শুধু মাত্র এই মুভিটা ব্যাখ্যা করার জন্য আপনার সাবসক্রাইবার হলাম পাশে আছি..,Negative
কথা গুলোর জন্য আপনাকে অনকে ধন্যবাদ।। কি সুন্দর  কথা গুলো,Negative
অসাধারণ একটি,Negative
ভাই এই ভিডিও টা দেখে অনেক কান্না করছি৷  অনেক সুন্দর এই ভিডিও টা। আপনাকে অনেক ধন্যবাদ ভাইয়া,Negative
ভাই সত্যিই পুরো মুভিটা ইমোশন নিয়ে খেলছে.. এ রকম অনেক ইমোশনাল মুভি দেখেছি কিন্তু এই প্রথম মুভিটা দেখে আমার চোখে সত্যিই পানি চলে আসছে যে এই মুভিটা দেখে নাই তাকে সারাদিন বোঝালেও সে কখনোই বুঝবেনা,Negative
বাংলাদেশের সিনেমা আর বাইরের দেশের সিনেমা সত্য অসাধারন,Negative
অসাধারণ একটা মুভি  পুরো ইমোশনাল একটা মুভি,Negative
বাবা মানেই  অসাধারণ,Negative
মুভিটা দেখে বাবার সাথে কাটানো মুহূর্তগুলো মনে পড়ে গেলো। বাবা হারানোর যন্ত্রা আমি বুঝি।,Negative
অসাধারণ একটি গল্প একজন পিতা পুত্রের জন্য চাইলে কি না করতে পারে,Negative
ভাইয়া তোমার ভিডিও গুলো দেখে  আমার কান্না চলে আসে,Negative
ভাল থাকুক আমার বাবা সহ পৃথিবির সকল বাবা।,Negative
চোখ দিয়ে পানি বের হয়ে গেলো। বুঝলামই না কখন।,Negative
অসাধারণ,Negative
এই নাইকা অনেক বয়স হয়ে গেছে গত বার আমি তাকে একটা অনলাইনে অনুষ্ঠানে দেখছি আর একটা সত্যিই কথা সেটা হলো ওনার সত্যিই কারে স্বামী স্ত্রী,Negative
পৃথিবীতে আমি মায়ের পরে বাবাকেই সবচেয়ে ভালো বাসি।,Negative
"ভাই মুভির কাহিনী শুনান নাই, আমাদের বাবা যে আমাদের কতোটা ভালোবাসে তা বুঝিয়ে দিলেন, অনেক ক্ষন ধরে কেদেছি এই মুভিটার গল্প শুনে। মানুষ এতো নিষ্ঠুর কেন হয়",Negative
আমি আমার আব্বু আমার পরিবারকে খুবই ভালোবাসি অনেক অনেক,Negative
"বাবাকে অনেক বেশি ভালোবাসি, বাবা মানে কি ? অনেক কিছু ...মহাসাগরের মতো অথবা সীমাহীন আকাশের মতো ত্যাগী একজন মানুষ, আফুরন্ত নিঃস্বার্থ খাঁটি ভালোবাসা শুধু বাবার কাছেই পাওয়া জায়।আমার জীবনে বাবার ব্যাখ্যা অনেক কিছু।বাবা ভুলিনি তোমায়, ভুল্বনা কোনোদিন, কখনো ভুলতে চাই না না কোনোদিন। আমার রক্তের প্রতিটি কনায় তুমি মিশে আছো, থাকবে।বাবা তোমার মতো একটা মানুষও আমি পাই নাই, হয়ত পাবনা কনদিন।বাবা তোমাকে অনেক মিস করি। কয়টি সন্তানের ভাগ্য হয় , সন্তানের কোলে মাথা রেখে, এই পৃথিবী ছেড়ে বাবা চলে যায়... আমার দিকে তাকিয়ে দু ফোঁটা চোখের জল ...।ভাষা নেই...অনেক কস্ট...অনেক কষ্ট । বাবা অনেক ভালোবাসি , অনেক অনেক ভালবাসি।ভালো থেকো, তোমার সবকিছুর জিম্মাদার আমি... সৃষ্টিকর্তার কাছে আমার এটাই প্রাথনা। বাবা অনেক ভালোবাসি , অনেক অনেক ভালবাসি।",Negative
বাবা আমার কলিজা,Negative
আই মিস ইউ বাবা,Negative
আমি আব্বুকে অনেক কষ্ট দিয়েছিলাম।  আল্লাহ আমার বাবাকে যেন ভালো রাখেন ।,Negative
এত্তোটা ভালোবাসি....,Negative
বাবা️️️️,Negative
আপনার বলার ভাষা অনেক মায়াবি ভায়া / অনেক ভাল লাগে আপনার বলার ভাষা,Negative
খুবুই সুন্দর হয়ছে। পরিস্থিতি অনেক খারাপ,Negative
আমি আমার বাবাকে অনেক ভালোবাসি ️️আমার বাবার জন্য সবাই দোয়া করবে যে আামার বাবা আর মাকে আল্লাহ জান্নাত বাসি করেআমি বাবা মাকে ছারা একটুও ভালোনেই,Negative
2year   ..    ??,Negative
সত্যি কথা বলতে আমার বাবা মা দুনিয়াতে আর নেই বাবা-মার ভালোবাসা দেখতে আমার অনেক কষ্ট হয়,Negative
সবাইকে আসসালামু আলাইকুম,Negative
ভাইয়া টাই টনিক মুভির এক্সপিলেন সারেন পিলিছ,Negative
একটা ভালো মাইক্রফোন কিনলে কি হয়? টাকা তো কম হলো না!,Negative
ভাই আপনি আরো সুন্দর সুন্দর ভিডিও বানান আমরা আছি এগিয়ে যান️,Negative
ভাই আপনি আরো সুন্দর সুন্দর ভিডিও বানান আমরা আছি এগিয়ে যান️,Negative
সব ভিডিও যে একই মিকজিক দেন কেন?  মুভির কাহিনী সাথে মিল রেখে মিউজিক দিবেন। তাহলে সেটা ভালো হবে।,Negative
নাইস,Negative
ভাই আপনার ভয়ংকর মুভি দেখার চাই।,Negative
পুরো দোষ টাই হলো টনির।যার কারণেই তার বন্ধু মারা গেছে। পাহাড়ে ওঠা কোনো ছেলেখেলা নয় যে পাহাড়ের মাঝখানে কেউ এসে গ্রুপে জয়েন হতে চাইলো আর দলে নিয়ে নিলাম।তারা দুজনেই পাহাড়ের মিশন কমপ্লিট করতে পারতো যদি না তারা বেশি দয়া দেখাইতে যাইতো।,Negative
কিন্তু আমার কাছে টনি আর এন্ডি হিরো কারণ তারা অন্তত চেস্টা করেছিলো আর যেহেতু অদের মেপ অনুযায়ী যারা চুড়ায় উঠে উঠেছিল তারা কম্পলিট করলে-ও আমার কাছে টনি এন্ডি হিরো ।,Negative
আমি,Negative
ড্রিমি ব্যাকগ্রাউন্ড মিউজিক️,Negative
আমার আপনার মুভি এক্সপ্লেইন গুলো খুব ভালো লাগে তার থেকেও বেশি ভালো লাগে শেষের কথা গুলো ️,Negative
আলামিন ভাইয়ের ভয়েজ সুনলে  মনটা জুরাই জাই ️️️,Negative
ভাই আপনার কথা অনেক ভালো  লাগে,Negative
ভাই আপনার মুভি এক্সপ্লেইন দেখে যত টানা ভাল্লাগে তার চেয়ে অনেক গুন বেশি আপনার কন্ঠ শুনলে ভাল্লাগে,Negative
"ভাই আপনি অসম্ভব ভালো এক্সপ্লেন করেন আমি শুরু থেকেই আপনার ভিডিও দেখি ভাইয়া, খুব ভালো লাগে",Negative
আপনার কন্ঠ খুব ভালো লাগে ️️️️,Negative
ভাই আপনার ফেস রিবেল কবে হবে প্লিজ সেটা একটু বল্বেন প্লিজ ভাই 🇧🇩️,Negative
ফাসট,Negative
খুব ভালো ভিডিও ভাই ️,Negative
আজকের ভিডিওর আমি আপনার প্রথম দর্শক ️,Negative
hoya6a,Negative
"ফ্রিজে পানি রাখলে যেমনি পানি ঠান্ডা হয়ে যায়, তেমনি নামাজ পড়লে অন্তর ঠান্ডা হয়ে যায়,[[সুবহানাল্লাহ]]️",Negative
অসাধারণ অসাধারণ খুব খুব ভালো লাগলো  সত্যিই অনেক সুন্দর ছিলো ছবিটা ধন্যবাদ ভাইয়া,Negative
আলামিন ভাই  লাভ উ,Negative
ভাল্লাগছে মোটামুটি,Negative
"ধন্যবাদ ভািয়া, এতো সুন্দর একটা ভিডিও দেওয়ার জন্য। ️️   ,,,,,,,,  ️️️️️",Negative
আল-আমীন ভাই আপনার ভিডিও জন্য অপেক্ষায় আছিলাম। ধন্যবাদ তাড়াতাড়ি ভিডিও দেওয়ার জন্য,Negative
"একই গান বারবার শুনলে খারাপ লাগে, কিন্তু আজান যতবার শুনি প্রাণটা জুড়িয়ে যায়। (সুবহানাল্লাহ)",Negative
গান্ড ভাইকে নিয়ে আর কয়েকটা ভিডিও বানাও,Negative
"সিনেমা দেখার আগেই কমেন্ট করছি,,সিনেমাটা  জুস হবে",Negative
",,,    কোরআন পাঠ করেন,, তাহলে আরও ভালো লাগবে",Negative
পাওয়া মাত্রই চলে আসলাম️,Negative
এই মুভিটা আগে দেখেছি কিন্তু আপনার এক্সপ্লেইন দেখে আরও ভালো লাগলো️ অনেক ধন্যবাদ মুভিটা এক্সপ্লেইন করার জন্য,Negative
আপনারা সকলে পাঁচ ওয়াক্ত সালাত আদায় করবেন (আমিন),Negative
আনেক সুন্দর ছবি ️,Negative
- টা- আমার- খুব- ভালো- লাগলো- দাদা।,Negative
দাদা তোমার ভিডিও গুলো খুব ভালো লাগে,Negative
ভাইয়া আমি আপনার ভিডিও সবসময় দেখি,Negative
নায়ক এর থেকে ভিলেনকে একটু বেশি জোস লাগছে,Negative
আপনার কন্ঠে সব গুলো ভিডিও অসাধারণ লাগে,Negative
নাইকাটা,Negative
প্রথমে প্রেমে পড়ো নামাজের সাথে ️️️,Negative
ভাই এ মুভি টা আমি দেখছি কিন্তু আপনি আরো লম্বা করে বল্লে বালো হয়তো কিন্তু মুভি টা আরো মজা জদি মুভিটা  বলেন আরেক্টু বড় করে বল্বেন?,Negative
ভাই আপনি     মুভি টার এক্সপ্লেন করুন প্লিজ,Negative
"ভাই  8t  এই মুভি নিয়ে একটা বানাই য়েন,।।।।।।",Negative
ভাইয়া   .,Negative
"তুমি আমার জানা ছিল না তুমি সিনেমার রিএকশন দাও সত্যি আমি ভাবতেও পারিনি নাইস ওয়াও গুড বয়, ️️️️",Negative
গীতা পাঠ করেন ️️ মনে শান্তি পাবেন,Negative
আপনার চ্যানেল পাওয়ার পর ভিডিও দেখতে দেখতে দিন রাত যাচ্ছে।,Negative
আর বেশি চায় কোরিয়োন বাংলা,Negative
এই ভিডিওর,Negative
ভাই তোমার দিতিয় চেনালে নাম বল বিদিয়তে পিলিশ,Negative
থ্রিলার মানে কি।।।।।। জানা থাকলে বলবেন,Negative
"আপনি আপনার ডেসক্রিপশন বক্সে "":                    ' ' .     107     1976,     '  '     , , , , ,      ( )  .    , '        .  '    ' . ."" এটা লিখে রাখবেন। তাহলে ইনশাআল্লাহ আপনার চ্যানেলে কোনো কপিরাইট স্ট্রাইক বা ক্লেইম আসবে না।",Negative
ভাই আপনি এমন কোনো সিনেমা এক্সপ্লেইন করেন না যার কারণে অডিয়েন্সরা কান্না করে দিতে পারে।     চ্যানেলের   মুভির এক্সপ্লেইন দেখে চোখে পানি চলে আসছে । আপনি শান্ত ভাবে ইমোশনাল ভাবে সেড মুভি এক্সপ্লেইনো করেননা,Negative
ভালো ভাই।,Negative
এই মুভিটা একটা মাস্টারপিস। আর হে এক্সপ্লেন দেখে কোন কিছু আসলেই সেভাবে ইনজয় করা যায় না,Negative
"এই সিনেমার সিনেমা মানে  জেমস আর জুন, এর আগেও একসাথে একটা সিনেমায় অভিনয়",Negative
আল আমিন ভাই মাই গার্লফ্রেন্ড ইজ এলিয়েন সিরিয়ালটি এক্সপ্লেনেশন করেন।,Negative
আল আমিন ভাই মাই গার্লফ্রেন্ড ইজ এলিয়েন সিরিয়ালটি এক্সপ্লেনেশন করেন।,Negative
আর ভালো লাগেনা কিছু ভাই কি আর করবো কিছু করার নাই দেখতেই হয় ভাই,Negative
ছবিগুলোর কথা গুলো এলোমেলো কিছুই বুঝতে পারা যাচ্ছে না ছবিগুলো গল্পটাকে নিজের মতো সাজিয়ে করে বললে আরো ভালো হতো,Negative
গুলো  করবেন প্লিজ,Negative
আল-আমিন ভাই আমার এয়ার  ফোন নাই এজন্ন আপনার ভিডিওটি দেখতে পারিনা আছিল  আমার ভাই নেয়ে হারিয়ে পেলছে  ৪২০  টাকা দিয়ে কিন ছিলাম,Negative
ইনশাআল্লাহ আমিও একদিন সফল হবো আপনাদের ভালোবাসা থাকলে হয়তো,Negative
আসসালামুয়ালাইকুম কেমন আছেন ভাইয়া আমাকে একটু প্রমোট করে দিবেন পিলয ভাই আমার বাবা ও নাই বড় উপকার হত,Negative
"সব কাহিনি যদি বলেই দেন মুভি দেখার মজা থাকে?  এটলিস্ট কেরেক্টার এর নাম আর কাজ আর রোল গুলা না বল্লেও পারেন, আজাইরা পাবলিক",Negative
আলামিন ভাই আমার এয়ার  ফোন নাই এজন্ন আপনার ভিডিওটি দেখতে পারিনা আছিল  আমার ভাই নেয়ে হারিয়ে পেলছে  ৪২০  টাকা দিয়ে কিন ছিলাম,Negative
আমি কাজ করছি কবিতা আবৃত্তি নিয়ে। আপনার যদি কবিতা আবৃত্তি শুনতে ভালো  লাগে তা  হলে দেখা আসতে পারেন,Negative
"কানে হেডফোন দিয়ে গান শুনার চাইতে, সকালে বড় সুরে কোরআন তেলওয়াত শুনলে মন জুডায় যায়।",Negative
অর্থ হচ্ছে ঠাণ্ডা চোখ,Negative
"আলামিন ভাই,,,আপনার আই ফোন দেন এক দিনের জন্য,,, গার্লফ্রেন্ডের সাথে ঘুরতে যাব",Negative
ভাই বালবীর মানে দেব যোশির জীবন কাহিনী নিয়ে ভিডিও তৈরি করো,Negative
গোয়েন্দা জাতীয়  আরো দেখতে চাই।,Negative
"এতো কষ্ট করে ইসলামিক ভিডিও বানাই আপনারা যদি সাপোর্ট না করেন তাহলে আমি অধম,,,,,,,,,,,,,,,,,,,,,,,,,,,,,,,,৷ ,,,",Negative
কোরিয়ান মুভির মেয়েরা এত সুন্দর কেন,Negative
ভাইয়া তোমার মুখ দেখাও না কেন আমি দেখতে চাই,Negative
স্কু্ইড গেম সিরিজটি  করেন অনুরোধ রইল।,Negative
"ভাইয়া একটু আস্তে কথা বলবেন প্লিজ, তাছাড়া সবই ঠিক ছিল।",Negative
আসসালামু আলাইকুম  ভাইয়া আপনার  অ্যাড্রেসটা একটু বলবেন,Negative
"বাই,অনেক, সুন্দর, লাগছে, আর, রোমান্টিক, মুভি",Negative
ভাইয়া আপনার কন্ঠ এত সুন্দর কেন......আমার অনেক ভালো লাগে আপনার কথাগুলো,Negative
ভাইয়া আমাদের জন্য হলেও সিগারেট খাওয়া চেরে দেন প্লিজ,Negative
এই মুভিটা   কইরেন,Negative
এই মুভিটা   কইরেন,Negative
এই মুভিটা   কইরেন,Negative
এই মুভিটা   কইরেন,Negative
আপনার সব ভিডিও অনেক সুন্দর,Negative
ভাইয়া এভেন্জার এর ছবি  বাংলায় বলেন পিজ,Negative
ভাই ইদানিং একটা  দেন কেন?,Negative
আলামিন ভাই  আমাদের সবার ভালবাসার  একজন মানুষ,Negative
ভাই টেলিগ্রাম লিংকটা দিয়েন,Negative
️️️️  বালো লাগে মুভিটা️️️,Negative
আপনার ভয়েস শুনলে ভালো থাকি,Negative
দাদাদসাসস,Negative
খুব ভালো লাগলো ধন্যবাদ ভাইয়া,Negative
আমি আপনার ছেগেট চেনের চাবকাব করে চি,Negative
অসাধারণ,Negative
আল আমিন আই লাভ ইউ,Negative
ধন্যবাদ ভাই,Negative
"খুবই ভালো লাগল, ভাই।",Negative
লিংকটি দিন,Negative
"এই পোস্ট টা যে পোরছে তার বাবা মা যেন জান্নাত বাসি হয়,️আমিন..️,.",Negative
𝐂𝐫𝐢𝐜𝐤𝐞𝐱 অ্যাপ : ://./69BIGBONUSytb  -তে প্রতিদিন ৫০টি ফ্রি স্পিন!  জন্মদিনে ১০০০ টাকা বোনাস!  লাকি ড্র তে জিতুন  15 !   উপলক্ষে ৫০ মিলিয়ন টাকার মেগা বোনাস!,Negative
𝐂𝐫𝐢𝐜𝐤𝐞𝐱 অ্যাপ : ://./69BIGBONUSytb  -তে প্রতিদিন ৫০টি ফ্রি স্পিন!  জন্মদিনে ১০০০ টাকা বোনাস!  লাকি ড্র তে জিতুন  15 !   উপলক্ষে ৫০ মিলিয়ন টাকার মেগা বোনাস!,Negative
লা ইলাহা ইল্লাল্লাহু মুহাম্মাদুর রাসুলুল্লাহ ️,Negative
প্রথম কমেন্ট করলাম আলামিন ভাই রিপ্লাই দিয়েন কিন্তু,Negative
আলামিন ভাই আমরা চাই আমাদের নিজেদের জীবনে ঘটে যাওয়া গল্প গুলো আপনাকে পাঠাবো আপনি তা ভিডিও আকারে আপলোড করবেন। এতে করে আমরা বাস্তব জীবনের গল্প জানতে পারবো।,Negative
সত্য কথা ভাই বেস্ট মুভি সিনেমা,Negative
"জানি আপনারা কমেন্ট দেখতে আসবেন, তাই কালেমার দাওয়াত দিয়ে গেলাম.!                       لا إله إلا الله محمد رسول اللّه               ""লা ইলাহা ইল্লাল্লাহু মুহাম্মাদুর রাসুলুল্লাহ""                           ""𝐀𝐥𝐡𝐚𝐦𝐝𝐮𝐥𝐢𝐥𝐥𝐚𝐡""বলে যান",Negative
আপনি হামাস নিয়ে আরো পড়া লেখা করুন,Negative
কী সব ভিডিও। রাশিয়া ইউক্রেন যুদ্ধ চাই,Negative
ভাই তোমার সিনেমাগুলো মজা লাগেনা আমি আজকে ধরে তোমার সিনেমা দেখবো না,Negative
করিয়া চায়না জাপান সিনেমা ভালো লাগে না,Negative
ভিডিও আগে দিছেন,Negative
এ প্রতিদিন ভিডিও পাই না কেন? সিরিজ দিলে নিয়মিত দেন৷,Negative
এসব মুভি আর ভুতের মুভি ভালো লাগে  প্রেমের মুভি দেখি না ভাই,Negative
ভাই নতুন করে যে সিরিজটা শুরু হয়েছে  ডোরোরো  এনিমেশন দয়া করে ঐটা এক্সপ্লেনেশন করেন আমরা এটার জন্য অপেক্ষা করতেছি!,Negative
আমার দেখা সবথেকে বাজে সিনেমা ইদানীং আনা হচ্ছে। কষ্ট করে সিনেমা দিবেন ত ভালো সিনেমা দেন।এত কষ্ট করে ভয়েস দিয়ে এসব ফালতু সিনেমা আনার কোনো মানেই আসে না। নাকি বিশ্বে সিনেমার বাজারে আগুন লেগেছে,Negative
প্রথম কমেন্ট আমার,Negative
সুধু আপনার ভয়েচ শুনতে চাই তা ছাড়া কারোর না,Negative
আমি করছি,Negative
এপিসোড গুলো আসে না কেন অ্যানিমে,Negative
ঘোস্ট রাইটার  মুভি এক্সপ্লেন করেন  ভাইয়া,Negative
মুভিটার নাম কি,Negative
আমি আছে,Negative
কথায় আছে,Negative
ঘাম কখনো বিশ্বাসঘাতকতা করে না।️,Negative
দারুন,Negative
সত্যিই অসাধারণ,Negative
9:00 প্রিয় অভিভাবক,Negative
আলামিন ভাই তুমি আর ভালো হইলা না,Negative
এই প্রথম এত তারাতাড়ি ভিডিও দেখলাম,Negative
ভাই অনেক দিন পর ভালো একটা ভিডিও পাইলাম ধন্যবাদ এমন ভিডিওইতো চাই,Negative
এই মুভি গুলা অনেক ভালো লাগে,Negative
9:31 আমি থাকতে তোমাদের কোন ভরসাই নাই এটা কি ছিলো,Negative
এই মুভির সেকেন্ড পার্ট ও   আছে,Negative
দেবর তুমি আমার সাথে আসো..,Negative
ভাই তুমি কিন্তু ভাবিকে ধোকা দিচ্ছ,Negative
আয় আজকা রিক্সা ভাড়া আমার,Negative
ধুমদুমার সিনেমা এক্সপ্লেইন করবেন,Negative
"ভাই।  প্রজেন্টেশন আছিল। আমার মতে তোমারে কাউয়া কাদের এর পদ টা দেওয়া উচিৎ। তাইলে দেশের উন্নতিও দেখমু, সাথে মজাও পামু",Negative
"ভাইয়া সেটা এলার্ম, কল না",Negative
1মিনিট কমেন্ট ভিডিও আপলোড হওয়ার  ইন্ডিয🇮🇳  থেকে ।,Negative
"আমরা পরীক্ষা দেবো, আমরা কোন অটোপাশ চাই না।",Negative
"ভাই তুমি অনেক বাড়তি কথা বলো,যার জন্য ভালো লাগলো না তোমার",Negative
ভাই এই সব মুভি না আনলে ভালো লাগতো আমার জীবনে এই রকম বাজে  মুভি দেখিনি ️,Negative
"নাটক কম করো পিও,",Negative
"আমি যদি এই সিনেমার সেকেন্ড পার্ট  বানাই, তাহলে ৫-১০ মিনিট পরপর রাশিয়া -ইউক্রেন যুদ্ধ থাকবে আমার মুবিতে।",Negative
"এ্যা,, হ হ ঠিক ঠিক সহমত, এডা কি শুনলাম  9:00",Negative
কে কে নোটিফিকেশন পাওয়ার সাথে সাথে হাজির..!,Negative
ভাই ভিডিও দেখতে এলাম তাড়াতাড়ি তাই লাইক পাও বেশি সেটা আমি জানি,Negative
এইটার এক্সপ্লেই হয়নাই...  হয়তো অন্য কেউ স্ক্রিপ্ট লিখে দিয়েছে..?  আমি এই মূভিটা কয়েকবার দেখেছি..,Negative
প্রিয় অবিভাবক     ছাত্রলীগের সভাপতি    স্বামী-লীগের সভাপতি,Negative
চলে আসো সবাই,Negative
"ভাই ভবির মুখে,সহমত প্রিয় অভিভাবক।",Negative
ভাই একটা কাজ করবেন প্লিজ আপনার আইডিতে ঢুকলেই মিয়া খলিফার ছবি সামনে চলে আসে তাই দয়া করে যে ভিডিওটা সামনে মিয়া খলিফা আছে ভিডিওটা ডিলিট করে দেন   আমি সাধারণ একজন সাবস্ক্রাইবার আপনার তাই আপনাকে রিকোয়েস্ট করলাম প্লিজ ভাই,Negative
ভাইয়া     টা   করো,Negative
ভাই আপনার ব্যাকগ্রাউন্ডে  বিলাই ডাকতেছে,Negative
এটার বাংলা এক্সপ্লেন কোনো চেনেলেই দেওয়া হয় নাই  আমি এটা চাই,Negative
এই মুভির ২য় পার্ট আছে আমি দেখেছি,Negative
ভাই এই প্রথম আপনার ভিডিও মাথার উপর দিয়ে মাথা গেলো,Negative
ভাই এই প্রথম আপনার ভিডিও মাথার উপর দিয়ে মাথা গেলো (2),Negative
মাথাই নষ্ট মামা,Negative
এটা আমি এর আগেও দেখেছি।। তাই বুঝলাম,Negative
অনেক বুঝতে পারি না এমন কিছু ক্যাপশন যোগ করুন,Negative
আজকে এই ভিডিও টা আমার জীবনের দুই নাম্বার ভিডিও যেটার কিছুই আমি বুঝতে পারলাম না সব মাথার উপর দিয়ে গেলো,Negative
ভাই ২০ সাল থেকে আপনার ভিডিও দেখি এই ১ম আপনার ভিডিও মাথার উপর দিয়ে গেলো কিছুই বুঝলাম না।,Negative
ভাই ইন্দোনেশিয়ার হরর মুভি প্লিজ প্লিজ প্লিজ,Negative
অসাধারণ,Negative
বিগ ফেন ভাই,Negative
ভাই বেঁচে আছো,Negative
ভাইয়া আপনার  নাম কি আলামিন,Negative
মাথার উপর দিয়ে গেলো,Negative
ভাই আলীটা ব্যাটেল এঞ্জেল,Negative
জুয়ার বিজ্ঞাপন দেন ।,Negative
ভাই আলীটা ব্যাটেল এঞ্জেল,Negative
হাজির,Negative
"লা ইলাহা ইল্লাল্লাহু মুহাম্মাদুর রাসুলুল্লাহ সাল্লাল্লাহু আলাইহি ওয়াসাল্লাম️ কালেমা দাওয়াত দিলাম সকল বন্ধু কে,,আর সবাই দয়া করে এই কালেমা শেয়ার করবেন ️",Negative
আমি অনেক কষ্ট বুঝতে পেরেছি,Negative
এটা একবার এক্সপ্লেইন হয়েছে,Negative
"আলামিন ভাইয়া,আপনাকে ছাড়া,  ইউটিউবের ভিডিও দেখতে ভালো লাগে না",Negative
আমি কে ভাই,Negative
আজ প্রথম জানলাম যে কমেন্ট দুই বার টাস করলে লাইক হয়ে যায়,Negative
জুয়া খেলার বিজ্ঞপ্তি দেয়ার প্রয়োজন নেই,Negative
ডনলির নতুন মুভি আসছে। এক্সপ্লেন করবেন না?,Negative
ভাই ভেন্সিনজো ৩ নাম্বার এপিসোড টা আমরা পাইনি,Negative
৮৫ নাম্বার ভিও,Negative
ভাই এটা  মুভি নাকি মাথা শেষ,Negative
আজ অনেক দিন পরে আপনার ভিডিও দেখতে এলাম,Negative
আমি কিচ্ছু বুঝতে পারলাম না,Negative
এটা সিনেসিরিজ চেনেল এর এক্সপ্লেন বেস্ট,Negative
সব মাথার উপর দিয়ে গেছে,Negative
ওর স্টিক ছিলো কিনা বলা হইনি,Negative
মাথার ওপর দিয়ে গেলো। দেখলাম না,Negative
আর এটা সেম স্টোরি।    এটাতো তা বুঝা যাচ্ছে কিন্তু ঘোস্ট সিপ দেখলে পুরা মাথা খারাপ হয়ে যাবে,Negative
ফালতু মুভির নাম কোথায়,Negative
"অনেক কিছুই শিখলাম,ধন্যবাদ।",Negative
ভাই উইচার পর্ব দেন না কেন?,Negative
ভাই শেষের কথাটা অসাধারন ছিলো এখানে কেসটা ছিলো পেচালো,Negative
ভাই  আমি একজন  আপনার পাগলা ফ্যান আজ পর্যন্ত আমি আপনার একটা মুভি এক্সপেলেন্ট  মিস করি নাই  আপনাকে অনেক অনেক  অনুরোধ করছি আপনি এই....    করবেন।।   ......... ️,Negative
খুব ভালো হয়েছে,Negative
চাই,Negative
এক মিলিয়ন হলে মনে রাখবে তো??  ইফতি।,Negative
ভাই     চাই।,Negative
অনেক ভালো লেগেছে,Negative
( )  চাই,Negative
সেই ভাই সেই,Negative
অসাধারণ ছিল ভাই,Negative
এটা দৃশম মূভির ধারে কাছেও নেই।,Negative
আপার সাথে কাজ করতে চাই।  আপার ভিডিও আমি রেগুলার দেখি।,Negative
২য় বুলেট টা কোথায় গেল???,Negative
না দেখেই কমেন্ট করেছি অসাধারণ মুভিটা,Negative
এলআইসি,Negative
ভিডিও বড় করে দিবেন এত ছোট ভিডিও কেমন যেন লাগে,Negative
এই ছবির ভিউ 100 মিলিয়ন হওয়া উচিত ... আমার দেখা সেরা সাসপেন্স থ্রিলার মুভি.. 2024 সালে এই কমেন্ট রেখে গেলাম.. এই কমেন্টে তোমরা লাইক দিয়ে যেও.. হয়তো কোনদিন কারো লাইক এর নোটিফিকেশন পেয়ে আবার এই ছবিটি দেখতে পাব,Negative
আমার  এ কেও লাইক করে না,Negative
"সাচচুর বডি নিয়ে আমার কিছু তথ্য আছে,, যা আমি আদালতে বলবো,,",Negative
"এই মুভি মহারাজা , দৃশ্যম মুভির ধারেকাছেও না। তবে ভালো ছিলো",Negative
প্লাবন ভাই আসসালামু আলাইকুম। কেমন আছেন?  ভিডিও আসার সাথে সাথেই কমেন্ট,Negative
ক্যাপশনে তো দিলেন ধামাকা মুভি হিস্টোরি তো ভালো নয় । মহারাজা এর থেকে অনেকগুণ ভালো,Negative
"ভাই আপনার এক্সপ্রেশন ভালো,কিন্তু আপনার ভিডিও পেলে কেমন যেনো থেমে থেমে করেন,,তাই ভালো লাগে না",Negative
ভিডিওটা একটু পরিষ্কার করে ছাড়বেন,Negative
আপ্পু নিজের ভুলে যাওয়া রোগ স্বীকার না করলেও পরিবারের সবার উচিত তাকে এটা জানানো যে তারা তার রোগ সম্পর্কে জানে।এবং আপ্পুকে তাদের বোঝানো উচিত এটার চিকিৎসা করানোর জন্য। তা না করে আপ্পুর ছেলে তাকে সেভাবেই থাকতে দিয়েছে।তাই এত সমস্যা হয়েছে,Negative
দাদা আমি এত দারুন সিনেমা আগে কোনদিন দেখিনি,Negative
"যেরকম টাইটেল দিছেন সেরকম সাসপেন্স লাগেনি,,,,,,, মোটামুটি এভারেইজ লাগছে,,,,,",Negative
আমার আব্বু ও  বর্তমান এই রোগে আক্রান্ত।,Negative
"আপনি একটা মুভি এক্সপ্লেইন করেছিলেন। একটা ছেলে বিয়ে করতে চায়, কিন্তু সেইদিন এক্সিডেন্টের কারনে মেয়ে আসে না।  পরবর্তিতে সেই মেয়ের আত্না অন্যান্য মেয়ের শরিরে প্রবেশ করে ঐ ছেলের কাছে থাকতে চায়। এই রকম একটা ঘটনা ছিলো তামিল মুভিটায়। এটার হিন্দি ডাব ও ইউটিউবে আছে। অনেক চেষ্টা করেও মনে করতে পারছি না। আপনি কি অনুগ্রহ করে একটু বলবেন নামটা। ধন্যবাদ।",Negative
খুব খুব ভালো লাগে দাদা তোমার সুন্দর সুন্দর মুখের কথা ভগবান জানে তুমি জানি দেখতে কত সুন্দর আমি আশীর্বাদ করি তুমি বেঁচে থাকো অনেক বছর,Negative
আপনার ভিডিওর ভয়েস গুলা অনেক ভালো লাগে,Negative
ভাই আসল টুইস্ট তো বলেই দিলেন মুভি দেখে আর কি হবে,Negative
"আপনার সব ভিডিও দেখি,অনেক ভাল লাগে মনটা ভাল হয়ে যায়।",Negative
কমেন্ট করলাম দেখি ভাই রিপ্লাই দেন নি?,Negative
আপু অনেক অনেক ভালো লেগেছে,Negative
আমার  খুব  পছন্দ হয়েছে   আমি আরো  মুভি চাই,Negative
আপু আমি আপনার নতুন সাবস্ক্রাইবার প্লিজ টার্মিনেটর 6 মুভি গল্প বলুন অনেক খুশি হব,Negative
আপনার ভিডিও গুলো আমার অনেক  ভালো লাগে,Negative
মুভিটা তো অবাক করে দিলো,Negative
খুবই ভালো,Negative
আপনার কন্ঠ টা অনেক অনেক সুন্দর।,Negative
দারুন আপু,Negative
এটা৷ আমি দেখেছি খুব সুন্দর,Negative
"অসম্ভব সুন্দর হয়ছে,,, কিউট আপুটা",Negative
আপনার মিষ্টি ভয়েস টা এতটাই ভাল লাগে বলে বোঝাতে পারবো না।। মাঝেমাঝে আপনাকে দেখতে খুব ইচ্ছে করে।।। যার ভয়েসটা এত সুন্দর না জানি  দেখতে সে কত সুন্দর।।।️️️️,Negative
অসাধারন,Negative
আপু     এন না,Negative
অসাধারণ......!,Negative
কেয়া আপু আপনাকে আজ খুব খুশি খুশি লাগছে মনে আপনার কন্ঠ সুর সুনে ঝুজা গেল,Negative
মুই খুশি হনু,Negative
এটা তো দেখতে জাদু দুনিয়ার মতো আর সিরিয়াল খুব সুন্দর,Negative
আপু কেমন আছ,Negative
এটা কতো খেলেচি।,Negative
খুব ভালো লাগল,Negative
অনেক ভালো লাগলো আপু,Negative
এর পর প্লিজ আপু প্লিজ প্লিজ প্লিজ   মুভির  করবেন প্লিজ প্লিজ প্লিজ,Negative
অনেক অনেক ভালো লেগেছে,Negative
আমি খেলেছি,Negative
মুভির বেগরাউন মিউজিক এর মান,Negative
গেমটা অনেক খেলেছি।,Negative
এটা কত খেলেছি,Negative
ভিডিওর প্রথম মেয়ের ছবিটা কোন মুভির দৃশ্য,Negative
আপনি যদি আমার জন্য একটি  মুভি বা্ংলায় বলেন তো ভালো হয়। মুভির নাম,Negative
আমি অনেক আগে থেকে আপনার অনেক বড় ফ্যান আপনাকে দেখার খুব ইচ্ছে আমার,Negative
এই গেমটা অনেক বার খেলেছি️,Negative
কুবল সুন্দর,Negative
আপু ব্রাকগ্রাউন্ড মিউজিকটার নাম কী?,Negative
আপু ব্রাকগ্রাউন্ড মিউজিকটার নাম কী?,Negative
আপু ব্রাকগ্রাউন্ড মিউজিকটার নাম কী?,Negative
আপু ব্রাকগ্রাউন্ড মিউজিকটার নাম কী?,Negative
আপু ব্রাকগ্রাউন্ড মিউজিকটার নাম কী?,Negative
মুভিটার লিংক লাগবে আমার,Negative
আমার কাছে এটা খুব ভালো লাগে,Negative
খুবই খুবই ভালো লেগেছে আপু,Negative
খুব সুন্দর লাগলো আপু️️️️️,Negative
আপনার গলা,Negative
"আপু,ব্যাকরাউন্ড মিউজকটার নাম কি?",Negative
এই গেমটা আমি 4 বছর খেলেছি,Negative
কাঞ্চনা ছবি কী এই ছবির কপি নাকি,Negative
আমি এই গেমটি অনেক খেলেছি,Negative
অনেক  সুন্দর  এই মুভি,Negative
অনেক ভালো লাগছে ছবিটা,Negative
মজা,Negative
অনেক সুন্দর ছিল।,Negative
"অসাধারণ হয়ছে আপু,, মুভিটি ,",Negative
জানি  দিবেন না   ..,Negative
অনেক সুন্দর ছিল!,Negative
>>>>>> আসসালামু আলাইকুম।,Negative
"আপনি যদি মুসলিম হউন প্লিজ সালাম দিয়ে ভিডিওটা শুরু করবেন। আপনার কোন ভিডিও মিস করিনা,    এই চ্যানেলের ভাই সালাম দিয়ে আপনার মতই ভিডিও তৈরি করে।",Negative
অসাধারন লেগেছে ভালো লেগেছে,Negative
স্যতি অসাধারণ,Negative
2014 তে এই ফিল্ম টি দেখছিলাম। অসাধারণ একটি মুভি।,Negative
ভীষণ সুন্দর মুভি টা,Negative